Date,PVC,VIC,PVB,VNM,FPT,HAG,CTS,PVS,CTG,KDH,NVB,POT,NLG,MSN,MWG,PVD,CMG,VCB,PDR,ITD
2023-08-09,14.139999999999999,42.199999999999996,20.499999999999996,64.37,88.77000000000004,13.349999999999996,31.149999999999995,36.02,33.900000000000006,28.050000000000004,10.9,16.31,39.050000000000004,64.90000000000002,47.030000000000015,28.25,37.70000000000001,60.19999999999999,26.830000000000005,9.420000000000002
2023-08-10,14.330000000000005,42.300000000000004,20.799999999999997,63.99,89.28,13.299999999999999,31.149999999999995,36.90000000000001,34.4,28.27000000000001,11.100000000000001,16.31,39.400000000000006,64.8,46.63000000000002,28.75000000000003,36.89000000000001,59.86999999999998,27.06,9.49
2023-08-11,14.230000000000006,42.400000000000006,20.799999999999997,63.99,89.97000000000004,13.150000000000002,31.250000000000004,36.90000000000001,35.50000000000001,28.360000000000014,10.799999999999999,16.709999999999997,39.350000000000016,64.90000000000002,46.22999999999999,28.75000000000003,36.71,60.19999999999999,27.149999999999988,9.750000000000002
2023-08-12,14.230000000000006,42.41874999999999,20.787499999999998,63.99,89.87375000000002,13.187499999999998,31.206249999999997,36.875,35.4375,28.38875000000001,10.874999999999996,16.709999999999997,39.293749999999996,64.90000000000002,46.137500000000024,28.731250000000028,36.70499999999999,60.19125,27.10999999999999,9.7425
2023-08-13,14.230000000000006,42.43749999999999,20.77499999999999,63.99,89.7775,13.224999999999996,31.162500000000005,36.85,35.375,28.417499999999997,10.950000000000001,16.709999999999997,39.2375,64.90000000000002,46.045,28.712500000000006,36.7,60.182500000000005,27.069999999999993,9.735000000000001
2023-08-14,14.230000000000006,42.45625,20.7625,63.99,89.68125000000002,13.2625,31.118750000000002,36.825,35.3125,28.446249999999992,11.025000000000006,16.709999999999997,39.181250000000006,64.90000000000002,45.95250000000002,28.693750000000005,36.695,60.17374999999999,27.029999999999994,9.7275
2023-08-15,14.230000000000006,42.475,20.75,63.99,89.58499999999997,13.299999999999999,31.075000000000006,36.800000000000004,35.25,28.47499999999999,11.100000000000001,16.709999999999997,39.12500000000001,64.90000000000002,45.86,28.675000000000033,36.69,60.165,26.989999999999995,9.72
2023-08-16,14.230000000000006,42.49375,20.7375,63.99,89.48875000000001,13.3375,31.031250000000004,36.775,35.1875,28.503749999999986,11.174999999999999,16.709999999999997,39.068750000000016,64.90000000000002,45.76750000000001,28.656250000000004,36.68500000000001,60.156249999999986,26.95,9.7125
2023-08-17,14.230000000000006,42.5125,20.724999999999994,63.99,89.39250000000003,13.374999999999996,30.9875,36.75,35.12500000000001,28.532500000000002,11.249999999999996,16.709999999999997,39.0125,64.90000000000002,45.675000000000026,28.63750000000001,36.68000000000001,60.147499999999994,26.91,9.705000000000002
2023-08-18,14.230000000000006,42.53125000000001,20.712499999999995,63.99,89.29625000000004,13.412500000000003,30.94375000000001,36.725000000000016,35.0625,28.561249999999998,11.325000000000001,16.709999999999997,38.95625,64.90000000000002,45.582500000000024,28.618750000000016,36.675,60.13875,26.87,9.6975
2023-08-19,14.230000000000006,42.54999999999999,20.699999999999996,63.99,89.2,13.450000000000001,30.900000000000006,36.7,35.0,28.589999999999993,11.399999999999991,16.709999999999997,38.89999999999999,64.90000000000002,45.49,28.600000000000016,36.67000000000001,60.12999999999999,26.830000000000005,9.690000000000001
2023-08-20,14.530000000000005,43.95,20.699999999999996,66.25999999999999,90.13999999999999,12.749999999999998,31.0,36.51,35.25,28.54999999999999,11.399999999999991,16.709999999999997,38.86000000000001,66.19999999999999,45.93,28.50000000000002,36.44000000000001,59.92999999999999,26.830000000000005,9.59
2023-08-21,14.596666666666673,44.96666666666665,20.96666666666667,66.86000000000001,90.10999999999997,12.833333333333332,30.933333333333337,36.606666666666676,35.30000000000001,28.52,11.33333333333334,16.709999999999997,38.67666666666668,67.10000000000001,46.09666666666666,28.58333333333335,36.45666666666667,60.06666666666668,26.72666666666667,9.56
2023-08-22,14.663333333333336,45.98333333333333,21.23333333333333,67.46000000000001,90.08000000000006,12.916666666666668,30.86666666666668,36.70333333333335,35.35000000000001,28.49,11.266666666666664,16.709999999999997,38.49333333333333,67.99999999999999,46.26333333333336,28.66666666666667,36.473333333333336,60.20333333333333,26.623333333333335,9.530000000000001
2023-08-23,14.730000000000004,47.00000000000001,21.5,68.06,90.05000000000001,13.0,30.800000000000008,36.800000000000004,35.400000000000006,28.460000000000015,11.200000000000003,16.709999999999997,38.31000000000001,68.9,46.43000000000003,28.75000000000003,36.490000000000016,60.339999999999996,26.519999999999985,9.500000000000002
2023-08-24,14.530000000000005,48.50000000000001,21.39999999999999,67.68,89.45,12.6,31.149999999999995,36.610000000000014,35.2,28.82,11.100000000000001,16.709999999999997,38.51000000000001,68.79999999999998,46.43000000000003,28.700000000000006,36.44000000000001,61.06999999999999,26.65,9.59
2023-08-25,14.530000000000005,47.250000000000014,21.299999999999994,67.49,90.82,12.8,31.0,36.20999999999999,35.55000000000001,29.819999999999993,11.300000000000004,16.709999999999997,38.56000000000001,67.99999999999999,45.74000000000001,28.50000000000002,36.220000000000006,60.99999999999999,26.65,9.52
2023-08-26,14.630000000000004,47.60000000000001,21.299999999999994,67.78000000000002,89.70999999999997,12.6,30.800000000000008,36.309999999999995,35.70000000000002,29.45999999999999,11.300000000000004,16.909999999999997,38.56000000000001,68.10000000000001,44.940000000000005,29.300000000000008,36.130000000000024,59.86999999999998,26.289999999999992,9.530000000000001
2023-08-27,14.230000000000006,45.19999999999998,20.699999999999996,67.21,89.11000000000003,12.2,29.90000000000001,35.32999999999999,35.2,28.860000000000007,11.300000000000004,16.909999999999997,37.27000000000001,66.70000000000002,43.65000000000003,28.350000000000023,35.95,59.46,25.299999999999997,9.530000000000001
2023-08-28,14.230000000000006,44.99999999999997,20.733333333333324,67.21,90.27999999999999,12.33333333333333,30.33333333333333,35.36333333333331,35.35000000000001,28.860000000000007,11.233333333333338,17.009999999999998,37.17333333333334,66.70000000000002,43.76666666666669,28.266666666666694,35.980000000000004,59.59666666666664,25.37333333333334,9.586666666666666
2023-08-29,14.230000000000006,44.799999999999976,20.76666666666666,67.21,91.44999999999997,12.466666666666669,30.766666666666676,35.39666666666665,35.50000000000001,28.860000000000007,11.16666666666667,17.11,37.07666666666668,66.70000000000002,43.88333333333335,28.18333333333335,36.01000000000001,59.73333333333332,25.446666666666655,9.643333333333334
2023-08-30,14.230000000000006,44.59999999999998,20.799999999999997,67.21,92.61999999999999,12.6,31.200000000000003,35.429999999999986,35.65,28.860000000000007,11.100000000000001,17.209999999999997,36.98,66.70000000000002,44.000000000000014,28.100000000000023,36.04000000000001,59.86999999999998,25.519999999999996,9.700000000000001
2023-08-31,14.530000000000005,45.14999999999999,20.999999999999993,68.15000000000002,92.53999999999999,12.650000000000002,31.4,35.819999999999986,36.15,29.64000000000001,11.200000000000003,17.009999999999998,38.06000000000001,67.6,44.40000000000002,28.800000000000015,36.220000000000006,60.94,26.06999999999999,9.64
2023-09-01,15.030000000000008,45.59999999999999,21.39999999999999,68.34,93.04999999999998,12.55,31.55,36.51,35.95,29.45999999999999,11.200000000000003,16.909999999999997,37.77,68.30000000000003,44.940000000000005,30.80000000000001,36.04000000000001,65.15,25.929999999999996,9.89
2023-09-02,14.730000000000004,44.99999999999997,20.9,68.15000000000002,93.48,12.8,32.15,36.11999999999999,35.55000000000001,31.499999999999993,11.200000000000003,16.709999999999997,39.150000000000006,70.4,45.84000000000002,30.900000000000016,35.99000000000001,65.08,26.19999999999999,9.95
2023-09-03,15.030000000000008,45.24999999999999,20.9,67.68,95.03,12.700000000000001,33.25,36.20999999999999,35.6,31.770000000000014,11.100000000000001,16.709999999999997,39.45,70.5,46.22999999999999,31.800000000000022,37.12,65.08,26.19999999999999,9.990000000000002
2023-09-04,15.030000000000008,45.24999999999999,21.033333333333324,67.83666666666667,95.20000000000002,12.733333333333338,33.16666666666667,36.34333333333332,35.733333333333334,32.073333333333345,11.100000000000001,16.909999999999997,40.35666666666667,70.59999999999998,46.496666666666684,31.70000000000001,37.00000000000001,64.78999999999998,26.306666666666665,9.866666666666669
2023-09-05,15.030000000000008,45.24999999999999,21.166666666666664,67.99333333333334,95.36999999999999,12.766666666666667,33.083333333333336,36.47666666666667,35.86666666666668,32.37666666666666,11.100000000000001,17.11,41.26333333333333,70.7,46.76333333333335,31.600000000000023,36.88000000000001,64.5,26.413333333333338,9.743333333333332
2023-09-06,15.030000000000008,45.24999999999999,21.299999999999994,68.15000000000002,95.53999999999999,12.8,33.0,36.610000000000014,36.0,32.67999999999999,11.100000000000001,17.31,42.169999999999995,70.8,47.030000000000015,31.5,36.76000000000002,64.21,26.519999999999985,9.620000000000001
2023-09-07,14.830000000000009,45.29999999999997,21.39999999999999,69.1,94.93999999999997,13.200000000000003,35.3,36.610000000000014,36.45000000000001,32.73000000000001,11.100000000000001,17.799999999999997,41.97,75.7,49.60000000000001,31.750000000000007,37.160000000000004,63.87999999999999,26.19999999999999,9.850000000000001
2023-09-08,14.730000000000004,45.29999999999997,21.299999999999994,67.96,93.56999999999998,12.899999999999999,36.400000000000006,36.800000000000004,36.10000000000001,32.67999999999999,11.000000000000002,17.799999999999997,42.51,76.90000000000003,48.32000000000003,31.20000000000001,36.940000000000005,63.94999999999999,25.61,9.690000000000001
2023-09-09,14.830000000000009,45.59999999999999,21.999999999999993,68.15000000000002,95.46,12.949999999999998,36.20000000000001,37.199999999999996,35.8,33.17999999999999,10.9,17.799999999999997,42.42,80.8,48.610000000000014,31.600000000000023,36.35,64.07999999999998,25.880000000000006,9.65
2023-09-10,14.530000000000005,44.799999999999976,21.39999999999999,66.25999999999999,94.33999999999999,12.55,36.5,36.51,34.50000000000001,33.140000000000015,10.69999999999999,17.899999999999995,41.42999999999997,78.5,47.370000000000005,30.80000000000001,35.86000000000002,63.60999999999999,25.299999999999997,9.860000000000001
2023-09-11,14.4,44.64999999999998,21.26666666666667,66.35333333333334,94.33999999999999,12.43333333333333,36.666666666666664,36.213333333333324,34.38333333333334,33.140000000000015,10.69999999999999,17.899999999999995,41.42999999999997,78.16666666666667,46.92333333333336,30.549999999999997,35.68,63.38666666666665,25.11999999999999,9.860000000000001
2023-09-12,14.270000000000003,44.49999999999999,21.133333333333326,66.44666666666667,94.33999999999999,12.316666666666666,36.833333333333336,35.916666666666664,34.266666666666666,33.140000000000015,10.69999999999999,17.899999999999995,41.42999999999997,77.83333333333333,46.47666666666668,30.30000000000001,35.5,63.16333333333333,24.94,9.860000000000001
2023-09-13,14.139999999999999,44.34999999999997,20.999999999999993,66.54000000000002,94.33999999999999,12.2,37.0,35.61999999999999,34.15000000000001,33.140000000000015,10.69999999999999,17.899999999999995,41.42999999999997,77.5,46.03000000000002,30.049999999999997,35.31999999999999,62.93999999999998,24.76000000000001,9.860000000000001
2023-09-14,14.139999999999999,44.14999999999998,20.9,66.25999999999999,95.96999999999998,12.399999999999999,36.85,35.61999999999999,34.50000000000001,33.270000000000024,10.599999999999989,17.899999999999995,42.02,78.7,46.38000000000002,30.30000000000001,36.58,63.14,24.800000000000008,9.89
2023-09-15,14.330000000000005,44.99999999999997,21.799999999999994,67.02,100.34000000000002,12.45,38.900000000000006,36.20999999999999,35.15,34.180000000000014,10.69999999999999,17.999999999999996,44.000000000000014,80.90000000000002,48.17,31.350000000000016,37.79,64.21,25.429999999999996,10.2
2023-09-16,14.730000000000004,45.95,23.499999999999996,66.73,100.34000000000002,12.500000000000002,38.400000000000006,37.199999999999996,34.45000000000001,34.09000000000002,10.69999999999999,17.899999999999995,44.1,78.90000000000002,46.88000000000004,32.90000000000002,37.52,63.550000000000004,25.389999999999997,10.05
2023-09-17,14.43,44.39999999999997,23.299999999999997,65.96999999999998,99.49,12.299999999999997,38.00000000000001,37.199999999999996,34.75,33.82,10.599999999999989,17.899999999999995,43.35000000000001,78.5,46.98000000000002,32.8,37.39,62.879999999999995,25.389999999999997,10.100000000000001
2023-09-18,14.363333333333337,44.96666666666665,22.99999999999999,65.68333333333334,98.62999999999998,12.116666666666667,37.33333333333334,36.84000000000002,34.266666666666666,33.82,10.533333333333328,17.899999999999995,43.00666666666667,78.3,46.500000000000014,32.28333333333336,37.22333333333334,62.65666666666665,25.689999999999994,10.166666666666666
2023-09-19,14.296666666666674,45.533333333333346,22.69999999999999,65.39666666666666,97.77,11.933333333333334,36.666666666666664,36.480000000000004,33.78333333333334,33.82,10.466666666666661,17.899999999999995,42.66333333333332,78.10000000000002,46.020000000000024,31.766666666666673,37.05666666666668,62.43333333333333,25.989999999999995,10.233333333333336
2023-09-20,14.230000000000006,46.09999999999999,22.399999999999988,65.11,96.91000000000001,11.749999999999996,36.0,36.11999999999999,33.3,33.82,10.4,17.899999999999995,42.32,77.9,45.54000000000001,31.250000000000025,36.89000000000001,62.20999999999999,26.289999999999992,10.3
2023-09-21,14.330000000000005,47.00000000000001,22.99999999999999,65.01,96.06,11.849999999999998,36.400000000000006,36.51,33.3,33.270000000000024,10.499999999999995,18.199999999999996,41.52,77.40000000000002,45.140000000000015,31.450000000000003,35.77000000000001,61.86999999999999,25.929999999999996,10.400000000000002
2023-09-22,14.43,46.49999999999997,23.199999999999996,65.2,98.20000000000002,12.650000000000002,37.35000000000001,36.90000000000001,34.35000000000001,33.230000000000004,10.599999999999989,17.31,42.32,77.3,47.62000000000001,32.250000000000014,36.080000000000005,62.34,25.98,10.45
2023-09-23,14.630000000000004,46.49999999999997,23.699999999999992,65.59,99.66000000000001,12.700000000000001,37.35000000000001,37.690000000000005,34.900000000000006,33.82,10.69999999999999,17.31,42.81,78.0,48.12000000000002,32.350000000000016,35.86000000000002,63.67999999999999,27.78,10.3
2023-09-24,14.530000000000005,46.59999999999998,23.499999999999996,65.01,98.53999999999998,12.45,38.050000000000004,37.780000000000015,35.70000000000002,33.73000000000001,10.799999999999999,17.899999999999995,42.959999999999994,78.5,48.71000000000001,31.950000000000014,36.04000000000001,64.47999999999999,28.459999999999994,10.100000000000001
2023-09-25,14.563333333333336,46.68333333333334,23.43333333333333,64.85000000000001,98.28333333333332,12.45,37.8,37.91333333333333,35.36666666666667,33.67000000000001,10.799999999999999,17.899999999999995,43.02666666666666,77.5,48.44666666666667,31.883333333333336,35.82666666666667,64.32333333333332,28.446666666666662,10.100000000000001
2023-09-26,14.596666666666673,46.76666666666665,23.366666666666656,64.69,98.02666666666669,12.45,37.55000000000001,38.046666666666674,35.03333333333335,33.61000000000001,10.799999999999999,17.899999999999995,43.09333333333333,76.50000000000003,48.18333333333334,31.81666666666668,35.613333333333344,64.16666666666667,28.43333333333333,10.100000000000001
2023-09-27,14.630000000000004,46.85000000000001,23.299999999999997,64.53,97.77,12.45,37.29999999999999,38.179999999999986,34.70000000000001,33.55,10.799999999999999,17.899999999999995,43.16000000000001,75.49999999999999,47.920000000000016,31.750000000000007,35.40000000000002,64.01,28.419999999999995,10.100000000000001
2023-09-28,14.630000000000004,47.05,23.9,64.92,98.62999999999998,12.6,37.65000000000001,38.37000000000001,35.2,35.09000000000001,10.799999999999999,18.599999999999994,43.8,74.00000000000004,48.27000000000003,32.70000000000001,36.170000000000016,64.42,28.910000000000004,10.0
2023-09-29,14.730000000000004,47.05,24.499999999999993,64.92,98.79999999999995,12.55,37.55000000000001,38.47000000000001,35.50000000000001,34.91000000000001,10.69999999999999,18.099999999999998,43.7,75.40000000000003,50.300000000000026,32.50000000000002,36.170000000000016,64.07999999999998,29.000000000000007,10.0
2023-09-30,14.630000000000004,47.60000000000001,24.0,64.92,100.43000000000002,12.949999999999998,39.00000000000001,38.28,35.75000000000001,34.46000000000001,10.799999999999999,17.409999999999997,43.3,76.00000000000001,50.60000000000003,32.20000000000002,36.44000000000001,64.01,29.000000000000007,10.2
2023-10-01,14.730000000000004,47.65,24.300000000000004,64.82,99.92000000000002,13.049999999999999,38.50000000000001,38.47000000000001,35.55000000000001,34.36000000000001,10.599999999999989,18.299999999999997,42.85999999999999,74.20000000000003,50.70000000000004,32.350000000000016,35.99000000000001,63.48,28.780000000000005,10.100000000000001
2023-10-02,14.796666666666667,47.71666666666667,24.499999999999993,64.62666666666667,100.00333333333332,12.916666666666668,38.50000000000001,38.96000000000001,35.36666666666667,34.423333333333346,10.599999999999989,18.299999999999997,43.00666666666667,73.93333333333334,50.79666666666669,32.516666666666694,36.06666666666669,63.54666666666666,29.080000000000002,10.100000000000001
2023-10-03,14.863333333333335,47.78333333333331,24.699999999999996,64.43333333333332,100.08666666666667,12.783333333333331,38.50000000000001,39.44999999999998,35.183333333333344,34.486666666666665,10.599999999999989,18.299999999999997,43.153333333333336,73.66666666666669,50.89333333333336,32.68333333333336,36.14333333333335,63.613333333333316,29.38,10.100000000000001
2023-10-04,14.930000000000003,47.849999999999994,24.899999999999995,64.24,100.17,12.650000000000002,38.50000000000001,39.94,35.0,34.55000000000002,10.599999999999989,18.299999999999997,43.3,73.40000000000003,50.99000000000002,32.85000000000001,36.220000000000006,63.67999999999999,29.68,10.100000000000001
2023-10-05,15.530000000000001,47.79999999999998,26.299999999999997,64.53,100.34000000000002,12.700000000000001,39.5,42.890000000000015,35.0,34.59000000000002,10.499999999999995,18.79999999999999,43.95000000000001,74.50000000000001,51.190000000000005,34.90000000000001,36.170000000000016,63.21,29.77,10.0
2023-10-06,15.530000000000001,47.74999999999997,25.99999999999998,63.96,98.70999999999998,12.8,39.250000000000014,42.00000000000001,34.050000000000004,34.32,10.4,17.899999999999995,44.20000000000001,73.40000000000003,49.8,33.90000000000002,38.69,62.739999999999995,29.139999999999986,10.05
2023-10-07,15.530000000000001,47.849999999999994,25.60000000000001,65.39,97.77,12.650000000000002,38.3,42.100000000000016,33.550000000000004,33.96000000000001,10.3,18.399999999999995,44.050000000000004,73.40000000000003,50.300000000000026,33.55000000000001,41.4,64.21,29.360000000000003,9.910000000000002
2023-10-08,16.420000000000005,47.79999999999998,26.099999999999998,65.11,97.51,12.899999999999999,36.0,41.419999999999995,33.19999999999999,33.17999999999999,10.3,18.399999999999995,43.21,71.89999999999999,50.60000000000003,32.90000000000002,42.61,63.48,29.090000000000007,9.87
2023-10-09,16.386666666666667,47.76666666666666,25.96666666666667,64.82,97.19666666666666,12.933333333333335,36.166666666666664,41.353333333333346,33.30000000000001,32.98333333333333,10.266666666666666,18.399999999999995,43.02666666666666,71.89999999999999,50.26666666666669,32.90000000000002,41.936666666666675,63.48,28.98666666666667,9.813333333333334
2023-10-10,16.353333333333335,47.73333333333332,25.833333333333325,64.53,96.88333333333333,12.966666666666667,36.33333333333335,41.28666666666667,33.400000000000006,32.78666666666668,10.233333333333333,18.399999999999995,42.843333333333334,71.89999999999999,49.93333333333336,32.90000000000002,41.263333333333335,63.48,28.88333333333334,9.756666666666666
2023-10-11,16.32,47.699999999999996,25.699999999999996,64.24,96.56999999999996,13.0,36.5,41.22000000000001,33.50000000000001,32.589999999999996,10.2,18.399999999999995,42.66,71.89999999999999,49.60000000000001,32.90000000000002,40.590000000000025,63.48,28.780000000000005,9.700000000000001
2023-10-12,16.32,47.699999999999996,25.1,64.24,96.91000000000001,13.150000000000002,38.00000000000001,41.61,34.250000000000014,32.73000000000001,10.3,18.9,42.66,73.49999999999999,52.37999999999999,33.199999999999996,43.24000000000001,63.07999999999999,29.090000000000007,9.64
2023-10-13,15.73,48.50000000000001,24.499999999999993,64.04999999999998,97.6,13.399999999999999,37.40000000000002,40.730000000000004,33.65,32.73000000000001,10.499999999999995,19.69,42.02,72.50000000000001,51.59000000000002,31.800000000000022,44.04999999999998,63.21,28.549999999999997,9.900000000000002
2023-10-14,16.32,48.3,25.199999999999996,63.86,98.53999999999998,13.299999999999999,38.2,41.910000000000004,33.7,32.96000000000001,10.3,19.199999999999996,41.82000000000001,71.8,51.88999999999999,31.950000000000014,43.32999999999999,62.879999999999995,28.549999999999997,10.25
2023-10-15,16.32,48.45000000000002,25.199999999999996,63.96,99.05999999999997,13.399999999999999,40.5,42.20000000000004,35.9,33.140000000000015,10.3,19.489999999999995,42.269999999999996,71.89999999999999,51.59000000000002,32.8,44.41000000000001,63.28000000000001,28.870000000000005,10.25
2023-10-16,15.789999999999997,47.966666666666676,24.366666666666653,63.38333333333333,97.94333333333333,13.100000000000001,39.566666666666684,40.86,35.08333333333334,32.366666666666674,10.2,19.19333333333333,41.296666666666674,70.23333333333335,50.89666666666669,32.050000000000004,43.37666666666667,62.7,28.206666666666674,10.2
2023-10-17,15.26,47.48333333333333,23.533333333333335,62.80666666666667,96.82666666666665,12.8,38.63333333333334,39.52000000000001,34.266666666666666,31.59333333333334,10.099999999999998,18.89666666666667,40.32333333333334,68.56666666666668,50.203333333333354,31.300000000000008,42.343333333333334,62.11999999999998,27.54333333333334,10.150000000000002
2023-10-18,14.730000000000004,47.00000000000001,22.69999999999999,62.23,95.70999999999998,12.500000000000002,37.70000000000001,38.179999999999986,33.45000000000001,30.819999999999997,10.000000000000004,18.599999999999994,39.350000000000016,66.90000000000002,49.51000000000001,30.549999999999997,41.31,61.540000000000006,26.879999999999995,10.100000000000001
2023-10-19,15.130000000000003,46.400000000000006,22.799999999999997,61.370000000000005,96.91000000000001,12.6,39.750000000000014,39.16000000000002,34.050000000000004,31.14,9.499999999999998,18.9,38.86000000000001,66.1,49.51000000000001,30.80000000000001,41.31,60.87,26.339999999999996,9.960000000000003
2023-10-20,14.139999999999999,44.99999999999997,23.1,61.55999999999999,95.88000000000001,11.849999999999998,37.45000000000002,37.88000000000001,32.699999999999996,30.910000000000007,9.300000000000002,18.9,37.56999999999999,66.8,49.01000000000001,29.350000000000023,39.77999999999998,60.53999999999999,25.299999999999997,9.900000000000002
2023-10-21,14.139999999999999,43.79999999999998,23.1,61.55999999999999,94.68,11.824999999999996,36.14999999999999,37.78499999999999,32.15,30.45500000000001,9.250000000000002,18.399999999999995,36.57999999999999,66.65,48.41500000000002,29.32500000000001,38.60499999999999,60.53999999999999,24.485,9.860000000000001
2023-10-22,14.139999999999999,42.59999999999998,23.1,61.55999999999999,93.48,11.799999999999999,34.849999999999994,37.690000000000005,31.59999999999999,29.999999999999993,9.200000000000001,17.899999999999995,35.59000000000002,66.50000000000001,47.82000000000003,29.300000000000008,37.43000000000001,60.53999999999999,23.670000000000005,9.820000000000002
2023-10-23,14.170000000000003,42.400000000000006,23.066666666666656,61.49666666666667,93.85333333333334,11.883333333333336,35.300000000000004,37.82000000000001,31.833333333333318,30.136666666666656,9.200000000000001,18.366666666666664,35.95333333333334,66.63333333333334,47.95333333333335,29.400000000000006,37.67000000000001,60.559999999999995,23.806666666666658,9.873333333333333
2023-10-24,14.200000000000001,42.199999999999996,23.033333333333335,61.43333333333332,94.22666666666663,11.966666666666665,35.75,37.95000000000002,32.06666666666666,30.273333333333337,9.200000000000001,18.83333333333333,36.31666666666668,66.76666666666667,48.08666666666668,29.500000000000014,37.90999999999998,60.58,23.94333333333334,9.926666666666668
2023-10-25,14.230000000000006,42.0,22.99999999999999,61.370000000000005,94.59999999999998,12.05,36.20000000000001,38.080000000000005,32.3,30.410000000000014,9.200000000000001,19.299999999999997,36.68000000000001,66.90000000000002,48.22,29.60000000000002,38.15000000000001,60.6,24.07999999999999,9.980000000000002
2023-10-26,13.640000000000006,40.99999999999999,23.299999999999997,60.89,96.31,12.15,34.2,37.390000000000015,31.499999999999986,30.410000000000014,8.899999999999999,19.299999999999997,35.59000000000002,64.7,49.410000000000004,29.100000000000016,38.56000000000001,60.269999999999996,22.86,10.0
2023-10-27,14.330000000000005,41.599999999999994,24.0,61.370000000000005,103.0,12.299999999999997,36.0,38.570000000000014,32.94999999999999,31.41000000000001,8.999999999999998,19.299999999999997,38.06000000000001,66.90000000000002,51.88999999999999,30.20000000000001,40.810000000000024,60.6,24.439999999999998,10.2
2023-10-28,14.040000000000004,42.0,23.699999999999992,62.04,105.65999999999995,12.500000000000002,35.499999999999986,38.570000000000014,33.0,31.45999999999999,8.899999999999999,18.399999999999995,37.46999999999999,68.10000000000001,53.379999999999995,29.9,40.18,60.87,24.120000000000015,10.3
2023-10-29,14.139999999999999,44.44999999999998,23.699999999999992,62.32999999999999,105.65999999999995,12.399999999999999,35.499999999999986,38.96000000000001,32.79999999999999,31.820000000000014,8.899999999999999,18.399999999999995,37.46999999999999,67.19999999999999,54.47,29.750000000000014,40.21999999999999,60.99999999999999,23.9,10.100000000000001
2023-10-30,14.106666666666667,44.441666666666656,23.666666666666664,62.39333333333333,106.2466666666667,12.374999999999998,35.4,38.895,32.724999999999994,31.820000000000014,8.933333333333332,18.249999999999996,37.693333333333335,67.33333333333334,54.584999999999994,29.716666666666676,40.44666666666668,61.07833333333333,23.869999999999994,10.070000000000002
2023-10-31,14.07333333333333,44.43333333333331,23.63333333333333,62.456666666666656,106.83333333333327,12.349999999999998,35.3,38.83,32.64999999999999,31.820000000000014,8.966666666666665,18.099999999999998,37.916666666666664,67.46666666666667,54.700000000000024,29.683333333333355,40.67333333333333,61.15666666666665,23.840000000000003,10.04
2023-11-01,14.040000000000004,44.42499999999998,23.599999999999998,62.52,107.41999999999997,12.324999999999996,35.20000000000002,38.765,32.574999999999996,31.820000000000014,8.999999999999998,17.949999999999996,38.140000000000015,67.6,54.81499999999998,29.65000000000002,40.89999999999999,61.23499999999999,23.81,10.01
2023-11-02,14.006666666666662,44.416666666666636,23.566666666666663,62.58333333333332,108.00666666666665,12.299999999999997,35.1,38.70000000000001,32.5,31.820000000000014,9.033333333333333,17.799999999999997,38.36333333333334,67.73333333333333,54.930000000000014,29.61666666666667,41.12666666666667,61.31333333333334,23.779999999999994,9.980000000000002
2023-11-03,13.973333333333331,44.40833333333331,23.533333333333335,62.64666666666667,108.59333333333329,12.275000000000002,34.999999999999986,38.635000000000005,32.42499999999999,31.820000000000014,9.066666666666666,17.649999999999995,38.58666666666668,67.86666666666669,55.045,29.58333333333335,41.35333333333332,61.39166666666666,23.75,9.95
2023-11-04,13.94,44.39999999999997,23.499999999999996,62.71,109.17999999999996,12.249999999999995,34.9,38.570000000000014,32.349999999999994,31.820000000000014,9.1,17.499999999999996,38.81000000000001,67.99999999999999,55.16000000000001,29.550000000000022,41.580000000000005,61.47,23.719999999999995,9.92
2023-11-05,13.94,44.44999999999998,23.9,62.89999999999999,107.98000000000003,12.45,34.9,38.67,32.39999999999999,32.63999999999999,9.200000000000001,18.199999999999996,40.34000000000001,69.79999999999998,55.26,29.800000000000022,40.62999999999999,61.86999999999999,24.349999999999998,10.0
2023-11-06,14.103333333333335,44.54999999999999,24.266666666666666,62.96333333333333,108.46666666666668,12.633333333333333,35.7,39.06,32.66666666666665,32.58,9.200000000000001,18.399999999999995,40.27333333333333,70.23333333333335,56.11999999999998,30.066666666666677,41.156666666666695,61.98333333333333,24.636666666666663,10.133333333333335
2023-11-07,14.26666666666667,44.64999999999998,24.633333333333333,63.02666666666667,108.95333333333332,12.816666666666666,36.5,39.44999999999998,32.93333333333332,32.52000000000001,9.200000000000001,18.599999999999994,40.20666666666666,70.66666666666666,56.97999999999998,30.333333333333332,41.683333333333344,62.09666666666666,24.92333333333333,10.266666666666667
2023-11-08,14.43,44.74999999999998,24.999999999999996,63.09,109.43999999999998,13.0,37.29999999999999,39.839999999999996,33.19999999999999,32.459999999999994,9.200000000000001,18.79999999999999,40.14,71.1,57.84000000000002,30.6,42.210000000000015,62.20999999999999,25.209999999999994,10.400000000000002
2023-11-09,14.330000000000005,44.99999999999997,25.49999999999999,65.2,112.60999999999997,13.200000000000003,37.95000000000001,40.040000000000006,32.79999999999999,32.819999999999986,9.200000000000001,18.299999999999997,40.73,71.2,58.830000000000005,30.549999999999997,43.65,62.139999999999986,24.94,10.2
2023-11-10,15.030000000000008,45.4,27.999999999999996,65.11,112.34999999999998,13.5,38.80000000000001,42.20000000000004,32.599999999999994,32.73000000000001,9.1,18.299999999999997,40.53999999999999,72.30000000000003,58.63000000000001,31.600000000000023,46.66999999999999,62.20999999999999,24.53,10.3
2023-11-11,14.930000000000003,45.4,28.499999999999993,63.86,111.74999999999996,13.450000000000001,38.3,41.710000000000015,32.9,32.73000000000001,9.200000000000001,18.299999999999997,40.34000000000001,71.40000000000002,58.44000000000002,31.70000000000001,49.91000000000001,61.86999999999999,24.259999999999994,10.05
2023-11-12,15.130000000000003,44.99999999999997,29.399999999999995,63.76,112.34999999999998,13.200000000000003,40.00000000000001,43.08000000000001,32.849999999999994,32.73000000000001,9.399999999999997,18.299999999999997,40.88,70.8,58.44000000000002,32.15000000000002,53.06,61.540000000000006,25.2,10.400000000000002
2023-11-13,15.196666666666665,44.99999999999997,29.399999999999995,63.53666666666667,111.97999999999999,13.366666666666662,39.949999999999996,43.1466666666667,32.66666666666665,32.819999999999986,9.366666666666662,18.499999999999996,40.946666666666665,70.8,58.240000000000016,32.13333333333335,52.91000000000001,61.31666666666666,25.299999999999997,10.633333333333335
2023-11-14,15.263333333333334,44.99999999999997,29.399999999999995,63.31333333333333,111.60999999999996,13.533333333333333,39.9,43.21333333333333,32.48333333333333,32.910000000000004,9.333333333333336,18.699999999999996,41.013333333333335,70.8,58.03999999999999,32.116666666666696,52.760000000000005,61.09333333333332,25.400000000000002,10.866666666666667
2023-11-15,15.330000000000007,44.99999999999997,29.399999999999995,63.09,111.24,13.700000000000001,39.85000000000001,43.28000000000002,32.3,33.0,9.300000000000002,18.9,41.08,70.8,57.84000000000002,32.100000000000016,52.61,60.87,25.5,11.1
2023-11-16,15.130000000000003,46.04999999999999,28.999999999999993,63.76,111.91999999999999,13.550000000000004,39.5,42.69000000000001,32.3,32.63999999999999,9.300000000000002,18.9,41.229999999999976,70.59999999999998,59.61999999999999,31.900000000000023,56.22000000000002,60.6,25.299999999999997,11.7
2023-11-17,15.030000000000008,46.35000000000001,29.199999999999992,64.24,115.01,13.550000000000004,42.25,42.79000000000001,32.349999999999994,33.09000000000002,9.200000000000001,19.589999999999993,41.92,72.20000000000002,60.31999999999999,31.900000000000023,56.760000000000005,60.87,25.5,11.7
2023-11-18,15.63,46.74999999999998,30.6,64.44,116.11999999999998,13.650000000000004,42.350000000000016,44.75000000000001,33.19999999999999,33.46,9.300000000000002,19.589999999999993,43.5,72.40000000000002,59.43,32.60000000000001,54.600000000000016,61.93999999999999,25.799999999999997,11.499999999999996
2023-11-19,15.93,46.85000000000001,30.500000000000004,64.24,115.34999999999997,14.600000000000003,43.00000000000002,44.650000000000006,33.099999999999994,33.55,9.399999999999997,19.589999999999993,43.5,75.49999999999999,59.129999999999995,32.60000000000001,55.21999999999999,61.4,26.050000000000004,11.600000000000001
2023-11-20,15.83,46.79999999999999,30.166666666666668,64.04999999999998,114.92333333333332,14.65,42.83333333333335,44.390000000000015,33.18333333333333,33.55,9.399999999999997,19.589999999999993,43.38666666666665,75.80000000000001,59.26333333333333,32.516666666666694,54.53,61.423333333333325,25.96666666666667,11.55
2023-11-21,15.73,46.74999999999998,29.83333333333333,63.86,114.49666666666663,14.700000000000005,42.66666666666667,44.13000000000002,33.26666666666667,33.55,9.399999999999997,19.589999999999993,43.27333333333333,76.10000000000001,59.39666666666665,32.433333333333366,53.83999999999999,61.44666666666665,25.883333333333333,11.499999999999996
2023-11-22,15.63,46.7,29.499999999999993,63.67,114.06999999999995,14.750000000000004,42.5,43.870000000000005,33.35,33.55,9.399999999999997,19.589999999999993,43.16000000000001,76.4,59.53000000000001,32.350000000000016,53.15,61.47,25.799999999999997,11.45
2023-11-23,16.029999999999998,46.44999999999998,30.800000000000004,63.48,116.63999999999997,14.900000000000002,43.85,44.560000000000024,33.65,33.17999999999999,9.499999999999998,18.299999999999997,43.6,75.80000000000001,60.02000000000002,32.90000000000002,55.39999999999999,60.94,25.5,11.45
2023-11-24,16.52,45.499999999999986,30.200000000000003,63.09,118.35,14.200000000000003,43.4,44.160000000000004,33.0,33.270000000000024,10.4,18.299999999999997,44.59000000000001,73.90000000000002,60.52,32.50000000000002,55.14000000000001,60.67,26.5,11.399999999999999
2023-11-25,16.72,45.55,31.099999999999998,64.24,117.92999999999998,14.600000000000003,43.79999999999999,44.950000000000024,33.25000000000001,33.589999999999996,10.499999999999995,18.299999999999997,45.38000000000001,75.80000000000001,61.50999999999999,33.00000000000001,57.29999999999999,60.87,26.549999999999994,11.849999999999998
2023-11-26,15.83,44.949999999999974,29.899999999999995,63.279999999999994,113.12000000000003,14.449999999999996,42.0,43.08000000000001,32.5,32.360000000000014,9.7,18.299999999999997,43.40000000000001,73.49999999999999,60.02000000000002,31.70000000000001,53.78000000000001,60.339999999999996,25.949999999999996,11.300000000000004
2023-11-27,15.926666666666666,44.98333333333332,29.999999999999996,63.31333333333333,113.37999999999998,14.499999999999998,42.099999999999994,43.40666666666669,32.46666666666666,32.423333333333325,9.733333333333334,18.299999999999997,43.40000000000001,73.49999999999999,59.85666666666665,31.78333333333336,53.57,60.339999999999996,25.783333333333324,11.300000000000004
2023-11-28,16.023333333333333,45.01666666666668,30.1,63.34666666666667,113.63999999999996,14.550000000000006,42.2,43.73333333333334,32.43333333333332,32.48666666666666,9.766666666666667,18.299999999999997,43.40000000000001,73.49999999999999,59.69333333333332,31.86666666666668,53.36,60.339999999999996,25.616666666666653,11.300000000000004
2023-11-29,16.12,45.04999999999996,30.200000000000003,63.379999999999995,113.89999999999998,14.600000000000003,42.300000000000004,44.06000000000001,32.39999999999999,32.54999999999999,9.8,18.299999999999997,43.40000000000001,73.49999999999999,59.53000000000001,31.950000000000014,53.15,60.339999999999996,25.44999999999998,11.300000000000004
2023-11-30,16.32,45.04999999999996,30.89999999999999,64.04999999999998,117.49999999999999,14.950000000000001,43.85,44.46000000000001,32.2,32.96000000000001,9.7,17.799999999999997,43.7,75.49999999999999,61.010000000000005,32.100000000000016,55.95000000000001,60.67,25.599999999999994,12.050000000000006
2023-12-01,15.93,44.39999999999997,30.6,63.56999999999999,116.38000000000002,14.600000000000003,42.85000000000001,43.379999999999995,31.64999999999999,32.459999999999994,10.000000000000004,17.799999999999997,44.40000000000001,75.00000000000001,60.02000000000002,31.649999999999995,54.050000000000004,60.07,25.400000000000002,12.600000000000007
2023-12-02,16.029999999999998,43.14999999999997,30.399999999999984,63.0,115.77999999999999,14.65,43.500000000000014,43.08000000000001,31.8,32.769999999999996,9.900000000000002,17.209999999999997,43.7,77.20000000000003,62.29999999999999,32.00000000000001,53.33,59.25999999999999,24.999999999999996,12.500000000000005
2023-12-03,15.83,43.549999999999976,30.500000000000004,62.71,115.44,14.499999999999998,42.5,42.59000000000003,31.9,32.910000000000004,9.7,17.31,44.000000000000014,76.60000000000001,63.100000000000016,31.649999999999995,54.86000000000001,58.33,25.2,12.700000000000005
2023-12-04,15.926666666666666,43.68333333333333,30.800000000000004,62.93333333333332,116.09666666666666,14.66666666666667,42.68333333333333,42.720000000000006,32.13333333333333,33.45666666666666,9.766666666666667,17.77333333333333,44.33333333333334,76.96666666666668,63.23000000000001,31.86666666666668,56.123333333333335,58.553333333333335,25.46666666666667,12.983333333333333
2023-12-05,16.023333333333333,43.81666666666668,31.099999999999998,63.15666666666666,116.75333333333332,14.833333333333336,42.86666666666666,42.85000000000002,32.36666666666667,34.003333333333345,9.833333333333336,18.236666666666665,44.666666666666664,77.33333333333333,63.360000000000014,32.08333333333335,57.38666666666667,58.776666666666664,25.73333333333331,13.266666666666673
2023-12-06,16.12,43.95,31.400000000000006,63.379999999999995,117.41000000000001,14.999999999999998,43.05000000000002,42.98,32.599999999999994,34.55000000000002,9.900000000000002,18.699999999999996,45.00000000000001,77.7,63.49000000000003,32.300000000000004,58.65000000000001,59.0,26.0,13.549999999999999
2023-12-07,16.420000000000005,44.10000000000001,32.2,63.279999999999994,119.3,14.4,43.9,43.379999999999995,32.79999999999999,34.09000000000002,10.000000000000004,18.599999999999994,44.95,77.5,63.3,32.250000000000014,61.71000000000003,59.32999999999999,25.799999999999997,14.449999999999996
2023-12-08,16.029999999999998,44.199999999999996,32.1,65.68,120.16000000000004,14.249999999999996,44.80000000000002,42.69000000000001,32.39999999999999,33.68,9.900000000000002,18.699999999999996,43.85,78.09999999999998,61.50999999999999,31.70000000000001,60.54000000000003,59.39999999999999,25.799999999999997,15.450000000000001
2023-12-09,15.93,43.699999999999996,31.900000000000006,64.44,119.72999999999999,14.299999999999999,44.35,42.79000000000001,32.599999999999994,33.17999999999999,9.8,17.799999999999997,42.5,78.09999999999998,61.40999999999999,31.800000000000022,61.62000000000002,59.53,25.750000000000007,15.850000000000001
2023-12-10,16.12,43.50000000000001,31.50000000000001,65.01,121.77999999999997,14.4,44.35,43.08000000000001,32.79999999999999,33.91,10.099999999999998,18.79999999999999,42.649999999999984,77.60000000000001,61.61,31.70000000000001,61.62000000000002,59.199999999999996,25.599999999999994,16.549999999999997
2023-12-11,16.186666666666675,43.483333333333334,31.53333333333333,64.82000000000001,122.35333333333334,14.266666666666666,44.50000000000001,43.1466666666667,33.033333333333324,33.91,10.066666666666663,18.79999999999999,42.7,77.43333333333332,61.90666666666669,31.733333333333338,61.95000000000003,59.086666666666666,25.566666666666663,16.533333333333335
2023-12-12,16.25333333333333,43.46666666666666,31.56666666666667,64.63,122.92666666666663,14.133333333333335,44.65000000000002,43.21333333333333,33.26666666666667,33.91,10.03333333333333,18.79999999999999,42.74999999999999,77.26666666666665,62.20333333333335,31.766666666666673,62.28000000000001,58.97333333333333,25.53333333333333,16.516666666666666
2023-12-13,16.32,43.44999999999999,31.599999999999998,64.44,123.49999999999997,13.999999999999996,44.80000000000002,43.28000000000002,33.50000000000001,33.91,10.000000000000004,18.79999999999999,42.79999999999998,77.09999999999998,62.500000000000014,31.800000000000022,62.61000000000001,58.86,25.5,16.500000000000004
2023-12-14,16.420000000000005,43.2,31.199999999999992,63.76,125.64,14.200000000000003,45.10000000000003,43.67000000000001,33.19999999999999,33.82,9.900000000000002,18.79999999999999,43.0,75.80000000000001,61.81000000000001,32.100000000000016,61.79999999999999,58.33,25.349999999999998,17.55
2023-12-15,16.620000000000005,43.29999999999999,31.199999999999992,64.24,131.09,14.200000000000003,45.75000000000002,44.560000000000024,33.50000000000001,34.50000000000002,9.900000000000002,17.899999999999995,43.5,77.8,62.90000000000003,32.45000000000003,62.70000000000002,59.32999999999999,25.799999999999997,17.4
2023-12-16,16.420000000000005,43.2,31.599999999999998,64.15,129.1,13.949999999999998,45.20000000000002,44.46000000000001,33.900000000000006,35.09000000000001,10.099999999999998,17.499999999999996,44.1,78.6,63.49000000000003,32.20000000000002,63.06000000000001,59.129999999999995,26.299999999999997,17.249999999999996
2023-12-17,15.530000000000001,42.0,30.500000000000004,63.48,130.1,13.299999999999999,42.8,42.890000000000015,32.79999999999999,34.09000000000002,9.900000000000002,17.599999999999998,42.1,78.0,62.500000000000014,31.20000000000001,63.06000000000001,58.529999999999994,25.599999999999994,17.3
2023-12-18,15.530000000000001,42.0,30.166666666666668,63.413333333333334,129.37000000000003,13.333333333333336,42.76666666666666,42.69333333333336,32.78333333333332,34.10666666666667,10.03333333333333,17.699999999999996,41.733333333333334,77.40000000000002,62.17,31.15000000000001,62.43,58.43999999999998,25.400000000000002,17.499999999999996
2023-12-19,15.530000000000001,42.0,29.83333333333333,63.346666666666664,128.63999999999996,13.366666666666669,42.733333333333334,42.49666666666666,32.76666666666666,34.123333333333356,10.166666666666673,17.799999999999997,41.36666666666665,76.80000000000001,61.83999999999999,31.10000000000002,61.79999999999999,58.35,25.2,17.7
2023-12-20,15.530000000000001,42.0,29.499999999999993,63.279999999999994,127.91000000000001,13.399999999999999,42.699999999999996,42.300000000000004,32.74999999999999,34.140000000000015,10.3,17.899999999999995,41.0,76.2,61.50999999999999,31.050000000000008,61.169999999999995,58.25999999999999,24.999999999999996,17.899999999999995
2023-12-21,15.83,42.10000000000001,29.099999999999994,63.19,127.11999999999999,13.600000000000001,43.00000000000002,42.79000000000001,32.349999999999994,34.36000000000001,10.3,16.909999999999997,41.74999999999997,76.2,61.709999999999994,31.40000000000001,61.62000000000002,58.25999999999999,24.899999999999988,19.15
2023-12-22,15.83,41.50000000000001,29.199999999999992,62.61,130.59,12.8,43.100000000000016,42.79000000000001,32.5,34.269999999999996,10.000000000000004,18.499999999999996,41.8,75.60000000000004,62.8,31.450000000000003,62.97,57.929999999999986,24.55,19.900000000000002
2023-12-23,15.83,41.45000000000001,29.399999999999995,63.279999999999994,132.37999999999997,12.55,42.650000000000006,42.5,32.2,34.140000000000015,10.000000000000004,17.599999999999998,41.2,75.80000000000001,62.99999999999998,31.350000000000016,62.97,57.52,24.450000000000006,18.55
2023-12-24,15.73,41.649999999999984,29.999999999999996,63.279999999999994,135.16000000000003,12.399999999999999,42.699999999999996,42.20000000000004,32.2,34.09000000000002,9.8,18.099999999999998,40.9,76.2,62.99999999999998,31.450000000000003,63.60000000000001,57.52,24.1,19.099999999999998
2023-12-25,15.396666666666665,41.46666666666666,29.266666666666655,63.11999999999999,133.8366666666667,12.466666666666669,41.716666666666676,41.67666666666668,32.01666666666665,33.83333333333333,9.7,18.69666666666667,40.849999999999994,75.3666666666667,62.50333333333334,30.833333333333332,62.34000000000002,57.41,24.133333333333322,18.683333333333334
2023-12-26,15.06333333333334,41.28333333333334,28.53333333333333,62.96,132.5133333333333,12.533333333333331,40.73333333333332,41.15333333333334,31.833333333333318,33.57666666666666,9.6,19.293333333333333,40.79999999999999,74.53333333333332,62.006666666666675,30.216666666666683,61.08000000000001,57.29999999999999,24.166666666666668,18.26666666666667
2023-12-27,14.730000000000004,41.1,27.8,62.79999999999999,131.19,12.6,39.750000000000014,40.63000000000001,31.64999999999999,33.32,9.499999999999998,19.889999999999997,40.75,73.69999999999999,61.50999999999999,29.60000000000002,59.81999999999999,57.19,24.2,17.850000000000005
2023-12-28,14.930000000000003,41.2,28.099999999999998,62.79999999999999,129.1,12.500000000000002,39.9,40.920000000000016,31.59999999999999,33.73000000000001,9.7,18.399999999999995,41.59999999999999,73.90000000000002,61.50999999999999,29.9,57.390000000000015,57.19,24.2,17.249999999999996
2023-12-29,14.930000000000003,41.2,28.199999999999996,62.52,130.89000000000001,12.700000000000001,39.65,40.920000000000016,31.299999999999986,33.640000000000015,9.7,18.399999999999995,41.59999999999999,74.00000000000004,62.10000000000001,29.750000000000014,58.379999999999995,56.99,23.999999999999996,17.850000000000005
2023-12-30,14.730000000000004,40.99999999999999,27.499999999999996,62.61,131.88,12.45,38.50000000000001,40.430000000000014,31.299999999999986,34.09000000000002,10.4,18.399999999999995,42.0,74.50000000000001,62.90000000000003,29.750000000000014,57.11999999999999,56.99,24.299999999999994,18.4
2023-12-31,14.730000000000004,41.2,27.199999999999996,62.79999999999999,129.6,12.1,38.550000000000004,39.839999999999996,30.999999999999986,33.55,10.4,18.399999999999995,41.4,74.70000000000002,62.40000000000001,28.800000000000015,54.960000000000015,56.99,23.699999999999996,17.4
2024-01-01,14.796666666666667,41.25,27.33333333333332,62.96,128.97000000000006,12.133333333333333,38.900000000000006,39.973333333333336,31.333333333333325,33.58,10.3,18.399999999999995,41.53333333333332,75.13333333333334,63.53333333333334,29.00000000000002,55.349999999999994,57.19,23.800000000000004,17.599999999999998
2024-01-02,14.863333333333335,41.29999999999999,27.466666666666672,63.11999999999999,128.34,12.166666666666666,39.250000000000014,40.10666666666668,31.66666666666666,33.61000000000001,10.2,18.399999999999995,41.66666666666665,75.56666666666666,64.66666666666669,29.200000000000014,55.74,57.38999999999999,23.9,17.8
2024-01-03,14.930000000000003,41.35000000000001,27.599999999999994,63.279999999999994,127.71,12.2,39.6,40.240000000000016,31.999999999999993,33.640000000000015,10.099999999999998,18.399999999999995,41.8,76.00000000000001,65.80000000000001,29.400000000000006,56.13000000000001,57.59000000000001,23.999999999999996,18.0
2024-01-04,15.130000000000003,41.599999999999994,28.300000000000004,63.48,127.11999999999999,12.299999999999997,40.15,41.509999999999984,32.3,34.46000000000001,10.099999999999998,18.399999999999995,43.150000000000006,76.29999999999998,66.00000000000001,29.750000000000014,56.940000000000026,59.0,24.499999999999996,17.850000000000005
2024-01-05,15.130000000000003,41.35000000000001,28.099999999999998,63.48,130.1,12.249999999999995,39.65,41.32000000000001,32.349999999999994,34.410000000000004,10.099999999999998,18.9,43.0,76.50000000000003,65.50000000000003,30.00000000000002,56.58,59.199999999999996,24.24999999999999,18.60000000000001
2024-01-06,15.230000000000002,41.4,28.7,63.67,134.86,12.349999999999998,39.550000000000004,41.710000000000015,32.3,34.50000000000002,10.000000000000004,18.199999999999996,43.0,76.80000000000001,65.10000000000002,29.9,58.02000000000002,58.86,24.1,18.350000000000005
2024-01-07,15.130000000000003,41.4,28.599999999999998,64.44,137.74,11.949999999999996,39.30000000000001,41.910000000000004,32.699999999999996,34.82,10.000000000000004,18.199999999999996,44.000000000000014,76.70000000000003,65.6,29.9,57.84000000000001,58.86,23.75,18.3
2024-01-08,15.196666666666665,41.066666666666656,29.333333333333332,64.56666666666666,138.03999999999996,11.9,39.45,42.006666666666675,32.666666666666664,34.486666666666665,9.96666666666667,18.499999999999996,44.03333333333333,76.53333333333333,66.06666666666669,30.03333333333333,57.72000000000001,58.68333333333333,23.516666666666666,18.4
2024-01-09,15.263333333333334,40.733333333333334,30.066666666666663,64.69333333333333,138.34,11.849999999999998,39.6,42.103333333333346,32.633333333333326,34.15333333333334,9.933333333333337,18.79999999999999,44.06666666666668,76.3666666666667,66.53333333333333,30.166666666666668,57.599999999999994,58.50666666666666,23.28333333333333,18.5
2024-01-10,15.330000000000007,40.39999999999999,30.800000000000004,64.82,138.64000000000004,11.799999999999999,39.750000000000014,42.20000000000004,32.599999999999994,33.82,9.900000000000002,19.099999999999998,44.1,76.2,67.00000000000001,30.30000000000001,57.48000000000001,58.33,23.049999999999997,18.60000000000001
2024-01-11,15.63,40.8,30.89999999999999,64.72,136.55,11.949999999999996,42.0,43.379999999999995,32.699999999999996,34.09000000000002,10.000000000000004,19.099999999999998,43.40000000000001,76.50000000000003,66.8,30.549999999999997,58.10999999999999,58.93,23.29999999999999,18.4
2024-01-12,15.330000000000007,40.6,31.599999999999998,64.04999999999998,133.07,11.999999999999996,41.400000000000006,42.59000000000003,32.39999999999999,34.46000000000001,10.000000000000004,19.099999999999998,42.95,76.80000000000001,65.20000000000002,30.049999999999997,59.64000000000003,59.25999999999999,23.1,17.8
2024-01-13,15.230000000000002,41.1,31.199999999999992,63.56999999999999,132.07999999999996,12.05,42.15000000000001,42.20000000000004,32.2,35.050000000000004,9.900000000000002,19.099999999999998,43.0,75.80000000000001,64.8,29.800000000000022,58.74,58.93,23.64999999999999,17.55
2024-01-14,15.030000000000008,41.74999999999999,30.6,63.56999999999999,132.87999999999997,12.2,41.70000000000001,41.910000000000004,31.999999999999993,34.55000000000002,9.900000000000002,17.599999999999998,43.0,74.80000000000004,64.8,29.850000000000012,57.48000000000001,58.599999999999994,23.349999999999994,17.55
2024-01-15,15.030000000000008,41.61666666666667,30.833333333333336,63.54,132.5133333333333,12.15,41.816666666666684,42.006666666666675,32.03333333333333,34.486666666666665,9.866666666666669,17.666666666666664,43.26666666666666,74.70000000000002,64.63333333333334,29.816666666666663,56.97,58.57666666666667,23.28333333333333,17.150000000000002
2024-01-16,15.030000000000008,41.48333333333331,31.066666666666663,63.51,132.14666666666668,12.1,41.93333333333333,42.103333333333346,32.06666666666667,34.423333333333346,9.833333333333336,17.73333333333333,43.53333333333333,74.60000000000001,64.46666666666668,29.783333333333335,56.46000000000002,58.553333333333335,23.21666666666667,16.749999999999996
2024-01-17,15.030000000000008,41.35000000000001,31.299999999999997,63.48,131.77999999999997,12.05,42.05,42.20000000000004,32.1,34.36000000000001,9.8,17.799999999999997,43.8,74.50000000000001,64.30000000000001,29.750000000000014,55.95000000000001,58.529999999999994,23.150000000000006,16.349999999999998
2024-01-18,15.030000000000008,41.04999999999998,30.89999999999999,63.379999999999995,133.07,12.05,42.099999999999994,42.20000000000004,32.5,34.36000000000001,9.7,17.799999999999997,44.000000000000014,74.00000000000004,64.10000000000002,29.700000000000006,54.050000000000004,58.79999999999999,22.4,16.500000000000004
2024-01-19,14.139999999999999,40.6,29.199999999999992,63.0,130.98999999999998,11.849999999999998,41.099999999999994,40.730000000000004,33.0,33.55,9.6,17.799999999999997,42.0,71.8,63.50000000000002,28.50000000000002,50.63000000000001,58.86,20.949999999999996,15.4
2024-01-20,14.43,40.54999999999999,29.7,63.19,127.02000000000001,12.349999999999998,41.300000000000004,41.61,33.45000000000001,33.46,9.6,17.599999999999998,42.3,71.2,65.00000000000003,28.75000000000003,51.53000000000002,58.86,21.099999999999998,15.35
2024-01-21,14.139999999999999,40.75000000000001,28.999999999999993,62.61,125.13,11.949999999999996,39.9,41.509999999999984,33.400000000000006,33.270000000000024,9.6,17.599999999999998,41.05000000000001,71.0,65.6,28.050000000000015,50.449999999999996,58.529999999999994,20.249999999999993,14.600000000000001
2024-01-22,14.006666666666668,40.75000000000001,28.866666666666664,62.64333333333333,124.49999999999999,11.949999999999996,38.983333333333334,41.08666666666667,33.483333333333334,33.120000000000005,9.6,17.833333333333336,41.03333333333334,71.40000000000002,65.50000000000003,27.80000000000002,49.879999999999995,58.57333333333332,20.200000000000003,14.383333333333333
2024-01-23,13.873333333333337,40.75000000000001,28.733333333333327,62.67666666666667,123.86999999999998,11.949999999999996,38.06666666666667,40.663333333333334,33.56666666666667,32.96999999999999,9.6,18.066666666666663,41.016666666666666,71.8,65.4,27.55,49.309999999999995,58.616666666666674,20.15,14.166666666666666
2024-01-24,13.740000000000006,40.75000000000001,28.599999999999998,62.71,123.23999999999995,11.949999999999996,37.15,40.240000000000016,33.65,32.819999999999986,9.6,18.299999999999997,41.0,72.20000000000002,65.3,27.3,48.73999999999998,58.65999999999998,20.099999999999994,13.950000000000001
2024-01-25,13.740000000000006,40.85000000000001,27.899999999999995,63.19,124.62999999999998,11.599999999999998,34.70000000000001,39.75000000000001,32.39999999999999,32.27,9.499999999999998,18.299999999999997,41.1,71.0,62.500000000000014,27.450000000000017,48.73999999999998,58.529999999999994,19.449999999999996,14.900000000000002
2024-01-26,13.740000000000006,40.900000000000006,28.39999999999999,62.89999999999999,125.13,11.849999999999998,35.4,40.240000000000016,32.2,32.73000000000001,9.499999999999998,18.999999999999996,42.0,71.5,61.39999999999999,27.6,49.10000000000001,58.529999999999994,20.200000000000003,14.600000000000001
2024-01-27,13.540000000000001,41.599999999999994,28.199999999999996,62.89999999999999,124.13999999999999,11.749999999999996,35.7,40.240000000000016,31.54999999999999,32.73000000000001,9.300000000000002,17.899999999999995,41.55,71.0,61.00000000000001,27.700000000000003,48.109999999999985,58.4,20.050000000000004,14.050000000000002
2024-01-28,13.740000000000006,41.599999999999994,28.899999999999988,63.09,127.11999999999999,12.05,35.14999999999999,41.02000000000002,32.05,32.73000000000001,9.200000000000001,17.899999999999995,41.74999999999997,74.00000000000004,61.00000000000001,27.95000000000001,50.9,58.4,19.85,13.950000000000001
2024-01-29,13.773333333333332,41.599999999999994,28.866666666666664,63.54,127.44999999999997,12.166666666666666,35.4,40.823333333333345,32.06666666666666,32.790000000000006,9.333333333333329,18.199999999999996,41.68333333333332,74.00000000000004,61.33333333333335,27.883333333333344,50.93,58.4,19.749999999999993,14.083333333333329
2024-01-30,13.806666666666674,41.599999999999994,28.833333333333325,63.99,127.77999999999999,12.283333333333328,35.64999999999999,40.62666666666667,32.083333333333336,32.85,9.466666666666663,18.499999999999996,41.616666666666674,74.00000000000004,61.66666666666666,27.816666666666666,50.959999999999994,58.4,19.65,14.21666666666667
2024-01-31,13.840000000000005,41.599999999999994,28.799999999999997,64.44,128.10999999999999,12.399999999999999,35.90000000000001,40.430000000000014,32.1,32.910000000000004,9.6,18.79999999999999,41.55,74.00000000000004,61.999999999999986,27.750000000000004,50.98999999999998,58.4,19.55,14.350000000000001
2024-02-01,13.640000000000006,42.199999999999996,28.599999999999998,64.92,127.11999999999999,12.15,35.20000000000002,39.94,31.999999999999993,32.73000000000001,9.399999999999997,18.599999999999994,41.8,74.60000000000001,62.99999999999998,27.399999999999988,49.91000000000001,58.529999999999994,18.999999999999996,14.000000000000002
2024-02-02,13.740000000000006,42.300000000000004,28.599999999999998,68.66,127.71,12.15,34.849999999999994,39.839999999999996,31.999999999999993,32.96000000000001,9.300000000000002,18.599999999999994,41.15000000000001,74.10000000000001,63.80000000000001,27.700000000000003,49.55,59.66999999999999,18.999999999999996,13.300000000000004
2024-02-03,13.840000000000005,42.10000000000001,27.999999999999996,67.41,123.93999999999997,11.799999999999999,32.45000000000001,39.26,31.449999999999985,31.64,9.1,17.699999999999996,39.30000000000001,71.8,62.10000000000001,27.850000000000023,46.12999999999999,60.67,17.699999999999996,13.300000000000004
2024-02-04,13.840000000000005,42.0,28.499999999999993,68.56000000000002,122.35,12.1,34.70000000000001,39.26,31.54999999999999,31.820000000000014,9.200000000000001,17.699999999999996,39.500000000000014,72.20000000000002,62.90000000000003,27.900000000000002,47.11999999999999,59.32999999999999,17.999999999999996,13.500000000000002
2024-02-05,13.439999999999996,41.766666666666666,27.633333333333336,67.88666666666667,120.82666666666665,11.933333333333334,34.666666666666664,38.54000000000001,31.083333333333318,31.666666666666664,9.066666666666666,17.83333333333333,38.93333333333333,71.63333333333334,62.46666666666666,27.250000000000025,46.02333333333334,58.93,17.666666666666664,13.200000000000003
2024-02-06,13.040000000000003,41.53333333333333,26.766666666666666,67.21333333333334,119.30333333333328,11.766666666666666,34.63333333333334,37.82000000000001,30.616666666666667,31.513333333333332,8.933333333333332,17.966666666666665,38.36666666666666,71.06666666666669,62.033333333333324,26.60000000000002,44.926666666666655,58.529999999999994,17.333333333333336,12.900000000000002
2024-02-07,12.639999999999999,41.29999999999999,25.89999999999999,66.54000000000002,117.77999999999999,11.599999999999998,34.6,37.1,30.149999999999988,31.36000000000001,8.800000000000004,18.099999999999998,37.80000000000001,70.5,61.6,25.95,43.83,58.13,16.999999999999993,12.600000000000007
2024-02-08,12.839999999999998,41.29999999999999,26.39999999999999,69.71,119.96999999999996,11.849999999999998,36.54999999999999,37.690000000000005,30.549999999999994,32.09000000000002,8.899999999999999,18.099999999999998,39.199999999999996,73.20000000000005,62.29999999999999,26.350000000000012,45.14000000000001,58.4,17.499999999999993,13.200000000000003
2024-02-09,12.939999999999998,42.349999999999994,26.699999999999992,70.76,121.16,11.55,36.0,37.690000000000005,30.199999999999985,32.459999999999994,8.899999999999999,18.099999999999998,39.150000000000006,73.00000000000001,62.29999999999999,26.54999999999999,45.949999999999996,58.65999999999998,17.800000000000004,13.000000000000004
2024-02-10,12.839999999999998,41.800000000000004,26.899999999999995,69.71,120.55999999999999,10.749999999999996,34.949999999999996,37.290000000000006,30.199999999999985,32.050000000000004,8.700000000000003,18.099999999999998,38.099999999999994,74.50000000000001,62.40000000000001,26.150000000000006,43.870000000000005,58.4,17.300000000000004,12.65
2024-02-11,12.939999999999998,41.2,27.400000000000002,70.28,126.02,10.449999999999996,36.099999999999994,37.88000000000001,31.499999999999986,32.41,8.700000000000003,18.399999999999995,38.99999999999999,75.2,65.6,26.60000000000002,45.77,58.65999999999998,17.699999999999996,12.75
2024-02-12,13.006666666666666,40.99999999999999,27.533333333333324,70.18666666666667,127.04666666666667,10.466666666666667,36.30000000000001,38.07666666666667,31.56666666666666,32.426666666666655,8.733333333333336,17.999999999999996,38.98333333333335,75.2,65.93333333333332,26.683333333333334,46.07,58.68333333333333,17.633333333333333,12.766666666666667
2024-02-13,13.073333333333334,40.8,27.666666666666668,70.09333333333333,128.0733333333333,10.483333333333334,36.5,38.27333333333333,31.633333333333326,32.443333333333335,8.766666666666671,17.599999999999998,38.966666666666676,75.2,66.26666666666667,26.766666666666676,46.370000000000005,58.706666666666656,17.56666666666667,12.783333333333331
2024-02-14,13.139999999999997,40.6,27.8,70.0,129.1,10.5,36.70000000000002,38.47000000000001,31.699999999999992,32.459999999999994,8.800000000000004,17.199999999999996,38.95000000000002,75.2,66.60000000000001,26.850000000000012,46.66999999999999,58.72999999999998,17.499999999999993,12.8
2024-02-15,13.239999999999997,40.69999999999999,27.3,70.76,128.79999999999998,10.449999999999996,36.35000000000001,38.570000000000014,31.849999999999998,32.54999999999999,8.700000000000003,17.199999999999996,38.35000000000001,74.80000000000004,66.70000000000002,26.750000000000004,46.4,59.86999999999998,18.14999999999998,12.700000000000005
2024-02-16,13.139999999999997,40.8,27.3,70.96,128.60999999999996,10.049999999999997,36.14999999999999,38.28,31.8,32.459999999999994,8.800000000000004,17.199999999999996,38.05,76.50000000000003,66.60000000000001,26.70000000000001,45.859999999999985,58.86,17.9,12.600000000000007
2024-02-17,12.839999999999998,40.8,27.1,70.76,127.80999999999997,10.049999999999997,35.499999999999986,37.980000000000004,31.849999999999998,32.27,8.700000000000003,17.899999999999995,37.25000000000001,75.00000000000001,65.90000000000002,26.4,44.82000000000001,58.599999999999994,17.6,12.100000000000003
2024-02-18,13.239999999999997,41.14999999999999,27.999999999999996,70.76,129.70000000000002,10.399999999999999,37.95000000000001,38.86000000000001,32.5,33.77000000000001,8.999999999999998,18.399999999999995,39.500000000000014,77.3,69.0,27.200000000000003,47.03,58.93,18.799999999999994,12.600000000000007
2024-02-19,13.306666666666665,41.14999999999999,28.199999999999996,71.46333333333334,129.66666666666663,10.433333333333334,38.033333333333346,39.09000000000001,32.54999999999998,33.75666666666667,8.999999999999998,18.13333333333333,39.56666666666667,77.46666666666665,69.0,27.266666666666676,47.269999999999996,59.086666666666666,18.91666666666665,12.600000000000007
2024-02-20,13.373333333333333,41.14999999999999,28.39999999999999,72.16666666666667,129.6333333333333,10.466666666666667,38.11666666666667,39.319999999999986,32.599999999999994,33.74333333333335,8.999999999999998,17.866666666666664,39.63333333333334,77.63333333333333,69.0,27.33333333333333,47.509999999999984,59.243333333333325,19.033333333333328,12.600000000000007
2024-02-21,13.439999999999996,41.14999999999999,28.599999999999998,72.87000000000002,129.6,10.5,38.2,39.550000000000004,32.64999999999999,33.73000000000001,8.999999999999998,17.599999999999998,39.70000000000001,77.8,69.0,27.399999999999988,47.75,59.39999999999999,19.149999999999995,12.600000000000007
2024-02-22,13.339999999999996,41.7,28.499999999999993,72.49000000000001,130.59,10.599999999999996,39.05,39.550000000000004,33.19999999999999,34.32,8.999999999999998,17.599999999999998,40.6,77.60000000000001,69.5,27.650000000000023,47.839999999999996,60.74,20.449999999999996,12.700000000000005
2024-02-23,13.640000000000006,41.84999999999998,29.399999999999995,72.19999999999999,132.58,10.699999999999998,39.100000000000016,39.94,34.20000000000001,34.269999999999996,9.1,17.599999999999998,40.7,77.5,69.80000000000003,28.000000000000007,47.38999999999999,62.07000000000001,21.0,12.75
2024-02-24,13.540000000000001,41.55,28.999999999999993,71.15,132.87999999999997,10.5,39.05,39.839999999999996,34.6,34.180000000000014,9.1,17.599999999999998,40.7,78.0,70.00000000000001,27.80000000000002,49.28000000000001,61.81,21.399999999999995,12.75
2024-02-25,13.439999999999996,41.55,28.999999999999993,71.82,132.17999999999998,10.399999999999999,39.550000000000004,39.65,34.95000000000002,34.000000000000014,9.6,18.9,40.7,77.9,70.00000000000001,27.900000000000002,48.46999999999999,61.81,21.599999999999998,12.700000000000005
2024-02-26,13.406666666666665,41.74999999999999,28.833333333333325,71.33999999999997,131.64999999999998,10.416666666666659,39.41666666666667,39.58333333333334,34.83333333333335,34.09000000000002,9.533333333333331,18.599999999999994,40.68333333333333,77.33333333333336,69.93333333333337,27.80000000000002,48.169999999999995,61.72000000000001,21.699999999999992,12.616666666666662
2024-02-27,13.373333333333333,41.95000000000001,28.666666666666654,70.86,131.12,10.433333333333334,39.283333333333346,39.51666666666669,34.716666666666676,34.180000000000014,9.466666666666663,18.299999999999997,40.66666666666665,76.76666666666671,69.86666666666669,27.700000000000003,47.87,61.62999999999999,21.8,12.533333333333335
2024-02-28,13.339999999999996,42.15,28.499999999999993,70.38,130.59,10.449999999999996,39.15000000000001,39.44999999999998,34.6,34.269999999999996,9.399999999999997,17.999999999999996,40.65,76.2,69.80000000000003,27.6,47.57,61.540000000000006,21.899999999999995,12.450000000000005
2024-02-29,13.439999999999996,45.100000000000016,28.7,70.48,131.59,10.5,39.20000000000001,39.44999999999998,34.85000000000001,34.09000000000002,9.499999999999998,17.999999999999996,40.7,76.80000000000001,69.80000000000003,27.399999999999988,47.3,61.2,21.749999999999996,12.100000000000003
2024-03-01,13.339999999999996,44.39999999999997,28.899999999999988,70.86,132.37999999999997,11.0,38.849999999999994,39.44999999999998,34.900000000000006,34.05000000000001,9.499999999999998,17.999999999999996,40.9,77.09999999999998,69.40000000000002,27.6,47.11999999999999,60.94,21.899999999999995,12.250000000000005
2024-03-02,13.239999999999997,44.199999999999996,29.199999999999992,70.48,132.78000000000003,10.849999999999996,38.75000000000001,39.44999999999998,35.0,34.269999999999996,9.6,17.999999999999996,40.9,76.90000000000003,69.1,27.3,48.20000000000001,61.2,21.45,12.150000000000004
2024-03-03,13.239999999999997,44.199999999999996,29.199999999999992,70.86,133.86999999999998,10.65,39.00000000000001,40.040000000000006,35.05,34.269999999999996,9.300000000000002,16.699999999999996,41.0,76.50000000000003,69.80000000000003,27.450000000000017,47.57,61.34000000000001,21.549999999999994,11.900000000000002
2024-03-04,13.159999999999998,44.15999999999999,29.060000000000002,70.93599999999999,133.51200000000003,10.569999999999997,39.040000000000006,39.96200000000001,35.1,34.326000000000015,9.26,16.88,41.2,76.26,69.66000000000001,27.3,47.60599999999998,61.245999999999995,21.71999999999999,11.83
2024-03-05,13.08,44.11999999999999,28.92000000000001,71.012,133.15399999999997,10.49,39.08,39.884000000000015,35.15,34.382,9.220000000000004,17.06,41.4,76.02,69.52000000000001,27.15000000000001,47.64199999999998,61.152,21.890000000000004,11.759999999999998
2024-03-06,13.0,44.079999999999984,28.779999999999994,71.088,132.79600000000002,10.409999999999998,39.12000000000001,39.806000000000004,35.2,34.43800000000001,9.18,17.240000000000002,41.59999999999999,75.78,69.38000000000002,27.00000000000001,47.678000000000004,61.057999999999986,22.060000000000002,11.690000000000001
2024-03-07,12.919999999999996,44.039999999999985,28.64,71.164,132.438,10.329999999999995,39.160000000000004,39.72800000000001,35.25,34.494000000000014,9.139999999999997,17.419999999999998,41.8,75.54,69.24000000000001,26.850000000000012,47.714000000000006,60.96399999999999,22.23,11.62
2024-03-08,12.839999999999998,43.99999999999998,28.499999999999993,71.24,132.07999999999996,10.25,39.20000000000001,39.65,35.30000000000001,34.55000000000002,9.1,17.599999999999998,42.0,75.29999999999998,69.1,26.70000000000001,47.75,60.87,22.4,11.55
2024-03-09,12.739999999999998,45.04999999999996,28.499999999999993,71.63,129.70000000000002,10.199999999999998,39.20000000000001,39.26,35.0,34.50000000000002,9.200000000000001,17.599999999999998,41.1,74.10000000000001,67.90000000000003,26.25000000000002,46.93999999999999,60.269999999999996,21.850000000000005,11.499999999999996
2024-03-10,12.839999999999998,44.64999999999998,28.7,72.3,131.19,10.25,39.30000000000001,39.75000000000001,35.50000000000001,34.36000000000001,8.999999999999998,18.9,41.1,76.00000000000001,68.0,26.60000000000002,46.66999999999999,60.339999999999996,21.599999999999998,11.200000000000001
2024-03-11,12.839999999999998,44.33333333333332,28.7,72.10666666666667,130.9233333333333,10.300000000000002,39.116666666666674,39.81333333333334,35.48333333333334,34.300000000000004,8.999999999999998,18.9,41.1,75.80000000000001,67.83333333333336,26.666666666666675,46.43,60.339999999999996,21.63333333333333,11.316666666666668
2024-03-12,12.839999999999998,44.01666666666665,28.7,71.91333333333333,130.65666666666664,10.349999999999996,38.93333333333334,39.87666666666667,35.466666666666676,34.24000000000001,8.999999999999998,18.9,41.1,75.60000000000004,67.66666666666669,26.73333333333334,46.19,60.339999999999996,21.66666666666666,11.433333333333334
2024-03-13,12.839999999999998,43.699999999999996,28.7,71.71999999999998,130.39,10.399999999999999,38.75000000000001,39.94,35.45,34.180000000000014,8.999999999999998,18.9,41.1,75.40000000000003,67.5,26.80000000000002,45.949999999999996,60.339999999999996,21.699999999999992,11.55
2024-03-14,12.739999999999998,43.00000000000001,28.499999999999993,71.82,129.1,10.65,37.89999999999999,39.94,34.95000000000002,33.91,8.899999999999999,18.9,40.9,75.2,67.80000000000001,26.650000000000002,44.60000000000001,59.53,20.899999999999995,11.45
2024-03-15,12.739999999999998,43.00000000000001,28.199999999999996,71.52999999999999,129.70000000000002,10.599999999999996,38.2,39.75000000000001,34.95000000000002,33.91,8.899999999999999,18.9,40.9,75.1,67.80000000000001,26.4,45.32,59.129999999999995,21.150000000000002,11.75
2024-03-16,12.839999999999998,42.900000000000006,28.099999999999998,71.63,131.39,10.449999999999996,38.050000000000004,39.94,35.0,33.77000000000001,8.999999999999998,18.9,40.9,75.1,67.5,26.4,45.77,59.86999999999998,21.150000000000002,11.600000000000001
2024-03-17,12.739999999999998,42.900000000000006,28.099999999999998,69.90000000000002,132.07999999999996,10.449999999999996,38.400000000000006,39.65,34.900000000000006,33.86,9.1,18.9,41.74999999999997,74.20000000000003,67.20000000000002,26.000000000000007,46.03999999999999,60.12999999999999,21.500000000000004,11.7
2024-03-18,12.706666666666667,42.616666666666674,27.899999999999995,69.58000000000001,131.45333333333335,10.416666666666659,38.28333333333335,39.52000000000001,34.81666666666666,33.98333333333335,9.033333333333333,18.9,41.5,73.76666666666667,66.83333333333333,25.800000000000022,45.82666666666667,59.906666666666666,21.233333333333324,11.666666666666666
2024-03-19,12.67333333333333,42.33333333333332,27.700000000000003,69.26,130.82666666666665,10.38333333333333,38.16666666666667,39.38999999999999,34.73333333333334,34.10666666666667,8.966666666666665,18.9,41.25,73.33333333333337,66.46666666666667,25.600000000000012,45.61333333333332,59.68333333333332,20.96666666666667,11.633333333333335
2024-03-20,12.639999999999999,42.05,27.499999999999996,68.94000000000001,130.2,10.349999999999996,38.050000000000004,39.26,34.65,34.23000000000002,8.899999999999999,18.9,41.0,72.90000000000002,66.10000000000001,25.400000000000006,45.4,59.46,20.700000000000003,11.600000000000001
2024-03-21,12.739999999999998,42.900000000000006,27.999999999999996,70.38,131.98,10.449999999999996,39.45,39.26,34.95000000000002,34.82,9.1,17.899999999999995,41.84999999999999,74.50000000000001,66.8,25.400000000000006,45.859999999999985,60.53999999999999,21.749999999999996,11.600000000000001
2024-03-22,12.639999999999999,42.65,28.199999999999996,70.28,133.67,10.550000000000002,39.80000000000001,39.44999999999998,35.70000000000002,34.55000000000002,8.999999999999998,17.899999999999995,41.949999999999996,74.4,68.20000000000003,25.600000000000012,47.3,60.87,21.749999999999996,12.000000000000005
2024-03-23,12.639999999999999,42.900000000000006,28.300000000000004,70.28,134.27,10.550000000000002,39.70000000000002,39.65,36.0,34.55000000000002,9.1,17.299999999999997,42.15000000000001,74.4,68.20000000000003,25.75000000000002,47.03,61.2,22.4,12.000000000000005
2024-03-24,13.040000000000003,42.300000000000004,29.899999999999995,69.71,134.36999999999998,10.699999999999998,39.5,40.83000000000002,36.0,34.410000000000004,9.200000000000001,17.299999999999997,41.59999999999999,74.70000000000002,68.0,27.05000000000001,46.93999999999999,60.6,22.199999999999992,12.050000000000006
2024-03-25,13.006666666666666,42.31666666666667,29.83333333333333,69.77333333333333,133.9366666666667,10.599999999999996,39.58333333333334,40.730000000000004,35.966666666666676,34.42666666666668,9.166666666666668,17.299999999999997,41.66666666666665,74.60000000000004,67.76666666666668,26.98333333333333,46.64,60.66666666666666,22.199999999999992,12.06666666666667
2024-03-26,12.97333333333333,42.33333333333332,29.766666666666673,69.83666666666667,133.5033333333333,10.5,39.666666666666664,40.63000000000001,35.93333333333334,34.44333333333334,9.133333333333335,17.299999999999997,41.733333333333334,74.50000000000001,67.53333333333336,26.91666666666669,46.34,60.73333333333332,22.199999999999992,12.083333333333337
2024-03-27,12.939999999999998,42.349999999999994,29.7,69.90000000000002,133.07,10.399999999999999,39.750000000000014,40.53,35.9,34.46000000000001,9.1,17.299999999999997,41.8,74.4,67.30000000000003,26.850000000000012,46.03999999999999,60.8,22.199999999999992,12.100000000000003
2024-03-28,13.139999999999997,42.54999999999999,29.999999999999996,69.75,133.57000000000005,10.5,40.35,40.83000000000002,36.05,35.000000000000014,9.1,18.699999999999996,41.9,74.80000000000004,68.10000000000001,27.55,46.66999999999999,60.99999999999999,22.549999999999997,12.100000000000003
2024-03-29,13.139999999999997,42.59999999999998,29.899999999999995,69.06000000000002,133.86999999999998,10.65,40.550000000000004,40.83000000000002,36.0,35.64000000000002,9.300000000000002,18.699999999999996,42.399999999999984,75.49999999999999,68.70000000000002,27.6,46.4,62.07000000000001,23.150000000000006,12.000000000000005
2024-03-30,13.040000000000003,42.59999999999998,29.8,70.15,133.36999999999998,10.65,40.10000000000001,40.430000000000014,36.4,35.77000000000002,9.399999999999997,18.699999999999996,42.05,76.09999999999998,68.30000000000001,27.700000000000003,46.4,61.86999999999999,22.800000000000004,11.900000000000002
2024-03-31,12.939999999999998,42.49999999999999,29.499999999999993,70.45000000000002,133.26999999999995,10.65,40.30000000000001,39.94,37.000000000000014,35.41000000000002,9.300000000000002,18.699999999999996,41.74999999999997,75.9,67.5,27.250000000000025,45.949999999999996,61.86999999999999,22.800000000000004,12.000000000000005
2024-04-01,12.939999999999998,42.33333333333332,29.499999999999993,70.15,133.36999999999998,10.716666666666663,40.43333333333333,39.90666666666667,36.98333333333333,35.39333333333333,9.26666666666667,18.33333333333333,41.68333333333332,75.83333333333336,67.70000000000003,27.399999999999988,45.889999999999986,61.76,22.699999999999996,12.000000000000005
2024-04-02,12.939999999999998,42.16666666666665,29.499999999999993,69.85,133.47,10.78333333333333,40.56666666666669,39.873333333333356,36.966666666666676,35.37666666666667,9.233333333333336,17.966666666666665,41.616666666666674,75.76666666666671,67.89999999999999,27.55,45.830000000000005,61.65000000000001,22.599999999999987,12.000000000000005
2024-04-03,12.939999999999998,42.0,29.499999999999993,69.55000000000001,133.57000000000005,10.849999999999996,40.700000000000024,39.839999999999996,36.95000000000002,35.36,9.200000000000001,17.599999999999998,41.55,75.7,68.10000000000001,27.700000000000003,45.77,61.540000000000006,22.500000000000004,12.000000000000005
2024-04-04,13.0,42.300000000000004,29.8,69.55000000000001,134.96000000000004,11.149999999999999,40.800000000000004,39.65,36.5,35.73000000000002,9.300000000000002,17.599999999999998,41.59999999999999,76.60000000000001,67.80000000000001,27.399999999999988,46.76,61.540000000000006,22.45,12.000000000000005
2024-04-05,13.299999999999999,42.05,29.899999999999995,69.55000000000001,134.46999999999997,10.9,40.700000000000024,40.040000000000006,36.0,35.09000000000001,9.1,17.999999999999996,41.0,76.00000000000001,67.40000000000002,27.55,46.03999999999999,62.01,21.199999999999992,12.000000000000005
2024-04-06,13.2,41.35000000000001,29.599999999999994,69.75,133.07,10.550000000000002,40.050000000000004,40.040000000000006,36.2,34.000000000000014,9.300000000000002,17.999999999999996,40.2,76.00000000000001,66.3,27.250000000000025,45.4,61.93999999999999,20.599999999999994,12.000000000000005
2024-04-07,13.2,40.99999999999999,30.399999999999984,67.97,133.18,11.199999999999998,39.9,40.730000000000004,35.6,34.05000000000001,9.1,16.799999999999997,39.89999999999999,75.60000000000004,66.40000000000002,27.700000000000003,45.22,61.739999999999995,20.799999999999997,12.050000000000006
2024-04-08,13.266666666666664,40.949999999999996,30.633333333333326,67.50666666666667,133.18,11.099999999999998,40.13333333333334,40.89333333333335,35.66666666666668,34.140000000000015,9.133333333333335,16.83333333333333,40.03333333333334,75.33333333333331,66.3666666666667,27.78333333333334,45.22,61.67333333333334,20.883333333333333,12.083333333333337
2024-04-09,13.33333333333333,40.900000000000006,30.86666666666667,67.04333333333334,133.18,11.0,40.36666666666667,41.05666666666667,35.733333333333334,34.23000000000002,9.166666666666668,16.866666666666664,40.16666666666667,75.06666666666669,66.33333333333336,27.866666666666674,45.22,61.60666666666666,20.96666666666667,12.116666666666667
2024-04-10,13.399999999999999,40.85000000000001,31.099999999999998,66.58,133.18,10.9,40.6,41.22000000000001,35.8,34.32,9.200000000000001,16.899999999999995,40.300000000000004,74.80000000000004,66.3,27.95000000000001,45.22,61.540000000000006,21.050000000000004,12.150000000000004
2024-04-11,13.299999999999999,40.900000000000006,30.699999999999985,67.67,132.87999999999997,10.9,39.85000000000001,41.02000000000002,35.75000000000001,34.09000000000002,9.1,17.799999999999997,40.10000000000001,75.2,65.20000000000002,28.050000000000015,44.78,61.2,21.050000000000004,12.200000000000001
2024-04-12,13.1,41.599999999999994,30.399999999999984,67.27,134.46999999999997,11.050000000000002,40.20000000000002,40.53,36.10000000000001,34.269999999999996,9.1,17.799999999999997,40.50000000000001,77.0,64.2,27.700000000000003,45.949999999999996,60.87,21.150000000000002,12.550000000000002
2024-04-13,13.0,41.4,30.6,67.17,140.72,11.0,40.00000000000001,40.340000000000025,36.15,34.09000000000002,8.999999999999998,17.799999999999997,40.15000000000001,80.0,65.00000000000003,27.350000000000012,48.20000000000001,61.47,20.799999999999997,12.600000000000007
2024-04-14,13.0,41.800000000000004,30.699999999999985,67.17,138.64000000000004,11.0,40.30000000000001,40.14000000000001,36.25,34.09000000000002,9.1,17.599999999999998,40.250000000000014,81.1,64.50000000000001,27.55,47.75,61.2,21.249999999999996,13.350000000000005
2024-04-15,13.0,41.91666666666664,30.666666666666664,67.00666666666667,137.97666666666666,11.0,40.4,39.97666666666668,36.18333333333333,34.046666666666674,9.066666666666666,17.599999999999998,40.06666666666668,80.83333333333331,64.2,27.399999999999988,47.78,61.18,21.13333333333333,13.400000000000002
2024-04-16,13.0,42.033333333333324,30.633333333333326,66.84333333333333,137.3133333333333,11.0,40.5,39.81333333333334,36.11666666666667,34.003333333333345,9.033333333333333,17.599999999999998,39.88333333333333,80.56666666666665,63.900000000000006,27.250000000000025,47.81,61.16,21.016666666666662,13.450000000000005
2024-04-17,13.0,42.15,30.6,66.68,136.65000000000006,11.0,40.6,39.65,36.05,33.96000000000001,8.999999999999998,17.599999999999998,39.70000000000001,80.29999999999997,63.600000000000016,27.100000000000012,47.839999999999996,61.13999999999999,20.899999999999995,13.500000000000002
2024-04-18,12.699999999999998,41.649999999999984,29.399999999999995,66.28,136.06,11.0,40.15,38.67,36.15,33.5,8.999999999999998,17.899999999999995,38.99999999999999,80.8,64.40000000000003,26.60000000000002,46.85000000000001,61.13999999999999,20.099999999999994,13.200000000000003
2024-04-19,12.699999999999998,41.50000000000001,28.7,66.97,135.36,10.800000000000004,39.80000000000001,38.37000000000001,36.300000000000004,33.09000000000002,8.999999999999998,17.899999999999995,38.20000000000001,80.39999999999999,65.50000000000003,26.30000000000002,46.85000000000001,61.2,19.700000000000003,13.150000000000002
2024-04-20,12.8,41.55,28.899999999999988,67.07,136.06,10.800000000000004,40.00000000000001,38.760000000000005,36.55,33.349999999999994,9.1,17.899999999999995,38.89999999999999,80.99999999999997,65.80000000000001,26.54999999999999,47.480000000000004,61.669999999999995,21.050000000000004,13.150000000000002
2024-04-21,12.699999999999998,41.800000000000004,28.599999999999998,66.87,136.06,10.599999999999996,39.80000000000001,38.28,36.25,32.8,9.1,16.999999999999996,38.89999999999999,80.39999999999999,65.70000000000002,26.25000000000002,46.93999999999999,61.81,20.899999999999995,13.150000000000002
2024-04-22,12.633333333333338,41.95000000000001,28.36666666666667,66.84,135.56,10.599999999999996,39.333333333333336,38.146666666666675,36.0,32.70000000000002,9.066666666666666,17.266666666666662,38.66666666666666,80.33333333333331,65.73333333333333,26.100000000000005,47.329999999999984,61.72000000000001,20.799999999999997,13.200000000000003
2024-04-23,12.566666666666666,42.10000000000001,28.133333333333326,66.81000000000002,135.06,10.599999999999996,38.866666666666674,38.01333333333336,35.75000000000001,32.60000000000001,9.033333333333333,17.53333333333333,38.433333333333344,80.26666666666665,65.76666666666667,25.95,47.71999999999999,61.62999999999999,20.700000000000003,13.25
2024-04-24,12.499999999999998,42.249999999999986,27.899999999999995,66.78,134.56,10.599999999999996,38.400000000000006,37.88000000000001,35.50000000000001,32.500000000000014,8.999999999999998,17.799999999999997,38.20000000000001,80.19999999999999,65.80000000000001,25.800000000000022,48.109999999999985,61.540000000000006,20.599999999999994,13.300000000000004
2024-04-25,12.499999999999998,42.199999999999996,27.499999999999996,66.78,132.17999999999998,10.5,37.45000000000002,37.290000000000006,35.0,32.70000000000002,8.999999999999998,16.299999999999997,38.15,78.90000000000002,66.3,25.600000000000012,46.57999999999999,61.13999999999999,20.899999999999995,13.600000000000003
2024-04-26,12.599999999999998,43.2,27.700000000000003,66.78,133.26999999999995,10.699999999999998,37.95000000000001,37.59,35.05,33.29999999999999,8.899999999999999,17.399999999999995,39.30000000000001,79.39999999999999,65.70000000000002,25.850000000000005,46.309999999999995,61.2,21.599999999999998,13.650000000000004
2024-04-27,12.499999999999998,42.05,27.3,67.87,133.36999999999998,10.550000000000002,36.85,37.49000000000001,34.85000000000001,33.64999999999999,8.800000000000004,16.499999999999996,38.89999999999999,78.5,65.4,25.9,45.59,61.34000000000001,21.350000000000005,13.750000000000005
2024-04-28,12.399999999999999,41.55,27.3,67.47,133.07,10.150000000000002,36.85,37.1,34.6,33.150000000000006,8.899999999999999,16.199999999999996,38.75000000000001,77.20000000000003,65.50000000000003,25.65,45.68000000000001,61.4,21.650000000000002,13.900000000000004
2024-04-29,12.399999999999999,41.51666666666666,27.433333333333334,67.20666666666666,133.36999999999998,10.150000000000002,37.033333333333346,37.13333333333334,34.63333333333334,33.26666666666666,8.899999999999999,16.599999999999998,38.866666666666674,77.43333333333332,65.50000000000003,25.700000000000014,45.859999999999985,61.44666666666665,21.63333333333333,13.85
2024-04-30,12.399999999999999,41.48333333333331,27.566666666666663,66.94333333333334,133.67,10.150000000000002,37.216666666666676,37.16666666666668,34.66666666666667,33.38333333333334,8.899999999999999,16.999999999999996,38.98333333333335,77.6666666666667,65.50000000000003,25.75000000000002,46.03999999999999,61.49333333333335,21.616666666666656,13.800000000000006
2024-05-01,12.399999999999999,41.45000000000001,27.700000000000003,66.68,133.97000000000003,10.150000000000002,37.40000000000002,37.199999999999996,34.70000000000001,33.5,8.899999999999999,17.399999999999995,39.099999999999994,77.9,65.50000000000003,25.800000000000022,46.22,61.540000000000006,21.599999999999998,13.750000000000005
2024-05-02,12.399999999999999,41.35000000000001,28.300000000000004,66.48,134.46999999999997,10.199999999999998,37.45000000000002,37.199999999999996,34.95000000000002,33.5,8.800000000000004,17.399999999999995,39.099999999999994,78.0,66.50000000000001,25.75000000000002,47.57,61.540000000000006,21.150000000000002,13.900000000000004
2024-05-03,12.2,40.99999999999999,28.099999999999998,65.78,134.96000000000004,10.349999999999996,37.199999999999996,37.1,34.75,33.5,8.899999999999999,15.999999999999996,39.400000000000006,78.09999999999998,66.00000000000001,25.600000000000012,47.480000000000004,61.34000000000001,21.249999999999996,13.750000000000005
2024-05-04,12.2,41.55,27.899999999999995,65.58000000000001,134.96000000000004,10.349999999999996,37.60000000000001,37.1,35.70000000000002,33.5,8.899999999999999,16.799999999999997,39.85,76.60000000000001,66.50000000000001,25.65,46.76,62.61,21.050000000000004,13.750000000000005
2024-05-05,11.999999999999995,41.2,27.599999999999994,65.29,133.67,10.25,37.199999999999996,37.390000000000015,35.6,33.150000000000006,8.800000000000004,17.899999999999995,40.7,74.50000000000001,66.00000000000001,25.75000000000002,45.59,62.54,20.899999999999995,13.900000000000004
2024-05-06,11.933333333333326,41.2,27.599999999999994,65.22333333333334,133.07333333333332,10.266666666666667,37.33333333333334,37.326666666666675,35.63333333333334,33.10000000000001,8.766666666666671,17.899999999999995,40.300000000000004,74.06666666666666,65.70000000000002,25.566666666666677,45.79999999999999,62.316666666666656,20.916666666666664,13.700000000000001
2024-05-07,11.866666666666664,41.2,27.599999999999994,65.15666666666667,132.4766666666666,10.283333333333333,37.46666666666668,37.263333333333335,35.66666666666668,33.05,8.733333333333336,17.899999999999995,39.89999999999999,73.63333333333334,65.4,25.383333333333344,46.00999999999998,62.09333333333331,20.933333333333337,13.500000000000002
2024-05-08,11.8,41.2,27.599999999999994,65.09,131.88,10.300000000000002,37.60000000000001,37.199999999999996,35.70000000000002,33.0,8.700000000000003,17.899999999999995,39.500000000000014,73.20000000000005,65.10000000000002,25.2,46.22,61.86999999999999,20.949999999999996,13.300000000000004
2024-05-09,11.700000000000001,41.29999999999999,27.899999999999995,64.99000000000001,131.68000000000004,10.349999999999996,37.35000000000001,37.0,35.05,32.949999999999996,8.700000000000003,17.899999999999995,39.45,73.1,65.6,25.150000000000006,45.50000000000001,61.93999999999999,21.150000000000002,13.549999999999999
2024-05-10,11.8,41.800000000000004,28.099999999999998,65.29,133.67,10.449999999999996,38.15,37.390000000000015,35.9,33.39999999999999,8.800000000000004,17.899999999999995,39.89999999999999,74.20000000000003,65.6,25.350000000000016,46.12999999999999,62.139999999999986,21.3,13.450000000000005
2024-05-11,11.8,41.7,28.39999999999999,65.39,134.17000000000002,10.399999999999999,37.85000000000001,37.390000000000015,35.6,33.599999999999994,8.800000000000004,17.899999999999995,39.949999999999996,73.3,65.4,25.500000000000014,47.75,62.34,21.699999999999992,13.800000000000006
2024-05-12,11.9,41.04999999999998,27.999999999999996,65.19,134.86,10.349999999999996,37.75000000000001,37.59,35.0,33.55,8.800000000000004,17.699999999999996,39.60000000000001,72.30000000000003,65.00000000000003,25.500000000000014,48.379999999999995,61.669999999999995,21.350000000000005,14.1
2024-05-13,11.833333333333332,40.96666666666665,27.93333333333333,65.02333333333331,135.69,10.399999999999999,37.56666666666667,37.49000000000001,34.98333333333334,33.53333333333334,8.733333333333336,17.699999999999996,39.583333333333336,72.69999999999999,64.33333333333334,25.45,49.490000000000016,61.626666666666665,21.183333333333334,14.233333333333334
2024-05-14,11.766666666666659,40.88333333333333,27.866666666666664,64.85666666666667,136.51999999999998,10.449999999999996,37.38333333333333,37.390000000000015,34.966666666666676,33.51666666666667,8.66666666666667,17.699999999999996,39.56666666666667,73.1,63.66666666666667,25.400000000000006,50.6,61.583333333333336,21.016666666666673,14.366666666666669
2024-05-15,11.700000000000001,40.8,27.8,64.69,137.35,10.5,37.199999999999996,37.290000000000006,34.95000000000002,33.5,8.600000000000001,17.699999999999996,39.550000000000004,73.49999999999999,62.99999999999998,25.350000000000016,51.710000000000015,61.540000000000006,20.85,14.499999999999996
2024-05-16,11.500000000000002,40.54999999999999,27.599999999999994,64.39,135.85999999999999,11.199999999999998,37.199999999999996,37.0,34.50000000000001,33.45,8.600000000000001,17.699999999999996,39.45,72.50000000000001,60.80000000000001,24.200000000000003,52.61,61.47,20.700000000000003,14.3
2024-05-17,11.2,40.6,27.3,64.49,136.84999999999997,11.299999999999999,36.79999999999999,36.500000000000014,34.35000000000001,33.5,8.700000000000003,17.699999999999996,39.400000000000006,73.00000000000001,61.900000000000006,23.799999999999994,52.96999999999999,61.86999999999999,21.099999999999998,13.700000000000001
2024-05-18,10.799999999999995,40.69999999999999,27.1,64.49,135.06,11.749999999999996,35.7,34.99999999999998,33.60000000000001,33.349999999999994,8.5,17.399999999999995,38.600000000000016,71.40000000000002,61.30000000000001,23.200000000000003,51.35,61.540000000000006,20.5,13.800000000000006
2024-05-19,10.300000000000006,40.54999999999999,26.39999999999999,63.2,132.98000000000002,11.799999999999999,34.04999999999998,33.999999999999986,33.099999999999994,32.65000000000001,8.399999999999999,15.799999999999999,37.75000000000001,70.59999999999998,59.9,23.200000000000003,52.15999999999999,61.34000000000001,19.949999999999996,12.950000000000003
2024-05-20,10.266666666666666,40.5,26.43333333333333,63.03666666666667,133.00999999999996,11.66666666666667,34.49999999999999,33.966666666666654,33.16666666666666,32.63333333333335,8.433333333333334,16.033333333333328,37.500000000000014,70.5,59.56666666666666,23.26666666666666,52.099999999999994,61.18333333333332,20.050000000000004,12.900000000000002
2024-05-21,10.233333333333334,40.45,26.466666666666665,62.873333333333335,133.04,11.53333333333333,34.949999999999996,33.93333333333333,33.23333333333334,32.61666666666666,8.466666666666667,16.266666666666662,37.25000000000001,70.39999999999998,59.23333333333335,23.333333333333346,52.04,61.026666666666664,20.15,12.850000000000001
2024-05-22,10.200000000000003,40.39999999999999,26.499999999999986,62.71,133.07,11.399999999999997,35.4,33.89999999999998,33.3,32.60000000000001,8.5,16.499999999999996,37.000000000000014,70.3,58.900000000000006,23.400000000000002,51.98,60.87,20.249999999999993,12.8
2024-05-23,10.200000000000003,40.349999999999994,26.39999999999999,62.51,129.1,11.399999999999997,34.44999999999999,33.399999999999984,33.35,32.0,8.5,15.699999999999996,37.000000000000014,70.0,57.499999999999986,23.100000000000012,48.379999999999995,60.19999999999999,20.099999999999994,12.8
2024-05-24,10.300000000000006,40.349999999999994,26.699999999999992,63.1,131.49,11.649999999999997,34.949999999999996,33.09999999999999,34.00000000000001,32.54999999999999,8.600000000000001,15.799999999999999,37.80000000000001,70.3,56.8,23.200000000000003,48.46999999999999,60.399999999999984,20.899999999999995,12.8
2024-05-25,10.500000000000002,40.349999999999994,26.899999999999995,63.4,132.07999999999996,11.649999999999997,35.14999999999999,33.59999999999998,35.0,32.8,8.5,16.999999999999996,37.89999999999999,71.3,58.69999999999999,23.60000000000001,48.649999999999984,60.53999999999999,21.050000000000004,12.8
2024-05-26,10.400000000000002,40.45,26.8,63.800000000000004,132.98000000000002,11.7,34.800000000000004,33.29999999999999,35.0,32.60000000000001,8.600000000000001,16.999999999999996,37.55000000000002,71.0,59.00000000000001,23.550000000000004,48.01999999999999,60.6,20.749999999999993,12.8
2024-05-27,10.400000000000002,40.633333333333326,26.899999999999995,63.800000000000004,132.98000000000002,11.83333333333333,34.81666666666666,33.59999999999998,35.03333333333334,32.66666666666667,8.66666666666667,17.166666666666664,37.666666666666664,71.40000000000002,59.00000000000001,23.666666666666682,47.87,60.75666666666666,20.81666666666666,12.75
2024-05-28,10.400000000000002,40.81666666666667,27.0,63.800000000000004,132.98000000000002,11.966666666666665,34.83333333333334,33.89999999999998,35.066666666666684,32.73333333333333,8.733333333333336,17.33333333333333,37.78333333333334,71.8,59.00000000000001,23.783333333333324,47.71999999999999,60.91333333333333,20.883333333333333,12.700000000000005
2024-05-29,10.400000000000002,40.99999999999999,27.1,63.800000000000004,132.98000000000002,12.1,34.849999999999994,34.199999999999996,35.1,32.8,8.800000000000004,17.499999999999996,37.89999999999999,72.20000000000002,59.00000000000001,23.90000000000001,47.57,61.06999999999999,20.949999999999996,12.65
2024-05-30,10.500000000000002,41.04999999999998,27.1,64.3,134.27,12.15,35.3,33.89999999999998,35.30000000000001,33.20000000000001,8.999999999999998,17.499999999999996,38.50000000000001,72.69999999999999,60.0,23.85000000000001,48.01999999999999,61.81,21.3,12.8
2024-05-31,10.300000000000006,40.75000000000001,26.899999999999995,64.1,137.94000000000003,11.749999999999996,35.20000000000002,33.999999999999986,35.15,33.150000000000006,8.999999999999998,17.499999999999996,37.89999999999999,72.69999999999999,60.19999999999999,23.500000000000004,48.649999999999984,62.01,21.3,13.000000000000004
2024-06-01,10.400000000000002,40.69999999999999,27.0,64.0,138.44000000000005,11.949999999999996,35.25,33.89999999999998,35.400000000000006,33.05,8.999999999999998,17.499999999999996,38.30000000000001,72.40000000000002,60.0,23.60000000000001,49.00999999999999,61.93999999999999,21.150000000000002,13.000000000000004
2024-06-02,10.400000000000002,40.5,27.199999999999996,64.1,143.3,11.949999999999996,35.1,34.399999999999984,35.75000000000001,33.150000000000006,8.999999999999998,17.499999999999996,38.45,73.20000000000005,60.49999999999999,23.70000000000001,51.169999999999995,62.40999999999998,21.199999999999992,13.200000000000003
2024-06-03,10.400000000000002,40.45,27.166666666666668,64.06666666666666,142.93333333333334,11.849999999999998,35.11666666666667,34.36666666666665,35.78333333333333,33.05,8.933333333333332,17.266666666666662,38.28333333333335,73.00000000000001,60.46666666666667,23.649999999999995,51.02,62.61,21.083333333333325,13.150000000000002
2024-06-04,10.400000000000002,40.39999999999999,27.133333333333333,64.03333333333332,142.56666666666666,11.749999999999996,35.133333333333326,34.33333333333332,35.81666666666667,32.949999999999996,8.866666666666672,17.03333333333333,38.116666666666674,72.8,60.43333333333332,23.60000000000001,50.87000000000001,62.809999999999995,20.96666666666667,13.099999999999998
2024-06-05,10.400000000000002,40.349999999999994,27.1,64.0,142.2,11.649999999999997,35.14999999999999,34.29999999999999,35.85,32.85,8.800000000000004,16.799999999999997,37.95,72.60000000000002,60.399999999999984,23.550000000000004,50.71999999999999,63.00999999999999,20.85,13.05
2024-06-06,10.300000000000006,40.39999999999999,27.199999999999996,63.4,145.00000000000003,11.799999999999999,34.800000000000004,33.79999999999999,35.9,32.900000000000006,8.800000000000004,16.799999999999997,37.65000000000002,72.69999999999999,59.800000000000004,23.24999999999999,52.52000000000002,62.20999999999999,20.700000000000003,13.05
2024-06-07,10.100000000000003,40.0,27.0,62.81,143.49999999999997,11.399999999999997,33.99999999999999,33.59999999999998,35.30000000000001,32.85,8.700000000000003,16.699999999999996,36.90000000000001,72.1,58.099999999999994,23.149999999999988,50.9,62.54,20.39999999999999,12.850000000000001
2024-06-08,10.500000000000002,40.85000000000001,27.400000000000002,63.800000000000004,148.5,11.7,36.35000000000001,34.099999999999994,36.4,33.29999999999999,8.899999999999999,16.899999999999995,38.30000000000001,73.69999999999999,61.00000000000001,23.799999999999994,51.35,62.879999999999995,21.8,13.099999999999998
2024-06-09,10.400000000000002,41.84999999999998,27.400000000000002,63.6,149.5,11.9,36.20000000000001,33.89999999999998,36.25,33.800000000000004,8.899999999999999,16.799999999999997,38.30000000000001,73.40000000000003,61.1,24.0,52.15999999999999,63.00999999999999,22.000000000000004,13.300000000000004
2024-06-10,10.433333333333334,41.84999999999998,27.566666666666663,63.6,148.66666666666666,12.133333333333333,36.23333333333333,34.033333333333324,36.31666666666668,34.000000000000014,8.899999999999999,17.03333333333333,38.35000000000001,73.33333333333337,61.1,24.03333333333334,51.8,63.25666666666666,22.066666666666666,13.266666666666673
2024-06-11,10.46666666666667,41.84999999999998,27.73333333333333,63.6,147.83333333333337,12.366666666666667,36.26666666666667,34.16666666666665,36.38333333333333,34.20000000000001,8.899999999999999,17.266666666666662,38.40000000000001,73.2666666666667,61.1,24.066666666666666,51.44,63.50333333333333,22.13333333333333,13.233333333333333
2024-06-12,10.500000000000002,41.84999999999998,27.899999999999995,63.6,147.00000000000006,12.6,36.30000000000001,34.29999999999999,36.45000000000001,34.400000000000006,8.899999999999999,17.499999999999996,38.45,73.20000000000005,61.1,24.1,51.080000000000005,63.75,22.199999999999992,13.200000000000003
2024-06-13,10.500000000000002,41.2,27.899999999999995,63.4,149.5,12.45,36.05,34.29999999999999,36.350000000000016,34.50000000000002,8.899999999999999,15.899999999999995,38.20000000000001,72.69999999999999,60.80000000000001,23.90000000000001,50.98999999999998,63.21,22.000000000000004,13.05
2024-06-14,10.500000000000002,41.29999999999999,27.8,63.7,150.50000000000009,12.500000000000002,36.35000000000001,34.199999999999996,36.350000000000016,34.50000000000002,8.700000000000003,15.899999999999995,38.099999999999994,72.69999999999999,60.0,23.749999999999993,51.35,62.40999999999998,21.850000000000005,13.25
2024-06-15,10.500000000000002,40.900000000000006,27.8,64.1,150.2,12.399999999999999,36.099999999999994,33.999999999999986,36.300000000000004,34.55000000000002,8.800000000000004,14.799999999999999,37.85000000000001,72.1,60.0,23.950000000000003,50.18000000000002,62.54,21.650000000000002,13.25
2024-06-16,10.400000000000002,40.8,27.8,63.7,149.5,12.399999999999999,36.0,33.79999999999999,36.350000000000016,34.450000000000024,8.700000000000003,16.099999999999998,37.500000000000014,71.1,61.00000000000001,23.60000000000001,48.82999999999999,62.279999999999994,21.500000000000004,13.05
2024-06-17,10.400000000000002,40.76666666666667,27.866666666666664,63.96333333333333,149.63333333333335,12.43333333333333,36.05,33.73333333333332,36.31666666666668,34.50000000000002,8.700000000000003,16.099999999999998,37.500000000000014,71.1,61.00000000000001,23.70000000000001,49.28000000000001,62.279999999999994,21.500000000000004,12.950000000000003
2024-06-18,10.400000000000002,40.733333333333334,27.93333333333333,64.22666666666667,149.7666666666667,12.466666666666669,36.099999999999994,33.66666666666665,36.28333333333333,34.55000000000002,8.700000000000003,16.099999999999998,37.500000000000014,71.1,61.00000000000001,23.799999999999994,49.73000000000002,62.279999999999994,21.500000000000004,12.850000000000001
2024-06-19,10.400000000000002,40.69999999999999,27.999999999999996,64.49,149.9,12.500000000000002,36.14999999999999,33.59999999999998,36.25,34.60000000000001,8.700000000000003,16.099999999999998,37.500000000000014,71.1,61.00000000000001,23.90000000000001,50.18000000000002,62.279999999999994,21.500000000000004,12.75
2024-06-20,10.300000000000006,40.54999999999999,27.499999999999996,64.1,147.99999999999997,12.45,36.0,33.09999999999999,36.25,35.000000000000014,8.600000000000001,16.099999999999998,37.199999999999996,71.0,60.3,23.450000000000017,49.55,62.20999999999999,21.3,12.8
2024-06-21,10.999999999999995,40.6,30.200000000000003,64.19,148.7,12.399999999999999,36.05,34.099999999999994,36.25,35.000000000000014,8.700000000000003,15.799999999999999,37.3,71.40000000000002,60.19999999999999,24.15000000000001,50.09000000000001,62.279999999999994,21.599999999999998,13.099999999999998
2024-06-22,11.1,40.300000000000004,31.099999999999998,63.4,148.10000000000008,12.349999999999998,35.55,34.7,36.2,35.60000000000002,8.700000000000003,15.799999999999999,36.40000000000001,70.4,59.800000000000004,24.200000000000003,50.9,61.81,21.050000000000004,13.099999999999998
2024-06-23,10.799999999999995,40.5,30.999999999999993,64.49,149.5,12.249999999999995,35.4,34.199999999999996,36.15,35.85000000000001,8.600000000000001,15.799999999999999,36.35000000000001,70.3,60.59999999999999,23.90000000000001,50.9,61.86999999999999,21.0,13.700000000000001
2024-06-24,10.733333333333336,40.53333333333332,31.199999999999992,64.29333333333332,149.60000000000002,12.45,35.4,34.133333333333326,36.18333333333333,35.86666666666667,8.633333333333335,15.733333333333325,36.31666666666668,70.3,60.73333333333334,23.83333333333333,50.68999999999999,61.85000000000001,20.933333333333337,13.633333333333338
2024-06-25,10.666666666666664,40.56666666666666,31.400000000000006,64.09666666666665,149.70000000000002,12.650000000000002,35.4,34.066666666666656,36.216666666666676,35.88333333333336,8.66666666666667,15.666666666666659,36.283333333333346,70.3,60.86666666666666,23.766666666666673,50.479999999999976,61.829999999999984,20.866666666666664,13.566666666666666
2024-06-26,10.600000000000001,40.6,31.599999999999998,63.9,149.80000000000004,12.85,35.4,33.999999999999986,36.25,35.900000000000006,8.700000000000003,15.599999999999994,36.25000000000001,70.3,61.00000000000001,23.70000000000001,50.27,61.81,20.799999999999997,13.500000000000002
2024-06-27,10.500000000000002,40.6,31.700000000000006,63.800000000000004,150.40000000000003,12.749999999999998,35.20000000000002,33.69999999999999,36.2,35.950000000000024,8.899999999999999,16.699999999999996,35.70000000000002,70.2,61.30000000000001,23.60000000000001,49.55,61.61000000000001,20.200000000000003,13.500000000000002
2024-06-28,10.699999999999996,40.65,31.400000000000006,63.9,150.79999999999998,12.500000000000002,35.85000000000001,33.999999999999986,38.20000000000001,35.900000000000006,8.899999999999999,16.599999999999998,36.300000000000004,70.7,62.2,23.950000000000003,50.360000000000014,61.81,20.449999999999996,13.200000000000003
2024-06-29,10.699999999999996,40.65,31.400000000000006,63.800000000000004,149.80000000000004,12.500000000000002,35.8,33.89999999999998,38.20000000000001,35.85000000000001,8.899999999999999,16.199999999999996,36.20000000000002,70.5,61.499999999999986,24.049999999999994,49.91000000000001,61.61000000000001,20.749999999999993,13.200000000000003
2024-06-30,10.600000000000001,40.54999999999999,30.399999999999984,63.800000000000004,149.60000000000002,11.999999999999996,35.7,34.199999999999996,38.800000000000004,35.800000000000004,8.899999999999999,16.199999999999996,36.40000000000001,70.4,61.39999999999999,24.1,48.55999999999999,61.669999999999995,20.599999999999994,13.000000000000004
2024-07-01,10.600000000000001,40.54999999999999,30.233333333333324,63.63333333333333,149.9,11.999999999999996,35.683333333333344,34.133333333333326,38.83333333333333,35.91666666666669,8.899999999999999,15.833333333333329,36.38333333333334,70.3,61.26666666666666,23.966666666666683,48.73999999999998,61.626666666666665,20.733333333333334,13.000000000000004
2024-07-02,10.600000000000001,40.54999999999999,30.066666666666663,63.46666666666667,150.2,11.999999999999996,35.66666666666667,34.066666666666656,38.866666666666674,36.033333333333346,8.899999999999999,15.466666666666667,36.36666666666667,70.2,61.13333333333331,23.83333333333333,48.91999999999999,61.583333333333336,20.866666666666664,13.000000000000004
2024-07-03,10.600000000000001,40.54999999999999,29.899999999999995,63.3,150.50000000000009,11.999999999999996,35.64999999999999,33.999999999999986,38.9,36.150000000000006,8.899999999999999,15.1,36.35000000000001,70.10000000000001,61.00000000000001,23.70000000000001,49.10000000000001,61.540000000000006,21.0,13.000000000000004
2024-07-04,10.400000000000002,40.54999999999999,29.899999999999995,63.4,152.5,12.05,35.499999999999986,33.89999999999998,37.80000000000001,36.10000000000001,8.899999999999999,15.299999999999999,36.550000000000004,70.0,61.00000000000001,23.400000000000002,49.25,60.99999999999999,20.700000000000003,13.000000000000004
2024-07-05,10.449999999999996,40.54999999999999,29.95,63.25,152.25,12.175,35.42499999999999,33.84999999999999,37.95000000000001,35.62500000000001,8.899999999999999,15.15,36.5,70.4,60.80000000000001,23.425000000000008,49.275000000000006,61.23499999999999,20.700000000000003,13.25
2024-07-06,10.500000000000002,40.54999999999999,29.999999999999996,63.1,152.00000000000003,12.299999999999997,35.350000000000016,33.79999999999999,38.100000000000016,35.150000000000006,8.899999999999999,14.999999999999996,36.45,70.8,60.59999999999999,23.450000000000017,49.3,61.47,20.700000000000003,13.500000000000002
2024-07-07,10.500000000000002,40.5,29.599999999999994,63.0,149.0,11.849999999999998,34.49999999999999,33.999999999999986,37.20000000000001,34.80000000000001,8.700000000000003,15.699999999999996,36.04999999999999,69.7,58.600000000000016,23.500000000000004,49.35,61.540000000000006,20.449999999999996,13.500000000000002
2024-07-08,10.433333333333334,40.5,29.599999999999994,62.833333333333336,149.1,11.766666666666666,34.16666666666667,33.79999999999999,37.20000000000001,34.80000000000001,8.733333333333336,15.699999999999996,35.716666666666676,68.8666666666667,58.066666666666656,23.316666666666666,49.233333333333334,61.739999999999995,20.16666666666667,13.733333333333338
2024-07-09,10.366666666666665,40.5,29.599999999999994,62.66666666666666,149.2,11.683333333333334,33.83333333333333,33.59999999999998,37.20000000000001,34.80000000000001,8.766666666666671,15.699999999999996,35.38333333333334,68.03333333333333,57.533333333333324,23.133333333333333,49.11666666666665,61.93999999999999,19.883333333333333,13.96666666666667
2024-07-10,10.300000000000006,40.5,29.599999999999994,62.49999999999999,149.3,11.599999999999998,33.5,33.399999999999984,37.20000000000001,34.80000000000001,8.800000000000004,15.699999999999996,35.05,67.19999999999999,57.0,22.949999999999996,48.999999999999986,62.139999999999986,19.600000000000005,14.199999999999996
2024-07-11,10.100000000000003,40.5,29.499999999999993,61.699999999999996,150.1,11.649999999999997,33.05,32.09999999999999,37.45,33.85,8.600000000000001,14.699999999999996,33.449999999999996,66.8,57.1,22.14999999999999,48.150000000000006,61.739999999999995,18.849999999999984,14.15
2024-07-12,10.200000000000003,40.5,29.599999999999994,61.699999999999996,148.30000000000004,11.849999999999998,33.400000000000006,32.09999999999999,37.80000000000001,33.800000000000004,8.800000000000004,15.299999999999999,33.10000000000001,67.70000000000002,58.099999999999994,22.14999999999999,47.199999999999996,61.81,19.299999999999994,13.450000000000005
2024-07-13,10.100000000000003,40.75000000000001,31.299999999999997,61.8,148.8,11.949999999999996,33.15000000000001,32.199999999999996,37.4,33.95000000000001,8.899999999999999,15.299999999999999,32.599999999999994,67.30000000000001,57.70000000000001,22.14999999999999,46.0,61.47,18.999999999999996,13.600000000000003
2024-07-14,10.100000000000003,40.5,32.49999999999999,61.3,147.29999999999998,11.649999999999997,32.55,32.0,37.5,34.000000000000014,8.899999999999999,15.499999999999991,32.15,65.5,57.499999999999986,22.14999999999999,44.65000000000001,61.13999999999999,18.049999999999997,13.350000000000005
2024-07-15,10.133333333333335,40.43333333333333,32.4,61.333333333333336,147.40000000000003,11.7,32.81666666666666,32.199999999999996,37.566666666666684,34.15000000000001,8.866666666666672,15.499999999999991,32.23333333333333,65.33333333333334,57.433333333333344,22.34999999999999,44.699999999999996,61.25,18.283333333333335,13.350000000000005
2024-07-16,10.166666666666666,40.36666666666667,32.300000000000004,61.36666666666667,147.5,11.749999999999996,33.083333333333336,32.4,37.63333333333334,34.300000000000004,8.833333333333337,15.499999999999991,32.31666666666666,65.16666666666667,57.36666666666667,22.549999999999997,44.75,61.35999999999999,18.51666666666667,13.350000000000005
2024-07-17,10.200000000000003,40.300000000000004,32.2,61.4,147.59999999999997,11.799999999999999,33.35000000000001,32.59999999999998,37.70000000000001,34.450000000000024,8.800000000000004,15.499999999999991,32.39999999999999,65.00000000000001,57.29999999999999,22.750000000000004,44.800000000000004,61.47,18.750000000000004,13.350000000000005
2024-07-18,10.200000000000003,40.199999999999996,31.900000000000006,61.6,145.1,11.55,33.0,32.09999999999999,36.95000000000002,34.15000000000001,8.800000000000004,15.499999999999991,32.29999999999999,63.7,57.200000000000024,22.39999999999999,44.800000000000004,61.34000000000001,18.400000000000002,13.650000000000004
2024-07-19,10.500000000000002,40.25000000000001,32.0,61.699999999999996,145.50000000000003,11.649999999999997,33.400000000000006,31.69999999999999,36.750000000000014,34.20000000000001,8.800000000000004,15.499999999999991,32.20000000000001,65.8,57.29999999999999,22.39999999999999,45.1,61.13999999999999,18.799999999999994,13.800000000000006
2024-07-20,10.500000000000002,40.45,33.5,61.89999999999999,146.5,11.749999999999996,33.9,31.799999999999986,36.8,34.35000000000001,8.800000000000004,15.499999999999991,32.7,66.3,57.79999999999999,22.549999999999997,46.100000000000016,62.01,18.600000000000005,13.800000000000006
2024-07-21,10.600000000000001,40.45,32.300000000000004,62.0,149.0,11.799999999999999,33.75,32.59999999999998,37.20000000000001,34.400000000000006,8.899999999999999,15.499999999999991,33.10000000000001,65.90000000000002,57.70000000000001,23.299999999999997,47.45,61.86999999999999,18.849999999999984,14.400000000000002
2024-07-22,10.600000000000001,40.43333333333333,32.266666666666666,61.96666666666667,149.33333333333337,11.799999999999999,33.66666666666668,32.666666666666664,37.23333333333333,34.450000000000024,8.899999999999999,15.566666666666663,33.033333333333324,65.76666666666667,57.63333333333332,23.350000000000012,47.16666666666666,61.69333333333332,18.83333333333334,14.366666666666669
2024-07-23,10.600000000000001,40.41666666666668,32.233333333333334,61.93333333333332,149.66666666666666,11.799999999999999,33.58333333333334,32.73333333333332,37.26666666666667,34.50000000000002,8.899999999999999,15.63333333333333,32.96666666666667,65.63333333333334,57.56666666666667,23.400000000000002,46.883333333333326,61.51666666666667,18.816666666666666,14.333333333333336
2024-07-24,10.600000000000001,40.39999999999999,32.2,61.89999999999999,150.00000000000003,11.799999999999999,33.5,32.79999999999999,37.3,34.55000000000002,8.899999999999999,15.699999999999996,32.900000000000006,65.5,57.499999999999986,23.450000000000017,46.60000000000001,61.34000000000001,18.799999999999994,14.3
2024-07-25,10.400000000000002,40.45,32.49999999999999,61.8,149.9,11.949999999999996,33.45,33.09999999999999,37.3,34.400000000000006,8.899999999999999,15.699999999999996,32.85,65.70000000000002,57.70000000000001,23.500000000000004,46.94999999999998,61.13999999999999,18.400000000000002,14.999999999999998
2024-07-26,10.200000000000003,40.39999999999999,31.800000000000004,61.6,149.70000000000002,12.1,33.05,33.19999999999999,37.3,34.300000000000004,8.899999999999999,14.999999999999996,33.5,65.2,57.39999999999999,23.149999999999988,46.4,60.99999999999999,18.349999999999998,14.75
2024-07-27,10.300000000000006,40.39999999999999,32.300000000000004,62.0,154.29999999999998,12.2,33.7,33.399999999999984,38.100000000000016,34.55000000000002,8.999999999999998,15.299999999999999,34.2,65.39999999999999,59.20000000000001,23.550000000000004,47.49999999999999,61.86999999999999,18.600000000000005,14.649999999999999
2024-07-28,10.300000000000006,40.39999999999999,31.900000000000006,62.2,153.4,12.2,33.600000000000016,32.99999999999999,38.00000000000001,34.750000000000014,8.899999999999999,15.699999999999996,36.45,67.99999999999999,60.09999999999998,23.60000000000001,47.09999999999999,61.93999999999999,19.100000000000005,14.400000000000002
2024-07-29,10.300000000000006,40.39999999999999,31.900000000000006,62.2,153.4,12.2,33.600000000000016,32.99999999999999,38.00000000000001,34.750000000000014,8.899999999999999,15.699999999999996,36.45,67.99999999999999,60.09999999999998,23.60000000000001,47.09999999999999,61.93999999999999,19.100000000000005,14.400000000000002
2024-07-30,10.300000000000006,40.39999999999999,31.900000000000006,62.2,153.4,12.2,33.600000000000016,32.99999999999999,38.00000000000001,34.750000000000014,8.899999999999999,15.699999999999996,36.45,67.99999999999999,60.09999999999998,23.60000000000001,47.09999999999999,61.93999999999999,19.100000000000005,14.400000000000002
2024-07-31,10.300000000000006,40.39999999999999,31.900000000000006,62.2,153.4,12.2,33.600000000000016,32.99999999999999,38.00000000000001,34.750000000000014,8.899999999999999,15.699999999999996,36.45,67.99999999999999,60.09999999999998,23.60000000000001,47.09999999999999,61.93999999999999,19.100000000000005,14.400000000000002
2024-08-01,10.300000000000006,40.39999999999999,31.900000000000006,62.2,153.4,12.2,33.600000000000016,32.99999999999999,38.00000000000001,34.750000000000014,8.899999999999999,15.699999999999996,36.45,67.99999999999999,60.09999999999998,23.60000000000001,47.09999999999999,61.93999999999999,19.100000000000005,14.400000000000002
2024-08-02,10.300000000000006,40.39999999999999,31.900000000000006,62.2,153.4,12.2,33.600000000000016,32.99999999999999,38.00000000000001,34.750000000000014,8.899999999999999,15.699999999999996,36.45,67.99999999999999,60.09999999999998,23.60000000000001,47.09999999999999,61.93999999999999,19.100000000000005,14.400000000000002
2024-08-03,10.300000000000006,40.39999999999999,31.900000000000006,62.2,153.4,12.2,33.600000000000016,32.99999999999999,38.00000000000001,34.750000000000014,8.899999999999999,15.699999999999996,36.45,67.99999999999999,60.09999999999998,23.60000000000001,47.09999999999999,61.93999999999999,19.100000000000005,14.400000000000002
2024-08-04,10.300000000000006,40.39999999999999,31.900000000000006,62.2,153.4,12.2,33.600000000000016,32.99999999999999,38.00000000000001,34.750000000000014,8.899999999999999,15.699999999999996,36.45,67.99999999999999,60.09999999999998,23.60000000000001,47.09999999999999,61.93999999999999,19.100000000000005,14.400000000000002
