Date,POT,PVB,CMG,MSN,PVD,FPT,KDH,CTG,NVB,CTS,PVS,MWG,HAG,ITD,VNM,PVC,PDR,NLG,VIC,VCB
2023-11-19,17.899999999999995,20.200000000000003,35.58999999999999,66.39999999999999,27.35,81.99000000000001,28.46,31.499999999999993,11.5,28.60000000000001,36.41,45.48999999999999,13.4,9.770000000000001,63.800000000000004,14.53,25.249999999999993,38.71000000000001,43.35,60.94
2023-11-20,17.899999999999995,20.300000000000008,36.04,67.79999999999998,27.35,82.59,28.549999999999997,32.6,11.5,28.399999999999995,36.209999999999994,45.69,13.699999999999998,9.79,64.37,14.429999999999994,24.94,38.55999999999998,43.29999999999999,61.94
2023-11-21,17.899999999999995,20.300000000000008,36.04,67.76666666666667,27.31666666666666,82.62000000000002,28.486666666666665,32.616666666666674,11.5,28.5,36.14666666666668,45.720000000000006,13.799999999999999,9.783333333333331,64.46333333333334,14.396666666666668,25.059999999999995,38.660000000000004,43.29999999999999,61.806666666666665
2023-11-22,17.899999999999995,20.300000000000008,36.04,67.73333333333333,27.28333333333333,82.65,28.423333333333325,32.63333333333333,11.5,28.60000000000001,36.08333333333333,45.75,13.9,9.776666666666667,64.55666666666667,14.363333333333332,25.18,38.76,43.29999999999999,61.67333333333333
2023-11-23,17.899999999999995,20.300000000000008,36.04,67.70000000000002,27.249999999999996,82.68,28.36,32.649999999999984,11.5,28.700000000000003,36.02000000000002,45.78,14.0,9.770000000000001,64.65,14.33,25.299999999999997,38.859999999999985,43.29999999999999,61.54
2023-11-24,17.899999999999995,20.799999999999997,35.360000000000014,67.50000000000001,27.899999999999995,81.99000000000001,28.23,32.20000000000001,11.5,28.5,36.41,45.040000000000006,14.650000000000002,9.770000000000001,64.08,14.53,25.11999999999999,38.41,43.099999999999994,61.2
2023-11-25,17.899999999999995,20.9,35.360000000000014,66.19999999999999,27.699999999999996,81.48,28.08999999999999,32.0,11.399999999999999,28.700000000000003,36.209999999999994,44.05,14.3,9.6,63.69999999999999,14.429999999999994,24.94,37.82,43.14999999999999,60.94
2023-11-26,16.81,20.700000000000003,35.31999999999999,66.8,27.55,81.56000000000002,28.36,32.050000000000004,11.300000000000004,29.15000000000001,36.12,44.839999999999996,14.750000000000004,9.68,63.33,14.429999999999994,25.03,38.019999999999996,42.8,60.87000000000001
2023-11-27,16.81,20.6,35.95,65.8,27.649999999999995,82.25000000000001,28.319999999999997,32.09999999999999,11.300000000000004,29.049999999999983,36.209999999999994,44.53999999999999,14.699999999999996,9.65,63.42000000000001,14.429999999999994,25.750000000000007,39.099999999999994,42.8,61.54
2023-11-28,16.81,20.6,35.903333333333336,65.73333333333335,27.63333333333333,82.25000000000001,28.319999999999997,32.166666666666664,11.266666666666671,28.949999999999996,36.209999999999994,44.44333333333334,14.699999999999996,9.633333333333333,63.42000000000001,14.429999999999994,25.660000000000004,38.90333333333332,42.75,61.36
2023-11-29,16.81,20.6,35.85666666666667,65.66666666666664,27.61666666666666,82.25000000000001,28.319999999999997,32.233333333333334,11.233333333333338,28.849999999999998,36.209999999999994,44.34666666666664,14.699999999999996,9.616666666666669,63.42000000000001,14.429999999999994,25.57,38.70666666666665,42.70000000000001,61.18
2023-11-30,16.81,20.6,35.80999999999999,65.6,27.6,82.25000000000001,28.319999999999997,32.29999999999999,11.200000000000003,28.75000000000001,36.209999999999994,44.24999999999998,14.699999999999996,9.6,63.42000000000001,14.429999999999994,25.48,38.51,42.65,60.99999999999999
2023-12-01,17.11,20.6,36.04,66.1,27.95,81.99000000000001,28.18,32.20000000000001,11.100000000000001,29.15000000000001,36.51,45.040000000000006,14.95,9.500000000000002,63.33,14.429999999999994,25.700000000000003,38.660000000000004,42.70000000000001,60.87000000000001
2023-12-02,16.209999999999997,20.300000000000008,35.95,64.4,27.55,82.08000000000001,28.08999999999999,31.59999999999999,10.799999999999999,29.59999999999999,36.02000000000002,44.64000000000002,14.2,9.49,63.42000000000001,14.23,25.299999999999997,38.05999999999999,42.49999999999999,59.199999999999996
2023-12-03,16.209999999999997,20.300000000000008,36.85,65.1,27.55,85.68000000000002,27.73,32.050000000000004,10.699999999999998,30.900000000000013,36.209999999999994,45.84,14.349999999999998,9.6,63.9,14.139999999999999,25.519999999999996,38.61,42.349999999999994,60.06999999999999
2023-12-04,16.31,20.300000000000008,37.84000000000002,65.39999999999999,27.800000000000008,87.48000000000002,27.73,31.699999999999992,10.699999999999998,31.250000000000004,36.02000000000002,47.03,14.0,9.500000000000002,63.800000000000004,14.139999999999999,26.65,39.05,42.10000000000001,60.4
2023-12-05,16.31,20.366666666666674,37.79333333333332,65.23333333333332,27.95,87.90999999999998,27.83666666666666,32.43333333333332,10.766666666666664,31.21666666666666,36.02000000000002,47.03,13.783333333333333,9.473333333333333,63.99,14.139999999999999,26.709999999999997,39.05,42.13333333333333,60.33333333333332
2023-12-06,16.31,20.43333333333333,37.74666666666667,65.06666666666669,28.1,88.34000000000005,27.94333333333332,33.16666666666666,10.833333333333332,31.183333333333337,36.02000000000002,47.03,13.566666666666668,9.446666666666667,64.18,14.139999999999999,26.769999999999992,39.05,42.16666666666667,60.26666666666667
2023-12-07,16.31,20.499999999999996,37.70000000000001,64.90000000000002,28.250000000000007,88.77000000000001,28.050000000000004,33.9,10.9,31.149999999999995,36.02000000000002,47.03,13.349999999999996,9.420000000000002,64.37,14.139999999999999,26.830000000000005,39.05,42.199999999999996,60.19999999999999
2023-12-08,16.31,20.799999999999997,36.88999999999999,64.8,28.750000000000007,89.28,28.269999999999996,34.4,11.100000000000001,31.149999999999995,36.9,46.63,13.299999999999999,9.49,63.99,14.33,27.06,39.39999999999999,42.300000000000004,59.86999999999998
2023-12-09,16.709999999999997,20.799999999999997,36.710000000000015,64.90000000000002,28.750000000000007,89.97000000000001,28.36,35.5,10.799999999999999,31.250000000000004,36.9,46.22999999999999,13.150000000000002,9.750000000000002,63.99,14.23,27.149999999999988,39.35,42.400000000000006,60.19999999999999
2023-12-10,16.709999999999997,20.787499999999998,36.705,64.90000000000002,28.731250000000006,89.87375000000002,28.38875,35.43749999999999,10.874999999999996,31.206249999999997,36.87500000000001,46.13750000000001,13.187499999999996,9.7425,63.99,14.23,27.10999999999999,39.293749999999996,42.418749999999974,60.19124999999999
2023-12-11,16.709999999999997,20.775,36.7,64.90000000000002,28.712500000000006,89.7775,28.417499999999997,35.37499999999999,10.950000000000001,31.162500000000016,36.85,46.045,13.225,9.735000000000001,63.99,14.23,27.069999999999993,39.23749999999999,42.43749999999999,60.182500000000005
2023-12-12,16.709999999999997,20.7625,36.695,64.90000000000002,28.693750000000005,89.68125000000002,28.44625,35.31249999999999,11.025000000000006,31.118750000000002,36.82500000000001,45.95249999999999,13.262500000000003,9.7275,63.99,14.23,27.029999999999994,39.181250000000006,42.45625,60.17375000000001
2023-12-13,16.709999999999997,20.75,36.69,64.90000000000002,28.675000000000004,89.58500000000001,28.474999999999998,35.25000000000001,11.100000000000001,31.07499999999999,36.8,45.85999999999999,13.299999999999999,9.72,63.99,14.23,26.989999999999995,39.125,42.475,60.165
2023-12-14,16.709999999999997,20.737499999999994,36.68499999999999,64.90000000000002,28.65625000000001,89.48875000000001,28.503749999999993,35.18749999999999,11.174999999999999,31.031250000000004,36.775,45.7675,13.337500000000002,9.7125,63.99,14.23,26.95,39.06875,42.49375,60.15625
2023-12-15,16.709999999999997,20.72500000000001,36.68,64.90000000000002,28.637500000000003,89.3925,28.532499999999995,35.125,11.249999999999996,30.987499999999994,36.75,45.675000000000004,13.375,9.705000000000002,63.99,14.23,26.91,39.012499999999996,42.5125,60.147499999999994
2023-12-16,16.709999999999997,20.712499999999995,36.675,64.90000000000002,28.618750000000002,89.29625000000001,28.56124999999999,35.0625,11.325000000000001,30.94375000000001,36.72500000000001,45.58250000000001,13.4125,9.6975,63.99,14.23,26.87,38.95625,42.53125000000001,60.13875
2023-12-17,16.709999999999997,20.700000000000003,36.669999999999995,64.90000000000002,28.599999999999998,89.20000000000003,28.59,35.0,11.399999999999999,30.900000000000013,36.7,45.48999999999999,13.450000000000001,9.690000000000001,63.99,14.23,26.830000000000005,38.89999999999999,42.54999999999999,60.13000000000002
2023-12-18,16.709999999999997,20.700000000000003,36.44000000000001,66.19999999999999,28.500000000000007,90.14000000000001,28.549999999999997,35.25000000000001,11.399999999999999,30.999999999999993,36.51,45.93,12.749999999999998,9.59,66.26,14.53,26.830000000000005,38.859999999999985,43.95,59.93
2023-12-19,16.709999999999997,20.966666666666665,36.45666666666666,67.10000000000001,28.58333333333333,90.11,28.519999999999992,35.3,11.33333333333334,30.933333333333337,36.606666666666676,46.09666666666666,12.833333333333332,9.56,66.86,14.596666666666668,26.72666666666667,38.676666666666655,44.96666666666668,60.06666666666667
2023-12-20,16.709999999999997,21.23333333333333,36.473333333333336,67.99999999999999,28.66666666666668,90.08000000000003,28.48999999999999,35.35,11.266666666666664,30.86666666666667,36.70333333333335,46.26333333333333,12.916666666666668,9.530000000000001,67.46000000000001,14.66333333333333,26.623333333333335,38.49333333333333,45.98333333333333,60.203333333333326
2023-12-21,16.709999999999997,21.5,36.49,68.9,28.750000000000007,90.05000000000001,28.46,35.400000000000006,11.200000000000003,30.799999999999997,36.8,46.430000000000014,13.0,9.500000000000002,68.06,14.730000000000004,26.52,38.309999999999995,47.00000000000001,60.34000000000001
2023-12-22,16.709999999999997,21.4,36.44000000000001,68.79999999999998,28.7,89.45,28.819999999999993,35.20000000000001,11.100000000000001,31.149999999999995,36.610000000000014,46.430000000000014,12.6,9.59,67.68,14.53,26.65,38.51,48.50000000000001,61.06999999999999
2023-12-23,16.709999999999997,21.299999999999994,36.22,67.99999999999999,28.500000000000007,90.82000000000002,29.82,35.54999999999999,11.300000000000004,30.999999999999993,36.209999999999994,45.739999999999995,12.8,9.52,67.49,14.53,26.65,38.55999999999998,47.250000000000014,60.99999999999999
2023-12-24,16.909999999999997,21.299999999999994,36.13000000000001,68.10000000000001,29.299999999999997,89.71,29.459999999999997,35.7,11.300000000000004,30.799999999999997,36.31,44.940000000000005,12.6,9.530000000000001,67.78,14.630000000000004,26.289999999999992,38.55999999999998,47.60000000000001,59.86999999999998
2023-12-25,16.909999999999997,20.700000000000003,35.95,66.70000000000002,28.35,89.11000000000003,28.86,35.20000000000001,11.300000000000004,29.900000000000002,35.330000000000005,43.65,12.2,9.530000000000001,67.21,14.23,25.299999999999997,37.27,45.2,59.46000000000001
2023-12-26,17.009999999999998,20.73333333333333,35.98,66.70000000000002,28.266666666666666,90.28000000000002,28.86,35.35,11.233333333333338,30.33333333333334,35.36333333333331,43.76666666666667,12.33333333333333,9.586666666666666,67.21,14.23,25.37333333333334,37.17333333333332,44.999999999999986,59.59666666666666
2023-12-27,17.11,20.766666666666662,36.009999999999984,66.70000000000002,28.18333333333333,91.45,28.86,35.5,11.16666666666667,30.766666666666666,35.396666666666675,43.88333333333334,12.466666666666669,9.643333333333334,67.21,14.23,25.446666666666655,37.07666666666667,44.8,59.73333333333333
2023-12-28,17.209999999999997,20.799999999999997,36.04,66.70000000000002,28.1,92.62000000000002,28.86,35.64999999999999,11.100000000000001,31.199999999999996,35.43,43.999999999999986,12.6,9.700000000000001,67.21,14.23,25.519999999999996,36.98,44.6,59.86999999999998
2023-12-29,17.009999999999998,20.999999999999996,36.22,67.6,28.799999999999994,92.54000000000002,29.639999999999997,36.15,11.200000000000003,31.4,35.81999999999999,44.4,12.649999999999999,9.64,68.15,14.53,26.06999999999999,38.05999999999999,45.150000000000006,60.94
2023-12-30,16.909999999999997,21.4,36.04,68.30000000000001,30.800000000000004,93.04999999999998,29.459999999999997,35.95000000000001,11.200000000000003,31.55,36.51,44.940000000000005,12.55,9.89,68.34,15.030000000000003,25.929999999999996,37.77,45.59999999999999,65.15
2023-12-31,16.709999999999997,20.9,35.989999999999995,70.4,30.900000000000002,93.48,31.499999999999993,35.54999999999999,11.200000000000003,32.150000000000006,36.12,45.84,12.8,9.95,68.15,14.730000000000004,26.19999999999999,39.15,44.999999999999986,65.08
2024-01-01,16.709999999999997,20.9,37.12,70.5,31.799999999999994,95.03,31.769999999999992,35.59999999999999,11.100000000000001,33.25,36.209999999999994,46.22999999999999,12.700000000000001,9.990000000000002,67.68,15.030000000000003,26.19999999999999,39.45,45.24999999999999,65.08
2024-01-02,16.909999999999997,21.033333333333335,37.00000000000001,70.59999999999998,31.699999999999992,95.20000000000005,32.07333333333334,35.73333333333333,11.100000000000001,33.16666666666667,36.343333333333334,46.496666666666655,12.733333333333334,9.866666666666669,67.83666666666667,15.030000000000003,26.306666666666665,40.35666666666667,45.24999999999999,64.78999999999999
2024-01-03,17.11,21.166666666666664,36.879999999999995,70.7,31.599999999999994,95.37000000000002,32.376666666666665,35.86666666666665,11.100000000000001,33.083333333333336,36.476666666666674,46.76333333333335,12.76666666666667,9.743333333333332,67.99333333333334,15.030000000000003,26.413333333333338,41.26333333333333,45.24999999999999,64.5
2024-01-04,17.31,21.299999999999994,36.76000000000002,70.8,31.5,95.53999999999996,32.67999999999999,36.00000000000001,11.100000000000001,33.0,36.610000000000014,47.03,12.8,9.620000000000001,68.15,15.030000000000003,26.52,42.169999999999995,45.24999999999999,64.20999999999998
2024-01-05,17.799999999999997,21.4,37.160000000000004,75.7,31.749999999999993,94.94,32.73,36.449999999999996,11.100000000000001,35.300000000000004,36.610000000000014,49.59999999999999,13.200000000000001,9.850000000000001,69.1,14.830000000000004,26.19999999999999,41.97,45.29999999999999,63.88
2024-01-06,17.799999999999997,21.299999999999994,36.940000000000005,76.9,31.199999999999996,93.57000000000002,32.67999999999999,36.099999999999994,11.000000000000002,36.40000000000001,36.8,48.32,12.899999999999999,9.690000000000001,67.96,14.730000000000004,25.61,42.509999999999984,45.29999999999999,63.949999999999996
2024-01-07,17.799999999999997,22.0,36.35,80.8,31.599999999999994,95.46,33.17999999999999,35.8,10.9,36.20000000000001,37.2,48.61,12.950000000000001,9.65,68.15,14.830000000000004,25.880000000000006,42.42,45.59999999999999,64.07999999999998
2024-01-08,17.899999999999995,21.4,35.86000000000001,78.5,30.800000000000004,94.34000000000003,33.14,34.50000000000001,10.699999999999998,36.500000000000014,36.51,47.36999999999999,12.55,9.860000000000001,66.26,14.53,25.299999999999997,41.42999999999999,44.8,63.610000000000014
2024-01-09,17.899999999999995,21.26666666666667,35.68,78.16666666666667,30.550000000000004,94.34000000000003,33.14,34.383333333333326,10.699999999999998,36.66666666666664,36.21333333333334,46.92333333333332,12.433333333333335,9.860000000000001,66.35333333333334,14.399999999999995,25.11999999999999,41.42999999999999,44.64999999999999,63.38666666666666
2024-01-10,17.899999999999995,21.13333333333333,35.49999999999999,77.83333333333333,30.300000000000004,94.34000000000003,33.14,34.26666666666666,10.699999999999998,36.83333333333334,35.91666666666667,46.47666666666667,12.31666666666667,9.860000000000001,66.44666666666667,14.269999999999998,24.94,41.42999999999999,44.500000000000014,63.163333333333334
2024-01-11,17.899999999999995,20.999999999999996,35.31999999999999,77.5,30.049999999999997,94.34000000000003,33.14,34.15,10.699999999999998,36.99999999999999,35.62,46.03000000000001,12.2,9.860000000000001,66.54,14.139999999999999,24.76000000000001,41.42999999999999,44.349999999999994,62.94
2024-01-12,17.899999999999995,20.9,36.579999999999984,78.7,30.300000000000004,95.96999999999998,33.269999999999996,34.50000000000001,10.599999999999996,36.85000000000001,35.62,46.379999999999995,12.399999999999999,9.89,66.26,14.139999999999999,24.800000000000008,42.02,44.15,63.139999999999986
2024-01-13,17.999999999999996,21.8,37.79,80.90000000000002,31.35,100.34000000000002,34.18,35.150000000000006,10.699999999999998,38.9,36.209999999999994,48.17,12.449999999999996,10.2,67.02,14.33,25.429999999999996,44.0,44.999999999999986,64.20999999999998
2024-01-14,17.899999999999995,23.499999999999996,37.52,78.90000000000002,32.89999999999999,100.34000000000002,34.089999999999996,34.45,10.699999999999998,38.39999999999999,37.2,46.88000000000001,12.499999999999998,10.05,66.73,14.730000000000004,25.389999999999997,44.099999999999994,45.95,63.550000000000004
2024-01-15,17.899999999999995,23.299999999999997,37.39,78.5,32.800000000000004,99.49000000000002,33.82,34.74999999999999,10.599999999999996,38.000000000000014,37.2,46.980000000000004,12.300000000000004,10.100000000000001,65.97,14.429999999999994,25.389999999999997,43.349999999999994,44.399999999999984,62.87999999999999
2024-01-16,17.899999999999995,22.99999999999999,37.22333333333332,78.3,32.28333333333333,98.63000000000001,33.82,34.26666666666666,10.533333333333328,37.333333333333336,36.84000000000001,46.5,12.116666666666667,10.166666666666666,65.68333333333334,14.363333333333332,25.689999999999994,43.00666666666667,44.96666666666668,62.65666666666666
2024-01-17,17.899999999999995,22.699999999999996,37.056666666666665,78.10000000000002,31.766666666666666,97.76999999999994,33.82,33.783333333333324,10.466666666666669,36.66666666666664,36.480000000000004,46.019999999999996,11.933333333333334,10.233333333333336,65.39666666666666,14.296666666666669,25.989999999999995,42.663333333333334,45.533333333333346,62.43333333333335
2024-01-18,17.899999999999995,22.399999999999995,36.88999999999999,77.9,31.25,96.91000000000004,33.82,33.3,10.4,36.0,36.12,45.54,11.749999999999998,10.3,65.11,14.23,26.289999999999992,42.319999999999986,46.1,62.21
2024-01-19,18.199999999999996,22.99999999999999,35.76999999999998,77.4,31.450000000000003,96.06000000000003,33.269999999999996,33.3,10.500000000000002,36.40000000000001,36.51,45.139999999999986,11.849999999999998,10.400000000000002,65.01,14.33,25.929999999999996,41.52,47.00000000000001,61.87
2024-01-20,17.31,23.199999999999992,36.080000000000005,77.29999999999998,32.24999999999999,98.20000000000002,33.22999999999999,34.349999999999994,10.599999999999996,37.35,36.9,47.61999999999999,12.649999999999999,10.45,65.2,14.429999999999994,25.98,42.319999999999986,46.49999999999999,62.34
2024-01-21,17.31,23.699999999999992,35.86000000000001,78.0,32.35000000000001,99.66000000000001,33.82,34.9,10.699999999999998,37.35,37.690000000000005,48.12000000000002,12.700000000000001,10.3,65.59,14.630000000000004,27.78,42.81,46.49999999999999,63.67999999999999
2024-01-22,17.899999999999995,23.499999999999996,36.04,78.5,31.950000000000006,98.54,33.73,35.7,10.799999999999999,38.04999999999999,37.780000000000015,48.709999999999994,12.449999999999996,10.100000000000001,65.01,14.53,28.459999999999994,42.959999999999994,46.6,64.47999999999999
2024-01-23,17.899999999999995,23.433333333333323,35.82666666666667,77.5,31.883333333333336,98.28333333333332,33.66999999999999,35.366666666666674,10.799999999999999,37.8,37.91333333333333,48.44666666666666,12.449999999999996,10.100000000000001,64.85000000000001,14.56333333333333,28.446666666666662,43.02666666666664,46.68333333333334,64.32333333333335
2024-01-24,17.899999999999995,23.36666666666667,35.61333333333333,76.5,31.816666666666656,98.02666666666669,33.61,35.03333333333333,10.799999999999999,37.55,38.046666666666674,48.18333333333334,12.449999999999996,10.100000000000001,64.69,14.596666666666668,28.43333333333333,43.09333333333333,46.76666666666667,64.16666666666667
2024-01-25,17.899999999999995,23.299999999999997,35.400000000000006,75.49999999999999,31.749999999999993,97.76999999999994,33.550000000000004,34.70000000000001,10.799999999999999,37.29999999999999,38.18000000000001,47.919999999999995,12.449999999999996,10.100000000000001,64.53,14.630000000000004,28.419999999999995,43.16,46.85000000000001,64.01
2024-01-26,18.599999999999998,23.9,36.17,74.00000000000001,32.70000000000001,98.63000000000001,35.089999999999996,35.20000000000001,10.799999999999999,37.65,38.37000000000001,48.27000000000002,12.6,10.0,64.92,14.630000000000004,28.910000000000004,43.8,47.05,64.42
2024-01-27,18.099999999999998,24.5,36.17,75.4,32.50000000000001,98.8,34.90999999999999,35.5,10.699999999999998,37.55,38.470000000000006,50.30000000000001,12.55,10.0,64.92,14.730000000000004,29.000000000000007,43.699999999999996,47.05,64.07999999999998
2024-01-28,17.409999999999997,24.0,36.44000000000001,76.00000000000001,32.199999999999996,100.43000000000002,34.459999999999994,35.749999999999986,10.799999999999999,38.99999999999999,38.28,50.6,12.950000000000001,10.2,64.92,14.630000000000004,29.000000000000007,43.3,47.60000000000001,64.01
2024-01-29,18.299999999999997,24.3,35.989999999999995,74.20000000000002,32.35000000000001,99.92000000000002,34.36,35.54999999999999,10.599999999999996,38.5,38.470000000000006,50.70000000000001,13.049999999999997,10.100000000000001,64.82,14.730000000000004,28.780000000000005,42.859999999999985,47.65,63.48
2024-01-30,18.299999999999997,24.5,36.06666666666668,73.93333333333334,32.51666666666666,100.00333333333332,34.42333333333333,35.366666666666674,10.599999999999996,38.5,38.96000000000001,50.796666666666674,12.916666666666668,10.100000000000001,64.62666666666667,14.796666666666667,29.080000000000002,43.00666666666667,47.71666666666667,63.54666666666666
2024-01-31,18.299999999999997,24.7,36.14333333333334,73.66666666666667,32.68333333333333,100.08666666666664,34.48666666666666,35.18333333333333,10.599999999999996,38.5,39.45,50.89333333333333,12.783333333333328,10.100000000000001,64.43333333333332,14.86333333333333,29.38,43.153333333333336,47.78333333333333,63.61333333333333
2024-02-01,18.299999999999997,24.899999999999988,36.22,73.40000000000002,32.85000000000001,100.17,34.55,35.0,10.599999999999996,38.5,39.94000000000001,50.99000000000001,12.649999999999999,10.100000000000001,64.24,14.930000000000003,29.68,43.3,47.850000000000016,63.67999999999999
2024-02-02,18.799999999999997,26.299999999999997,36.17,74.49999999999999,34.9,100.34000000000002,34.59,35.0,10.500000000000002,39.499999999999986,42.89000000000001,51.189999999999976,12.700000000000001,10.0,64.53,15.530000000000001,29.77,43.95,47.800000000000004,63.20999999999999
2024-02-03,17.899999999999995,25.999999999999996,38.69,73.40000000000002,33.899999999999984,98.71000000000002,34.32,34.050000000000004,10.4,39.25,42.0,49.8,12.8,10.05,63.96,15.530000000000001,29.14,44.20000000000001,47.749999999999986,62.73999999999999
2024-02-04,18.399999999999995,25.599999999999998,41.4,73.40000000000002,33.54999999999999,97.76999999999994,33.959999999999994,33.55,10.3,38.29999999999999,42.10000000000001,50.30000000000001,12.649999999999999,9.910000000000002,65.39,15.530000000000001,29.360000000000003,44.04999999999999,47.850000000000016,64.20999999999998
2024-02-05,18.399999999999995,26.100000000000005,42.609999999999985,71.89999999999999,32.89999999999999,97.51,33.17999999999999,33.199999999999996,10.3,36.0,41.419999999999995,50.6,12.899999999999999,9.87,65.11,16.419999999999998,29.090000000000007,43.21,47.800000000000004,63.48
2024-02-06,18.399999999999995,25.96666666666667,41.936666666666675,71.89999999999999,32.89999999999999,97.19666666666669,32.98333333333333,33.3,10.266666666666666,36.166666666666664,41.353333333333346,50.26666666666669,12.933333333333332,9.813333333333334,64.82,16.386666666666667,28.98666666666667,43.02666666666664,47.76666666666668,63.48
2024-02-07,18.399999999999995,25.833333333333318,41.26333333333335,71.89999999999999,32.89999999999999,96.88333333333333,32.786666666666676,33.39999999999999,10.233333333333333,36.33333333333333,41.286666666666676,49.93333333333333,12.96666666666667,9.756666666666666,64.53,16.353333333333335,28.88333333333334,42.843333333333334,47.733333333333334,63.48
2024-02-08,18.399999999999995,25.699999999999996,40.59000000000001,71.89999999999999,32.89999999999999,96.57,32.589999999999996,33.49999999999999,10.2,36.500000000000014,41.22000000000001,49.59999999999999,13.0,9.700000000000001,64.24,16.320000000000004,28.780000000000005,42.65999999999999,47.699999999999996,63.48
2024-02-09,18.9,25.10000000000001,43.24000000000001,73.49999999999999,33.2,96.91000000000004,32.73,34.25,10.3,38.000000000000014,41.61000000000001,52.38,13.150000000000002,9.64,64.24,16.320000000000004,29.090000000000007,42.65999999999999,47.699999999999996,63.07999999999999
2024-02-10,19.69,24.5,44.05,72.5,31.799999999999994,97.6,32.73,33.65,10.500000000000002,37.39999999999999,40.73,51.59,13.4,9.900000000000002,64.05,15.73,28.549999999999997,42.02,48.50000000000001,63.20999999999999
2024-02-11,19.199999999999996,25.200000000000003,43.32999999999999,71.8,31.950000000000006,98.54,32.96000000000001,33.699999999999996,10.3,38.2,41.910000000000004,51.89000000000001,13.299999999999999,10.25,63.86,16.320000000000004,28.549999999999997,41.82000000000001,48.3,62.87999999999999
2024-02-12,19.489999999999988,25.200000000000003,44.41,71.89999999999999,32.800000000000004,99.06000000000003,33.14,35.89999999999999,10.3,40.499999999999986,42.200000000000024,51.59,13.4,10.25,63.96,16.320000000000004,28.870000000000005,42.27000000000001,48.45000000000002,63.279999999999994
2024-02-13,19.19333333333333,24.366666666666667,43.37666666666667,70.23333333333335,32.05,97.94333333333333,32.36666666666667,35.08333333333333,10.2,39.56666666666668,40.86,50.896666666666675,13.099999999999996,10.2,63.38333333333334,15.789999999999997,28.206666666666674,41.296666666666674,47.966666666666676,62.70000000000001
2024-02-14,18.89666666666667,23.533333333333335,42.34333333333334,68.56666666666668,31.3,96.82666666666671,31.593333333333334,34.26666666666666,10.099999999999998,38.633333333333326,39.52000000000001,50.20333333333334,12.8,10.150000000000002,62.806666666666665,15.26,27.54333333333334,40.32333333333334,47.48333333333333,62.11999999999999
2024-02-15,18.599999999999998,22.699999999999996,41.30999999999999,66.90000000000002,30.550000000000004,95.71000000000001,30.819999999999997,33.449999999999996,10.000000000000004,37.699999999999996,38.18000000000001,49.509999999999984,12.499999999999998,10.100000000000001,62.23,14.730000000000004,26.879999999999995,39.35,47.00000000000001,61.54
2024-02-16,18.9,22.799999999999997,41.30999999999999,66.1,30.800000000000004,96.91000000000004,31.14,34.050000000000004,9.499999999999998,39.75000000000001,39.16000000000002,49.509999999999984,12.6,9.960000000000003,61.37,15.130000000000008,26.339999999999996,38.859999999999985,46.400000000000006,60.87000000000001
2024-02-17,18.9,23.10000000000001,39.779999999999994,66.8,29.350000000000005,95.88000000000001,30.910000000000007,32.7,9.300000000000002,37.45000000000001,37.88000000000002,49.01,11.849999999999998,9.900000000000002,61.56000000000001,14.139999999999999,25.299999999999997,37.56999999999999,44.999999999999986,60.53999999999999
2024-02-18,18.399999999999995,23.10000000000001,38.60499999999999,66.65,29.324999999999996,94.68,30.454999999999995,32.150000000000006,9.250000000000002,36.150000000000006,37.78499999999999,48.415000000000006,11.825000000000003,9.860000000000001,61.56000000000001,14.139999999999999,24.485,36.57999999999999,43.79999999999998,60.53999999999999
2024-02-19,17.899999999999995,23.10000000000001,37.43000000000001,66.50000000000001,29.299999999999997,93.48,29.999999999999993,31.59999999999999,9.200000000000001,34.85,37.690000000000005,47.820000000000014,11.800000000000004,9.820000000000002,61.56000000000001,14.139999999999999,23.670000000000005,35.59,42.6,60.53999999999999
2024-02-20,18.366666666666664,23.066666666666656,37.669999999999995,66.63333333333334,29.39999999999999,93.85333333333334,30.136666666666663,31.833333333333332,9.200000000000001,35.300000000000004,37.82000000000001,47.95333333333333,11.883333333333333,9.873333333333333,61.49666666666666,14.169999999999998,23.806666666666658,35.95333333333333,42.400000000000006,60.56000000000002
2024-02-21,18.83333333333333,23.033333333333324,37.91,66.76666666666667,29.499999999999996,94.22666666666666,30.273333333333323,32.06666666666666,9.200000000000001,35.75,37.95000000000001,48.08666666666665,11.966666666666665,9.926666666666668,61.43333333333332,14.199999999999996,23.94333333333334,36.31666666666667,42.199999999999996,60.580000000000005
2024-02-22,19.299999999999997,22.99999999999999,38.149999999999984,66.90000000000002,29.600000000000005,94.60000000000004,30.409999999999993,32.29999999999999,9.200000000000001,36.20000000000001,38.08000000000001,48.22000000000001,12.05,9.980000000000002,61.37,14.23,24.07999999999999,36.67999999999999,42.0,60.6
2024-02-23,19.299999999999997,23.299999999999997,38.56000000000001,64.7,29.099999999999998,96.31,30.409999999999993,31.499999999999993,8.899999999999999,34.20000000000002,37.39000000000001,49.41,12.15,10.0,60.89,13.64,22.86,35.59,40.99999999999999,60.26999999999999
2024-02-24,19.299999999999997,24.0,40.81000000000001,66.90000000000002,30.200000000000003,103.0,31.40999999999999,32.95,8.999999999999998,36.0,38.570000000000014,51.89000000000001,12.300000000000004,10.2,61.37,14.33,24.439999999999998,38.05999999999999,41.59999999999997,60.6
2024-02-25,18.399999999999995,23.699999999999992,40.18,68.10000000000001,29.9,105.66,31.459999999999997,33.00000000000001,8.899999999999999,35.50000000000001,38.570000000000014,53.38000000000001,12.499999999999998,10.3,62.04,14.04,24.12,37.470000000000006,42.0,60.87000000000001
2024-02-26,18.399999999999995,23.699999999999992,40.21999999999999,67.19999999999999,29.750000000000004,105.66,31.819999999999993,32.800000000000004,8.899999999999999,35.50000000000001,38.96000000000001,54.47000000000001,12.399999999999999,10.100000000000001,62.33,14.139999999999999,23.899999999999988,37.470000000000006,44.45,60.99999999999999
2024-02-27,18.249999999999996,23.666666666666657,40.446666666666665,67.33333333333334,29.71666666666666,106.2466666666667,31.819999999999993,32.725,8.933333333333332,35.4,38.895,54.584999999999994,12.375000000000002,10.070000000000002,62.393333333333324,14.106666666666667,23.869999999999994,37.693333333333335,44.44166666666668,61.07833333333333
2024-02-28,18.099999999999998,23.63333333333333,40.67333333333332,67.46666666666667,29.683333333333326,106.83333333333327,31.819999999999993,32.649999999999984,8.966666666666665,35.300000000000004,38.830000000000005,54.700000000000024,12.35,10.04,62.45666666666666,14.07333333333333,23.840000000000003,37.91666666666665,44.43333333333333,61.15666666666667
2024-02-29,17.949999999999996,23.599999999999998,40.900000000000006,67.6,29.65,107.42000000000002,31.819999999999993,32.575,8.999999999999998,35.20000000000001,38.765,54.815,12.324999999999996,10.01,62.52000000000001,14.04,23.81,38.14,44.425000000000004,61.235
2024-03-01,17.799999999999997,23.56666666666666,41.12666666666668,67.73333333333333,29.616666666666664,108.00666666666669,31.819999999999993,32.49999999999999,9.033333333333333,35.1,38.70000000000002,54.93,12.300000000000004,9.980000000000002,62.583333333333336,14.006666666666662,23.779999999999994,38.36333333333333,44.41666666666666,61.313333333333325
2024-03-02,17.649999999999995,23.533333333333335,41.35333333333333,67.86666666666669,29.58333333333334,108.59333333333329,31.819999999999993,32.425000000000004,9.066666666666666,34.999999999999986,38.635000000000005,55.044999999999995,12.275000000000002,9.95,62.64666666666666,13.973333333333326,23.75,38.586666666666666,44.40833333333333,61.39166666666665
2024-03-03,17.499999999999996,23.499999999999996,41.580000000000005,67.99999999999999,29.550000000000004,109.17999999999999,31.819999999999993,32.35000000000001,9.1,34.89999999999999,38.570000000000014,55.16,12.249999999999998,9.92,62.71,13.94,23.719999999999995,38.81000000000001,44.399999999999984,61.47
2024-03-04,18.199999999999996,23.9,40.63,69.79999999999998,29.800000000000004,107.97999999999999,32.64,32.400000000000006,9.200000000000001,34.89999999999999,38.67000000000001,55.26,12.449999999999996,10.0,62.9,13.94,24.349999999999998,40.34000000000001,44.45,61.87
2024-03-05,18.399999999999995,24.266666666666673,41.15666666666669,70.23333333333335,30.066666666666666,108.46666666666668,32.57999999999999,32.66666666666667,9.200000000000001,35.7,39.06000000000001,56.11999999999998,12.63333333333333,10.133333333333335,62.96333333333333,14.10333333333333,24.636666666666663,40.27333333333331,44.550000000000026,61.98333333333333
2024-03-06,18.599999999999998,24.63333333333334,41.68333333333333,70.66666666666666,30.33333333333334,108.95333333333332,32.52,32.933333333333344,9.200000000000001,36.500000000000014,39.45,56.97999999999998,12.816666666666663,10.266666666666667,63.02666666666667,14.266666666666664,24.92333333333333,40.20666666666666,44.64999999999999,62.09666666666665
2024-03-07,18.799999999999997,25.0,42.21,71.1,30.600000000000005,109.44000000000001,32.46,33.199999999999996,9.200000000000001,37.29999999999999,39.839999999999996,57.83999999999998,13.0,10.400000000000002,63.089999999999996,14.429999999999994,25.209999999999994,40.14,44.74999999999998,62.21
2024-03-08,18.299999999999997,25.49999999999999,43.65000000000001,71.2,30.550000000000004,112.61,32.82000000000001,32.800000000000004,9.200000000000001,37.95000000000002,40.03999999999999,58.82999999999998,13.200000000000001,10.2,65.2,14.33,24.94,40.73,44.999999999999986,62.14
2024-03-09,18.299999999999997,28.000000000000004,46.67,72.3,31.599999999999994,112.35000000000008,32.73,32.6,9.1,38.8,42.200000000000024,58.630000000000024,13.500000000000004,10.3,65.11,15.030000000000003,24.53,40.53999999999998,45.4,62.21
2024-03-10,18.299999999999997,28.500000000000004,49.910000000000004,71.40000000000002,31.699999999999992,111.75000000000004,32.73,32.900000000000006,9.200000000000001,38.29999999999999,41.710000000000015,58.440000000000005,13.450000000000001,10.05,63.86,14.930000000000003,24.259999999999994,40.34000000000001,45.4,61.87
2024-03-11,18.299999999999997,29.400000000000006,53.06000000000002,70.8,32.150000000000006,112.35000000000008,32.73,32.849999999999994,9.399999999999997,39.99999999999999,43.08000000000002,58.440000000000005,13.200000000000001,10.400000000000002,63.760000000000005,15.130000000000008,25.2,40.88,44.999999999999986,61.54
2024-03-12,18.499999999999996,29.400000000000006,52.91,70.8,32.133333333333326,111.98000000000002,32.82000000000001,32.66666666666667,9.366666666666662,39.95,43.14666666666668,58.240000000000016,13.366666666666662,10.633333333333335,63.53666666666666,15.196666666666665,25.299999999999997,40.946666666666665,44.999999999999986,61.31666666666666
2024-03-13,18.699999999999996,29.400000000000006,52.75999999999999,70.8,32.11666666666666,111.61000000000001,32.91,32.483333333333334,9.333333333333336,39.9,43.21333333333336,58.04000000000002,13.533333333333335,10.866666666666667,63.31333333333334,15.263333333333334,25.400000000000002,41.013333333333335,44.999999999999986,61.093333333333334
2024-03-14,18.9,29.400000000000006,52.61,70.8,32.10000000000001,111.24000000000002,33.0,32.29999999999999,9.300000000000002,39.85000000000001,43.28000000000002,57.83999999999998,13.699999999999998,11.1,63.089999999999996,15.329999999999997,25.5,41.08,44.999999999999986,60.87000000000001
2024-03-15,18.9,29.0,56.21999999999999,70.59999999999998,31.900000000000002,111.92000000000006,32.64,32.29999999999999,9.300000000000002,39.499999999999986,42.69000000000002,59.61999999999998,13.549999999999999,11.7,63.760000000000005,15.130000000000008,25.299999999999997,41.22999999999999,46.05000000000001,60.6
2024-03-16,19.589999999999996,29.2,56.76000000000002,72.20000000000002,31.900000000000002,115.01,33.089999999999996,32.35000000000001,9.200000000000001,42.249999999999986,42.79000000000001,60.32000000000001,13.549999999999999,11.7,64.24,15.030000000000003,25.5,41.92,46.35000000000001,60.87000000000001
2024-03-17,19.589999999999996,30.6,54.600000000000016,72.40000000000002,32.59999999999999,116.12,33.459999999999994,33.199999999999996,9.300000000000002,42.35,44.75000000000001,59.43,13.650000000000004,11.5,64.44,15.63,25.799999999999997,43.49999999999999,46.75,61.94
2024-03-18,19.589999999999996,30.499999999999996,55.21999999999999,75.49999999999999,32.59999999999999,115.35,33.550000000000004,33.099999999999994,9.399999999999997,43.00000000000001,44.650000000000006,59.13000000000001,14.6,11.600000000000005,64.24,15.93,26.050000000000004,43.49999999999999,46.85000000000001,61.39999999999999
2024-03-19,19.589999999999996,30.166666666666668,54.529999999999994,75.80000000000001,32.51666666666666,114.92333333333332,33.550000000000004,33.18333333333334,9.399999999999997,42.83333333333334,44.390000000000015,59.26333333333334,14.650000000000002,11.55,64.05,15.83,25.96666666666667,43.38666666666666,46.79999999999999,61.42333333333333
2024-03-20,19.589999999999996,29.833333333333336,53.84,76.10000000000001,32.43333333333334,114.49666666666668,33.550000000000004,33.266666666666666,9.399999999999997,42.66666666666666,44.13000000000001,59.396666666666675,14.699999999999996,11.5,63.86,15.73,25.883333333333333,43.27333333333333,46.75,61.44666666666666
2024-03-21,19.589999999999996,29.5,53.15,76.4,32.35000000000001,114.07,33.550000000000004,33.349999999999994,9.399999999999997,42.5,43.870000000000005,59.53000000000001,14.750000000000004,11.45,63.67,15.63,25.799999999999997,43.16,46.7,61.47
2024-03-22,18.299999999999997,30.79999999999999,55.39999999999999,75.80000000000001,32.89999999999999,116.63999999999997,33.17999999999999,33.65,9.499999999999998,43.849999999999994,44.559999999999995,60.02,14.899999999999997,11.45,63.48,16.029999999999998,25.5,43.599999999999994,46.449999999999996,60.94
2024-03-23,18.299999999999997,30.199999999999996,55.14,73.89999999999999,32.50000000000001,118.35000000000004,33.269999999999996,33.00000000000001,10.4,43.39999999999998,44.160000000000004,60.52,14.2,11.400000000000002,63.089999999999996,16.519999999999992,26.5,44.589999999999996,45.5,60.67000000000001
2024-03-24,18.299999999999997,31.100000000000016,57.300000000000004,75.80000000000001,32.99999999999999,117.92999999999998,33.59000000000001,33.24999999999999,10.500000000000002,43.79999999999998,44.94999999999999,61.50999999999998,14.6,11.850000000000001,64.24,16.72,26.549999999999994,45.37999999999999,45.55,60.87000000000001
2024-03-25,18.299999999999997,29.900000000000002,53.78000000000001,73.49999999999999,31.699999999999992,113.12000000000006,32.35999999999999,32.49999999999999,9.7,42.000000000000014,43.08000000000002,60.02,14.45,11.3,63.279999999999994,15.83,25.949999999999996,43.4,44.949999999999996,60.34000000000001
2024-03-26,18.299999999999997,29.999999999999996,53.57000000000001,73.49999999999999,31.783333333333328,113.38000000000001,32.423333333333325,32.46666666666667,9.733333333333334,42.099999999999994,43.40666666666669,59.85666666666666,14.500000000000002,11.3,63.31333333333334,15.926666666666666,25.783333333333324,43.4,44.983333333333334,60.34000000000001
2024-03-27,18.299999999999997,30.10000000000001,53.360000000000014,73.49999999999999,31.866666666666678,113.64000000000003,32.486666666666665,32.43333333333332,9.766666666666667,42.19999999999999,43.733333333333356,59.69333333333332,14.55,11.3,63.346666666666664,16.023333333333333,25.616666666666667,43.4,45.01666666666668,60.34000000000001
2024-03-28,18.299999999999997,30.199999999999996,53.15,73.49999999999999,31.950000000000006,113.9,32.55,32.400000000000006,9.8,42.299999999999976,44.06000000000002,59.53000000000001,14.6,11.3,63.38000000000001,16.12,25.449999999999996,43.4,45.05000000000002,60.34000000000001
2024-03-29,17.799999999999997,30.9,55.95000000000001,75.49999999999999,32.10000000000001,117.50000000000001,32.96000000000001,32.20000000000001,9.7,43.849999999999994,44.46000000000001,61.010000000000005,14.95,12.050000000000006,64.05,16.320000000000004,25.599999999999994,43.699999999999996,45.05000000000002,60.67000000000001
2024-03-30,17.799999999999997,30.6,54.04999999999999,75.00000000000001,31.650000000000002,116.38000000000002,32.46,31.64999999999999,10.000000000000004,42.84999999999999,43.38,60.02,14.6,12.600000000000003,63.57000000000001,15.93,25.400000000000002,44.39999999999999,44.399999999999984,60.06999999999999
2024-03-31,17.209999999999997,30.39999999999999,53.330000000000005,77.2,31.999999999999993,115.78000000000002,32.769999999999996,31.800000000000008,9.900000000000002,43.5,43.08000000000002,62.29999999999999,14.650000000000002,12.500000000000002,63.0,16.029999999999998,24.999999999999996,43.699999999999996,43.14999999999999,59.26000000000001
2024-04-01,17.31,30.499999999999996,54.86000000000001,76.60000000000001,31.650000000000002,115.44000000000003,32.91,31.900000000000002,9.7,42.5,42.59,63.100000000000016,14.500000000000002,12.700000000000001,62.71,15.83,25.2,44.0,43.55,58.33
2024-04-02,17.77333333333333,30.79999999999999,56.123333333333335,76.96666666666668,31.866666666666656,116.0966666666667,33.45666666666666,32.13333333333332,9.766666666666667,42.683333333333316,42.720000000000006,63.230000000000004,14.666666666666663,12.983333333333333,62.933333333333344,15.926666666666666,25.46666666666667,44.33333333333333,43.68333333333333,58.55333333333332
2024-04-03,18.236666666666665,31.100000000000016,57.38666666666666,77.33333333333333,32.08333333333333,116.75333333333332,34.00333333333331,32.366666666666674,9.833333333333336,42.86666666666665,42.85000000000002,63.36,14.833333333333334,13.26666666666667,63.156666666666666,16.023333333333333,25.73333333333332,44.666666666666664,43.81666666666668,58.776666666666664
2024-04-04,18.699999999999996,31.4,58.650000000000006,77.7,32.300000000000004,117.40999999999998,34.55,32.6,9.900000000000002,43.05,42.98,63.49,15.000000000000004,13.550000000000002,63.38000000000001,16.12,26.0,45.00000000000001,43.95,58.99999999999999
2024-04-05,18.599999999999998,32.20000000000002,61.709999999999994,77.5,32.24999999999999,119.3,34.089999999999996,32.800000000000004,10.000000000000004,43.900000000000006,43.38,63.3,14.4,14.45,63.279999999999994,16.419999999999998,25.799999999999997,44.94999999999999,44.10000000000001,59.33
2024-04-06,18.699999999999996,32.10000000000001,60.54000000000001,78.09999999999998,31.699999999999992,120.16000000000001,33.67999999999999,32.400000000000006,9.900000000000002,44.8,42.69000000000002,61.50999999999998,14.250000000000002,15.450000000000005,65.68,16.029999999999998,25.799999999999997,43.85,44.20000000000001,59.4
2024-04-07,17.799999999999997,31.899999999999988,61.62000000000001,78.09999999999998,31.799999999999994,119.73000000000002,33.17999999999999,32.6,9.8,44.349999999999994,42.79000000000001,61.40999999999999,14.3,15.850000000000005,64.44,15.93,25.750000000000007,42.5,43.70000000000002,59.530000000000015
2024-04-08,18.799999999999997,31.499999999999993,61.62000000000001,77.60000000000001,31.699999999999992,121.78,33.90999999999999,32.800000000000004,10.099999999999998,44.349999999999994,43.08000000000002,61.61,14.4,16.55,65.01,16.12,25.599999999999994,42.64999999999999,43.50000000000002,59.199999999999996
2024-04-09,18.799999999999997,31.53333333333334,61.95000000000001,77.43333333333332,31.733333333333327,122.35333333333338,33.90999999999999,33.033333333333324,10.066666666666663,44.499999999999986,43.14666666666668,61.90666666666667,14.266666666666667,16.533333333333335,64.82000000000001,16.186666666666667,25.566666666666663,42.7,43.483333333333334,59.086666666666666
2024-04-10,18.799999999999997,31.566666666666666,62.27999999999998,77.26666666666665,31.766666666666666,122.92666666666669,33.90999999999999,33.266666666666666,10.03333333333333,44.65,43.21333333333336,62.20333333333332,14.133333333333336,16.516666666666666,64.63,16.25333333333333,25.53333333333333,42.74999999999999,43.46666666666666,58.97333333333334
2024-04-11,18.799999999999997,31.599999999999998,62.60999999999999,77.09999999999998,31.799999999999994,123.5,33.90999999999999,33.49999999999999,10.000000000000004,44.8,43.28000000000002,62.500000000000014,14.0,16.500000000000004,64.44,16.320000000000004,25.5,42.8,43.44999999999999,58.860000000000014
2024-04-12,18.799999999999997,31.199999999999985,61.79999999999997,75.80000000000001,32.10000000000001,125.64000000000003,33.82,33.199999999999996,9.900000000000002,45.1,43.67000000000002,61.809999999999995,14.2,17.549999999999997,63.760000000000005,16.419999999999998,25.349999999999998,43.0,43.200000000000024,58.33
2024-04-13,17.899999999999995,31.199999999999985,62.7,77.8,32.45,131.09,34.49999999999999,33.49999999999999,9.900000000000002,45.75000000000002,44.559999999999995,62.9,14.2,17.4,64.24,16.620000000000005,25.799999999999997,43.49999999999999,43.29999999999999,59.33
2024-04-14,17.499999999999996,31.599999999999998,63.06000000000003,78.6,32.199999999999996,129.1,35.089999999999996,33.9,10.099999999999998,45.2,44.46000000000001,63.49,13.95,17.250000000000004,64.15,16.419999999999998,26.299999999999997,44.099999999999994,43.200000000000024,59.129999999999995
2024-04-15,17.599999999999998,30.499999999999996,63.06000000000003,78.0,31.199999999999996,130.1,34.089999999999996,32.800000000000004,9.900000000000002,42.8,42.89000000000001,62.500000000000014,13.299999999999999,17.3,63.48,15.530000000000001,25.599999999999994,42.1,42.0,58.530000000000015
2024-04-16,17.699999999999996,30.166666666666668,62.430000000000014,77.4,31.149999999999995,129.37,34.10666666666667,32.783333333333324,10.03333333333333,42.766666666666666,42.69333333333335,62.17,13.333333333333336,17.499999999999996,63.41333333333333,15.530000000000001,25.400000000000002,41.733333333333334,42.0,58.43999999999999
2024-04-17,17.799999999999997,29.833333333333336,61.79999999999997,76.80000000000001,31.099999999999994,128.64000000000001,34.123333333333335,32.766666666666666,10.166666666666673,42.733333333333334,42.49666666666667,61.84000000000002,13.36666666666667,17.7,63.34666666666666,15.530000000000001,25.2,41.36666666666667,42.0,58.35
2024-04-18,17.899999999999995,29.5,61.17000000000001,76.19999999999999,31.050000000000008,127.91000000000001,34.13999999999999,32.75000000000001,10.3,42.69999999999998,42.300000000000004,61.50999999999998,13.4,17.9,63.279999999999994,15.530000000000001,24.999999999999996,40.999999999999986,42.0,58.25999999999999
2024-04-19,16.909999999999997,29.100000000000005,61.62000000000001,76.19999999999999,31.400000000000002,127.12000000000002,34.36,32.35000000000001,10.3,43.00000000000001,42.79000000000001,61.709999999999994,13.599999999999998,19.149999999999995,63.19,15.83,24.899999999999988,41.75000000000001,42.10000000000001,58.25999999999999
2024-04-20,18.499999999999996,29.2,62.969999999999985,75.60000000000001,31.450000000000003,130.59000000000003,34.27,32.49999999999999,10.000000000000004,43.09999999999999,42.79000000000001,62.8,12.8,19.900000000000002,62.60999999999999,15.83,24.55,41.8,41.50000000000001,57.930000000000014
2024-04-21,17.599999999999998,29.400000000000006,62.969999999999985,75.80000000000001,31.35,132.37999999999997,34.13999999999999,32.20000000000001,10.000000000000004,42.650000000000006,42.50000000000001,62.99999999999999,12.55,18.55,63.279999999999994,15.83,24.450000000000006,41.2,41.45000000000001,57.52
2024-04-22,18.099999999999998,29.999999999999996,63.60000000000001,76.19999999999999,31.450000000000003,135.16000000000005,34.089999999999996,32.20000000000001,9.8,42.69999999999998,42.200000000000024,62.99999999999999,12.399999999999999,19.1,63.279999999999994,15.73,24.1,40.9,41.649999999999984,57.52
2024-04-23,18.69666666666667,29.266666666666673,62.33999999999999,75.36666666666669,30.83333333333332,133.83666666666667,33.833333333333336,32.01666666666667,9.7,41.71666666666667,41.67666666666668,62.50333333333335,12.466666666666669,18.68333333333333,63.12,15.396666666666665,24.133333333333322,40.84999999999998,41.46666666666666,57.410000000000004
2024-04-24,19.293333333333333,28.53333333333333,61.079999999999984,74.53333333333332,30.21666666666666,132.51333333333335,33.57666666666667,31.833333333333332,9.6,40.733333333333334,41.15333333333335,62.00666666666666,12.533333333333331,18.266666666666673,62.96,15.063333333333334,24.166666666666668,40.79999999999999,41.28333333333334,57.3
2024-04-25,19.889999999999997,27.8,59.81999999999999,73.69999999999999,29.600000000000005,131.18999999999997,33.31999999999999,31.64999999999999,9.499999999999998,39.75000000000001,40.63000000000001,61.50999999999998,12.6,17.850000000000005,62.800000000000004,14.730000000000004,24.2,40.75,41.1,57.190000000000005
2024-04-26,18.399999999999995,28.10000000000001,57.390000000000015,73.89999999999999,29.9,129.1,33.73,31.59999999999999,9.7,39.9,40.92000000000001,61.50999999999998,12.499999999999998,17.250000000000004,62.800000000000004,14.930000000000003,24.2,41.6,41.2,57.190000000000005
2024-04-27,18.399999999999995,28.200000000000003,58.379999999999995,74.00000000000001,29.750000000000004,130.89,33.64,31.300000000000008,9.7,39.65,40.92000000000001,62.10000000000001,12.700000000000001,17.850000000000005,62.52000000000001,14.930000000000003,23.999999999999996,41.6,41.2,56.990000000000016
2024-04-28,18.399999999999995,27.499999999999996,57.120000000000005,74.49999999999999,29.750000000000004,131.88000000000002,34.089999999999996,31.300000000000008,10.4,38.5,40.430000000000014,62.9,12.449999999999996,18.400000000000002,62.60999999999999,14.730000000000004,24.299999999999994,42.0,40.99999999999999,56.990000000000016
2024-04-29,18.399999999999995,27.199999999999996,54.96,74.69999999999999,28.799999999999994,129.6,33.550000000000004,30.999999999999993,10.4,38.55,39.839999999999996,62.4,12.1,17.4,62.800000000000004,14.730000000000004,23.699999999999996,41.4,41.2,56.990000000000016
2024-04-30,18.399999999999995,27.33333333333332,55.35000000000002,75.13333333333334,29.0,128.97000000000003,33.580000000000005,31.333333333333336,10.3,38.9,39.973333333333336,63.53333333333334,12.133333333333336,17.599999999999998,62.96,14.796666666666667,23.800000000000004,41.53333333333333,41.25,57.190000000000005
2024-05-01,18.399999999999995,27.466666666666672,55.740000000000016,75.56666666666666,29.2,128.33999999999995,33.61,31.66666666666666,10.2,39.25,40.10666666666667,64.66666666666664,12.16666666666667,17.8,63.12,14.86333333333333,23.899999999999988,41.66666666666665,41.29999999999999,57.39
2024-05-02,18.399999999999995,27.6,56.129999999999995,76.00000000000001,29.39999999999999,127.71,33.64,32.0,10.099999999999998,39.60000000000001,40.24000000000001,65.79999999999998,12.2,18.000000000000004,63.279999999999994,14.930000000000003,23.999999999999996,41.8,41.35000000000001,57.59
2024-05-03,18.399999999999995,28.300000000000004,56.94000000000001,76.29999999999998,29.750000000000004,127.12000000000002,34.459999999999994,32.29999999999999,10.099999999999998,40.150000000000006,41.510000000000005,65.99999999999999,12.300000000000004,17.850000000000005,63.48,15.130000000000008,24.499999999999996,43.15000000000001,41.59999999999997,58.99999999999999
2024-05-04,18.9,28.10000000000001,56.58,76.5,30.00000000000001,130.1,34.40999999999999,32.35000000000001,10.099999999999998,39.65,41.320000000000014,65.5,12.249999999999998,18.6,63.48,15.130000000000008,24.24999999999999,43.0,41.35000000000001,59.199999999999996
2024-05-05,18.199999999999996,28.7,58.02000000000002,76.80000000000001,29.9,134.86000000000004,34.49999999999999,32.29999999999999,10.000000000000004,39.550000000000004,41.710000000000015,65.10000000000001,12.35,18.35,63.67,15.230000000000008,24.1,43.0,41.4,58.860000000000014
2024-05-06,18.199999999999996,28.600000000000005,57.83999999999999,76.69999999999999,29.9,137.74,34.81999999999999,32.7,10.000000000000004,39.3,41.910000000000004,65.6,11.950000000000003,18.299999999999997,64.44,15.130000000000008,23.75,44.0,41.4,58.860000000000014
2024-05-07,18.499999999999996,29.333333333333332,57.72,76.53333333333333,30.033333333333324,138.03999999999996,34.48666666666666,32.66666666666667,9.96666666666667,39.45,42.006666666666675,66.06666666666665,11.9,18.400000000000002,64.56666666666666,15.196666666666665,23.516666666666666,44.03333333333333,41.066666666666656,58.683333333333316
2024-05-08,18.799999999999997,30.066666666666663,57.599999999999994,76.36666666666667,30.166666666666675,138.34000000000003,34.153333333333336,32.63333333333333,9.933333333333337,39.60000000000001,42.103333333333346,66.53333333333333,11.849999999999998,18.500000000000004,64.69333333333333,15.263333333333334,23.28333333333333,44.06666666666665,40.733333333333334,58.50666666666666
2024-05-09,19.099999999999998,30.79999999999999,57.48,76.19999999999999,30.300000000000004,138.64000000000004,33.82,32.6,9.900000000000002,39.75000000000001,42.200000000000024,67.0,11.800000000000004,18.6,64.82,15.329999999999997,23.049999999999997,44.099999999999994,40.39999999999999,58.33
2024-05-10,19.099999999999998,30.9,58.110000000000014,76.5,30.550000000000004,136.55,34.089999999999996,32.7,10.000000000000004,42.000000000000014,43.38,66.8,11.950000000000003,18.400000000000002,64.72,15.63,23.29999999999999,43.4,40.8,58.92999999999999
2024-05-11,19.099999999999998,31.599999999999998,59.64,76.80000000000001,30.049999999999997,133.07000000000002,34.459999999999994,32.400000000000006,10.000000000000004,41.39999999999998,42.59,65.2,11.999999999999998,17.8,64.05,15.329999999999997,23.1,42.94999999999999,40.6,59.26000000000001
2024-05-12,19.099999999999998,31.199999999999985,58.74,75.80000000000001,29.800000000000004,132.07999999999998,35.05,32.20000000000001,9.900000000000002,42.14999999999999,42.200000000000024,64.8,12.05,17.549999999999997,63.57000000000001,15.230000000000008,23.64999999999999,43.0,41.1,58.92999999999999
2024-05-13,17.599999999999998,30.6,57.48,74.80000000000001,29.849999999999998,132.87999999999997,34.55,32.0,9.900000000000002,41.699999999999996,41.910000000000004,64.8,12.2,17.549999999999997,63.57000000000001,15.030000000000003,23.349999999999994,43.0,41.74999999999999,58.599999999999994
2024-05-14,17.666666666666664,30.833333333333336,56.97,74.69999999999999,29.81666666666667,132.51333333333335,34.48666666666666,32.03333333333333,9.866666666666669,41.816666666666684,42.006666666666675,64.63333333333334,12.15,17.150000000000002,63.53999999999999,15.030000000000003,23.28333333333333,43.266666666666666,41.61666666666667,58.576666666666654
2024-05-15,17.73333333333333,31.066666666666663,56.459999999999994,74.6,29.783333333333335,132.14666666666668,34.42333333333333,32.06666666666666,9.833333333333336,41.93333333333334,42.103333333333346,64.46666666666668,12.1,16.75,63.50999999999999,15.030000000000003,23.21666666666667,43.533333333333324,41.48333333333331,58.55333333333332
2024-05-16,17.799999999999997,31.299999999999997,55.95000000000001,74.49999999999999,29.750000000000004,131.77999999999997,34.36,32.09999999999999,9.8,42.050000000000004,42.200000000000024,64.29999999999998,12.05,16.350000000000005,63.48,15.030000000000003,23.150000000000006,43.8,41.35000000000001,58.530000000000015
2024-05-17,17.799999999999997,30.9,54.04999999999999,74.00000000000001,29.7,133.07000000000002,34.36,32.49999999999999,9.7,42.099999999999994,42.200000000000024,64.09999999999998,12.05,16.500000000000004,63.38000000000001,15.030000000000003,22.4,44.0,41.04999999999998,58.79999999999999
2024-05-18,17.799999999999997,29.2,50.63000000000001,71.8,28.500000000000007,130.99000000000004,33.550000000000004,33.00000000000001,9.6,41.1,40.73,63.50000000000001,11.849999999999998,15.4,63.0,14.139999999999999,20.949999999999996,42.0,40.6,58.860000000000014
2024-05-19,17.599999999999998,29.700000000000014,51.53000000000002,71.2,28.750000000000007,127.02000000000001,33.459999999999994,33.449999999999996,9.6,41.29999999999999,41.61000000000001,64.99999999999999,12.35,15.35,63.19,14.429999999999994,21.099999999999998,42.3,40.54999999999999,58.860000000000014
2024-05-20,17.599999999999998,29.0,50.450000000000024,70.99999999999997,28.049999999999994,125.13000000000002,33.269999999999996,33.39999999999999,9.6,39.9,41.510000000000005,65.6,11.950000000000003,14.600000000000001,62.60999999999999,14.139999999999999,20.249999999999993,41.05,40.75000000000001,58.530000000000015
2024-05-21,17.833333333333336,28.866666666666664,49.879999999999995,71.40000000000002,27.800000000000008,124.50000000000004,33.12,33.48333333333334,9.6,38.98333333333333,41.086666666666666,65.5,11.950000000000003,14.383333333333333,62.64333333333333,14.006666666666668,20.200000000000003,41.03333333333334,40.75000000000001,58.57333333333333
2024-05-22,18.066666666666663,28.733333333333345,49.309999999999995,71.8,27.55,123.87000000000003,32.96999999999999,33.56666666666666,9.6,38.06666666666666,40.66333333333335,65.39999999999999,11.950000000000003,14.16666666666667,62.67666666666668,13.873333333333331,20.15,41.016666666666666,40.75000000000001,58.616666666666674
2024-05-23,18.299999999999997,28.600000000000005,48.74000000000001,72.20000000000002,27.3,123.24000000000002,32.82000000000001,33.65,9.6,37.15,40.24000000000001,65.3,11.950000000000003,13.950000000000005,62.71,13.74,20.099999999999994,40.999999999999986,40.75000000000001,58.66
2024-05-24,18.299999999999997,27.90000000000001,48.74000000000001,70.99999999999997,27.450000000000003,124.62999999999998,32.27,32.400000000000006,9.499999999999998,34.70000000000001,39.75,62.500000000000014,11.599999999999998,14.900000000000002,63.19,13.74,19.449999999999996,41.1,40.85000000000001,58.530000000000015
2024-05-25,18.999999999999996,28.40000000000001,49.10000000000002,71.5,27.6,125.13000000000002,32.73,32.20000000000001,9.499999999999998,35.4,40.24000000000001,61.39999999999998,11.849999999999998,14.600000000000001,62.9,13.74,20.200000000000003,42.0,40.900000000000006,58.530000000000015
2024-05-26,17.899999999999995,28.200000000000003,48.11,70.99999999999997,27.699999999999996,124.14000000000003,32.73,31.549999999999994,9.300000000000002,35.7,40.24000000000001,60.99999999999999,11.749999999999998,14.050000000000002,62.9,13.53999999999999,20.050000000000004,41.55,41.59999999999997,58.39999999999999
2024-05-27,17.899999999999995,28.900000000000006,50.9,74.00000000000001,27.95,127.12000000000002,32.73,32.050000000000004,9.200000000000001,35.15000000000001,41.02000000000002,60.99999999999999,12.05,13.950000000000005,63.089999999999996,13.74,19.85,41.75000000000001,41.59999999999997,58.39999999999999
2024-05-28,18.199999999999996,28.866666666666664,50.92999999999999,74.00000000000001,27.88333333333333,127.45,32.78999999999999,32.06666666666666,9.333333333333329,35.4,40.823333333333345,61.33333333333334,12.16666666666667,14.083333333333332,63.53999999999999,13.773333333333332,19.749999999999993,41.68333333333333,41.59999999999997,58.39999999999999
2024-05-29,18.499999999999996,28.833333333333325,50.959999999999994,74.00000000000001,27.81666666666666,127.78000000000002,32.849999999999994,32.08333333333333,9.466666666666663,35.64999999999999,40.62666666666668,61.66666666666664,12.283333333333333,14.21666666666667,63.99,13.806666666666668,19.65,41.616666666666674,41.59999999999997,58.39999999999999
2024-05-30,18.799999999999997,28.799999999999997,50.989999999999995,74.00000000000001,27.749999999999993,128.11000000000007,32.91,32.09999999999999,9.6,35.900000000000006,40.430000000000014,62.0,12.399999999999999,14.350000000000001,64.44,13.84,19.55,41.55,41.59999999999997,58.39999999999999
2024-05-31,18.599999999999998,28.600000000000005,49.910000000000004,74.6,27.399999999999988,127.12000000000002,32.73,32.0,9.399999999999997,35.20000000000001,39.94000000000001,62.99999999999999,12.15,14.000000000000002,64.92,13.64,18.999999999999996,41.8,42.199999999999996,58.530000000000015
2024-06-01,18.599999999999998,28.600000000000005,49.55,74.1,27.699999999999996,127.71,32.96000000000001,32.0,9.300000000000002,34.85,39.839999999999996,63.800000000000004,12.15,13.3,68.66,13.74,18.999999999999996,41.14999999999999,42.300000000000004,59.66999999999999
2024-06-02,17.699999999999996,28.000000000000004,46.13,71.8,27.85000000000001,123.94,31.639999999999993,31.450000000000003,9.1,32.45000000000001,39.26,62.10000000000001,11.800000000000004,13.3,67.41,13.84,17.699999999999996,39.30000000000001,42.10000000000001,60.67000000000001
2024-06-03,17.699999999999996,28.500000000000004,47.120000000000005,72.20000000000002,27.899999999999995,122.35000000000005,31.819999999999993,31.549999999999994,9.200000000000001,34.70000000000001,39.26,62.9,12.1,13.500000000000005,68.56,13.84,17.999999999999996,39.50000000000001,42.0,59.33
2024-06-04,17.83333333333333,27.633333333333336,46.023333333333355,71.63333333333334,27.249999999999996,120.82666666666668,31.66666666666667,31.08333333333333,9.066666666666666,34.66666666666667,38.54000000000001,62.46666666666666,11.933333333333334,13.2,67.88666666666667,13.439999999999996,17.666666666666664,38.93333333333332,41.766666666666666,58.92999999999999
2024-06-05,17.966666666666665,26.76666666666666,44.92666666666667,71.06666666666668,26.599999999999994,119.30333333333328,31.51333333333333,30.616666666666667,8.933333333333332,34.63333333333333,37.82000000000001,62.033333333333324,11.766666666666666,12.900000000000002,67.21333333333334,13.039999999999997,17.333333333333336,38.36666666666666,41.53333333333333,58.530000000000015
2024-06-06,18.099999999999998,25.900000000000002,43.83,70.5,25.95,117.78000000000004,31.359999999999996,30.150000000000002,8.800000000000004,34.6,37.10000000000001,61.599999999999994,11.599999999999998,12.600000000000003,66.54,12.639999999999999,16.999999999999993,37.8,41.29999999999999,58.13000000000001
2024-06-07,18.099999999999998,26.39999999999999,45.13999999999999,73.20000000000002,26.350000000000005,119.96999999999996,32.089999999999996,30.549999999999994,8.899999999999999,36.55,37.690000000000005,62.29999999999999,11.849999999999998,13.2,69.71,12.839999999999998,17.499999999999993,39.199999999999996,41.29999999999999,58.39999999999999
2024-06-08,18.099999999999998,26.700000000000006,45.95000000000001,73.00000000000001,26.54999999999999,121.16,32.46,30.199999999999996,8.899999999999999,36.0,37.690000000000005,62.29999999999999,11.55,13.0,70.76,12.939999999999998,17.800000000000004,39.15,42.349999999999994,58.66
2024-06-09,18.099999999999998,26.900000000000006,43.870000000000005,74.49999999999999,26.15,120.55999999999999,32.05,30.199999999999996,8.700000000000003,34.949999999999996,37.290000000000006,62.4,10.75,12.65,69.71,12.839999999999998,17.300000000000004,38.099999999999994,41.800000000000004,58.39999999999999
2024-06-10,18.399999999999995,27.399999999999988,45.77,75.2,26.599999999999994,126.01999999999997,32.41,31.499999999999993,8.700000000000003,36.099999999999994,37.88000000000002,65.6,10.449999999999996,12.75,70.28,12.939999999999998,17.699999999999996,39.00000000000001,41.2,58.66
2024-06-11,17.999999999999996,27.533333333333317,46.07000000000001,75.2,26.68333333333334,127.0466666666667,32.42666666666666,31.566666666666674,8.733333333333336,36.3,38.07666666666668,65.93333333333334,10.466666666666667,12.766666666666667,70.18666666666667,13.006666666666666,17.633333333333333,38.983333333333334,40.99999999999999,58.683333333333316
2024-06-12,17.599999999999998,27.666666666666668,46.370000000000005,75.2,26.76666666666667,128.0733333333333,32.44333333333333,31.633333333333326,8.766666666666671,36.500000000000014,38.27333333333334,66.26666666666668,10.483333333333327,12.783333333333331,70.09333333333333,13.073333333333334,17.56666666666667,38.966666666666676,40.8,58.70666666666666
2024-06-13,17.199999999999996,27.8,46.67,75.2,26.85,129.1,32.46,31.699999999999992,8.800000000000004,36.7,38.470000000000006,66.60000000000001,10.5,12.8,70.0,13.139999999999997,17.499999999999993,38.95,40.6,58.73
2024-06-14,17.199999999999996,27.300000000000008,46.4,74.80000000000001,26.749999999999996,128.8,32.55,31.85000000000001,8.700000000000003,36.349999999999994,38.570000000000014,66.70000000000002,10.449999999999996,12.700000000000001,70.76,13.239999999999997,18.149999999999995,38.34999999999999,40.69999999999999,59.86999999999998
2024-06-15,17.199999999999996,27.300000000000008,45.86,76.5,26.70000000000001,128.61,32.46,31.800000000000008,8.800000000000004,36.14999999999999,38.28,66.60000000000001,10.05,12.600000000000003,70.96,13.139999999999997,17.9,38.05,40.8,58.860000000000014
2024-06-16,17.899999999999995,27.1,44.81999999999999,75.00000000000001,26.4,127.81000000000003,32.27,31.85000000000001,8.700000000000003,35.50000000000001,37.980000000000004,65.90000000000002,10.05,12.100000000000003,70.76,12.839999999999998,17.6,37.25,40.8,58.599999999999994
2024-06-17,18.399999999999995,28.000000000000004,47.03,77.29999999999998,27.199999999999996,129.70000000000002,33.769999999999996,32.49999999999999,8.999999999999998,37.95000000000002,38.860000000000014,69.0,10.400000000000002,12.600000000000003,70.76,13.239999999999997,18.799999999999994,39.50000000000001,41.14999999999999,58.92999999999999
2024-06-18,18.13333333333333,28.200000000000003,47.27000000000002,77.46666666666665,27.266666666666673,129.66666666666669,33.75666666666667,32.55,8.999999999999998,38.033333333333346,39.09000000000002,69.0,10.433333333333334,12.600000000000003,71.46333333333334,13.306666666666665,18.91666666666666,39.56666666666667,41.14999999999999,59.086666666666666
2024-06-19,17.866666666666664,28.40000000000001,47.51,77.63333333333333,27.333333333333332,129.6333333333333,33.74333333333333,32.6,8.999999999999998,38.11666666666667,39.32,69.0,10.466666666666667,12.600000000000003,72.16666666666667,13.373333333333328,19.033333333333328,39.633333333333326,41.14999999999999,59.24333333333333
2024-06-20,17.599999999999998,28.600000000000005,47.75,77.8,27.399999999999988,129.6,33.73,32.649999999999984,8.999999999999998,38.2,39.550000000000004,69.0,10.5,12.600000000000003,72.87,13.439999999999996,19.149999999999995,39.70000000000001,41.14999999999999,59.4
2024-06-21,17.599999999999998,28.500000000000004,47.83999999999998,77.60000000000001,27.649999999999995,130.59000000000003,34.32,33.199999999999996,8.999999999999998,39.04999999999999,39.550000000000004,69.5,10.600000000000001,12.700000000000001,72.49,13.339999999999996,20.449999999999996,40.6,41.7,60.739999999999995
2024-06-22,17.599999999999998,29.400000000000006,47.38999999999999,77.5,28.0,132.58000000000004,34.27,34.2,9.1,39.100000000000016,39.94000000000001,69.79999999999998,10.699999999999998,12.75,72.2,13.64,21.0,40.7,41.85,62.07
2024-06-23,17.599999999999998,29.0,49.28000000000001,78.0,27.800000000000008,132.87999999999997,34.18,34.59999999999999,9.1,39.04999999999999,39.839999999999996,69.99999999999999,10.5,12.75,71.15,13.53999999999999,21.399999999999995,40.7,41.55,61.81
2024-06-24,18.9,29.0,48.46999999999999,77.9,27.899999999999995,132.17999999999998,34.00000000000001,34.95,9.6,39.550000000000004,39.65,69.99999999999999,10.400000000000002,12.700000000000001,71.82,13.439999999999996,21.599999999999998,40.7,41.55,61.81
2024-06-25,18.599999999999998,28.833333333333325,48.17000000000001,77.33333333333336,27.800000000000008,131.6500000000001,34.089999999999996,34.83333333333334,9.533333333333331,39.416666666666664,39.583333333333336,69.93333333333334,10.416666666666664,12.616666666666665,71.33999999999999,13.406666666666665,21.699999999999992,40.68333333333333,41.74999999999999,61.72000000000001
2024-06-26,18.299999999999997,28.666666666666664,47.87,76.76666666666668,27.699999999999996,131.12000000000003,34.18,34.71666666666666,9.466666666666663,39.283333333333324,39.51666666666669,69.86666666666665,10.433333333333334,12.533333333333331,70.86,13.373333333333328,21.8,40.66666666666665,41.95000000000001,61.63
2024-06-27,17.999999999999996,28.500000000000004,47.569999999999986,76.19999999999999,27.6,130.59000000000003,34.27,34.59999999999999,9.399999999999997,39.15,39.45,69.79999999999998,10.449999999999996,12.450000000000001,70.38,13.339999999999996,21.899999999999995,40.65,42.15,61.54
2024-06-28,17.999999999999996,28.7,47.30000000000001,76.80000000000001,27.399999999999988,131.59000000000003,34.089999999999996,34.85000000000001,9.499999999999998,39.199999999999996,39.45,69.79999999999998,10.5,12.100000000000003,70.48,13.439999999999996,21.749999999999996,40.7,45.100000000000016,61.2
2024-06-29,17.999999999999996,28.900000000000006,47.120000000000005,77.09999999999998,27.6,132.37999999999997,34.05,34.9,9.499999999999998,38.85000000000001,39.45,69.4,11.0,12.250000000000002,70.86,13.339999999999996,21.899999999999995,40.9,44.399999999999984,60.94
2024-06-30,17.999999999999996,29.2,48.20000000000001,76.9,27.3,132.78000000000003,34.27,35.0,9.6,38.75000000000001,39.45,69.10000000000001,10.850000000000001,12.150000000000004,70.48,13.239999999999997,21.45,40.9,44.20000000000001,61.2
2024-07-01,16.699999999999996,29.2,47.569999999999986,76.5,27.450000000000003,133.87000000000003,34.27,35.05,9.300000000000002,38.99999999999999,40.03999999999999,69.79999999999998,10.65,11.900000000000002,70.86,13.239999999999997,21.549999999999994,40.999999999999986,44.20000000000001,61.34
2024-07-02,16.88,29.060000000000002,47.605999999999995,76.26,27.3,133.51200000000006,34.326,35.09999999999998,9.26,39.040000000000006,39.962,69.66,10.570000000000004,11.83,70.93599999999999,13.159999999999998,21.71999999999999,41.2,44.16000000000001,61.245999999999995
2024-07-03,17.06,28.92,47.641999999999996,76.02,27.150000000000002,133.154,34.382,35.150000000000006,9.220000000000004,39.080000000000005,39.88400000000001,69.51999999999998,10.490000000000002,11.760000000000002,71.012,13.08,21.890000000000004,41.4,44.120000000000005,61.152
2024-07-04,17.240000000000002,28.779999999999998,47.678000000000004,75.78,26.999999999999996,132.79600000000005,34.438,35.20000000000001,9.18,39.12,39.806000000000004,69.38000000000001,10.410000000000005,11.690000000000005,71.088,13.0,22.060000000000002,41.6,44.080000000000005,61.05800000000001
2024-07-05,17.419999999999998,28.640000000000008,47.714000000000006,75.53999999999999,26.85,132.43800000000002,34.49399999999999,35.25000000000001,9.139999999999997,39.160000000000004,39.72800000000001,69.24,10.329999999999998,11.62,71.164,12.919999999999996,22.23,41.8,44.04,60.964
2024-07-06,17.599999999999998,28.500000000000004,47.75,75.29999999999998,26.70000000000001,132.07999999999998,34.55,35.3,9.1,39.199999999999996,39.65,69.10000000000001,10.25,11.55,71.24,12.839999999999998,22.4,42.0,44.0,60.87000000000001
2024-07-07,17.599999999999998,28.500000000000004,46.93999999999999,74.1,26.250000000000004,129.70000000000002,34.49999999999999,35.0,9.200000000000001,39.199999999999996,39.26,67.90000000000002,10.199999999999998,11.5,71.63,12.739999999999998,21.850000000000005,41.1,45.05000000000002,60.26999999999999
2024-07-08,18.9,28.7,46.67,76.00000000000001,26.599999999999994,131.18999999999997,34.36,35.5,8.999999999999998,39.3,39.75,67.99999999999997,10.25,11.200000000000001,72.3,12.839999999999998,21.599999999999998,41.1,44.64999999999999,60.34000000000001
2024-07-09,18.9,28.7,46.429999999999986,75.80000000000001,26.666666666666675,130.9233333333333,34.3,35.483333333333334,8.999999999999998,39.11666666666668,39.813333333333354,67.83333333333331,10.300000000000002,11.316666666666668,72.10666666666667,12.839999999999998,21.63333333333333,41.1,44.33333333333334,60.34000000000001
2024-07-10,18.9,28.7,46.19,75.60000000000001,26.733333333333338,130.6566666666666,34.239999999999995,35.46666666666667,8.999999999999998,38.93333333333333,39.876666666666665,67.66666666666669,10.350000000000001,11.433333333333334,71.91333333333333,12.839999999999998,21.66666666666666,41.1,44.01666666666667,60.34000000000001
2024-07-11,18.9,28.7,45.95000000000001,75.4,26.799999999999997,130.39,34.18,35.449999999999996,8.999999999999998,38.75000000000001,39.94000000000001,67.50000000000001,10.400000000000002,11.55,71.72,12.839999999999998,21.699999999999992,41.1,43.70000000000002,60.34000000000001
2024-07-12,18.9,28.500000000000004,44.60000000000001,75.2,26.650000000000002,129.1,33.90999999999999,34.95,8.899999999999999,37.899999999999984,39.94000000000001,67.79999999999998,10.65,11.45,71.82,12.739999999999998,20.899999999999995,40.9,43.00000000000001,59.530000000000015
2024-07-13,18.9,28.200000000000003,45.32,75.1,26.4,129.70000000000002,33.90999999999999,34.95,8.899999999999999,38.2,39.75,67.79999999999998,10.600000000000001,11.75,71.53,12.739999999999998,21.150000000000002,40.9,43.00000000000001,59.129999999999995
2024-07-14,18.9,28.10000000000001,45.77,75.1,26.4,131.38999999999996,33.769999999999996,35.0,8.999999999999998,38.04999999999999,39.94000000000001,67.50000000000001,10.449999999999996,11.600000000000005,71.63,12.839999999999998,21.150000000000002,40.9,42.900000000000006,59.86999999999998
2024-07-15,18.9,28.10000000000001,46.03999999999999,74.20000000000002,25.999999999999996,132.07999999999998,33.86,34.9,9.1,38.39999999999999,39.65,67.19999999999999,10.449999999999996,11.7,69.9,12.739999999999998,21.500000000000004,41.75000000000001,42.900000000000006,60.13000000000002
2024-07-16,18.9,27.90000000000001,45.82666666666668,73.76666666666667,25.799999999999997,131.45333333333335,33.98333333333333,34.81666666666666,9.033333333333333,38.2833333333333,39.52000000000001,66.83333333333333,10.416666666666664,11.666666666666666,69.58,12.706666666666667,21.233333333333324,41.5,42.616666666666674,59.906666666666666
2024-07-17,18.9,27.700000000000003,45.61333333333331,73.33333333333334,25.59999999999999,130.82666666666668,34.106666666666655,34.73333333333333,8.966666666666665,38.16666666666666,39.38999999999999,66.46666666666667,10.383333333333333,11.633333333333335,69.26,12.67333333333333,20.96666666666667,41.250000000000014,42.33333333333332,59.68333333333332
2024-07-18,18.9,27.499999999999996,45.4,72.89999999999999,25.39999999999999,130.2,34.23,34.64999999999999,8.899999999999999,38.04999999999999,39.26,66.09999999999998,10.350000000000001,11.600000000000005,68.94,12.639999999999999,20.700000000000003,40.999999999999986,42.05,59.46000000000001
2024-07-19,17.899999999999995,28.000000000000004,45.86,74.49999999999999,25.39999999999999,131.98000000000005,34.81999999999999,34.95,9.1,39.45,39.26,66.8,10.449999999999996,11.600000000000005,70.38,12.739999999999998,21.749999999999996,41.849999999999994,42.900000000000006,60.53999999999999
2024-07-20,17.899999999999995,28.200000000000003,47.30000000000001,74.4,25.59999999999999,133.67,34.55,35.7,8.999999999999998,39.80000000000001,39.45,68.20000000000002,10.550000000000002,12.000000000000005,70.28,12.639999999999999,21.749999999999996,41.949999999999996,42.65,60.87000000000001
2024-07-21,17.299999999999997,28.300000000000004,47.03,74.4,25.749999999999996,134.27,34.55,36.00000000000001,9.1,39.7,39.65,68.20000000000002,10.550000000000002,12.000000000000005,70.28,12.639999999999999,22.4,42.150000000000006,42.900000000000006,61.2
2024-07-22,17.299999999999997,29.900000000000002,46.93999999999999,74.69999999999999,27.049999999999997,134.37,34.40999999999999,36.00000000000001,9.200000000000001,39.499999999999986,40.830000000000005,67.99999999999997,10.699999999999998,12.050000000000006,69.71,13.039999999999997,22.199999999999992,41.6,42.300000000000004,60.6
2024-07-23,17.299999999999997,29.833333333333336,46.64000000000001,74.60000000000001,26.983333333333324,133.9366666666667,34.426666666666655,35.966666666666654,9.166666666666668,39.58333333333332,40.73,67.76666666666667,10.600000000000001,12.066666666666666,69.77333333333333,13.006666666666666,22.199999999999992,41.66666666666665,42.31666666666667,60.66666666666664
2024-07-24,17.299999999999997,29.766666666666655,46.34000000000002,74.49999999999999,26.916666666666668,133.50333333333333,34.443333333333335,35.93333333333332,9.133333333333335,39.66666666666666,40.63000000000001,67.53333333333335,10.5,12.083333333333334,69.83666666666667,12.97333333333333,22.199999999999992,41.733333333333334,42.33333333333332,60.73333333333333
2024-07-25,17.299999999999997,29.700000000000014,46.03999999999999,74.4,26.85,133.07000000000002,34.459999999999994,35.89999999999999,9.1,39.75000000000001,40.53000000000001,67.3,10.400000000000002,12.100000000000003,69.9,12.939999999999998,22.199999999999992,41.8,42.349999999999994,60.79999999999999
2024-07-26,18.699999999999996,29.999999999999996,46.67,74.80000000000001,27.55,133.57000000000002,35.0,36.050000000000004,9.1,40.35,40.830000000000005,68.09999999999998,10.5,12.100000000000003,69.75,13.139999999999997,22.549999999999997,41.899999999999984,42.54999999999999,60.99999999999999
2024-07-27,18.699999999999996,29.900000000000002,46.4,75.49999999999999,27.6,133.87000000000003,35.64,36.00000000000001,9.300000000000002,40.55,40.830000000000005,68.7,10.65,12.000000000000005,69.06,13.139999999999997,23.150000000000006,42.4,42.6,62.07
2024-07-28,18.699999999999996,29.79999999999999,46.4,76.09999999999998,27.699999999999996,133.36999999999998,35.77,36.400000000000006,9.399999999999997,40.10000000000001,40.430000000000014,68.29999999999998,10.65,11.900000000000002,70.15,13.039999999999997,22.800000000000004,42.04999999999999,42.6,61.87
2024-07-29,18.699999999999996,29.5,45.95000000000001,75.89999999999999,27.249999999999996,133.2700000000001,35.41,36.99999999999999,9.300000000000002,40.30000000000001,39.94000000000001,67.50000000000001,10.65,12.000000000000005,70.45,12.939999999999998,22.800000000000004,41.75000000000001,42.49999999999999,61.87
2024-07-30,18.333333333333332,29.5,45.89,75.83333333333333,27.399999999999988,133.36999999999998,35.39333333333334,36.98333333333331,9.26666666666667,40.43333333333333,39.90666666666667,67.7,10.716666666666667,12.000000000000005,70.15,12.939999999999998,22.699999999999996,41.68333333333333,42.33333333333332,61.759999999999984
2024-07-31,17.966666666666665,29.5,45.830000000000005,75.76666666666668,27.55,133.46999999999997,35.376666666666665,36.96666666666667,9.233333333333336,40.56666666666667,39.873333333333356,67.89999999999999,10.783333333333333,12.000000000000005,69.85,12.939999999999998,22.6,41.616666666666674,42.16666666666665,61.64999999999999
2024-08-01,17.599999999999998,29.5,45.77,75.7,27.699999999999996,133.57000000000002,35.35999999999999,36.95,9.200000000000001,40.70000000000002,39.839999999999996,68.09999999999998,10.850000000000001,12.000000000000005,69.55,12.939999999999998,22.500000000000004,41.55,42.0,61.54
2024-08-02,17.599999999999998,29.79999999999999,46.76,76.60000000000001,27.399999999999988,134.96000000000004,35.72999999999999,36.50000000000001,9.300000000000002,40.79999999999999,39.65,67.79999999999998,11.15,12.000000000000005,69.55,13.0,22.45,41.6,42.300000000000004,61.54
2024-08-03,17.999999999999996,29.900000000000002,46.03999999999999,76.00000000000001,27.55,134.46999999999997,35.089999999999996,36.00000000000001,9.1,40.70000000000002,40.03999999999999,67.4,10.899999999999999,12.000000000000005,69.55,13.300000000000004,21.199999999999992,40.999999999999986,42.05,62.01
2024-08-04,17.999999999999996,29.600000000000005,45.4,76.00000000000001,27.249999999999996,133.07000000000002,34.00000000000001,36.20000000000001,9.300000000000002,40.04999999999998,40.03999999999999,66.3,10.550000000000002,12.000000000000005,69.75,13.200000000000005,20.599999999999994,40.2,41.35000000000001,61.94
2024-08-05,16.799999999999997,30.39999999999999,45.22000000000001,75.60000000000001,27.699999999999996,133.18000000000006,34.05,35.59999999999999,9.1,39.9,40.73,66.39999999999999,11.2,12.050000000000006,67.97,13.200000000000005,20.799999999999997,39.89999999999999,40.99999999999999,61.74
2024-08-06,16.83333333333333,30.633333333333326,45.22000000000001,75.33333333333331,27.78333333333333,133.18000000000006,34.13999999999999,35.66666666666667,9.133333333333335,40.13333333333333,40.89333333333335,66.36666666666667,11.099999999999998,12.083333333333334,67.50666666666666,13.266666666666664,20.883333333333333,40.03333333333334,40.949999999999996,61.67333333333333
2024-08-07,16.866666666666664,30.86666666666669,45.22000000000001,75.06666666666666,27.866666666666664,133.18000000000006,34.23,35.73333333333333,9.166666666666668,40.36666666666666,41.05666666666667,66.33333333333334,11.0,12.116666666666667,67.04333333333334,13.33333333333333,20.96666666666667,40.16666666666666,40.900000000000006,61.606666666666676
2024-08-08,16.899999999999995,31.100000000000016,45.22000000000001,74.80000000000001,27.95,133.18000000000006,34.32,35.8,9.200000000000001,40.6,41.22000000000001,66.3,10.899999999999999,12.150000000000004,66.58,13.399999999999999,21.050000000000004,40.300000000000004,40.85000000000001,61.54
2024-08-09,17.799999999999997,30.699999999999996,44.78,75.2,28.049999999999994,132.87999999999997,34.089999999999996,35.749999999999986,9.1,39.85000000000001,41.02000000000002,65.2,10.899999999999999,12.200000000000001,67.67,13.300000000000004,21.050000000000004,40.1,40.900000000000006,61.2
2024-08-10,17.799999999999997,30.39999999999999,45.95000000000001,77.0,27.699999999999996,134.46999999999997,34.27,36.099999999999994,9.1,40.20000000000001,40.53000000000001,64.2,11.050000000000002,12.550000000000002,67.27,13.1,21.150000000000002,40.50000000000001,41.59999999999997,60.87000000000001
2024-08-11,17.799999999999997,30.6,48.20000000000001,80.00000000000001,27.35,140.72,34.089999999999996,36.15,8.999999999999998,39.99999999999999,40.34000000000001,64.99999999999999,11.0,12.600000000000003,67.17,13.0,20.799999999999997,40.14999999999999,41.4,61.47
2024-08-12,17.599999999999998,30.699999999999996,47.75,81.1,27.55,138.64000000000004,34.089999999999996,36.24999999999999,9.1,40.30000000000001,40.14000000000001,64.49999999999999,11.0,13.349999999999998,67.17,13.0,21.249999999999996,40.24999999999999,41.800000000000004,61.2
2024-08-13,17.599999999999998,30.666666666666668,47.77999999999999,80.83333333333331,27.399999999999988,137.9766666666667,34.04666666666666,36.18333333333332,9.066666666666666,40.39999999999999,39.976666666666674,64.2,11.0,13.400000000000002,67.00666666666667,13.0,21.13333333333333,40.06666666666667,41.91666666666664,61.18
2024-08-14,17.599999999999998,30.633333333333326,47.81,80.56666666666666,27.249999999999996,137.31333333333333,34.00333333333334,36.11666666666667,9.033333333333333,40.499999999999986,39.813333333333354,63.899999999999984,11.0,13.449999999999996,66.84333333333333,13.0,21.016666666666662,39.88333333333333,42.033333333333346,61.16
2024-08-15,17.599999999999998,30.6,47.83999999999998,80.3,27.1,136.65000000000012,33.959999999999994,36.050000000000004,8.999999999999998,40.6,39.65,63.600000000000016,11.0,13.500000000000005,66.68,13.0,20.899999999999995,39.70000000000001,42.15,61.14
2024-08-16,17.899999999999995,29.400000000000006,46.849999999999994,80.8,26.599999999999994,136.06000000000006,33.49999999999999,36.15,8.999999999999998,40.150000000000006,38.67000000000001,64.4,11.0,13.2,66.28,12.699999999999998,20.099999999999994,39.00000000000001,41.649999999999984,61.14
2024-08-17,17.899999999999995,28.7,46.849999999999994,80.39999999999999,26.300000000000004,135.35999999999999,33.089999999999996,36.29999999999999,8.999999999999998,39.80000000000001,38.37000000000001,65.5,10.800000000000004,13.150000000000006,66.97,12.699999999999998,19.700000000000003,38.199999999999996,41.50000000000001,61.2
2024-08-18,17.899999999999995,28.900000000000006,47.480000000000004,80.99999999999999,26.54999999999999,136.06000000000006,33.35,36.54999999999999,9.1,39.99999999999999,38.76,65.79999999999998,10.800000000000004,13.150000000000006,67.07,12.8,21.050000000000004,38.89999999999999,41.55,61.67
2024-08-19,16.999999999999996,28.600000000000005,46.93999999999999,80.39999999999999,26.250000000000004,136.06000000000006,32.8,36.24999999999999,9.1,39.80000000000001,38.28,65.7,10.600000000000001,13.150000000000006,66.87,12.699999999999998,20.899999999999995,38.89999999999999,41.800000000000004,61.81
2024-08-20,17.266666666666662,28.366666666666664,47.33,80.33333333333334,26.099999999999998,135.56,32.7,36.00000000000001,9.066666666666666,39.33333333333335,38.14666666666667,65.73333333333335,10.600000000000001,13.2,66.84,12.633333333333335,20.799999999999997,38.666666666666664,41.95000000000001,61.72000000000001
2024-08-21,17.53333333333333,28.133333333333336,47.72000000000002,80.26666666666667,25.95,135.06000000000003,32.6,35.749999999999986,9.033333333333333,38.866666666666674,38.01333333333336,65.76666666666665,10.600000000000001,13.25,66.81,12.566666666666666,20.700000000000003,38.43333333333335,42.10000000000001,61.63
2024-08-22,17.799999999999997,27.90000000000001,48.11,80.19999999999999,25.799999999999997,134.56,32.50000000000001,35.5,8.999999999999998,38.39999999999999,37.88000000000002,65.79999999999998,10.600000000000001,13.3,66.78,12.499999999999998,20.599999999999994,38.199999999999996,42.249999999999986,61.54
2024-08-23,16.299999999999997,27.499999999999996,46.580000000000005,78.90000000000002,25.59999999999999,132.17999999999998,32.7,35.0,8.999999999999998,37.45000000000001,37.290000000000006,66.3,10.5,13.600000000000003,66.78,12.499999999999998,20.899999999999995,38.15,42.199999999999996,61.14
2024-08-24,17.399999999999995,27.700000000000003,46.309999999999995,79.39999999999999,25.850000000000005,133.2700000000001,33.3,35.05,8.899999999999999,37.95000000000002,37.59,65.7,10.699999999999998,13.650000000000004,66.78,12.599999999999998,21.599999999999998,39.30000000000001,43.200000000000024,61.2
2024-08-25,16.499999999999996,27.300000000000008,45.59,78.5,25.900000000000006,133.36999999999998,33.64999999999999,34.85000000000001,8.800000000000004,36.85000000000001,37.49000000000001,65.39999999999999,10.550000000000002,13.750000000000005,67.87,12.499999999999998,21.350000000000005,38.89999999999999,42.05,61.34
2024-08-26,16.199999999999996,27.300000000000008,45.68000000000001,77.2,25.65,133.07000000000002,33.15,34.59999999999999,8.899999999999999,36.85000000000001,37.10000000000001,65.5,10.150000000000002,13.900000000000004,67.47,12.399999999999999,21.650000000000002,38.75,41.55,61.39999999999999
2024-08-27,16.599999999999998,27.433333333333334,45.86,77.43333333333332,25.699999999999992,133.36999999999998,33.266666666666666,34.63333333333333,8.899999999999999,37.033333333333324,37.13333333333335,65.5,10.150000000000002,13.85,67.20666666666666,12.399999999999999,21.63333333333333,38.866666666666674,41.51666666666666,61.44666666666666
2024-08-28,16.999999999999996,27.566666666666656,46.03999999999999,77.66666666666667,25.749999999999996,133.67,33.38333333333335,34.66666666666668,8.899999999999999,37.21666666666666,37.16666666666668,65.5,10.150000000000002,13.800000000000002,66.94333333333334,12.399999999999999,21.61666666666667,38.983333333333334,41.48333333333331,61.493333333333325
2024-08-29,17.399999999999995,27.700000000000003,46.22,77.9,25.799999999999997,133.97,33.49999999999999,34.70000000000001,8.899999999999999,37.39999999999999,37.2,65.5,10.150000000000002,13.750000000000005,66.68,12.399999999999999,21.599999999999998,39.099999999999994,41.45000000000001,61.54
2024-08-30,17.399999999999995,28.300000000000004,47.569999999999986,78.0,25.749999999999996,134.46999999999997,33.49999999999999,34.95,8.800000000000004,37.45000000000001,37.2,66.50000000000001,10.199999999999998,13.900000000000004,66.48,12.399999999999999,21.150000000000002,39.099999999999994,41.35000000000001,61.54
2024-08-31,15.999999999999996,28.10000000000001,47.480000000000004,78.09999999999998,25.59999999999999,134.96000000000004,33.49999999999999,34.74999999999999,8.899999999999999,37.199999999999996,37.10000000000001,65.99999999999999,10.350000000000001,13.750000000000005,65.78,12.2,21.249999999999996,39.39999999999999,40.99999999999999,61.34
2024-09-01,16.799999999999997,27.90000000000001,46.76,76.60000000000001,25.65,134.96000000000004,33.49999999999999,35.7,8.899999999999999,37.6,37.10000000000001,66.50000000000001,10.350000000000001,13.750000000000005,65.58,12.2,21.050000000000004,39.849999999999994,41.55,62.609999999999985
2024-09-02,17.899999999999995,27.6,45.59,74.49999999999999,25.749999999999996,133.67,33.15,35.59999999999999,8.800000000000004,37.199999999999996,37.39000000000001,65.99999999999999,10.25,13.900000000000004,65.29,12.0,20.899999999999995,40.7,41.2,62.539999999999985
2024-09-03,17.899999999999995,27.6,45.79999999999999,74.06666666666666,25.566666666666663,133.07333333333335,33.099999999999994,35.63333333333334,8.766666666666671,37.333333333333336,37.32666666666667,65.7,10.266666666666667,13.700000000000008,65.22333333333334,11.933333333333332,20.916666666666664,40.300000000000004,41.2,62.316666666666656
2024-09-04,17.899999999999995,27.6,46.00999999999999,73.63333333333334,25.383333333333333,132.47666666666666,33.04999999999999,35.66666666666667,8.733333333333336,37.46666666666668,37.263333333333335,65.39999999999999,10.283333333333333,13.500000000000005,65.15666666666667,11.866666666666669,20.933333333333337,39.89999999999999,41.2,62.09333333333334
2024-09-05,17.899999999999995,27.6,46.22,73.20000000000002,25.2,131.88000000000002,33.0,35.7,8.700000000000003,37.6,37.2,65.10000000000001,10.300000000000002,13.3,65.09,11.8,20.949999999999996,39.50000000000001,41.2,61.87
2024-09-06,17.899999999999995,27.90000000000001,45.50000000000001,73.09999999999997,25.15,131.68,32.95,35.05,8.700000000000003,37.35,37.0,65.6,10.350000000000001,13.550000000000002,64.99,11.700000000000001,21.150000000000002,39.45,41.29999999999999,61.94
2024-09-07,17.899999999999995,28.10000000000001,46.13,74.20000000000002,25.350000000000005,133.67,33.4,35.89999999999999,8.800000000000004,38.15,37.39000000000001,65.6,10.449999999999996,13.449999999999996,65.29,11.8,21.3,39.89999999999999,41.800000000000004,62.14
2024-09-08,17.899999999999995,28.40000000000001,47.75,73.3,25.499999999999993,134.17000000000002,33.600000000000016,35.59999999999999,8.800000000000004,37.85,37.39000000000001,65.39999999999999,10.400000000000002,13.800000000000002,65.39,11.8,21.699999999999992,39.94999999999998,41.7,62.34
2024-09-09,17.699999999999996,28.000000000000004,48.38000000000002,72.3,25.499999999999993,134.86000000000004,33.550000000000004,35.0,8.800000000000004,37.75,37.59,64.99999999999999,10.350000000000001,14.1,65.19,11.9,21.350000000000005,39.60000000000001,41.04999999999998,61.67
2024-09-10,17.699999999999996,27.933333333333337,49.49,72.69999999999999,25.45,135.69,33.533333333333324,34.98333333333334,8.733333333333336,37.56666666666666,37.49000000000001,64.33333333333333,10.400000000000002,14.233333333333334,65.02333333333333,11.833333333333332,21.183333333333334,39.583333333333336,40.96666666666665,61.626666666666665
2024-09-11,17.699999999999996,27.866666666666667,50.600000000000016,73.09999999999997,25.39999999999999,136.52000000000004,33.516666666666666,34.966666666666654,8.66666666666667,37.38333333333334,37.39000000000001,63.66666666666664,10.449999999999996,14.366666666666669,64.85666666666667,11.766666666666664,21.016666666666673,39.56666666666667,40.88333333333333,61.583333333333336
2024-09-12,17.699999999999996,27.8,51.70999999999999,73.49999999999999,25.350000000000005,137.35000000000002,33.49999999999999,34.95,8.600000000000001,37.199999999999996,37.290000000000006,62.99999999999999,10.5,14.5,64.69,11.700000000000001,20.85,39.54999999999998,40.8,61.54
2024-09-13,17.699999999999996,27.6,52.61,72.5,24.200000000000003,135.86000000000004,33.449999999999996,34.50000000000001,8.600000000000001,37.199999999999996,37.0,60.79999999999998,11.2,14.3,64.39,11.500000000000002,20.700000000000003,39.45,40.54999999999999,61.47
2024-09-14,17.699999999999996,27.300000000000008,52.970000000000006,73.00000000000001,23.799999999999994,136.85000000000005,33.49999999999999,34.349999999999994,8.700000000000003,36.799999999999976,36.500000000000014,61.9,11.300000000000002,13.700000000000008,64.49,11.2,21.099999999999998,39.39999999999999,40.6,61.87
2024-09-15,17.399999999999995,27.1,51.35000000000001,71.40000000000002,23.200000000000003,135.06000000000003,33.35,33.6,8.5,35.7,34.99999999999999,61.3,11.749999999999998,13.800000000000002,64.49,10.8,20.5,38.60000000000001,40.69999999999999,61.54
2024-09-16,15.799999999999999,26.39999999999999,52.16000000000002,70.59999999999998,23.200000000000003,132.98000000000005,32.64999999999999,33.099999999999994,8.399999999999999,34.04999999999999,34.0,59.9,11.800000000000004,12.950000000000003,63.199999999999996,10.300000000000002,19.949999999999996,37.75,40.54999999999999,61.34
2024-09-17,16.03333333333333,26.433333333333337,52.10000000000001,70.5,23.26666666666667,133.01,32.633333333333326,33.16666666666666,8.433333333333334,34.500000000000014,33.96666666666667,59.56666666666666,11.66666666666667,12.900000000000002,63.03666666666667,10.266666666666666,20.050000000000004,37.5,40.5,61.18333333333333
2024-09-18,16.266666666666662,26.466666666666665,52.04,70.39999999999998,23.33333333333334,133.03999999999996,32.61666666666666,33.23333333333334,8.466666666666667,34.949999999999996,33.93333333333334,59.233333333333334,11.533333333333331,12.850000000000001,62.873333333333335,10.233333333333334,20.15,37.25,40.45,61.02666666666666
2024-09-19,16.499999999999996,26.499999999999986,51.98,70.3,23.400000000000002,133.07000000000002,32.6,33.3,8.5,35.4,33.9,58.89999999999999,11.400000000000004,12.8,62.71,10.200000000000003,20.249999999999993,37.0,40.39999999999999,60.87000000000001
2024-09-20,15.699999999999996,26.39999999999999,48.38000000000002,70.0,23.100000000000012,129.1,32.0,33.349999999999994,8.5,34.449999999999996,33.400000000000006,57.5,11.400000000000004,12.8,62.51,10.200000000000003,20.099999999999994,37.0,40.349999999999994,60.19999999999999
2024-09-21,15.799999999999999,26.700000000000006,48.46999999999999,70.3,23.200000000000003,131.48999999999998,32.55,34.00000000000001,8.600000000000001,34.949999999999996,33.1,56.79999999999998,11.65,12.8,63.1,10.300000000000002,20.899999999999995,37.8,40.349999999999994,60.4
2024-09-22,16.999999999999996,26.900000000000006,48.65,71.3,23.6,132.07999999999998,32.8,35.0,8.5,35.15000000000001,33.6,58.69999999999999,11.65,12.8,63.4,10.500000000000002,21.050000000000004,37.89999999999999,40.349999999999994,60.53999999999999
2024-09-23,16.999999999999996,26.8,48.02000000000002,70.99999999999997,23.550000000000004,132.98000000000005,32.6,35.0,8.600000000000001,34.800000000000004,33.300000000000004,59.0,11.7,12.8,63.800000000000004,10.400000000000002,20.749999999999993,37.550000000000004,40.45,60.6
2024-09-24,17.166666666666664,26.900000000000006,47.87,71.40000000000002,23.66666666666666,132.98000000000005,32.66666666666666,35.03333333333333,8.66666666666667,34.81666666666666,33.6,59.0,11.833333333333334,12.75,63.800000000000004,10.400000000000002,20.81666666666666,37.66666666666666,40.633333333333326,60.75666666666665
2024-09-25,17.33333333333333,27.000000000000007,47.72000000000002,71.8,23.78333333333333,132.98000000000005,32.73333333333333,35.06666666666667,8.733333333333336,34.83333333333334,33.9,59.0,11.966666666666665,12.700000000000001,63.800000000000004,10.400000000000002,20.883333333333333,37.78333333333333,40.81666666666667,60.91333333333332
2024-09-26,17.499999999999996,27.1,47.569999999999986,72.20000000000002,23.900000000000002,132.98000000000005,32.8,35.10000000000001,8.800000000000004,34.85,34.2,59.0,12.1,12.65,63.800000000000004,10.400000000000002,20.949999999999996,37.89999999999999,40.99999999999999,61.06999999999999
2024-09-27,17.499999999999996,27.1,48.02000000000002,72.69999999999999,23.85,134.27,33.2,35.3,8.999999999999998,35.300000000000004,33.9,59.999999999999986,12.15,12.8,64.3,10.500000000000002,21.3,38.50000000000001,41.04999999999998,61.81
2024-09-28,17.499999999999996,26.900000000000006,48.65,72.69999999999999,23.500000000000004,137.94,33.15,35.150000000000006,8.999999999999998,35.20000000000001,34.0,60.19999999999999,11.749999999999998,13.0,64.1,10.300000000000002,21.3,37.89999999999999,40.75000000000001,62.01
2024-09-29,17.499999999999996,27.000000000000007,49.01,72.40000000000002,23.6,138.44000000000005,33.04999999999999,35.400000000000006,8.999999999999998,35.25000000000001,33.9,59.999999999999986,11.950000000000003,13.0,64.0,10.400000000000002,21.150000000000002,38.29999999999999,40.69999999999999,61.94
2024-09-30,17.499999999999996,27.199999999999996,51.17,73.20000000000002,23.699999999999996,143.30000000000013,33.15,35.749999999999986,8.999999999999998,35.1,34.4,60.49999999999999,11.950000000000003,13.2,64.1,10.400000000000002,21.199999999999992,38.45,40.5,62.40999999999998
2024-10-01,17.266666666666662,27.166666666666668,51.02,73.00000000000001,23.649999999999995,142.9333333333334,33.04999999999999,35.78333333333333,8.933333333333332,35.11666666666667,34.36666666666667,60.466666666666654,11.849999999999998,13.150000000000006,64.06666666666666,10.400000000000002,21.083333333333325,38.28333333333334,40.45,62.609999999999985
2024-10-02,17.03333333333333,27.133333333333333,50.87,72.8,23.6,142.56666666666672,32.95,35.81666666666667,8.866666666666672,35.13333333333335,34.33333333333333,60.433333333333316,11.749999999999998,13.100000000000001,64.03333333333333,10.400000000000002,20.96666666666667,38.11666666666667,40.39999999999999,62.81
2024-10-03,16.799999999999997,27.1,50.720000000000006,72.6,23.550000000000004,142.2,32.85,35.85000000000001,8.800000000000004,35.15000000000001,34.300000000000004,60.4,11.65,13.05,64.0,10.400000000000002,20.85,37.95,40.349999999999994,63.00999999999999
2024-10-04,16.799999999999997,27.199999999999996,52.52,72.69999999999999,23.24999999999999,145.00000000000006,32.89999999999999,35.89999999999999,8.800000000000004,34.800000000000004,33.8,59.79999999999999,11.800000000000004,13.05,63.4,10.300000000000002,20.700000000000003,37.650000000000006,40.39999999999999,62.21
2024-10-05,16.699999999999996,27.000000000000007,50.9,72.1,23.150000000000002,143.49999999999991,32.85,35.3,8.700000000000003,33.99999999999999,33.6,58.09999999999998,11.400000000000004,12.850000000000001,62.81,10.100000000000003,20.39999999999999,36.9,40.0,62.539999999999985
2024-10-06,16.899999999999995,27.399999999999988,51.35000000000001,73.69999999999999,23.799999999999994,148.50000000000003,33.3,36.400000000000006,8.899999999999999,36.349999999999994,34.100000000000016,60.99999999999999,11.7,13.100000000000001,63.800000000000004,10.500000000000002,21.8,38.29999999999999,40.85000000000001,62.87999999999999
2024-10-07,16.799999999999997,27.399999999999988,52.16000000000002,73.40000000000002,24.0,149.49999999999994,33.79999999999999,36.24999999999999,8.899999999999999,36.20000000000001,33.9,61.1,11.9,13.3,63.60000000000001,10.400000000000002,22.000000000000004,38.29999999999999,41.85,63.00999999999999
2024-10-08,17.03333333333333,27.566666666666656,51.8,73.33333333333334,24.033333333333324,148.6666666666667,34.00000000000001,36.31666666666668,8.899999999999999,36.23333333333333,34.03333333333333,61.1,12.133333333333336,13.26666666666667,63.60000000000001,10.433333333333334,22.066666666666666,38.34999999999999,41.85,63.25666666666666
2024-10-09,17.266666666666662,27.733333333333334,51.44,73.26666666666667,24.066666666666652,147.83333333333331,34.199999999999996,36.38333333333334,8.899999999999999,36.26666666666667,34.166666666666664,61.1,12.366666666666664,13.233333333333333,63.60000000000001,10.46666666666667,22.13333333333333,38.400000000000006,41.85,63.503333333333345
2024-10-10,17.499999999999996,27.90000000000001,51.080000000000005,73.20000000000002,24.10000000000001,147.0,34.39999999999999,36.449999999999996,8.899999999999999,36.3,34.300000000000004,61.1,12.6,13.2,63.60000000000001,10.500000000000002,22.199999999999992,38.45,41.85,63.75000000000001
2024-10-11,15.9,27.90000000000001,50.989999999999995,72.69999999999999,23.900000000000002,149.49999999999994,34.49999999999999,36.35,8.899999999999999,36.05,34.300000000000004,60.79999999999998,12.449999999999996,13.05,63.4,10.500000000000002,22.000000000000004,38.199999999999996,41.2,63.20999999999999
2024-10-12,15.9,27.8,51.35000000000001,72.69999999999999,23.750000000000004,150.5,34.49999999999999,36.35,8.700000000000003,36.349999999999994,34.2,59.999999999999986,12.499999999999998,13.25,63.69999999999999,10.500000000000002,21.850000000000005,38.099999999999994,41.29999999999999,62.40999999999998
2024-10-13,14.799999999999999,27.8,50.18000000000001,72.1,23.950000000000003,150.2,34.55,36.29999999999999,8.800000000000004,36.099999999999994,34.0,59.999999999999986,12.399999999999999,13.25,64.1,10.500000000000002,21.650000000000002,37.85,40.900000000000006,62.539999999999985
2024-10-14,16.099999999999998,27.8,48.830000000000005,71.1,23.6,149.49999999999994,34.45,36.35,8.700000000000003,36.0,33.8,60.99999999999999,12.399999999999999,13.05,63.69999999999999,10.400000000000002,21.500000000000004,37.5,40.8,62.279999999999994
2024-10-15,16.099999999999998,27.866666666666667,49.28000000000001,71.1,23.699999999999996,149.63333333333335,34.49999999999999,36.31666666666668,8.700000000000003,36.05,33.733333333333334,60.99999999999999,12.433333333333335,12.950000000000003,63.96333333333333,10.400000000000002,21.500000000000004,37.5,40.76666666666667,62.279999999999994
2024-10-16,16.099999999999998,27.933333333333337,49.73000000000002,71.1,23.799999999999994,149.76666666666674,34.55,36.28333333333333,8.700000000000003,36.099999999999994,33.666666666666664,60.99999999999999,12.466666666666669,12.850000000000001,64.22666666666666,10.400000000000002,21.500000000000004,37.5,40.733333333333334,62.279999999999994
2024-10-17,16.099999999999998,28.000000000000004,50.18000000000001,71.1,23.900000000000002,149.9,34.6,36.24999999999999,8.700000000000003,36.14999999999999,33.6,60.99999999999999,12.499999999999998,12.75,64.49,10.400000000000002,21.500000000000004,37.5,40.69999999999999,62.279999999999994
2024-10-18,16.099999999999998,27.499999999999996,49.55,70.99999999999997,23.450000000000003,148.00000000000003,35.0,36.24999999999999,8.600000000000001,36.0,33.1,60.3,12.449999999999996,12.8,64.1,10.300000000000002,21.3,37.199999999999996,40.54999999999999,62.21
2024-10-19,15.799999999999999,30.199999999999996,50.089999999999996,71.40000000000002,24.149999999999995,148.7,35.0,36.24999999999999,8.700000000000003,36.05,34.100000000000016,60.19999999999999,12.399999999999999,13.100000000000001,64.19,11.0,21.599999999999998,37.3,40.6,62.279999999999994
2024-10-20,15.799999999999999,31.100000000000016,50.9,70.4,24.200000000000003,148.09999999999997,35.6,36.20000000000001,8.700000000000003,35.55,34.7,59.79999999999999,12.35,13.100000000000001,63.4,11.1,21.050000000000004,36.4,40.300000000000004,61.81
2024-10-21,15.799999999999999,30.999999999999996,50.9,70.3,23.900000000000002,149.49999999999994,35.849999999999994,36.15,8.600000000000001,35.4,34.2,60.6,12.249999999999998,13.700000000000008,64.49,10.8,21.0,36.35,40.5,61.87
2024-10-22,15.733333333333333,31.199999999999985,50.69,70.3,23.83333333333332,149.59999999999988,35.86666666666667,36.18333333333332,8.633333333333335,35.4,34.13333333333333,60.73333333333333,12.449999999999996,13.633333333333335,64.29333333333332,10.733333333333336,20.933333333333337,36.31666666666667,40.53333333333332,61.85000000000001
2024-10-23,15.666666666666666,31.4,50.480000000000004,70.3,23.766666666666666,149.7,35.88333333333333,36.216666666666676,8.66666666666667,35.4,34.06666666666668,60.866666666666674,12.649999999999999,13.566666666666666,64.09666666666666,10.666666666666664,20.866666666666664,36.28333333333334,40.56666666666666,61.829999999999984
2024-10-24,15.6,31.599999999999998,50.27,70.3,23.699999999999996,149.8,35.89999999999999,36.24999999999999,8.700000000000003,35.4,34.0,60.99999999999999,12.849999999999996,13.500000000000005,63.9,10.600000000000001,20.799999999999997,36.24999999999999,40.6,61.81
2024-10-25,16.699999999999996,31.700000000000006,49.55,70.2,23.6,150.4,35.949999999999996,36.20000000000001,8.899999999999999,35.20000000000001,33.7,61.3,12.749999999999998,13.500000000000005,63.800000000000004,10.500000000000002,20.200000000000003,35.7,40.6,61.609999999999985
2024-10-26,16.599999999999998,31.4,50.36,70.7,23.950000000000003,150.8,35.89999999999999,38.20000000000001,8.899999999999999,35.85000000000001,34.0,62.2,12.499999999999998,13.2,63.9,10.700000000000001,20.449999999999996,36.3,40.65,61.81
2024-10-27,16.199999999999996,31.4,49.910000000000004,70.5,24.050000000000008,149.8,35.849999999999994,38.20000000000001,8.899999999999999,35.8,33.9,61.5,12.499999999999998,13.2,63.800000000000004,10.700000000000001,20.749999999999993,36.2,40.65,61.609999999999985
2024-10-28,16.199999999999996,30.39999999999999,48.56,70.4,24.10000000000001,149.59999999999988,35.79999999999999,38.8,8.899999999999999,35.7,34.2,61.39999999999998,11.999999999999998,13.0,63.800000000000004,10.600000000000001,20.599999999999994,36.4,40.54999999999999,61.67
2024-10-29,15.833333333333329,30.233333333333313,48.74000000000001,70.3,23.966666666666676,149.9,35.91666666666666,38.83333333333333,8.899999999999999,35.68333333333335,34.13333333333333,61.26666666666666,11.999999999999998,13.0,63.63333333333333,10.600000000000001,20.733333333333334,36.38333333333334,40.54999999999999,61.626666666666665
2024-10-30,15.466666666666667,30.066666666666663,48.920000000000016,70.2,23.83333333333332,150.2,36.033333333333324,38.866666666666674,8.899999999999999,35.66666666666666,34.06666666666668,61.133333333333326,11.999999999999998,13.0,63.46666666666667,10.600000000000001,20.866666666666664,36.36666666666667,40.54999999999999,61.583333333333336
2024-10-31,15.1,29.900000000000002,49.10000000000002,70.10000000000001,23.699999999999996,150.5,36.14999999999999,38.899999999999984,8.899999999999999,35.64999999999999,34.0,60.99999999999999,11.999999999999998,13.0,63.3,10.600000000000001,21.0,36.35,40.54999999999999,61.54
2024-11-01,15.299999999999999,29.900000000000002,49.25,70.0,23.400000000000002,152.5,36.1,37.79999999999999,8.899999999999999,35.50000000000001,33.9,60.99999999999999,12.05,13.0,63.4,10.400000000000002,20.700000000000003,36.550000000000004,40.54999999999999,60.99999999999999
2024-11-02,15.15,29.949999999999992,49.275000000000006,70.4,23.424999999999994,152.25,35.62499999999999,37.95,8.899999999999999,35.425000000000004,33.85,60.79999999999998,12.175,13.25,63.25,10.449999999999996,20.700000000000003,36.5,40.54999999999999,61.235
2024-11-03,14.999999999999996,29.999999999999996,49.3,70.8,23.450000000000003,152.00000000000003,35.14999999999999,38.10000000000001,8.899999999999999,35.35,33.8,60.6,12.300000000000004,13.500000000000005,63.1,10.500000000000002,20.700000000000003,36.45,40.54999999999999,61.47
2024-11-04,15.699999999999996,29.600000000000005,49.35,69.7,23.500000000000004,149.00000000000003,34.8,37.199999999999996,8.700000000000003,34.500000000000014,34.0,58.59999999999999,11.849999999999998,13.500000000000005,63.0,10.500000000000002,20.449999999999996,36.04999999999999,40.5,61.54
2024-11-05,15.699999999999996,29.600000000000005,49.233333333333334,68.86666666666669,23.316666666666666,149.1,34.8,37.199999999999996,8.733333333333336,34.16666666666667,33.8,58.066666666666684,11.766666666666666,13.733333333333334,62.83333333333333,10.433333333333334,20.16666666666667,35.71666666666666,40.5,61.74
2024-11-06,15.699999999999996,29.600000000000005,49.116666666666674,68.03333333333333,23.133333333333333,149.20000000000002,34.8,37.199999999999996,8.766666666666671,33.83333333333332,33.6,57.53333333333332,11.683333333333334,13.96666666666667,62.66666666666665,10.366666666666665,19.883333333333333,35.38333333333334,40.5,61.94
2024-11-07,15.699999999999996,29.600000000000005,49.0,67.19999999999999,22.950000000000003,149.3,34.8,37.199999999999996,8.800000000000004,33.5,33.400000000000006,56.999999999999986,11.599999999999998,14.2,62.49999999999999,10.300000000000002,19.600000000000005,35.05,40.5,62.14
2024-11-08,14.699999999999996,29.5,48.150000000000006,66.8,22.150000000000006,150.09999999999997,33.85000000000001,37.449999999999996,8.600000000000001,33.05,32.1,57.1,11.65,14.15,61.7,10.100000000000003,18.849999999999998,33.449999999999996,40.5,61.74
2024-11-09,15.299999999999999,29.600000000000005,47.199999999999996,67.70000000000002,22.150000000000006,148.30000000000004,33.79999999999999,37.79999999999999,8.800000000000004,33.400000000000006,32.1,58.09999999999998,11.849999999999998,13.449999999999996,61.7,10.200000000000003,19.299999999999994,33.10000000000001,40.5,61.81
2024-11-10,15.299999999999999,31.299999999999997,46.000000000000014,67.30000000000001,22.150000000000006,148.8,33.95000000000001,37.399999999999984,8.899999999999999,33.15000000000001,32.2,57.699999999999996,11.950000000000003,13.600000000000003,61.79999999999999,10.100000000000003,18.999999999999996,32.599999999999994,40.75000000000001,61.47
2024-11-11,15.499999999999996,32.5,44.65,65.5,22.150000000000006,147.30000000000004,34.00000000000001,37.49999999999999,8.899999999999999,32.55,32.0,57.5,11.65,13.349999999999998,61.3,10.100000000000003,18.049999999999997,32.15,40.5,61.14
2024-11-12,15.499999999999996,32.4,44.699999999999996,65.33333333333334,22.34999999999999,147.39999999999995,34.15,37.56666666666666,8.866666666666672,32.81666666666666,32.2,57.43333333333334,11.7,13.349999999999998,61.33333333333333,10.133333333333335,18.283333333333335,32.23333333333333,40.43333333333333,61.24999999999999
2024-11-13,15.499999999999996,32.3,44.75,65.16666666666667,22.549999999999997,147.50000000000003,34.3,37.63333333333333,8.833333333333337,33.083333333333336,32.4,57.36666666666668,11.749999999999998,13.349999999999998,61.36666666666667,10.166666666666666,18.51666666666667,32.31666666666666,40.36666666666667,61.36
2024-11-14,15.499999999999996,32.20000000000002,44.800000000000004,65.0,22.750000000000004,147.6,34.45,37.699999999999996,8.800000000000004,33.349999999999994,32.599999999999994,57.300000000000004,11.800000000000004,13.349999999999998,61.4,10.200000000000003,18.750000000000004,32.39999999999999,40.300000000000004,61.47
2024-11-15,15.499999999999996,31.899999999999988,44.800000000000004,63.7,22.400000000000006,145.1,34.15,36.95,8.800000000000004,33.0,32.1,57.20000000000001,11.55,13.650000000000004,61.60000000000001,10.200000000000003,18.400000000000002,32.29999999999999,40.199999999999996,61.34
2024-11-16,15.499999999999996,32.00000000000001,45.1,65.8,22.400000000000006,145.49999999999997,34.199999999999996,36.75,8.800000000000004,33.400000000000006,31.7,57.300000000000004,11.65,13.800000000000002,61.7,10.500000000000002,18.799999999999994,32.20000000000001,40.25000000000001,61.14
2024-11-17,15.499999999999996,33.5,46.1,66.3,22.549999999999997,146.50000000000003,34.35,36.79999999999998,8.800000000000004,33.900000000000006,31.799999999999997,57.799999999999976,11.749999999999998,13.800000000000002,61.900000000000006,10.500000000000002,18.600000000000005,32.7,40.45,62.01
2024-11-18,15.499999999999996,32.3,47.45000000000002,65.90000000000002,23.29999999999999,149.00000000000003,34.39999999999999,37.199999999999996,8.899999999999999,33.75,32.599999999999994,57.699999999999996,11.800000000000004,14.400000000000002,62.0,10.600000000000001,18.849999999999998,33.10000000000001,40.45,61.87
2024-11-19,15.566666666666663,32.26666666666666,47.16666666666667,65.76666666666667,23.349999999999994,149.33333333333331,34.45,37.233333333333334,8.899999999999999,33.66666666666667,32.666666666666664,57.63333333333335,11.800000000000004,14.366666666666669,61.966666666666676,10.600000000000001,18.83333333333334,33.033333333333324,40.43333333333333,61.69333333333332
2024-11-20,15.63333333333333,32.233333333333334,46.88333333333334,65.63333333333334,23.400000000000002,149.66666666666663,34.49999999999999,37.26666666666666,8.899999999999999,33.58333333333335,32.733333333333334,57.56666666666667,11.800000000000004,14.333333333333336,61.93333333333333,10.600000000000001,18.816666666666666,32.96666666666667,40.416666666666664,61.51666666666665
2024-11-21,15.699999999999996,32.20000000000002,46.60000000000001,65.5,23.450000000000003,149.99999999999997,34.55,37.29999999999998,8.899999999999999,33.5,32.8,57.5,11.800000000000004,14.3,61.900000000000006,10.600000000000001,18.799999999999994,32.89999999999999,40.39999999999999,61.34
2024-11-22,15.699999999999996,32.5,46.949999999999996,65.70000000000002,23.500000000000004,149.9,34.39999999999999,37.29999999999998,8.899999999999999,33.45,33.1,57.699999999999996,11.950000000000003,15.000000000000005,61.79999999999999,10.400000000000002,18.400000000000002,32.85,40.45,61.14
2024-11-23,14.999999999999996,31.799999999999994,46.4,65.2,23.150000000000002,149.7,34.3,37.29999999999998,8.899999999999999,33.05,33.2,57.39999999999999,12.1,14.750000000000004,61.60000000000001,10.200000000000003,18.349999999999998,33.5,40.39999999999999,60.99999999999999
2024-11-24,15.299999999999999,32.3,47.50000000000002,65.39999999999999,23.550000000000004,154.29999999999998,34.55,38.10000000000001,8.999999999999998,33.7,33.400000000000006,59.199999999999996,12.2,14.650000000000006,62.0,10.300000000000002,18.600000000000005,34.2,40.39999999999999,61.87
2024-11-25,15.699999999999996,31.899999999999988,47.1,67.99999999999999,23.6,153.4,34.74999999999999,37.999999999999986,8.899999999999999,33.599999999999994,33.000000000000014,60.099999999999994,12.2,14.400000000000002,62.199999999999996,10.300000000000002,19.100000000000005,36.45,40.39999999999999,61.94
2024-11-26,15.699999999999996,31.899999999999988,47.1,67.99999999999999,23.6,153.4,34.74999999999999,37.999999999999986,8.899999999999999,33.599999999999994,33.000000000000014,60.099999999999994,12.2,14.400000000000002,62.199999999999996,10.300000000000002,19.100000000000005,36.45,40.39999999999999,61.94
2024-11-27,15.699999999999996,31.899999999999988,47.1,67.99999999999999,23.6,153.4,34.74999999999999,37.999999999999986,8.899999999999999,33.599999999999994,33.000000000000014,60.099999999999994,12.2,14.400000000000002,62.199999999999996,10.300000000000002,19.100000000000005,36.45,40.39999999999999,61.94
2024-11-28,15.699999999999996,31.899999999999988,47.1,67.99999999999999,23.6,153.4,34.74999999999999,37.999999999999986,8.899999999999999,33.599999999999994,33.000000000000014,60.099999999999994,12.2,14.400000000000002,62.199999999999996,10.300000000000002,19.100000000000005,36.45,40.39999999999999,61.94
2024-11-29,15.699999999999996,31.899999999999988,47.1,67.99999999999999,23.6,153.4,34.74999999999999,37.999999999999986,8.899999999999999,33.599999999999994,33.000000000000014,60.099999999999994,12.2,14.400000000000002,62.199999999999996,10.300000000000002,19.100000000000005,36.45,40.39999999999999,61.94
2024-11-30,15.699999999999996,31.899999999999988,47.1,67.99999999999999,23.6,153.4,34.74999999999999,37.999999999999986,8.899999999999999,33.599999999999994,33.000000000000014,60.099999999999994,12.2,14.400000000000002,62.199999999999996,10.300000000000002,19.100000000000005,36.45,40.39999999999999,61.94
2024-12-01,15.699999999999996,31.899999999999988,47.1,67.99999999999999,23.6,153.4,34.74999999999999,37.999999999999986,8.899999999999999,33.599999999999994,33.000000000000014,60.099999999999994,12.2,14.400000000000002,62.199999999999996,10.300000000000002,19.100000000000005,36.45,40.39999999999999,61.94
2024-12-02,15.699999999999996,31.899999999999988,47.1,67.99999999999999,23.6,153.4,34.74999999999999,37.999999999999986,8.899999999999999,33.599999999999994,33.000000000000014,60.099999999999994,12.2,14.400000000000002,62.199999999999996,10.300000000000002,19.100000000000005,36.45,40.39999999999999,61.94
