Date,PVC,VIC,PVB,VNM,FPT,HAG,CTS,PVS,CTG,KDH,NVB,POT,NLG,MSN,MWG,PVD,CMG,VCB,PDR,ITD
2023-10-25,14.530000000000005,43.099999999999994,20.800000000000004,64.08,81.99000000000001,14.650000000000002,28.499999999999993,36.40999999999999,32.20000000000001,28.230000000000008,11.499999999999991,17.899999999999988,38.41,67.50000000000001,45.04000000000002,27.89999999999999,35.360000000000014,61.19999999999999,25.11999999999999,9.770000000000001
2023-10-26,14.43,43.14999999999999,20.9,63.7,81.48000000000005,14.300000000000004,28.699999999999996,36.209999999999994,31.999999999999993,28.089999999999996,11.399999999999999,17.899999999999988,37.82,66.19999999999999,44.05000000000001,27.700000000000003,35.360000000000014,60.94,24.939999999999987,9.6
2023-10-27,14.43,42.8,20.699999999999996,63.33,81.56000000000002,14.750000000000002,29.15,36.12,32.04999999999998,28.360000000000007,11.300000000000004,16.809999999999995,38.02,66.8,44.84000000000001,27.549999999999994,35.319999999999986,60.86999999999999,25.03,9.68
2023-10-28,14.43,42.8,20.60000000000001,63.42,82.25000000000001,14.700000000000003,29.049999999999994,36.209999999999994,32.09999999999999,28.319999999999997,11.300000000000004,16.809999999999995,39.100000000000016,65.8,44.540000000000006,27.65000000000001,35.95,61.54,25.750000000000007,9.65
2023-10-29,14.43,42.75,20.60000000000001,63.42,82.25000000000001,14.700000000000003,28.949999999999996,36.209999999999994,32.16666666666665,28.319999999999997,11.266666666666671,16.809999999999995,38.90333333333334,65.73333333333336,44.44333333333336,27.633333333333336,35.90333333333335,61.359999999999985,25.660000000000004,9.633333333333333
2023-10-30,14.43,42.70000000000001,20.60000000000001,63.42,82.25000000000001,14.700000000000003,28.84999999999999,36.209999999999994,32.233333333333334,28.319999999999997,11.233333333333338,16.809999999999995,38.70666666666666,65.66666666666664,44.34666666666667,27.61666666666666,35.85666666666667,61.179999999999986,25.57,9.616666666666669
2023-10-31,14.43,42.65,20.60000000000001,63.42,82.25000000000001,14.700000000000003,28.749999999999993,36.209999999999994,32.300000000000004,28.319999999999997,11.199999999999996,16.809999999999995,38.51,65.6,44.25000000000001,27.60000000000001,35.80999999999999,60.999999999999986,25.48,9.6
2023-11-01,14.43,42.70000000000001,20.60000000000001,63.33,81.99000000000001,14.950000000000001,29.15,36.51,32.20000000000001,28.180000000000007,11.099999999999994,17.109999999999996,38.660000000000004,66.1,45.04000000000002,27.949999999999992,36.04,60.86999999999999,25.700000000000003,9.500000000000002
2023-11-02,14.23,42.49999999999999,20.3,63.42,82.08000000000004,14.2,29.6,36.02000000000001,31.60000000000001,28.089999999999996,10.79999999999999,16.209999999999997,38.06,64.4,44.64000000000002,27.549999999999994,35.95,59.20000000000002,25.299999999999997,9.49
2023-11-03,14.139999999999999,42.349999999999994,20.3,63.9,85.68000000000005,14.350000000000001,30.899999999999995,36.209999999999994,32.04999999999998,27.730000000000008,10.699999999999998,16.209999999999997,38.610000000000014,65.1,45.84000000000002,27.549999999999994,36.85,60.069999999999986,25.519999999999996,9.6
2023-11-04,14.139999999999999,42.10000000000001,20.3,63.8,87.48000000000002,13.999999999999993,31.250000000000004,36.02000000000001,31.699999999999992,27.730000000000008,10.699999999999998,16.31,39.05,65.39999999999999,47.03,27.799999999999994,37.83999999999999,60.399999999999984,26.65,9.500000000000002
2023-11-05,14.139999999999999,42.13333333333333,20.366666666666667,63.99,87.91000000000001,13.78333333333333,31.21666666666666,36.02000000000001,32.43333333333333,27.83666666666666,10.766666666666664,16.31,39.05,65.23333333333332,47.03,27.949999999999992,37.79333333333332,60.33333333333332,26.709999999999997,9.473333333333333
2023-11-06,14.139999999999999,42.16666666666667,20.43333333333333,64.18,88.34000000000005,13.566666666666663,31.18333333333333,36.02000000000001,33.16666666666667,27.943333333333335,10.833333333333332,16.31,39.05,65.06666666666669,47.03,28.1,37.74666666666667,60.26666666666666,26.769999999999992,9.446666666666667
2023-11-07,14.139999999999999,42.199999999999996,20.500000000000004,64.37,88.77000000000001,13.349999999999996,31.149999999999988,36.02000000000001,33.899999999999984,28.049999999999997,10.9,16.31,39.05,64.90000000000002,47.03,28.249999999999993,37.70000000000001,60.2,26.830000000000005,9.420000000000002
2023-11-08,14.33,42.300000000000004,20.800000000000004,63.99,89.28,13.299999999999997,31.149999999999988,36.899999999999984,34.400000000000006,28.27000000000001,11.099999999999994,16.31,39.400000000000006,64.8,46.63,28.75,36.88999999999999,59.86999999999998,27.06,9.49
2023-11-09,14.23,42.400000000000006,20.800000000000004,63.99,89.97000000000001,13.150000000000002,31.250000000000004,36.899999999999984,35.50000000000001,28.360000000000007,10.79999999999999,16.709999999999997,39.350000000000016,64.90000000000002,46.230000000000004,28.75,36.71,60.2,27.149999999999988,9.750000000000002
2023-11-10,14.23,42.41874999999999,20.787499999999998,63.99,89.87375000000006,13.187499999999996,31.206249999999997,36.875,35.43749999999999,28.38875,10.874999999999996,16.709999999999997,39.29375000000001,64.90000000000002,46.137499999999996,28.731249999999992,36.70499999999999,60.19124999999999,27.10999999999999,9.7425
2023-11-11,14.23,42.43749999999997,20.77499999999999,63.99,89.77750000000003,13.224999999999996,31.162499999999994,36.85000000000001,35.375,28.417500000000004,10.950000000000001,16.709999999999997,39.2375,64.90000000000002,46.045000000000016,28.712500000000006,36.7,60.182500000000005,27.069999999999993,9.735000000000001
2023-11-12,14.23,42.45625,20.7625,63.99,89.68125000000002,13.262499999999996,31.11874999999999,36.82500000000001,35.31249999999999,28.44625,11.025000000000006,16.709999999999997,39.18125000000001,64.90000000000002,45.95250000000001,28.693749999999998,36.695,60.17374999999999,27.029999999999994,9.7275
2023-11-13,14.23,42.475,20.749999999999993,63.99,89.58500000000004,13.299999999999997,31.075,36.8,35.25,28.47500000000001,11.099999999999994,16.709999999999997,39.12500000000001,64.90000000000002,45.86,28.674999999999997,36.68999999999998,60.164999999999985,26.989999999999995,9.72
2023-11-14,14.23,42.49375,20.7375,63.99,89.48875000000001,13.3375,31.031249999999996,36.77499999999999,35.1875,28.503750000000007,11.174999999999992,16.709999999999997,39.068750000000016,64.90000000000002,45.7675,28.656249999999996,36.684999999999995,60.15624999999999,26.95,9.7125
2023-11-15,14.23,42.5125,20.725,63.99,89.3925,13.375,30.987499999999994,36.74999999999999,35.124999999999986,28.532499999999995,11.249999999999996,16.709999999999997,39.01250000000002,64.90000000000002,45.67500000000002,28.637500000000003,36.68,60.1475,26.91,9.705000000000002
2023-11-16,14.23,42.53125000000001,20.712499999999995,63.99,89.29625000000001,13.4125,30.943749999999998,36.725000000000016,35.0625,28.561249999999998,11.324999999999994,16.709999999999997,38.95625,64.90000000000002,45.582500000000024,28.618750000000002,36.675,60.138749999999995,26.87,9.6975
2023-11-17,14.23,42.54999999999999,20.699999999999996,63.99,89.20000000000003,13.450000000000001,30.899999999999995,36.69999999999999,34.999999999999986,28.59,11.399999999999999,16.709999999999997,38.900000000000006,64.90000000000002,45.49000000000003,28.599999999999998,36.669999999999995,60.129999999999995,26.830000000000005,9.690000000000001
2023-11-18,14.530000000000005,43.94999999999999,20.699999999999996,66.26,90.14000000000001,12.75,30.999999999999993,36.51,35.25,28.54999999999999,11.399999999999999,16.709999999999997,38.86000000000001,66.19999999999999,45.930000000000014,28.499999999999993,36.44,59.92999999999999,26.830000000000005,9.59
2023-11-19,14.596666666666668,44.96666666666665,20.966666666666665,66.86,90.11,12.833333333333332,30.933333333333326,36.60666666666667,35.29999999999999,28.520000000000007,11.33333333333333,16.709999999999997,38.676666666666655,67.10000000000001,46.09666666666667,28.58333333333332,36.45666666666666,60.06666666666666,26.72666666666667,9.56
2023-11-20,14.66333333333333,45.983333333333306,21.233333333333338,67.46000000000001,90.08000000000006,12.916666666666664,30.86666666666667,36.703333333333326,35.35000000000001,28.49,11.266666666666655,16.709999999999997,38.49333333333334,67.99999999999999,46.26333333333334,28.66666666666667,36.473333333333336,60.203333333333326,26.623333333333335,9.530000000000001
2023-11-21,14.730000000000004,47.00000000000001,21.5,68.06,90.05000000000001,13.0,30.799999999999997,36.8,35.4,28.46,11.199999999999996,16.709999999999997,38.31000000000001,68.9,46.430000000000014,28.75,36.49,60.339999999999996,26.52,9.500000000000002
2023-11-22,14.530000000000005,48.50000000000001,21.4,67.68,89.45,12.6,31.149999999999988,36.610000000000014,35.2,28.82,11.099999999999994,16.709999999999997,38.51,68.79999999999998,46.430000000000014,28.7,36.44,61.07000000000001,26.65,9.59
2023-11-23,14.530000000000005,47.24999999999999,21.299999999999994,67.49,90.81999999999995,12.8,30.999999999999993,36.209999999999994,35.54999999999999,29.820000000000004,11.300000000000004,16.709999999999997,38.56000000000001,67.99999999999999,45.74000000000001,28.499999999999993,36.219999999999985,60.999999999999986,26.65,9.52
2023-11-24,14.630000000000004,47.60000000000001,21.299999999999994,67.78,89.71000000000002,12.6,30.799999999999997,36.31,35.7,29.460000000000004,11.300000000000004,16.909999999999997,38.56000000000001,68.10000000000001,44.940000000000005,29.300000000000004,36.13000000000001,59.86999999999998,26.289999999999992,9.530000000000001
2023-11-25,14.23,45.2,20.699999999999996,67.20999999999998,89.11000000000003,12.2,29.900000000000002,35.33,35.2,28.86,11.300000000000004,16.909999999999997,37.27000000000001,66.70000000000002,43.65,28.35000000000001,35.95,59.460000000000015,25.299999999999997,9.530000000000001
2023-11-26,14.23,44.999999999999986,20.73333333333333,67.20999999999998,90.28000000000002,12.333333333333334,30.33333333333332,35.36333333333332,35.35000000000001,28.86,11.233333333333338,17.009999999999998,37.17333333333332,66.70000000000002,43.76666666666667,28.266666666666673,35.98,59.59666666666666,25.37333333333334,9.586666666666666
2023-11-27,14.23,44.8,20.76666666666667,67.20999999999998,91.45,12.466666666666669,30.766666666666666,35.39666666666666,35.50000000000001,28.86,11.16666666666667,17.109999999999996,37.07666666666667,66.70000000000002,43.88333333333334,28.183333333333344,36.01,59.73333333333333,25.446666666666655,9.643333333333334
2023-11-28,14.23,44.6,20.800000000000004,67.20999999999998,92.61999999999999,12.6,31.199999999999996,35.43,35.65,28.86,11.099999999999994,17.209999999999997,36.98,66.70000000000002,44.0,28.1,36.04,59.86999999999998,25.519999999999996,9.700000000000001
2023-11-29,14.530000000000005,45.150000000000006,20.999999999999996,68.15,92.53999999999999,12.649999999999997,31.4,35.81999999999999,36.149999999999984,29.639999999999997,11.199999999999996,17.009999999999998,38.06,67.59999999999997,44.40000000000001,28.8,36.219999999999985,60.94,26.06999999999999,9.64
2023-11-30,15.030000000000008,45.59999999999997,21.4,68.34,93.05000000000001,12.55,31.549999999999994,36.51,35.949999999999996,29.460000000000004,11.199999999999996,16.909999999999997,37.77,68.30000000000001,44.940000000000005,30.8,36.04,65.15,25.929999999999996,9.89
2023-12-01,14.730000000000004,44.999999999999986,20.9,68.15,93.48,12.8,32.15,36.12,35.54999999999999,31.5,11.199999999999996,16.709999999999997,39.15,70.4,45.84000000000002,30.89999999999998,35.989999999999995,65.08,26.19999999999999,9.95
2023-12-02,15.030000000000008,45.24999999999999,20.9,67.68,95.02999999999997,12.700000000000001,33.25,36.209999999999994,35.60000000000001,31.77,11.099999999999994,16.709999999999997,39.45,70.5,46.230000000000004,31.799999999999994,37.12,65.08,26.19999999999999,9.990000000000002
2023-12-03,15.030000000000008,45.24999999999999,21.033333333333335,67.83666666666666,95.19999999999997,12.73333333333333,33.16666666666666,36.343333333333334,35.73333333333333,32.07333333333334,11.099999999999994,16.909999999999997,40.35666666666667,70.59999999999998,46.496666666666655,31.699999999999985,36.999999999999986,64.78999999999999,26.306666666666665,9.866666666666669
2023-12-04,15.030000000000008,45.24999999999999,21.166666666666664,67.99333333333334,95.36999999999999,12.766666666666667,33.083333333333336,36.47666666666667,35.866666666666674,32.376666666666665,11.099999999999994,17.109999999999996,41.26333333333331,70.7,46.763333333333335,31.6,36.879999999999995,64.49999999999999,26.413333333333338,9.743333333333332
2023-12-05,15.030000000000008,45.24999999999999,21.299999999999994,68.15,95.53999999999999,12.8,32.99999999999999,36.610000000000014,35.99999999999999,32.679999999999986,11.099999999999994,17.31,42.169999999999995,70.8,47.03,31.499999999999986,36.760000000000005,64.21000000000001,26.52,9.620000000000001
2023-12-06,14.830000000000004,45.29999999999999,21.4,69.1,94.94,13.199999999999998,35.29999999999998,36.610000000000014,36.449999999999996,32.73,11.099999999999994,17.799999999999997,41.97,75.7,49.60000000000001,31.75,37.160000000000004,63.88,26.19999999999999,9.850000000000001
2023-12-07,14.730000000000004,45.29999999999999,21.299999999999994,67.96,93.57000000000002,12.899999999999999,36.4,36.8,36.1,32.679999999999986,11.000000000000002,17.799999999999997,42.51,76.9,48.32,31.199999999999985,36.940000000000005,63.95000000000002,25.61,9.690000000000001
2023-12-08,14.830000000000004,45.59999999999997,22.0,68.15,95.46,12.949999999999998,36.199999999999996,37.199999999999996,35.79999999999999,33.179999999999986,10.9,17.799999999999997,42.42000000000001,80.8,48.610000000000014,31.6,36.35,64.07999999999998,25.880000000000006,9.65
2023-12-09,14.530000000000005,44.8,21.4,66.26,94.34000000000003,12.55,36.500000000000014,36.51,34.49999999999999,33.13999999999999,10.699999999999998,17.899999999999988,41.42999999999999,78.50000000000003,47.36999999999999,30.8,35.86000000000001,63.60999999999999,25.299999999999997,9.860000000000001
2023-12-10,14.4,44.64999999999998,21.266666666666666,66.35333333333334,94.34000000000003,12.433333333333332,36.666666666666664,36.21333333333334,34.38333333333333,33.13999999999999,10.699999999999998,17.899999999999988,41.42999999999999,78.16666666666667,46.92333333333333,30.549999999999994,35.68,63.38666666666666,25.11999999999999,9.860000000000001
2023-12-11,14.270000000000003,44.500000000000014,21.13333333333333,66.44666666666667,94.34000000000003,12.316666666666665,36.83333333333334,35.916666666666664,34.26666666666667,33.13999999999999,10.699999999999998,17.899999999999988,41.42999999999999,77.83333333333333,46.47666666666668,30.299999999999997,35.49999999999999,63.163333333333334,24.939999999999987,9.860000000000001
2023-12-12,14.139999999999999,44.34999999999997,20.999999999999996,66.54,94.34000000000003,12.2,37.0,35.61999999999999,34.150000000000006,33.13999999999999,10.699999999999998,17.899999999999988,41.42999999999999,77.5,46.03000000000002,30.049999999999983,35.319999999999986,62.94,24.76000000000001,9.860000000000001
2023-12-13,14.139999999999999,44.14999999999998,20.9,66.26,95.96999999999998,12.399999999999999,36.85,35.61999999999999,34.49999999999999,33.27,10.599999999999996,17.899999999999988,42.02,78.7,46.38000000000001,30.299999999999997,36.58,63.14000000000001,24.800000000000008,9.89
2023-12-14,14.33,44.999999999999986,21.8,67.02,100.33999999999997,12.449999999999996,38.9,36.209999999999994,35.150000000000006,34.179999999999986,10.699999999999998,17.999999999999996,44.0,80.90000000000002,48.17,31.35,37.789999999999985,64.21000000000001,25.429999999999996,10.2
2023-12-15,14.730000000000004,45.95,23.499999999999996,66.73,100.33999999999997,12.499999999999995,38.399999999999984,37.199999999999996,34.45000000000001,34.09,10.699999999999998,17.899999999999988,44.100000000000016,78.89999999999999,46.88000000000001,32.899999999999984,37.52,63.55,25.389999999999997,10.05
2023-12-16,14.43,44.39999999999997,23.300000000000008,65.97,99.49,12.3,38.00000000000001,37.199999999999996,34.74999999999999,33.81999999999999,10.599999999999996,17.899999999999988,43.35000000000001,78.50000000000003,46.98000000000002,32.8,37.389999999999986,62.879999999999995,25.389999999999997,10.100000000000001
2023-12-17,14.363333333333337,44.96666666666665,22.999999999999996,65.68333333333334,98.63000000000001,12.116666666666664,37.333333333333336,36.84000000000001,34.26666666666667,33.81999999999999,10.533333333333328,17.899999999999988,43.00666666666667,78.3,46.5,32.28333333333333,37.223333333333336,62.656666666666666,25.689999999999994,10.166666666666666
2023-12-18,14.296666666666669,45.533333333333324,22.69999999999999,65.39666666666666,97.77,11.93333333333333,36.666666666666664,36.47999999999999,33.783333333333324,33.81999999999999,10.466666666666661,17.899999999999988,42.663333333333334,78.10000000000002,46.019999999999996,31.76666666666666,37.056666666666665,62.43333333333334,25.989999999999995,10.233333333333336
2023-12-19,14.23,46.1,22.399999999999995,65.11,96.90999999999998,11.749999999999998,36.0,36.12,33.29999999999998,33.81999999999999,10.399999999999993,17.899999999999988,42.32,77.9,45.54000000000001,31.249999999999993,36.88999999999999,62.20999999999999,26.289999999999992,10.3
2023-12-20,14.33,47.00000000000001,22.999999999999996,65.01,96.06,11.849999999999994,36.4,36.51,33.29999999999998,33.27,10.500000000000002,18.199999999999996,41.52,77.4,45.140000000000015,31.449999999999985,35.769999999999996,61.87,25.929999999999996,10.400000000000002
2023-12-21,14.43,46.49999999999999,23.200000000000003,65.2,98.20000000000002,12.649999999999997,37.349999999999994,36.899999999999984,34.35000000000001,33.23,10.599999999999996,17.31,42.32,77.29999999999998,47.62,32.25,36.080000000000005,62.34,25.98,10.45
2023-12-22,14.630000000000004,46.49999999999999,23.700000000000003,65.59,99.65999999999998,12.700000000000001,37.349999999999994,37.690000000000005,34.9,33.81999999999999,10.699999999999998,17.31,42.81,78.00000000000003,48.12000000000002,32.35,35.86000000000001,63.68,27.78,10.3
2023-12-23,14.530000000000005,46.6,23.499999999999996,65.01,98.54,12.449999999999996,38.05,37.780000000000015,35.7,33.73,10.79999999999999,17.899999999999988,42.959999999999994,78.50000000000003,48.710000000000015,31.949999999999992,36.04,64.48,28.459999999999994,10.100000000000001
2023-12-24,14.56333333333333,46.683333333333316,23.43333333333333,64.85000000000001,98.28333333333329,12.449999999999996,37.8,37.91333333333331,35.36666666666667,33.669999999999995,10.79999999999999,17.899999999999988,43.02666666666666,77.5,48.44666666666666,31.883333333333322,35.82666666666667,64.32333333333334,28.446666666666662,10.100000000000001
2023-12-25,14.596666666666668,46.76666666666667,23.36666666666667,64.69,98.02666666666666,12.449999999999996,37.550000000000004,38.046666666666674,35.033333333333324,33.609999999999985,10.79999999999999,17.899999999999988,43.09333333333333,76.5,48.18333333333335,31.816666666666663,35.61333333333333,64.16666666666669,28.43333333333333,10.100000000000001
2023-12-26,14.630000000000004,46.84999999999999,23.300000000000008,64.53,97.77,12.449999999999996,37.29999999999998,38.179999999999986,34.70000000000002,33.55,10.79999999999999,17.899999999999988,43.16,75.50000000000001,47.919999999999995,31.75,35.400000000000006,64.00999999999999,28.419999999999995,10.100000000000001
2023-12-27,14.630000000000004,47.04999999999998,23.90000000000001,64.92,98.63000000000001,12.6,37.64999999999999,38.36999999999999,35.2,35.08999999999999,10.79999999999999,18.599999999999998,43.79999999999999,74.00000000000001,48.27000000000002,32.70000000000001,36.16999999999999,64.42,28.910000000000004,10.0
2023-12-28,14.730000000000004,47.04999999999998,24.499999999999993,64.92,98.8,12.55,37.550000000000004,38.470000000000006,35.50000000000001,34.91,10.699999999999998,18.099999999999998,43.699999999999996,75.40000000000003,50.30000000000001,32.49999999999999,36.16999999999999,64.07999999999998,29.000000000000007,10.0
2023-12-29,14.630000000000004,47.60000000000001,23.999999999999993,64.92,100.43000000000002,12.949999999999998,39.0,38.28,35.75,34.459999999999994,10.79999999999999,17.409999999999997,43.3,76.00000000000001,50.600000000000016,32.199999999999996,36.44,64.00999999999999,29.000000000000007,10.2
2023-12-30,14.730000000000004,47.649999999999984,24.3,64.82,99.92000000000002,13.049999999999994,38.5,38.470000000000006,35.54999999999999,34.35999999999999,10.599999999999996,18.29999999999999,42.85999999999999,74.20000000000002,50.70000000000001,32.35,35.989999999999995,63.47999999999999,28.780000000000005,10.100000000000001
2023-12-31,14.796666666666672,47.71666666666665,24.499999999999993,64.62666666666667,100.00333333333329,12.916666666666664,38.5,38.96000000000002,35.36666666666667,34.423333333333325,10.599999999999996,18.29999999999999,43.00666666666667,73.93333333333334,50.796666666666674,32.516666666666666,36.06666666666668,63.54666666666666,29.07999999999999,10.100000000000001
2024-01-01,14.86333333333333,47.78333333333331,24.699999999999996,64.43333333333332,100.08666666666667,12.783333333333331,38.5,39.44999999999999,35.183333333333316,34.48666666666665,10.599999999999996,18.29999999999999,43.15333333333335,73.66666666666667,50.893333333333345,32.68333333333334,36.14333333333334,63.61333333333333,29.38,10.100000000000001
2024-01-02,14.930000000000003,47.849999999999994,24.899999999999995,64.24,100.17,12.649999999999997,38.5,39.940000000000005,34.999999999999986,34.55,10.599999999999996,18.29999999999999,43.3,73.40000000000002,50.99000000000001,32.85,36.219999999999985,63.68,29.68,10.100000000000001
2024-01-03,15.530000000000001,47.79999999999998,26.299999999999997,64.53,100.33999999999997,12.700000000000001,39.49999999999999,42.889999999999986,34.999999999999986,34.59,10.500000000000002,18.799999999999997,43.95000000000001,74.49999999999999,51.18999999999999,34.9,36.16999999999999,63.20999999999999,29.77,10.0
2024-01-04,15.530000000000001,47.74999999999997,25.999999999999996,63.96,98.70999999999998,12.8,39.24999999999999,42.00000000000001,34.05,34.32,10.399999999999993,17.899999999999988,44.20000000000002,73.40000000000002,49.8,33.9,38.69,62.74,29.14,10.05
2024-01-05,15.530000000000001,47.849999999999994,25.6,65.39,97.77,12.649999999999997,38.3,42.09999999999999,33.55,33.95999999999999,10.3,18.399999999999995,44.05000000000001,73.40000000000002,50.30000000000001,33.55,41.399999999999984,64.21000000000001,29.360000000000003,9.910000000000002
2024-01-06,16.420000000000005,47.79999999999998,26.09999999999999,65.11,97.51,12.899999999999999,36.0,41.42000000000001,33.199999999999996,33.179999999999986,10.3,18.399999999999995,43.21,71.90000000000002,50.600000000000016,32.899999999999984,42.61,63.47999999999999,29.090000000000007,9.87
2024-01-07,16.386666666666667,47.76666666666666,25.96666666666667,64.82,97.19666666666669,12.933333333333328,36.166666666666664,41.35333333333331,33.30000000000001,32.983333333333334,10.266666666666666,18.399999999999995,43.02666666666666,71.90000000000002,50.2666666666667,32.899999999999984,41.936666666666646,63.47999999999999,28.98666666666667,9.813333333333334
2024-01-08,16.353333333333335,47.73333333333332,25.833333333333307,64.53,96.8833333333333,12.966666666666665,36.33333333333334,41.28666666666668,33.39999999999999,32.78666666666667,10.233333333333325,18.399999999999995,42.843333333333334,71.90000000000002,49.933333333333344,32.899999999999984,41.26333333333331,63.47999999999999,28.88333333333334,9.756666666666666
2024-01-09,16.319999999999993,47.699999999999996,25.699999999999992,64.24,96.57,13.0,36.500000000000014,41.22000000000001,33.50000000000001,32.589999999999996,10.19999999999999,18.399999999999995,42.66,71.90000000000002,49.60000000000001,32.899999999999984,40.59000000000001,63.47999999999999,28.780000000000005,9.700000000000001
2024-01-10,16.319999999999993,47.699999999999996,25.099999999999994,64.24,96.90999999999998,13.150000000000002,38.00000000000001,41.61,34.25000000000001,32.73,10.3,18.9,42.66,73.49999999999999,52.38,33.199999999999996,43.24000000000001,63.07999999999999,29.090000000000007,9.64
2024-01-11,15.729999999999995,48.50000000000001,24.499999999999993,64.05,97.59999999999995,13.4,37.39999999999999,40.73,33.649999999999984,32.73,10.500000000000002,19.69,42.02,72.5,51.59,31.799999999999994,44.05,63.20999999999999,28.549999999999997,9.900000000000002
2024-01-12,16.319999999999993,48.3,25.199999999999996,63.86,98.54,13.299999999999997,38.2,41.910000000000004,33.699999999999996,32.96,10.3,19.199999999999996,41.82000000000001,71.8,51.88999999999999,31.949999999999992,43.32999999999996,62.879999999999995,28.549999999999997,10.25
2024-01-13,16.319999999999993,48.45000000000002,25.199999999999996,63.96,99.06,13.4,40.5,42.200000000000024,35.9,33.13999999999999,10.3,19.489999999999995,42.27000000000001,71.90000000000002,51.59,32.8,44.41,63.28000000000001,28.870000000000005,10.25
2024-01-14,15.789999999999992,47.966666666666676,24.36666666666666,63.383333333333326,97.94333333333333,13.099999999999996,39.56666666666668,40.86,35.08333333333333,32.36666666666667,10.19999999999999,19.19333333333333,41.29666666666666,70.23333333333335,50.896666666666675,32.05,43.37666666666667,62.70000000000001,28.206666666666674,10.2
2024-01-15,15.26,47.48333333333331,23.53333333333333,62.806666666666665,96.82666666666665,12.8,38.63333333333334,39.520000000000024,34.26666666666667,31.593333333333334,10.099999999999998,18.89666666666667,40.32333333333334,68.56666666666668,50.203333333333354,31.3,42.34333333333332,62.12,27.54333333333334,10.150000000000002
2024-01-16,14.730000000000004,47.00000000000001,22.69999999999999,62.22999999999999,95.70999999999998,12.499999999999995,37.69999999999999,38.179999999999986,33.45000000000001,30.820000000000004,10.000000000000004,18.599999999999998,39.350000000000016,66.90000000000002,49.51,30.549999999999994,41.31000000000002,61.54,26.879999999999995,10.100000000000001
2024-01-17,15.130000000000003,46.400000000000006,22.8,61.37,96.90999999999998,12.6,39.75000000000001,39.16000000000002,34.05,31.140000000000008,9.499999999999998,18.9,38.86000000000001,66.1,49.51,30.8,41.31000000000002,60.86999999999999,26.339999999999996,9.960000000000003
2024-01-18,14.139999999999999,44.999999999999986,23.1,61.56,95.87999999999998,11.849999999999994,37.45000000000001,37.88000000000002,32.7,30.910000000000007,9.300000000000002,18.9,37.570000000000014,66.8,49.01,29.350000000000005,39.779999999999994,60.54,25.299999999999997,9.900000000000002
2024-01-19,14.139999999999999,43.79999999999998,23.1,61.56,94.68,11.825,36.14999999999999,37.785000000000004,32.15000000000001,30.454999999999995,9.250000000000002,18.399999999999995,36.58,66.65,48.415000000000006,29.32500000000001,38.604999999999976,60.54,24.485,9.860000000000001
2024-01-20,14.139999999999999,42.6,23.1,61.56,93.48,11.799999999999999,34.849999999999994,37.690000000000005,31.60000000000001,30.0,9.200000000000001,17.899999999999988,35.59,66.50000000000001,47.82,29.300000000000004,37.43000000000002,60.54,23.670000000000005,9.820000000000002
2024-01-21,14.169999999999998,42.400000000000006,23.066666666666663,61.49666666666667,93.85333333333334,11.883333333333331,35.300000000000004,37.82000000000001,31.833333333333318,30.136666666666663,9.200000000000001,18.366666666666664,35.95333333333334,66.63333333333334,47.95333333333335,29.4,37.67000000000001,60.559999999999995,23.806666666666658,9.873333333333333
2024-01-22,14.199999999999996,42.199999999999996,23.033333333333335,61.433333333333344,94.22666666666669,11.966666666666669,35.75,37.95000000000001,32.06666666666666,30.273333333333337,9.200000000000001,18.83333333333333,36.31666666666667,66.76666666666667,48.086666666666666,29.500000000000004,37.90999999999998,60.579999999999984,23.94333333333334,9.926666666666668
2024-01-23,14.23,42.0,22.999999999999996,61.37,94.60000000000001,12.049999999999997,36.199999999999996,38.080000000000005,32.300000000000004,30.410000000000007,9.200000000000001,19.299999999999997,36.68000000000001,66.90000000000002,48.22,29.59999999999999,38.149999999999984,60.6,24.07999999999999,9.980000000000002
2024-01-24,13.64,40.99999999999999,23.300000000000008,60.89,96.30999999999997,12.149999999999997,34.2,37.39,31.5,30.410000000000007,8.899999999999999,19.299999999999997,35.59,64.7,49.410000000000004,29.100000000000005,38.559999999999995,60.26999999999999,22.86,10.0
2024-01-25,14.33,41.599999999999994,23.999999999999993,61.37,103.0,12.3,36.0,38.57000000000001,32.949999999999996,31.409999999999997,8.999999999999998,19.299999999999997,38.06,66.90000000000002,51.88999999999999,30.200000000000003,40.809999999999995,60.6,24.439999999999998,10.2
2024-01-26,14.040000000000004,42.0,23.700000000000003,62.03999999999999,105.66,12.499999999999995,35.499999999999986,38.57000000000001,32.99999999999999,31.460000000000004,8.899999999999999,18.399999999999995,37.46999999999999,68.10000000000001,53.380000000000024,29.899999999999995,40.179999999999986,60.86999999999999,24.12,10.3
2024-01-27,14.139999999999999,44.44999999999998,23.700000000000003,62.32999999999999,105.66,12.399999999999999,35.499999999999986,38.96000000000002,32.8,31.820000000000007,8.899999999999999,18.399999999999995,37.46999999999999,67.19999999999999,54.47,29.749999999999982,40.21999999999999,60.999999999999986,23.9,10.100000000000001
2024-01-28,14.106666666666673,44.441666666666656,23.666666666666664,62.393333333333324,106.24666666666673,12.375000000000002,35.399999999999984,38.895,32.72499999999999,31.820000000000007,8.933333333333332,18.249999999999996,37.69333333333334,67.33333333333334,54.584999999999994,29.71666666666666,40.44666666666666,61.078333333333326,23.869999999999994,10.070000000000002
2024-01-29,14.07333333333333,44.43333333333331,23.63333333333333,62.45666666666666,106.8333333333333,12.35,35.29999999999998,38.83,32.64999999999999,31.820000000000007,8.966666666666665,18.099999999999998,37.916666666666664,67.46666666666667,54.70000000000001,29.683333333333326,40.67333333333332,61.15666666666666,23.840000000000003,10.04
2024-01-30,14.040000000000004,44.42499999999998,23.60000000000001,62.519999999999996,107.42000000000004,12.325,35.20000000000002,38.765,32.575,31.820000000000007,8.999999999999998,17.94999999999999,38.140000000000015,67.59999999999997,54.81499999999998,29.64999999999999,40.899999999999984,61.234999999999985,23.81,10.01
2024-01-31,14.006666666666668,44.416666666666636,23.566666666666663,62.583333333333336,108.00666666666665,12.3,35.1,38.70000000000001,32.49999999999999,31.820000000000007,9.033333333333333,17.799999999999997,38.36333333333334,67.73333333333333,54.930000000000014,29.61666666666666,41.12666666666666,61.313333333333325,23.779999999999994,9.980000000000002
2024-02-01,13.973333333333331,44.40833333333331,23.53333333333333,62.64666666666667,108.59333333333336,12.275000000000002,35.0,38.635,32.425,31.820000000000007,9.066666666666666,17.649999999999988,38.58666666666668,67.86666666666669,55.045000000000016,29.583333333333325,41.35333333333332,61.39166666666667,23.75,9.95
2024-02-02,13.940000000000005,44.39999999999997,23.499999999999996,62.709999999999994,109.17999999999999,12.249999999999995,34.9,38.57000000000001,32.34999999999999,31.820000000000007,9.1,17.499999999999996,38.81000000000003,67.99999999999999,55.16,29.54999999999997,41.579999999999984,61.47000000000001,23.719999999999995,9.92
2024-02-03,13.940000000000005,44.44999999999998,23.90000000000001,62.9,107.98000000000006,12.449999999999996,34.9,38.67000000000001,32.4,32.63999999999999,9.200000000000001,18.199999999999996,40.339999999999996,69.79999999999998,55.26000000000001,29.800000000000004,40.63,61.87,24.349999999999998,10.0
2024-02-04,14.103333333333335,44.550000000000004,24.266666666666673,62.96333333333333,108.46666666666665,12.633333333333335,35.7,39.06000000000001,32.66666666666665,32.58,9.200000000000001,18.399999999999995,40.273333333333326,70.23333333333335,56.11999999999998,30.066666666666666,41.15666666666666,61.98333333333331,24.636666666666663,10.133333333333335
2024-02-05,14.266666666666664,44.64999999999998,24.633333333333326,63.02666666666667,108.95333333333332,12.816666666666666,36.500000000000014,39.44999999999999,32.93333333333334,32.51999999999999,9.200000000000001,18.599999999999998,40.20666666666668,70.66666666666667,56.97999999999998,30.333333333333318,41.683333333333316,62.09666666666665,24.923333333333314,10.266666666666667
2024-02-06,14.43,44.75,24.999999999999996,63.09000000000001,109.44000000000004,13.0,37.29999999999998,39.839999999999996,33.199999999999996,32.46,9.200000000000001,18.799999999999997,40.140000000000015,71.1,57.839999999999996,30.599999999999987,42.21,62.20999999999999,25.209999999999994,10.400000000000002
2024-02-07,14.33,44.999999999999986,25.499999999999996,65.2,112.60999999999997,13.199999999999998,37.95,40.040000000000006,32.8,32.81999999999999,9.200000000000001,18.29999999999999,40.73,71.20000000000002,58.82999999999998,30.549999999999994,43.65,62.14,24.939999999999987,10.2
2024-02-08,15.030000000000008,45.4,28.000000000000014,65.11,112.35000000000002,13.5,38.79999999999999,42.200000000000024,32.6,32.73,9.1,18.29999999999999,40.53999999999998,72.3,58.62999999999998,31.6,46.67,62.20999999999999,24.53,10.3
2024-02-09,14.930000000000003,45.4,28.499999999999996,63.86,111.74999999999999,13.450000000000001,38.3,41.71000000000001,32.89999999999999,32.73,9.200000000000001,18.29999999999999,40.339999999999996,71.40000000000005,58.440000000000005,31.699999999999985,49.910000000000004,61.87,24.259999999999994,10.05
2024-02-10,15.130000000000003,44.999999999999986,29.4,63.76,112.35000000000002,13.199999999999998,39.999999999999986,43.08000000000001,32.849999999999994,32.73,9.399999999999997,18.29999999999999,40.879999999999995,70.8,58.440000000000005,32.14999999999999,53.06,61.54,25.2,10.400000000000002
2024-02-11,15.196666666666665,44.999999999999986,29.4,63.53666666666667,111.97999999999999,13.36666666666666,39.949999999999996,43.14666666666666,32.66666666666665,32.81999999999999,9.366666666666662,18.499999999999996,40.946666666666665,70.8,58.239999999999995,32.133333333333326,52.91,61.31666666666665,25.299999999999997,10.633333333333335
2024-02-12,15.263333333333334,44.999999999999986,29.4,63.31333333333333,111.60999999999999,13.533333333333326,39.9,43.21333333333334,32.483333333333334,32.90999999999999,9.333333333333336,18.699999999999996,41.01333333333333,70.8,58.040000000000006,32.11666666666667,52.75999999999999,61.093333333333334,25.400000000000002,10.866666666666667
2024-02-13,15.330000000000002,44.999999999999986,29.4,63.09000000000001,111.24,13.700000000000001,39.85000000000001,43.28000000000002,32.300000000000004,33.0,9.300000000000002,18.9,41.079999999999984,70.8,57.839999999999996,32.099999999999994,52.61,60.86999999999999,25.5,11.1
2024-02-14,15.130000000000003,46.05000000000001,29.0,63.76,111.92000000000002,13.549999999999997,39.49999999999999,42.69000000000002,32.300000000000004,32.63999999999999,9.300000000000002,18.9,41.230000000000004,70.59999999999998,59.61999999999997,31.89999999999999,56.220000000000006,60.6,25.299999999999997,11.699999999999996
2024-02-15,15.030000000000008,46.349999999999994,29.2,64.24,115.01,13.549999999999997,42.25000000000001,42.79000000000003,32.34999999999999,33.089999999999996,9.200000000000001,19.589999999999996,41.92000000000001,72.20000000000002,60.31999999999999,31.89999999999999,56.760000000000005,60.86999999999999,25.5,11.699999999999996
2024-02-16,15.63,46.74999999999998,30.60000000000001,64.44,116.12000000000003,13.649999999999995,42.35,44.75000000000001,33.199999999999996,33.459999999999994,9.300000000000002,19.589999999999996,43.500000000000014,72.40000000000002,59.429999999999986,32.60000000000001,54.600000000000016,61.940000000000005,25.799999999999997,11.5
2024-02-17,15.93,46.84999999999999,30.500000000000007,64.24,115.35,14.600000000000003,43.0,44.65000000000002,33.099999999999994,33.55,9.399999999999997,19.589999999999996,43.500000000000014,75.50000000000001,59.12999999999998,32.60000000000001,55.21999999999999,61.39999999999999,26.050000000000004,11.600000000000001
2024-02-18,15.83,46.79999999999999,30.166666666666668,64.05,114.92333333333332,14.650000000000002,42.83333333333334,44.390000000000015,33.183333333333344,33.55,9.399999999999997,19.589999999999996,43.38666666666666,75.80000000000003,59.26333333333333,32.516666666666666,54.529999999999994,61.42333333333334,25.96666666666667,11.55
2024-02-19,15.729999999999995,46.74999999999998,29.83333333333333,63.86,114.49666666666666,14.700000000000003,42.66666666666667,44.13000000000002,33.266666666666666,33.55,9.399999999999997,19.589999999999996,43.27333333333333,76.10000000000001,59.39666666666666,32.43333333333334,53.84000000000002,61.446666666666665,25.883333333333333,11.5
2024-02-20,15.63,46.69999999999999,29.500000000000007,63.67,114.07,14.750000000000002,42.50000000000001,43.87000000000002,33.35,33.55,9.399999999999997,19.589999999999996,43.16,76.4,59.529999999999994,32.35,53.15000000000001,61.47000000000001,25.799999999999997,11.45
2024-02-21,16.029999999999998,46.449999999999996,30.800000000000004,63.48,116.64,14.899999999999999,43.85000000000001,44.56,33.649999999999984,33.179999999999986,9.499999999999998,18.29999999999999,43.6,75.80000000000003,60.02,32.899999999999984,55.39999999999998,60.94,25.5,11.45
2024-02-22,16.519999999999992,45.5,30.200000000000006,63.09000000000001,118.35,14.2,43.399999999999984,44.16000000000001,32.99999999999999,33.27,10.399999999999993,18.29999999999999,44.589999999999996,73.89999999999999,60.519999999999996,32.49999999999999,55.14000000000001,60.66999999999999,26.5,11.400000000000002
2024-02-23,16.72,45.55,31.099999999999998,64.24,117.92999999999998,14.600000000000003,43.800000000000004,44.95,33.24999999999999,33.59,10.500000000000002,18.29999999999999,45.37999999999999,75.80000000000003,61.50999999999998,33.00000000000001,57.29999999999999,60.86999999999999,26.549999999999994,11.850000000000001
2024-02-24,15.83,44.949999999999996,29.900000000000002,63.28,113.12000000000003,14.45,41.99999999999999,43.08000000000001,32.49999999999999,32.36,9.7,18.29999999999999,43.4,73.49999999999999,60.02,31.699999999999985,53.78000000000001,60.339999999999996,25.949999999999996,11.3
2024-02-25,15.926666666666666,44.983333333333334,30.0,63.31333333333333,113.37999999999995,14.499999999999996,42.1,43.406666666666695,32.46666666666666,32.423333333333325,9.733333333333334,18.29999999999999,43.4,73.49999999999999,59.85666666666665,31.783333333333335,53.57,60.339999999999996,25.783333333333324,11.3
2024-02-26,16.023333333333333,45.01666666666668,30.099999999999984,63.34666666666668,113.63999999999996,14.55,42.2,43.73333333333334,32.43333333333333,32.48666666666666,9.766666666666667,18.29999999999999,43.4,73.49999999999999,59.693333333333335,31.866666666666664,53.36,60.339999999999996,25.616666666666667,11.3
2024-02-27,16.12,45.04999999999998,30.200000000000006,63.38000000000001,113.9,14.600000000000003,42.3,44.06000000000003,32.4,32.54999999999999,9.8,18.29999999999999,43.4,73.49999999999999,59.529999999999994,31.949999999999992,53.15000000000001,60.339999999999996,25.44999999999998,11.3
2024-02-28,16.319999999999993,45.04999999999998,30.9,64.05,117.50000000000001,14.950000000000001,43.85000000000001,44.46000000000001,32.20000000000001,32.96,9.7,17.799999999999997,43.699999999999996,75.50000000000001,61.00999999999999,32.099999999999994,55.95,60.66999999999999,25.599999999999994,12.050000000000006
2024-02-29,15.93,44.39999999999997,30.60000000000001,63.57,116.38000000000002,14.600000000000003,42.84999999999999,43.38,31.649999999999984,32.46,10.000000000000004,17.799999999999997,44.4,75.00000000000001,60.02,31.649999999999984,54.04999999999999,60.069999999999986,25.400000000000002,12.600000000000003
2024-03-01,16.029999999999998,43.14999999999999,30.400000000000002,63.00000000000001,115.77999999999999,14.650000000000002,43.49999999999999,43.08000000000001,31.79999999999999,32.77,9.900000000000002,17.209999999999997,43.699999999999996,77.2,62.29999999999997,32.0,53.329999999999984,59.26,24.999999999999996,12.500000000000002
2024-03-02,15.83,43.55,30.500000000000007,62.709999999999994,115.44,14.499999999999996,42.50000000000001,42.59000000000002,31.9,32.90999999999999,9.7,17.31,44.0,76.60000000000001,63.1,31.649999999999984,54.86000000000001,58.33,25.2,12.700000000000005
2024-03-03,15.926666666666666,43.68333333333333,30.800000000000004,62.93333333333333,116.0966666666667,14.66666666666667,42.683333333333344,42.720000000000006,32.13333333333334,33.456666666666656,9.766666666666667,17.773333333333326,44.33333333333333,76.96666666666668,63.230000000000004,31.866666666666664,56.123333333333335,58.55333333333333,25.46666666666667,12.983333333333336
2024-03-04,16.023333333333333,43.81666666666668,31.099999999999998,63.156666666666666,116.75333333333327,14.833333333333334,42.866666666666674,42.85000000000001,32.36666666666667,34.00333333333333,9.833333333333336,18.236666666666665,44.66666666666666,77.33333333333333,63.36,32.08333333333332,57.38666666666665,58.776666666666664,25.73333333333332,13.26666666666667
2024-03-05,16.12,43.94999999999999,31.400000000000006,63.38000000000001,117.41000000000001,14.999999999999998,43.05,42.98,32.6,34.55,9.900000000000002,18.699999999999996,44.99999999999999,77.7,63.49,32.3,58.64999999999999,59.0,26.0,13.550000000000002
2024-03-06,16.420000000000005,44.09999999999999,32.2,63.28,119.30000000000003,14.399999999999997,43.89999999999999,43.38,32.8,34.09,10.000000000000004,18.599999999999998,44.95,77.5,63.30000000000001,32.25,61.71000000000002,59.33000000000001,25.799999999999997,14.449999999999996
2024-03-07,16.029999999999998,44.199999999999996,32.1,65.68,120.16000000000001,14.249999999999996,44.800000000000004,42.69000000000002,32.4,33.67999999999999,9.900000000000002,18.699999999999996,43.85,78.09999999999998,61.50999999999998,31.699999999999985,60.54000000000004,59.4,25.799999999999997,15.450000000000001
2024-03-08,15.93,43.699999999999996,31.900000000000006,64.44,119.72999999999999,14.300000000000004,44.35000000000001,42.79000000000003,32.6,33.179999999999986,9.8,17.799999999999997,42.5,78.09999999999998,61.41,31.799999999999994,61.62,59.53,25.750000000000007,15.850000000000001
2024-03-09,16.12,43.50000000000001,31.5,65.01,121.77999999999997,14.399999999999997,44.35000000000001,43.08000000000001,32.8,33.91,10.099999999999998,18.799999999999997,42.64999999999999,77.60000000000002,61.609999999999985,31.699999999999985,61.62,59.20000000000002,25.599999999999994,16.55
2024-03-10,16.186666666666675,43.483333333333334,31.53333333333334,64.82000000000001,122.35333333333334,14.266666666666667,44.499999999999986,43.14666666666666,33.03333333333333,33.91,10.066666666666663,18.799999999999997,42.699999999999996,77.43333333333332,61.90666666666666,31.733333333333327,61.95000000000001,59.08666666666668,25.566666666666663,16.53333333333333
2024-03-11,16.25333333333333,43.46666666666666,31.566666666666677,64.63,122.92666666666666,14.133333333333331,44.65,43.21333333333334,33.266666666666666,33.91,10.03333333333333,18.799999999999997,42.75000000000001,77.26666666666665,62.203333333333305,31.76666666666666,62.279999999999994,58.97333333333334,25.533333333333317,16.516666666666666
2024-03-12,16.319999999999993,43.44999999999999,31.599999999999998,64.44,123.5,13.999999999999993,44.800000000000004,43.28000000000002,33.50000000000001,33.91,10.000000000000004,18.799999999999997,42.800000000000004,77.09999999999998,62.50000000000001,31.799999999999994,62.60999999999999,58.86000000000001,25.5,16.5
2024-03-13,16.420000000000005,43.19999999999998,31.20000000000001,63.76,125.64000000000003,14.2,45.100000000000016,43.67000000000001,33.199999999999996,33.81999999999999,9.900000000000002,18.799999999999997,42.99999999999999,75.80000000000003,61.809999999999974,32.099999999999994,61.799999999999976,58.33,25.349999999999998,17.55
2024-03-14,16.619999999999997,43.29999999999999,31.20000000000001,64.24,131.09,14.2,45.74999999999999,44.56,33.50000000000001,34.5,9.900000000000002,17.899999999999988,43.500000000000014,77.80000000000003,62.89999999999999,32.45,62.7,59.33000000000001,25.799999999999997,17.4
2024-03-15,16.420000000000005,43.19999999999998,31.599999999999998,64.15,129.09999999999997,13.949999999999998,45.19999999999999,44.46000000000001,33.899999999999984,35.08999999999999,10.099999999999998,17.499999999999996,44.100000000000016,78.6,63.49,32.199999999999996,63.06000000000001,59.13000000000002,26.299999999999997,17.25
2024-03-16,15.530000000000001,42.0,30.500000000000007,63.48,130.1,13.299999999999997,42.79999999999999,42.889999999999986,32.8,34.09,9.900000000000002,17.599999999999998,42.1,78.00000000000003,62.50000000000001,31.199999999999985,63.06000000000001,58.530000000000015,25.599999999999994,17.299999999999997
2024-03-17,15.530000000000001,42.0,30.166666666666668,63.41333333333333,129.37,13.333333333333332,42.76666666666666,42.693333333333335,32.78333333333333,34.10666666666666,10.03333333333333,17.699999999999996,41.73333333333332,77.4,62.17,31.149999999999995,62.43,58.43999999999999,25.400000000000002,17.5
2024-03-18,15.530000000000001,42.0,29.83333333333333,63.34666666666666,128.64000000000001,13.366666666666669,42.73333333333333,42.49666666666667,32.76666666666665,34.12333333333333,10.166666666666664,17.799999999999997,41.36666666666667,76.80000000000001,61.83999999999998,31.099999999999987,61.799999999999976,58.35,25.2,17.7
2024-03-19,15.530000000000001,42.0,29.500000000000007,63.28,127.91000000000004,13.4,42.699999999999996,42.30000000000001,32.74999999999999,34.13999999999999,10.3,17.899999999999988,40.999999999999986,76.2,61.50999999999998,31.049999999999986,61.169999999999995,58.260000000000005,24.999999999999996,17.9
2024-03-20,15.83,42.10000000000001,29.099999999999987,63.18999999999999,127.12000000000002,13.599999999999998,43.0,42.79000000000003,32.34999999999999,34.35999999999999,10.3,16.909999999999997,41.749999999999986,76.2,61.709999999999994,31.399999999999988,61.62,58.260000000000005,24.899999999999988,19.149999999999995
2024-03-21,15.83,41.50000000000001,29.2,62.61,130.58999999999997,12.8,43.099999999999994,42.79000000000003,32.49999999999999,34.269999999999996,10.000000000000004,18.499999999999996,41.79999999999998,75.60000000000004,62.79999999999998,31.449999999999985,62.97,57.92999999999999,24.55,19.9
2024-03-22,15.83,41.45000000000001,29.4,63.28,132.37999999999997,12.55,42.650000000000006,42.5,32.20000000000001,34.13999999999999,10.000000000000004,17.599999999999998,41.2,75.80000000000003,62.99999999999999,31.35,62.97,57.52000000000002,24.450000000000006,18.550000000000004
2024-03-23,15.729999999999995,41.64999999999997,30.0,63.28,135.16000000000005,12.399999999999999,42.699999999999996,42.200000000000024,32.20000000000001,34.09,9.8,18.099999999999998,40.9,76.2,62.99999999999999,31.449999999999985,63.60000000000001,57.52000000000002,24.1,19.1
2024-03-24,15.396666666666665,41.46666666666666,29.266666666666673,63.12,133.83666666666664,12.466666666666669,41.716666666666676,41.676666666666684,32.01666666666665,33.833333333333336,9.7,18.69666666666667,40.849999999999994,75.36666666666669,62.50333333333332,30.83333333333332,62.340000000000025,57.40999999999999,24.133333333333322,18.683333333333334
2024-03-25,15.06333333333334,41.28333333333334,28.533333333333324,62.95999999999999,132.51333333333332,12.533333333333331,40.73333333333332,41.15333333333334,31.833333333333318,33.57666666666667,9.6,19.293333333333333,40.79999999999999,74.53333333333332,62.00666666666666,30.216666666666654,61.08000000000001,57.30000000000001,24.166666666666668,18.266666666666673
2024-03-26,14.730000000000004,41.1,27.8,62.8,131.19,12.6,39.75000000000001,40.63000000000001,31.649999999999984,33.32,9.499999999999998,19.889999999999997,40.75,73.69999999999999,61.50999999999998,29.59999999999999,59.82000000000001,57.19,24.2,17.850000000000005
2024-03-27,14.930000000000003,41.2,28.099999999999998,62.8,129.09999999999997,12.499999999999995,39.9,40.92000000000001,31.60000000000001,33.73,9.7,18.399999999999995,41.6,73.89999999999999,61.50999999999998,29.899999999999995,57.389999999999986,57.19,24.2,17.25
2024-03-28,14.930000000000003,41.2,28.199999999999996,62.519999999999996,130.89,12.700000000000001,39.65,40.92000000000001,31.3,33.64,9.7,18.399999999999995,41.6,74.00000000000001,62.10000000000001,29.749999999999982,58.379999999999995,56.989999999999995,23.999999999999996,17.850000000000005
2024-03-29,14.730000000000004,40.99999999999999,27.5,62.61,131.88000000000005,12.449999999999996,38.5,40.430000000000014,31.3,34.09,10.399999999999993,18.399999999999995,42.0,74.49999999999999,62.89999999999999,29.749999999999982,57.11999999999999,56.989999999999995,24.29999999999998,18.400000000000002
2024-03-30,14.730000000000004,41.2,27.199999999999996,62.8,129.60000000000005,12.1,38.54999999999999,39.839999999999996,30.999999999999986,33.55,10.399999999999993,18.399999999999995,41.399999999999984,74.69999999999999,62.399999999999984,28.8,54.96,56.989999999999995,23.699999999999996,17.4
2024-03-31,14.796666666666672,41.25,27.33333333333333,62.95999999999999,128.97,12.13333333333333,38.9,39.97333333333333,31.333333333333325,33.57999999999999,10.3,18.399999999999995,41.53333333333332,75.13333333333335,63.533333333333324,29.0,55.35000000000002,57.19000000000002,23.800000000000004,17.6
2024-04-01,14.86333333333333,41.29999999999999,27.46666666666666,63.12,128.34000000000003,12.166666666666663,39.24999999999999,40.10666666666668,31.666666666666657,33.609999999999985,10.19999999999999,18.399999999999995,41.66666666666665,75.56666666666668,64.66666666666664,29.199999999999992,55.73999999999999,57.39000000000001,23.9,17.8
2024-04-02,14.930000000000003,41.35000000000001,27.6,63.28,127.71,12.2,39.60000000000001,40.24,31.999999999999993,33.64,10.099999999999998,18.399999999999995,41.79999999999998,76.00000000000001,65.8,29.4,56.12999999999998,57.59,23.999999999999996,18.0
2024-04-03,15.130000000000003,41.599999999999994,28.300000000000008,63.48,127.12000000000002,12.3,40.14999999999999,41.50999999999998,32.300000000000004,34.459999999999994,10.099999999999998,18.399999999999995,43.15000000000001,76.29999999999998,65.99999999999999,29.749999999999982,56.93999999999998,59.0,24.499999999999996,17.850000000000005
2024-04-04,15.130000000000003,41.35000000000001,28.099999999999998,63.48,130.1,12.249999999999995,39.65,41.32000000000001,32.34999999999999,34.40999999999999,10.099999999999998,18.9,42.99999999999999,76.5,65.49999999999999,29.99999999999999,56.579999999999984,59.20000000000002,24.24999999999999,18.599999999999998
2024-04-05,15.230000000000002,41.4,28.700000000000003,63.67,134.86000000000004,12.35,39.550000000000004,41.71000000000001,32.300000000000004,34.5,10.000000000000004,18.199999999999996,42.99999999999999,76.80000000000001,65.09999999999998,29.899999999999995,58.02000000000001,58.86000000000001,24.1,18.35
2024-04-06,15.130000000000003,41.4,28.599999999999998,64.44,137.73999999999998,11.949999999999996,39.29999999999999,41.910000000000004,32.7,34.82,10.000000000000004,18.199999999999996,44.0,76.70000000000003,65.59999999999998,29.899999999999995,57.839999999999996,58.86000000000001,23.75,18.3
2024-04-07,15.196666666666665,41.066666666666656,29.33333333333334,64.56666666666666,138.04000000000005,11.899999999999997,39.45,42.00666666666669,32.66666666666667,34.48666666666665,9.966666666666677,18.499999999999996,44.03333333333333,76.53333333333333,66.06666666666665,30.03333333333333,57.719999999999985,58.68333333333332,23.516666666666666,18.400000000000002
2024-04-08,15.263333333333334,40.733333333333334,30.06666666666665,64.69333333333333,138.34,11.849999999999994,39.60000000000001,42.103333333333346,32.633333333333326,34.15333333333333,9.933333333333337,18.799999999999997,44.06666666666668,76.3666666666667,66.5333333333333,30.16666666666666,57.599999999999994,58.50666666666667,23.28333333333333,18.499999999999996
2024-04-09,15.330000000000002,40.39999999999999,30.800000000000004,64.82,138.64000000000001,11.799999999999999,39.75000000000001,42.200000000000024,32.6,33.81999999999999,9.900000000000002,19.099999999999994,44.100000000000016,76.2,66.99999999999997,30.299999999999997,57.48,58.33,23.049999999999997,18.599999999999998
2024-04-10,15.63,40.8,30.9,64.72,136.55000000000004,11.949999999999996,41.99999999999999,43.38,32.7,34.09,10.000000000000004,19.099999999999994,43.4,76.5,66.8,30.549999999999994,58.11000000000001,58.93,23.29999999999999,18.400000000000002
2024-04-11,15.330000000000002,40.6,31.599999999999998,64.05,133.07000000000002,11.999999999999998,41.40000000000001,42.59000000000002,32.4,34.459999999999994,10.000000000000004,19.099999999999994,42.95,76.80000000000001,65.19999999999999,30.049999999999983,59.64000000000003,59.26,23.1,17.8
2024-04-12,15.230000000000002,41.1,31.20000000000001,63.57,132.08,12.049999999999997,42.14999999999999,42.200000000000024,32.20000000000001,35.05,9.900000000000002,19.099999999999994,42.99999999999999,75.80000000000003,64.79999999999997,29.800000000000004,58.739999999999974,58.93,23.64999999999999,17.55
2024-04-13,15.030000000000008,41.74999999999999,30.60000000000001,63.57,132.88000000000002,12.2,41.7,41.910000000000004,31.999999999999993,34.55,9.900000000000002,17.599999999999998,42.99999999999999,74.80000000000001,64.79999999999997,29.84999999999999,57.48,58.599999999999994,23.349999999999994,17.55
2024-04-14,15.030000000000008,41.61666666666667,30.833333333333343,63.540000000000006,132.51333333333332,12.149999999999997,41.81666666666668,42.00666666666669,32.03333333333332,34.48666666666665,9.866666666666669,17.66666666666666,43.266666666666666,74.69999999999999,64.63333333333328,29.816666666666663,56.97,58.57666666666667,23.28333333333333,17.150000000000002
2024-04-15,15.030000000000008,41.48333333333331,31.066666666666663,63.51,132.1466666666667,12.1,41.933333333333316,42.103333333333346,32.06666666666666,34.423333333333325,9.833333333333336,17.733333333333327,43.53333333333333,74.60000000000001,64.46666666666664,29.78333333333333,56.45999999999997,58.55333333333333,23.21666666666667,16.75
2024-04-16,15.030000000000008,41.35000000000001,31.299999999999994,63.48,131.78000000000003,12.049999999999997,42.04999999999999,42.200000000000024,32.09999999999999,34.35999999999999,9.8,17.799999999999997,43.79999999999999,74.49999999999999,64.29999999999998,29.749999999999982,55.95,58.530000000000015,23.150000000000006,16.35
2024-04-17,15.030000000000008,41.04999999999998,30.9,63.38000000000001,133.07000000000002,12.049999999999997,42.1,42.200000000000024,32.49999999999999,34.35999999999999,9.7,17.799999999999997,44.0,74.00000000000001,64.09999999999997,29.699999999999996,54.04999999999999,58.800000000000004,22.4,16.5
2024-04-18,14.139999999999999,40.6,29.2,63.00000000000001,130.99000000000004,11.849999999999994,41.09999999999999,40.73,32.99999999999999,33.55,9.6,17.799999999999997,42.0,71.8,63.5,28.499999999999993,50.629999999999995,58.86000000000001,20.949999999999996,15.399999999999997
2024-04-19,14.43,40.54999999999999,29.700000000000006,63.18999999999999,127.02000000000001,12.35,41.29999999999999,41.61,33.45000000000001,33.459999999999994,9.6,17.599999999999998,42.3,71.20000000000002,64.99999999999999,28.75,51.529999999999994,58.86000000000001,21.099999999999998,15.350000000000003
2024-04-20,14.139999999999999,40.75000000000001,29.0,62.61,125.13,11.949999999999996,39.9,41.50999999999998,33.39999999999999,33.27,9.6,17.599999999999998,41.05,71.00000000000003,65.59999999999998,28.049999999999994,50.449999999999996,58.530000000000015,20.249999999999993,14.599999999999998
2024-04-21,14.006666666666673,40.75000000000001,28.866666666666664,62.64333333333333,124.50000000000004,11.949999999999996,38.98333333333331,41.086666666666666,33.483333333333334,33.12,9.6,17.83333333333333,41.03333333333333,71.40000000000005,65.49999999999999,27.799999999999994,49.879999999999995,58.573333333333345,20.200000000000003,14.383333333333333
2024-04-22,13.873333333333331,40.75000000000001,28.73333333333333,62.676666666666655,123.87,11.949999999999996,38.06666666666666,40.66333333333333,33.566666666666656,32.969999999999985,9.6,18.066666666666663,41.016666666666666,71.8,65.39999999999999,27.549999999999994,49.309999999999995,58.61666666666666,20.15,14.166666666666663
2024-04-23,13.74,40.75000000000001,28.599999999999998,62.709999999999994,123.24,11.949999999999996,37.150000000000006,40.24,33.649999999999984,32.81999999999999,9.6,18.29999999999999,40.999999999999986,72.20000000000002,65.29999999999998,27.299999999999994,48.73999999999998,58.66,20.099999999999994,13.950000000000001
2024-04-24,13.74,40.85000000000001,27.89999999999999,63.18999999999999,124.62999999999998,11.599999999999994,34.70000000000001,39.75,32.4,32.27,9.499999999999998,18.29999999999999,41.09999999999999,71.00000000000003,62.50000000000001,27.449999999999996,48.73999999999998,58.530000000000015,19.449999999999996,14.900000000000002
2024-04-25,13.74,40.900000000000006,28.4,62.9,125.13,11.849999999999994,35.399999999999984,40.24,32.20000000000001,32.73,9.499999999999998,18.999999999999996,42.0,71.50000000000003,61.39999999999996,27.60000000000001,49.10000000000001,58.530000000000015,20.200000000000003,14.599999999999998
2024-04-26,13.540000000000001,41.599999999999994,28.199999999999996,62.9,124.14000000000006,11.749999999999998,35.7,40.24,31.55,32.73,9.300000000000002,17.899999999999988,41.54999999999999,71.00000000000003,60.99999999999998,27.700000000000003,48.11,58.40000000000001,20.050000000000004,14.050000000000002
2024-04-27,13.74,41.599999999999994,28.9,63.09000000000001,127.12000000000002,12.049999999999997,35.15,41.02000000000002,32.04999999999998,32.73,9.200000000000001,17.899999999999988,41.749999999999986,74.00000000000001,60.99999999999998,27.949999999999992,50.9,58.40000000000001,19.85,13.950000000000001
2024-04-28,13.773333333333332,41.599999999999994,28.866666666666664,63.540000000000006,127.44999999999997,12.166666666666666,35.399999999999984,40.823333333333345,32.06666666666666,32.79,9.333333333333329,18.199999999999996,41.68333333333332,74.00000000000001,61.33333333333333,27.883333333333336,50.93,58.40000000000001,19.749999999999993,14.083333333333329
2024-04-29,13.806666666666668,41.599999999999994,28.833333333333325,63.99,127.78000000000004,12.283333333333328,35.649999999999984,40.62666666666668,32.08333333333333,32.849999999999994,9.466666666666663,18.499999999999996,41.61666666666666,74.00000000000001,61.66666666666664,27.816666666666656,50.959999999999994,58.40000000000001,19.65,14.21666666666667
2024-04-30,13.84,41.599999999999994,28.800000000000004,64.44,128.10999999999996,12.399999999999999,35.90000000000001,40.430000000000014,32.09999999999999,32.90999999999999,9.6,18.799999999999997,41.54999999999999,74.00000000000001,61.999999999999986,27.749999999999993,50.98999999999998,58.40000000000001,19.55,14.349999999999998
2024-05-01,13.64,42.199999999999996,28.599999999999998,64.92,127.12000000000002,12.149999999999997,35.20000000000002,39.940000000000005,31.999999999999993,32.73,9.399999999999997,18.599999999999998,41.79999999999998,74.60000000000001,62.99999999999999,27.399999999999995,49.910000000000004,58.530000000000015,18.999999999999996,13.999999999999998
2024-05-02,13.74,42.300000000000004,28.599999999999998,68.66,127.71,12.149999999999997,34.849999999999994,39.839999999999996,31.999999999999993,32.96,9.300000000000002,18.599999999999998,41.14999999999999,74.1,63.79999999999999,27.700000000000003,49.55,59.66999999999999,18.999999999999996,13.3
2024-05-03,13.84,42.10000000000001,28.000000000000014,67.41,123.94000000000003,11.799999999999999,32.449999999999996,39.26,31.449999999999985,31.64,9.1,17.699999999999996,39.30000000000001,71.8,62.10000000000001,27.85,46.12999999999999,60.66999999999999,17.699999999999996,13.3
2024-05-04,13.84,42.0,28.499999999999996,68.56,122.35000000000002,12.1,34.70000000000001,39.26,31.55,31.820000000000007,9.200000000000001,17.699999999999996,39.50000000000001,72.20000000000002,62.89999999999999,27.89999999999999,47.119999999999976,59.33000000000001,17.999999999999996,13.500000000000002
2024-05-05,13.439999999999996,41.766666666666666,27.633333333333336,67.88666666666666,120.82666666666668,11.93333333333333,34.66666666666667,38.54000000000001,31.083333333333318,31.66666666666667,9.066666666666666,17.83333333333333,38.933333333333344,71.63333333333334,62.466666666666654,27.249999999999996,46.02333333333334,58.93,17.666666666666664,13.200000000000003
2024-05-06,13.040000000000003,41.53333333333333,26.76666666666666,67.21333333333334,119.30333333333331,11.766666666666662,34.633333333333326,37.82000000000001,30.61666666666667,31.51333333333333,8.933333333333332,17.966666666666665,38.366666666666674,71.06666666666668,62.03333333333332,26.600000000000005,44.926666666666655,58.530000000000015,17.333333333333336,12.900000000000002
2024-05-07,12.640000000000004,41.29999999999999,25.9,66.54,117.78000000000002,11.599999999999994,34.599999999999994,37.10000000000001,30.15000000000001,31.360000000000003,8.800000000000004,18.099999999999998,37.8,70.5,61.59999999999998,25.95,43.829999999999984,58.13000000000001,16.999999999999993,12.600000000000003
2024-05-08,12.839999999999993,41.29999999999999,26.39999999999999,69.71,119.97,11.849999999999994,36.55,37.690000000000005,30.550000000000004,32.09,8.899999999999999,18.099999999999998,39.199999999999996,73.20000000000005,62.29999999999997,26.34999999999999,45.13999999999998,58.40000000000001,17.499999999999993,13.200000000000003
2024-05-09,12.940000000000003,42.349999999999994,26.699999999999992,70.76,121.16,11.55,36.0,37.690000000000005,30.199999999999996,32.46,8.899999999999999,18.099999999999998,39.15,73.00000000000001,62.29999999999997,26.549999999999997,45.949999999999996,58.66,17.800000000000004,13.0
2024-05-10,12.839999999999993,41.800000000000004,26.899999999999995,69.71,120.56000000000006,10.75,34.94999999999999,37.28999999999999,30.199999999999996,32.050000000000004,8.700000000000003,18.099999999999998,38.099999999999994,74.49999999999999,62.399999999999984,26.15,43.86999999999999,58.40000000000001,17.300000000000004,12.650000000000004
2024-05-11,12.940000000000003,41.2,27.400000000000006,70.28,126.02000000000002,10.449999999999996,36.10000000000001,37.88000000000002,31.5,32.41,8.700000000000003,18.399999999999995,38.99999999999999,75.2,65.59999999999998,26.600000000000005,45.76999999999999,58.66,17.699999999999996,12.75
2024-05-12,13.006666666666671,40.99999999999999,27.533333333333328,70.18666666666667,127.0466666666667,10.466666666666665,36.3,38.07666666666666,31.566666666666674,32.42666666666666,8.733333333333336,17.999999999999996,38.983333333333334,75.2,65.93333333333331,26.683333333333334,46.069999999999986,58.68333333333332,17.633333333333333,12.766666666666671
2024-05-13,13.07333333333334,40.8,27.666666666666675,70.09333333333333,128.07333333333335,10.48333333333333,36.500000000000014,38.27333333333332,31.63333333333332,32.443333333333335,8.766666666666671,17.599999999999998,38.96666666666668,75.2,66.26666666666664,26.76666666666667,46.36999999999998,58.70666666666666,17.56666666666667,12.783333333333335
2024-05-14,13.139999999999997,40.6,27.8,70.0,129.09999999999997,10.5,36.70000000000002,38.470000000000006,31.699999999999992,32.46,8.800000000000004,17.199999999999996,38.95,75.2,66.59999999999998,26.85,46.67,58.73000000000001,17.499999999999993,12.800000000000004
2024-05-15,13.240000000000002,40.69999999999999,27.3,70.76,128.79999999999998,10.449999999999996,36.35000000000001,38.57000000000001,31.849999999999998,32.54999999999999,8.700000000000003,17.199999999999996,38.35000000000001,74.80000000000001,66.69999999999999,26.750000000000004,46.4,59.86999999999998,18.149999999999995,12.700000000000005
2024-05-16,13.139999999999997,40.8,27.3,70.96,128.61,10.049999999999997,36.14999999999999,38.28,31.79999999999999,32.46,8.800000000000004,17.199999999999996,38.05,76.5,66.59999999999998,26.700000000000003,45.85999999999997,58.86000000000001,17.9,12.600000000000003
2024-05-17,12.839999999999993,40.8,27.099999999999994,70.76,127.81,10.049999999999997,35.499999999999986,37.97999999999999,31.849999999999998,32.27,8.700000000000003,17.899999999999988,37.25,75.00000000000001,65.9,26.4,44.82000000000001,58.599999999999994,17.6,12.1
2024-05-18,13.240000000000002,41.14999999999999,28.000000000000014,70.76,129.70000000000002,10.399999999999999,37.95,38.86,32.49999999999999,33.769999999999996,8.999999999999998,18.399999999999995,39.50000000000001,77.29999999999998,69.0,27.200000000000003,47.03,58.93,18.799999999999994,12.600000000000003
2024-05-19,13.30666666666667,41.14999999999999,28.199999999999996,71.46333333333334,129.6666666666667,10.433333333333332,38.03333333333334,39.09000000000001,32.55,33.75666666666666,8.999999999999998,18.133333333333322,39.56666666666667,77.46666666666665,69.0,27.26666666666666,47.27,59.08666666666668,18.91666666666666,12.600000000000003
2024-05-20,13.373333333333333,41.14999999999999,28.4,72.16666666666667,129.6333333333333,10.466666666666665,38.11666666666666,39.31999999999999,32.6,33.74333333333333,8.999999999999998,17.866666666666664,39.633333333333326,77.63333333333333,69.0,27.33333333333333,47.509999999999984,59.24333333333334,19.033333333333317,12.600000000000003
2024-05-21,13.439999999999996,41.14999999999999,28.599999999999998,72.87,129.60000000000005,10.5,38.2,39.55,32.64999999999999,33.73,8.999999999999998,17.599999999999998,39.70000000000001,77.80000000000003,69.0,27.399999999999995,47.749999999999986,59.4,19.149999999999995,12.600000000000003
2024-05-22,13.339999999999996,41.7,28.499999999999996,72.49,130.58999999999997,10.599999999999996,39.05000000000001,39.55,33.199999999999996,34.32,8.999999999999998,17.599999999999998,40.59999999999999,77.60000000000002,69.49999999999999,27.65000000000001,47.839999999999996,60.739999999999995,20.449999999999996,12.700000000000005
2024-05-23,13.64,41.85,29.4,72.2,132.58,10.699999999999994,39.10000000000001,39.940000000000005,34.2,34.269999999999996,9.1,17.599999999999998,40.69999999999999,77.5,69.79999999999998,27.999999999999993,47.38999999999998,62.070000000000014,21.0,12.75
2024-05-24,13.540000000000001,41.55,29.0,71.15,132.88000000000002,10.5,39.05000000000001,39.839999999999996,34.60000000000001,34.179999999999986,9.1,17.599999999999998,40.69999999999999,78.00000000000003,69.99999999999997,27.799999999999994,49.279999999999994,61.81,21.39999999999998,12.75
2024-05-25,13.439999999999996,41.55,29.0,71.82,132.18000000000004,10.399999999999999,39.550000000000004,39.65,34.95,33.999999999999986,9.6,18.9,40.69999999999999,77.9,69.99999999999997,27.89999999999999,48.46999999999999,61.81,21.599999999999998,12.700000000000005
2024-05-26,13.40666666666667,41.74999999999999,28.833333333333325,71.33999999999999,131.65,10.416666666666664,39.41666666666667,39.583333333333336,34.833333333333336,34.09,9.533333333333331,18.599999999999998,40.68333333333333,77.33333333333337,69.93333333333332,27.799999999999994,48.169999999999995,61.72,21.699999999999992,12.616666666666665
2024-05-27,13.373333333333333,41.95000000000001,28.66666666666667,70.86,131.12,10.433333333333332,39.283333333333324,39.516666666666666,34.71666666666666,34.179999999999986,9.466666666666663,18.29999999999999,40.666666666666636,76.76666666666668,69.86666666666666,27.700000000000003,47.86999999999998,61.63,21.8,12.533333333333328
2024-05-28,13.339999999999996,42.15,28.499999999999996,70.38,130.58999999999997,10.449999999999996,39.150000000000006,39.44999999999999,34.60000000000001,34.269999999999996,9.399999999999997,17.999999999999996,40.65,76.2,69.79999999999998,27.60000000000001,47.56999999999998,61.54,21.899999999999995,12.450000000000001
2024-05-29,13.439999999999996,45.099999999999994,28.700000000000003,70.48000000000002,131.59,10.5,39.199999999999996,39.44999999999999,34.85,34.09,9.499999999999998,17.999999999999996,40.69999999999999,76.80000000000001,69.79999999999998,27.399999999999995,47.29999999999998,61.19999999999999,21.749999999999996,12.1
2024-05-30,13.339999999999996,44.39999999999997,28.9,70.86,132.37999999999997,11.0,38.849999999999994,39.44999999999999,34.9,34.05,9.499999999999998,17.999999999999996,40.9,77.09999999999998,69.39999999999999,27.60000000000001,47.119999999999976,60.94,21.899999999999995,12.250000000000005
2024-05-31,13.240000000000002,44.199999999999996,29.2,70.48000000000002,132.78000000000003,10.849999999999996,38.74999999999999,39.44999999999999,34.999999999999986,34.269999999999996,9.6,17.999999999999996,40.9,76.9,69.09999999999997,27.299999999999994,48.20000000000001,61.19999999999999,21.45,12.15
2024-06-01,13.240000000000002,44.199999999999996,29.2,70.86,133.87000000000003,10.65,39.0,40.040000000000006,35.05,34.269999999999996,9.300000000000002,16.699999999999996,40.999999999999986,76.5,69.79999999999998,27.449999999999996,47.56999999999998,61.339999999999996,21.549999999999994,11.900000000000006
2024-06-02,13.160000000000004,44.15999999999999,29.060000000000002,70.93599999999999,133.51200000000003,10.57,39.03999999999999,39.962,35.09999999999999,34.326,9.26,16.88,41.2,76.26,69.66,27.299999999999994,47.60599999999998,61.245999999999995,21.71999999999999,11.83
2024-06-03,13.080000000000005,44.11999999999999,28.92,71.012,133.154,10.489999999999997,39.079999999999984,39.88400000000001,35.150000000000006,34.382,9.220000000000004,17.06,41.399999999999984,76.02,69.52000000000002,27.149999999999988,47.641999999999996,61.15199999999999,21.890000000000004,11.760000000000002
2024-06-04,13.0,44.079999999999984,28.780000000000005,71.08800000000001,132.796,10.410000000000002,39.11999999999999,39.80599999999999,35.2,34.438,9.18,17.240000000000002,41.6,75.78000000000002,69.38,26.999999999999996,47.67799999999999,61.057999999999986,22.060000000000002,11.690000000000001
2024-06-05,12.920000000000002,44.039999999999985,28.64,71.164,132.43800000000002,10.329999999999998,39.16000000000001,39.727999999999994,35.25,34.49399999999999,9.139999999999997,17.419999999999998,41.79999999999998,75.53999999999999,69.23999999999997,26.85,47.71399999999999,60.964,22.23,11.62
2024-06-06,12.839999999999993,44.0,28.499999999999996,71.24000000000001,132.08,10.25,39.199999999999996,39.65,35.29999999999999,34.55,9.1,17.599999999999998,42.0,75.29999999999998,69.09999999999997,26.700000000000003,47.749999999999986,60.86999999999999,22.4,11.55
2024-06-07,12.739999999999998,45.04999999999998,28.499999999999996,71.63,129.70000000000002,10.199999999999998,39.199999999999996,39.26,34.999999999999986,34.5,9.200000000000001,17.599999999999998,41.09999999999999,74.1,67.89999999999998,26.250000000000004,46.93999999999998,60.26999999999999,21.850000000000005,11.5
2024-06-08,12.839999999999993,44.64999999999998,28.700000000000003,72.3,131.19,10.25,39.29999999999999,39.75,35.50000000000001,34.35999999999999,8.999999999999998,18.9,41.09999999999999,76.00000000000001,67.99999999999997,26.600000000000005,46.67,60.339999999999996,21.599999999999998,11.200000000000001
2024-06-09,12.839999999999993,44.33333333333334,28.700000000000003,72.10666666666667,130.9233333333333,10.300000000000002,39.11666666666667,39.813333333333354,35.48333333333333,34.3,8.999999999999998,18.9,41.09999999999999,75.80000000000003,67.83333333333331,26.666666666666668,46.43,60.339999999999996,21.63333333333333,11.316666666666668
2024-06-10,12.839999999999993,44.01666666666665,28.700000000000003,71.91333333333333,130.65666666666664,10.349999999999996,38.93333333333334,39.876666666666665,35.46666666666666,34.239999999999995,8.999999999999998,18.9,41.09999999999999,75.60000000000004,67.66666666666667,26.73333333333333,46.19000000000001,60.339999999999996,21.66666666666666,11.433333333333334
2024-06-11,12.839999999999993,43.699999999999996,28.700000000000003,71.72,130.38999999999996,10.399999999999999,38.74999999999999,39.940000000000005,35.44999999999999,34.179999999999986,8.999999999999998,18.9,41.09999999999999,75.40000000000003,67.49999999999997,26.800000000000004,45.949999999999996,60.339999999999996,21.699999999999992,11.55
2024-06-12,12.739999999999998,43.00000000000001,28.499999999999996,71.82,129.09999999999997,10.65,37.89999999999999,39.940000000000005,34.95,33.91,8.899999999999999,18.9,40.9,75.2,67.79999999999998,26.650000000000002,44.599999999999994,59.53,20.899999999999995,11.45
2024-06-13,12.739999999999998,43.00000000000001,28.199999999999996,71.53,129.70000000000002,10.599999999999996,38.2,39.75,34.95,33.91,8.899999999999999,18.9,40.9,75.1,67.79999999999998,26.4,45.319999999999986,59.13000000000002,21.150000000000002,11.749999999999996
2024-06-14,12.839999999999993,42.900000000000006,28.099999999999998,71.63,131.39,10.449999999999996,38.05,39.940000000000005,34.999999999999986,33.769999999999996,8.999999999999998,18.9,40.9,75.1,67.49999999999997,26.4,45.76999999999999,59.86999999999998,21.150000000000002,11.600000000000001
2024-06-15,12.739999999999998,42.900000000000006,28.099999999999998,69.9,132.08,10.449999999999996,38.399999999999984,39.65,34.9,33.85999999999999,9.1,18.9,41.749999999999986,74.20000000000002,67.19999999999996,26.000000000000004,46.03999999999997,60.129999999999995,21.500000000000004,11.699999999999996
2024-06-16,12.706666666666667,42.616666666666674,27.89999999999999,69.58,131.45333333333332,10.416666666666664,38.283333333333324,39.520000000000024,34.81666666666667,33.98333333333332,9.033333333333333,18.9,41.50000000000001,73.76666666666667,66.8333333333333,25.799999999999997,45.826666666666654,59.90666666666665,21.233333333333324,11.666666666666666
2024-06-17,12.673333333333336,42.33333333333332,27.699999999999996,69.26,130.82666666666668,10.383333333333333,38.16666666666665,39.38999999999999,34.73333333333334,34.10666666666666,8.966666666666665,18.9,41.24999999999999,73.33333333333334,66.46666666666667,25.599999999999998,45.61333333333331,59.68333333333332,20.96666666666667,11.633333333333335
2024-06-18,12.640000000000004,42.05,27.5,68.94,130.2,10.349999999999996,38.05,39.26,34.64999999999999,34.23,8.899999999999999,18.9,40.999999999999986,72.90000000000002,66.09999999999998,25.39999999999999,45.4,59.460000000000015,20.700000000000003,11.600000000000001
2024-06-19,12.739999999999998,42.900000000000006,28.000000000000014,70.38,131.97999999999996,10.449999999999996,39.45,39.26,34.95,34.82,9.1,17.899999999999988,41.84999999999999,74.49999999999999,66.8,25.39999999999999,45.85999999999997,60.54,21.749999999999996,11.600000000000001
2024-06-20,12.640000000000004,42.65,28.199999999999996,70.28,133.67,10.550000000000002,39.800000000000004,39.44999999999999,35.7,34.55,8.999999999999998,17.899999999999988,41.949999999999996,74.4,68.2,25.599999999999998,47.29999999999998,60.86999999999999,21.749999999999996,12.000000000000005
2024-06-21,12.640000000000004,42.900000000000006,28.300000000000008,70.28,134.27,10.550000000000002,39.7,39.65,35.99999999999999,34.55,9.1,17.299999999999997,42.150000000000006,74.4,68.2,25.749999999999996,47.03,61.19999999999999,22.4,12.000000000000005
2024-06-22,13.040000000000003,42.300000000000004,29.900000000000002,69.71,134.37,10.699999999999994,39.49999999999999,40.830000000000005,35.99999999999999,34.40999999999999,9.200000000000001,17.299999999999997,41.6,74.69999999999999,67.99999999999997,27.049999999999994,46.93999999999998,60.6,22.19999999999998,12.050000000000006
2024-06-23,13.006666666666671,42.31666666666667,29.83333333333333,69.77333333333333,133.93666666666664,10.599999999999996,39.583333333333336,40.73,35.96666666666667,34.42666666666666,9.166666666666668,17.299999999999997,41.66666666666665,74.60000000000001,67.76666666666665,26.98333333333333,46.64,60.66666666666664,22.19999999999998,12.066666666666666
2024-06-24,12.97333333333333,42.33333333333332,29.766666666666666,69.83666666666667,133.50333333333333,10.5,39.666666666666664,40.63000000000001,35.93333333333332,34.44333333333333,9.133333333333335,17.299999999999997,41.73333333333332,74.49999999999999,67.53333333333332,26.916666666666668,46.33999999999999,60.73333333333332,22.19999999999998,12.083333333333334
2024-06-25,12.940000000000003,42.349999999999994,29.700000000000006,69.9,133.07000000000002,10.399999999999999,39.75000000000001,40.53,35.9,34.459999999999994,9.1,17.299999999999997,41.79999999999998,74.4,67.29999999999997,26.85,46.03999999999997,60.79999999999999,22.19999999999998,12.1
2024-06-26,13.139999999999997,42.54999999999999,30.0,69.75,133.57000000000005,10.5,40.349999999999994,40.830000000000005,36.05,34.999999999999986,9.1,18.699999999999996,41.9,74.80000000000001,68.1,27.549999999999994,46.67,60.999999999999986,22.549999999999997,12.1
2024-06-27,13.139999999999997,42.6,29.900000000000002,69.06,133.87000000000003,10.65,40.55,40.830000000000005,35.99999999999999,35.64,9.300000000000002,18.699999999999996,42.4,75.50000000000001,68.69999999999997,27.60000000000001,46.4,62.070000000000014,23.150000000000006,12.000000000000005
2024-06-28,13.040000000000003,42.6,29.8,70.15000000000002,133.36999999999998,10.65,40.1,40.430000000000014,36.400000000000006,35.769999999999996,9.399999999999997,18.699999999999996,42.05,76.09999999999998,68.3,27.700000000000003,46.4,61.87,22.800000000000004,11.900000000000006
2024-06-29,12.940000000000003,42.49999999999999,29.500000000000007,70.45,133.26999999999998,10.65,40.3,39.940000000000005,36.99999999999999,35.41,9.300000000000002,18.699999999999996,41.749999999999986,75.90000000000003,67.49999999999997,27.249999999999996,45.949999999999996,61.87,22.800000000000004,12.000000000000005
2024-06-30,12.940000000000003,42.33333333333332,29.500000000000007,70.15000000000002,133.36999999999998,10.716666666666667,40.43333333333332,39.906666666666666,36.983333333333334,35.39333333333333,9.26666666666667,18.33333333333333,41.68333333333332,75.83333333333333,67.7,27.399999999999995,45.89,61.76,22.699999999999996,12.000000000000005
2024-07-01,12.940000000000003,42.16666666666665,29.500000000000007,69.85,133.47000000000003,10.78333333333333,40.56666666666666,39.87333333333335,36.966666666666676,35.37666666666667,9.233333333333336,17.966666666666665,41.61666666666666,75.76666666666671,67.89999999999998,27.549999999999994,45.83,61.650000000000006,22.6,12.000000000000005
2024-07-02,12.940000000000003,42.0,29.500000000000007,69.55,133.57000000000005,10.849999999999996,40.70000000000001,39.839999999999996,36.95000000000001,35.36,9.200000000000001,17.599999999999998,41.54999999999999,75.7,68.1,27.700000000000003,45.76999999999999,61.54,22.500000000000004,12.000000000000005
2024-07-03,13.0,42.300000000000004,29.8,69.55,134.96000000000004,11.15,40.8,39.65,36.49999999999999,35.72999999999999,9.300000000000002,17.599999999999998,41.6,76.60000000000001,67.79999999999998,27.399999999999995,46.76,61.54,22.45,12.000000000000005
2024-07-04,13.300000000000004,42.05,29.900000000000002,69.55,134.47,10.9,40.70000000000001,40.040000000000006,35.99999999999999,35.08999999999999,9.1,17.999999999999996,40.999999999999986,76.00000000000001,67.39999999999999,27.549999999999994,46.03999999999997,62.009999999999984,21.199999999999992,12.000000000000005
2024-07-05,13.200000000000005,41.35000000000001,29.6,69.75,133.07000000000002,10.550000000000002,40.050000000000004,40.040000000000006,36.199999999999996,33.999999999999986,9.300000000000002,17.999999999999996,40.2,76.00000000000001,66.29999999999998,27.249999999999996,45.4,61.940000000000005,20.599999999999994,12.000000000000005
2024-07-06,13.200000000000005,40.99999999999999,30.400000000000002,67.97,133.18,11.200000000000003,39.9,40.73,35.60000000000001,34.05,9.1,16.799999999999997,39.89999999999999,75.60000000000004,66.39999999999998,27.700000000000003,45.22,61.74,20.799999999999997,12.050000000000006
2024-07-07,13.266666666666664,40.949999999999996,30.63333333333331,67.50666666666666,133.18,11.099999999999996,40.133333333333326,40.89333333333335,35.666666666666664,34.13999999999999,9.133333333333335,16.83333333333333,40.03333333333334,75.33333333333333,66.36666666666665,27.783333333333328,45.22,61.67333333333333,20.883333333333333,12.083333333333334
2024-07-08,13.33333333333333,40.900000000000006,30.866666666666664,67.04333333333334,133.18,11.0,40.36666666666666,41.05666666666668,35.73333333333333,34.23,9.166666666666668,16.866666666666664,40.16666666666666,75.06666666666666,66.3333333333333,27.866666666666667,45.22,61.60666666666666,20.96666666666667,12.116666666666667
2024-07-09,13.400000000000004,40.85000000000001,31.099999999999998,66.58,133.18,10.9,40.599999999999994,41.22000000000001,35.79999999999999,34.32,9.200000000000001,16.899999999999995,40.300000000000004,74.80000000000001,66.29999999999998,27.949999999999992,45.22,61.54,21.050000000000004,12.15
2024-07-10,13.300000000000004,40.900000000000006,30.699999999999996,67.66999999999999,132.88000000000002,10.9,39.85000000000001,41.02000000000002,35.75,34.09,9.1,17.799999999999997,40.1,75.2,65.19999999999999,28.049999999999994,44.78,61.19999999999999,21.050000000000004,12.200000000000005
2024-07-11,13.100000000000005,41.599999999999994,30.400000000000002,67.27,134.47,11.049999999999999,40.20000000000001,40.53,36.1,34.269999999999996,9.1,17.799999999999997,40.5,77.0,64.19999999999999,27.700000000000003,45.949999999999996,60.86999999999999,21.150000000000002,12.550000000000002
2024-07-12,13.0,41.4,30.60000000000001,67.17,140.72,11.0,39.999999999999986,40.34,36.149999999999984,34.09,8.999999999999998,17.799999999999997,40.15,80.0,64.99999999999999,27.349999999999994,48.20000000000001,61.47000000000001,20.799999999999997,12.600000000000003
2024-07-13,13.0,41.800000000000004,30.699999999999996,67.17,138.64000000000001,11.0,40.3,40.13999999999999,36.249999999999986,34.09,9.1,17.599999999999998,40.25,81.09999999999997,64.49999999999997,27.549999999999994,47.749999999999986,61.19999999999999,21.249999999999996,13.350000000000001
2024-07-14,13.0,41.91666666666664,30.666666666666675,67.00666666666667,137.97666666666666,11.0,40.40000000000001,39.97666666666667,36.18333333333332,34.04666666666665,9.066666666666666,17.599999999999998,40.066666666666656,80.83333333333331,64.19999999999999,27.399999999999995,47.77999999999999,61.179999999999986,21.13333333333333,13.400000000000002
2024-07-15,13.0,42.033333333333324,30.63333333333331,66.84333333333333,137.31333333333336,11.0,40.5,39.813333333333354,36.11666666666665,34.00333333333333,9.033333333333333,17.599999999999998,39.88333333333333,80.56666666666665,63.899999999999984,27.249999999999996,47.81,61.16,21.016666666666662,13.450000000000005
2024-07-16,13.0,42.15,30.60000000000001,66.68,136.65,11.0,40.599999999999994,39.65,36.05,33.95999999999999,8.999999999999998,17.599999999999998,39.70000000000001,80.29999999999997,63.59999999999999,27.1,47.839999999999996,61.13999999999999,20.899999999999995,13.500000000000002
2024-07-17,12.700000000000001,41.64999999999997,29.4,66.28,136.06000000000003,11.0,40.14999999999999,38.67000000000001,36.149999999999984,33.49999999999999,8.999999999999998,17.899999999999988,38.99999999999999,80.8,64.4,26.600000000000005,46.849999999999994,61.13999999999999,20.099999999999994,13.200000000000003
2024-07-18,12.700000000000001,41.50000000000001,28.700000000000003,66.96999999999998,135.35999999999999,10.799999999999999,39.800000000000004,38.36999999999999,36.3,33.089999999999996,8.999999999999998,17.899999999999988,38.20000000000001,80.39999999999998,65.49999999999999,26.30000000000001,46.849999999999994,61.19999999999999,19.700000000000003,13.150000000000006
2024-07-19,12.800000000000006,41.55,28.9,67.07,136.06000000000003,10.799999999999999,39.999999999999986,38.76,36.55,33.35,9.1,17.899999999999988,38.900000000000006,80.99999999999997,65.8,26.549999999999997,47.47999999999999,61.67,21.050000000000004,13.150000000000006
2024-07-20,12.700000000000001,41.800000000000004,28.599999999999998,66.87,136.06000000000003,10.599999999999996,39.800000000000004,38.28,36.249999999999986,32.8,9.1,16.999999999999996,38.900000000000006,80.39999999999998,65.69999999999997,26.250000000000004,46.93999999999998,61.81,20.899999999999995,13.150000000000006
2024-07-21,12.633333333333338,41.95000000000001,28.366666666666664,66.84,135.56000000000003,10.599999999999996,39.333333333333336,38.14666666666666,35.99999999999999,32.699999999999996,9.066666666666666,17.266666666666662,38.66666666666668,80.33333333333334,65.73333333333333,26.09999999999999,47.329999999999984,61.72,20.799999999999997,13.200000000000003
2024-07-22,12.56666666666667,42.10000000000001,28.133333333333336,66.81,135.06,10.599999999999996,38.86666666666666,38.01333333333336,35.75,32.599999999999994,9.033333333333333,17.53333333333333,38.43333333333335,80.26666666666667,65.76666666666665,25.95,47.719999999999985,61.63,20.700000000000003,13.250000000000004
2024-07-23,12.500000000000002,42.249999999999986,27.89999999999999,66.78,134.56,10.599999999999996,38.399999999999984,37.88000000000002,35.50000000000001,32.5,8.999999999999998,17.799999999999997,38.20000000000001,80.19999999999999,65.8,25.799999999999997,48.11,61.54,20.599999999999994,13.3
2024-07-24,12.500000000000002,42.199999999999996,27.5,66.78,132.18000000000004,10.5,37.45000000000001,37.28999999999999,34.999999999999986,32.699999999999996,8.999999999999998,16.299999999999997,38.15,78.89999999999999,66.29999999999998,25.599999999999998,46.580000000000005,61.13999999999999,20.899999999999995,13.600000000000003
2024-07-25,12.599999999999998,43.19999999999998,27.699999999999996,66.78,133.26999999999998,10.699999999999994,37.95,37.59,35.05,33.3,8.899999999999999,17.399999999999995,39.30000000000001,79.39999999999999,65.69999999999997,25.850000000000005,46.30999999999999,61.19999999999999,21.599999999999998,13.649999999999997
2024-07-26,12.500000000000002,42.05,27.3,67.87,133.36999999999998,10.550000000000002,36.85,37.49000000000001,34.85,33.64999999999999,8.800000000000004,16.499999999999996,38.900000000000006,78.50000000000003,65.39999999999999,25.9,45.58999999999998,61.339999999999996,21.350000000000005,13.750000000000002
2024-07-27,12.400000000000007,41.55,27.3,67.47,133.07000000000002,10.150000000000002,36.85,37.10000000000001,34.60000000000001,33.15,8.899999999999999,16.199999999999996,38.75000000000001,77.2,65.49999999999999,25.65,45.67999999999999,61.39999999999999,21.650000000000002,13.9
2024-07-28,12.400000000000007,41.51666666666666,27.43333333333333,67.20666666666666,133.36999999999998,10.150000000000002,37.03333333333334,37.13333333333334,34.63333333333333,33.266666666666666,8.899999999999999,16.599999999999998,38.866666666666674,77.43333333333332,65.49999999999999,25.700000000000006,45.85999999999997,61.446666666666665,21.63333333333333,13.85
2024-07-29,12.400000000000007,41.48333333333331,27.566666666666663,66.94333333333334,133.67,10.150000000000002,37.216666666666676,37.16666666666667,34.66666666666667,33.38333333333333,8.899999999999999,16.999999999999996,38.983333333333334,77.66666666666667,65.49999999999999,25.749999999999996,46.03999999999997,61.493333333333325,21.61666666666667,13.800000000000002
2024-07-30,12.400000000000007,41.45000000000001,27.699999999999996,66.68,133.97000000000003,10.150000000000002,37.39999999999999,37.199999999999996,34.70000000000002,33.49999999999999,8.899999999999999,17.399999999999995,39.100000000000016,77.9,65.49999999999999,25.799999999999997,46.22,61.54,21.599999999999998,13.750000000000002
2024-07-31,12.400000000000007,41.35000000000001,28.300000000000008,66.48,134.47,10.199999999999998,37.45000000000001,37.199999999999996,34.95,33.49999999999999,8.800000000000004,17.399999999999995,39.100000000000016,78.00000000000003,66.49999999999997,25.749999999999996,47.56999999999998,61.54,21.150000000000002,13.9
2024-08-01,12.200000000000008,40.99999999999999,28.099999999999998,65.78,134.96000000000004,10.349999999999996,37.19999999999999,37.10000000000001,34.74999999999999,33.49999999999999,8.899999999999999,15.999999999999996,39.400000000000006,78.09999999999998,65.99999999999999,25.599999999999998,47.47999999999999,61.339999999999996,21.249999999999996,13.750000000000002
2024-08-02,12.200000000000008,41.55,27.89999999999999,65.58,134.96000000000004,10.349999999999996,37.6,37.10000000000001,35.7,33.49999999999999,8.899999999999999,16.799999999999997,39.85,76.60000000000001,66.49999999999997,25.65,46.76,62.61,21.050000000000004,13.750000000000002
2024-08-03,12.0,41.2,27.6,65.29,133.67,10.25,37.19999999999999,37.39,35.60000000000001,33.15,8.800000000000004,17.899999999999988,40.69999999999999,74.49999999999999,65.99999999999999,25.749999999999996,45.58999999999998,62.54,20.899999999999995,13.9
2024-08-04,11.933333333333326,41.2,27.6,65.22333333333334,133.07333333333332,10.266666666666664,37.333333333333336,37.32666666666666,35.63333333333334,33.099999999999994,8.766666666666671,17.899999999999988,40.300000000000004,74.06666666666666,65.69999999999997,25.566666666666656,45.79999999999999,62.316666666666656,20.916666666666664,13.700000000000001
2024-08-05,11.866666666666669,41.2,27.6,65.15666666666667,132.47666666666663,10.28333333333333,37.46666666666666,37.263333333333335,35.666666666666664,33.05,8.733333333333336,17.899999999999988,39.89999999999999,73.63333333333334,65.39999999999999,25.383333333333336,46.00999999999998,62.09333333333333,20.933333333333337,13.500000000000002
2024-08-06,11.799999999999995,41.2,27.6,65.09,131.88000000000005,10.300000000000002,37.6,37.199999999999996,35.7,33.0,8.700000000000003,17.899999999999988,39.50000000000001,73.20000000000005,65.09999999999998,25.2,46.22,61.87,20.949999999999996,13.3
2024-08-07,11.700000000000001,41.29999999999999,27.89999999999999,64.99000000000001,131.68,10.349999999999996,37.349999999999994,36.99999999999999,35.05,32.949999999999996,8.700000000000003,17.899999999999988,39.45,73.10000000000002,65.59999999999998,25.15,45.49999999999999,61.940000000000005,21.150000000000002,13.550000000000002
2024-08-08,11.799999999999995,41.800000000000004,28.099999999999998,65.29,133.67,10.449999999999996,38.15,37.39,35.9,33.4,8.800000000000004,17.899999999999988,39.89999999999999,74.20000000000002,65.59999999999998,25.349999999999998,46.12999999999999,62.14,21.3,13.450000000000005
2024-08-09,11.799999999999995,41.7,28.4,65.39,134.16999999999996,10.399999999999999,37.849999999999994,37.39,35.60000000000001,33.59999999999999,8.800000000000004,17.899999999999988,39.949999999999996,73.30000000000001,65.39999999999999,25.5,47.749999999999986,62.34,21.699999999999992,13.800000000000002
2024-08-10,11.9,41.04999999999998,28.000000000000014,65.19,134.86000000000004,10.349999999999996,37.75,37.59,34.999999999999986,33.55,8.800000000000004,17.699999999999996,39.60000000000001,72.3,64.99999999999999,25.5,48.379999999999995,61.67,21.350000000000005,14.1
2024-08-11,11.833333333333332,40.96666666666665,27.933333333333323,65.02333333333333,135.69,10.399999999999999,37.56666666666666,37.49000000000001,34.98333333333333,33.533333333333324,8.733333333333336,17.699999999999996,39.583333333333336,72.69999999999999,64.33333333333333,25.449999999999992,49.489999999999995,61.626666666666665,21.183333333333334,14.233333333333334
2024-08-12,11.766666666666664,40.88333333333333,27.866666666666664,64.85666666666667,136.52000000000004,10.449999999999996,37.383333333333326,37.39,34.96666666666667,33.51666666666666,8.66666666666667,17.699999999999996,39.56666666666667,73.10000000000002,63.66666666666664,25.39999999999999,50.6,61.58333333333333,21.016666666666673,14.366666666666665
2024-08-13,11.700000000000001,40.8,27.8,64.69,137.35000000000005,10.5,37.19999999999999,37.28999999999999,34.95,33.49999999999999,8.600000000000001,17.699999999999996,39.55,73.49999999999999,62.99999999999999,25.349999999999998,51.71,61.54,20.85,14.499999999999996
2024-08-14,11.500000000000002,40.54999999999999,27.6,64.39,135.85999999999999,11.200000000000003,37.19999999999999,36.99999999999999,34.49999999999999,33.449999999999996,8.600000000000001,17.699999999999996,39.45,72.5,60.8,24.20000000000001,52.61,61.47000000000001,20.700000000000003,14.3
2024-08-15,11.2,40.6,27.3,64.48999999999998,136.85000000000005,11.300000000000002,36.79999999999998,36.50000000000001,34.35000000000001,33.49999999999999,8.700000000000003,17.699999999999996,39.400000000000006,73.00000000000001,61.899999999999984,23.800000000000004,52.96999999999999,61.87,21.099999999999998,13.700000000000001
2024-08-16,10.8,40.69999999999999,27.099999999999994,64.48999999999998,135.06,11.749999999999998,35.7,34.99999999999999,33.6,33.35,8.5,17.399999999999995,38.60000000000001,71.40000000000005,61.29999999999999,23.199999999999996,51.35,61.54,20.5,13.800000000000002
2024-08-17,10.299999999999997,40.54999999999999,26.39999999999999,63.199999999999996,132.98000000000002,11.799999999999999,34.04999999999998,34.0,33.099999999999994,32.650000000000006,8.399999999999999,15.799999999999992,37.75000000000001,70.59999999999998,59.899999999999984,23.199999999999996,52.15999999999999,61.339999999999996,19.949999999999996,12.950000000000003
2024-08-18,10.266666666666666,40.5,26.43333333333333,63.03666666666667,133.01,11.66666666666667,34.499999999999986,33.96666666666666,33.16666666666667,32.63333333333333,8.433333333333334,16.033333333333328,37.5,70.5,59.566666666666656,23.266666666666666,52.09999999999998,61.183333333333344,20.050000000000004,12.900000000000002
2024-08-19,10.233333333333329,40.45,26.466666666666647,62.87333333333333,133.04,11.53333333333333,34.94999999999999,33.93333333333332,33.23333333333334,32.61666666666667,8.466666666666667,16.266666666666662,37.25,70.39999999999998,59.23333333333332,23.333333333333332,52.04,61.02666666666666,20.15,12.850000000000005
2024-08-20,10.200000000000003,40.39999999999999,26.499999999999993,62.709999999999994,133.07000000000002,11.400000000000004,35.399999999999984,33.89999999999999,33.29999999999998,32.599999999999994,8.5,16.499999999999996,37.000000000000014,70.3,58.89999999999998,23.40000000000001,51.98,60.86999999999999,20.249999999999993,12.800000000000004
2024-08-21,10.200000000000003,40.349999999999994,26.39999999999999,62.51,129.09999999999997,11.400000000000004,34.449999999999996,33.399999999999984,33.35,32.0,8.5,15.69999999999999,37.000000000000014,70.0,57.499999999999986,23.100000000000005,48.379999999999995,60.2,20.099999999999994,12.800000000000004
2024-08-22,10.299999999999997,40.349999999999994,26.699999999999992,63.099999999999994,131.49,11.65,34.94999999999999,33.099999999999994,34.0,32.54999999999999,8.600000000000001,15.799999999999992,37.8,70.3,56.79999999999998,23.199999999999996,48.46999999999999,60.399999999999984,20.899999999999995,12.800000000000004
2024-08-23,10.500000000000002,40.349999999999994,26.899999999999995,63.39999999999999,132.08,11.65,35.15,33.60000000000001,34.999999999999986,32.8,8.5,16.999999999999996,37.89999999999998,71.3,58.69999999999999,23.60000000000001,48.649999999999984,60.54,21.050000000000004,12.800000000000004
2024-08-24,10.400000000000002,40.45,26.799999999999986,63.8,132.98000000000002,11.7,34.800000000000004,33.3,34.999999999999986,32.599999999999994,8.600000000000001,16.999999999999996,37.55000000000002,71.00000000000003,59.00000000000001,23.550000000000004,48.02,60.6,20.749999999999993,12.800000000000004
2024-08-25,10.400000000000002,40.633333333333326,26.899999999999995,63.8,132.98000000000002,11.833333333333334,34.81666666666667,33.60000000000001,35.033333333333324,32.66666666666666,8.66666666666667,17.166666666666664,37.66666666666666,71.40000000000005,59.00000000000001,23.666666666666668,47.86999999999998,60.75666666666665,20.81666666666666,12.75
2024-08-26,10.400000000000002,40.81666666666667,27.000000000000007,63.8,132.98000000000002,11.966666666666669,34.833333333333336,33.89999999999999,35.066666666666656,32.733333333333334,8.733333333333336,17.33333333333333,37.78333333333333,71.8,59.00000000000001,23.783333333333346,47.719999999999985,60.91333333333332,20.883333333333333,12.700000000000005
2024-08-27,10.400000000000002,40.99999999999999,27.099999999999994,63.8,132.98000000000002,12.1,34.849999999999994,34.2,35.09999999999999,32.8,8.800000000000004,17.499999999999996,37.89999999999998,72.20000000000002,59.00000000000001,23.90000000000001,47.56999999999998,61.07000000000001,20.949999999999996,12.650000000000004
2024-08-28,10.500000000000002,41.04999999999998,27.099999999999994,64.3,134.27,12.149999999999997,35.29999999999998,33.89999999999999,35.29999999999999,33.2,8.999999999999998,17.499999999999996,38.500000000000014,72.69999999999999,59.999999999999986,23.85000000000001,48.02,61.81,21.3,12.800000000000004
2024-08-29,10.299999999999997,40.75000000000001,26.899999999999995,64.1,137.94000000000003,11.749999999999998,35.20000000000002,34.0,35.150000000000006,33.15,8.999999999999998,17.499999999999996,37.89999999999998,72.69999999999999,60.2,23.50000000000001,48.649999999999984,62.009999999999984,21.3,13.0
2024-08-30,10.400000000000002,40.69999999999999,27.000000000000007,64.0,138.44000000000003,11.949999999999996,35.25000000000001,33.89999999999999,35.4,33.05,8.999999999999998,17.499999999999996,38.30000000000001,72.40000000000002,59.999999999999986,23.60000000000001,49.00999999999999,61.940000000000005,21.150000000000002,13.0
2024-08-31,10.400000000000002,40.5,27.199999999999996,64.1,143.3,11.949999999999996,35.1,34.400000000000006,35.75,33.15,8.999999999999998,17.499999999999996,38.45000000000002,73.20000000000005,60.49999999999999,23.700000000000003,51.170000000000016,62.40999999999999,21.199999999999992,13.200000000000003
2024-09-01,10.400000000000002,40.45,27.166666666666668,64.06666666666666,142.93333333333328,11.849999999999994,35.11666666666666,34.36666666666667,35.78333333333333,33.05,8.933333333333332,17.266666666666662,38.28333333333334,73.00000000000001,60.46666666666664,23.650000000000002,51.01999999999999,62.61,21.083333333333325,13.150000000000006
2024-09-02,10.400000000000002,40.39999999999999,27.133333333333347,64.03333333333332,142.56666666666666,11.749999999999998,35.13333333333333,34.33333333333332,35.81666666666668,32.949999999999996,8.866666666666672,17.03333333333333,38.11666666666667,72.8,60.43333333333332,23.60000000000001,50.87,62.80999999999999,20.96666666666667,13.100000000000005
2024-09-03,10.400000000000002,40.349999999999994,27.099999999999994,64.0,142.19999999999996,11.65,35.15,34.300000000000004,35.849999999999994,32.849999999999994,8.800000000000004,16.799999999999997,37.95,72.60000000000002,60.399999999999984,23.550000000000004,50.71999999999998,63.009999999999984,20.85,13.050000000000004
2024-09-04,10.299999999999997,40.39999999999999,27.199999999999996,63.39999999999999,145.00000000000003,11.799999999999999,34.800000000000004,33.79999999999999,35.9,32.89999999999999,8.800000000000004,16.799999999999997,37.650000000000006,72.69999999999999,59.799999999999976,23.250000000000004,52.52,62.20999999999999,20.700000000000003,13.050000000000004
2024-09-05,10.100000000000003,40.0,27.000000000000007,62.809999999999995,143.49999999999994,11.400000000000004,33.99999999999999,33.60000000000001,35.29999999999999,32.849999999999994,8.700000000000003,16.699999999999996,36.9,72.10000000000002,58.09999999999998,23.150000000000002,50.9,62.54,20.39999999999999,12.850000000000005
2024-09-06,10.500000000000002,40.85000000000001,27.400000000000006,63.8,148.5,11.7,36.35000000000001,34.10000000000001,36.400000000000006,33.3,8.899999999999999,16.899999999999995,38.30000000000001,73.69999999999999,60.99999999999998,23.800000000000004,51.35,62.879999999999995,21.8,13.100000000000005
2024-09-07,10.400000000000002,41.85,27.400000000000006,63.6,149.49999999999997,11.899999999999997,36.199999999999996,33.89999999999999,36.249999999999986,33.79999999999999,8.899999999999999,16.799999999999997,38.30000000000001,73.40000000000002,61.09999999999999,24.000000000000004,52.15999999999999,63.009999999999984,22.000000000000004,13.3
2024-09-08,10.433333333333334,41.85,27.566666666666663,63.6,148.6666666666667,12.13333333333333,36.23333333333333,34.033333333333324,36.316666666666656,33.999999999999986,8.899999999999999,17.03333333333333,38.35000000000001,73.33333333333334,61.09999999999999,24.03333333333334,51.79999999999999,63.25666666666668,22.066666666666666,13.26666666666667
2024-09-09,10.46666666666667,41.85,27.733333333333317,63.6,147.83333333333334,12.366666666666664,36.266666666666666,34.16666666666666,36.38333333333332,34.199999999999996,8.899999999999999,17.266666666666662,38.40000000000001,73.26666666666667,61.09999999999999,24.06666666666666,51.44,63.50333333333332,22.13333333333333,13.233333333333336
2024-09-10,10.500000000000002,41.85,27.89999999999999,63.6,147.0,12.6,36.3,34.300000000000004,36.449999999999996,34.39999999999999,8.899999999999999,17.499999999999996,38.45000000000002,73.20000000000005,61.09999999999999,24.10000000000001,51.07999999999999,63.75,22.19999999999998,13.200000000000003
2024-09-11,10.500000000000002,41.2,27.89999999999999,63.39999999999999,149.49999999999997,12.449999999999996,36.05,34.300000000000004,36.349999999999994,34.5,8.899999999999999,15.9,38.20000000000001,72.69999999999999,60.8,23.90000000000001,50.98999999999998,63.20999999999999,22.000000000000004,13.050000000000004
2024-09-12,10.500000000000002,41.29999999999999,27.8,63.7,150.5,12.499999999999995,36.35000000000001,34.2,36.349999999999994,34.5,8.700000000000003,15.9,38.099999999999994,72.69999999999999,59.999999999999986,23.749999999999996,51.35,62.40999999999999,21.850000000000005,13.250000000000004
2024-09-13,10.500000000000002,40.900000000000006,27.8,64.1,150.20000000000002,12.399999999999999,36.10000000000001,34.0,36.3,34.55,8.800000000000004,14.799999999999992,37.85,72.10000000000002,59.999999999999986,23.950000000000017,50.18000000000001,62.54,21.650000000000002,13.250000000000004
2024-09-14,10.400000000000002,40.8,27.8,63.7,149.49999999999997,12.399999999999999,36.0,33.79999999999999,36.349999999999994,34.44999999999999,8.700000000000003,16.099999999999998,37.5,71.1,60.99999999999998,23.60000000000001,48.82999999999999,62.27999999999999,21.500000000000004,13.050000000000004
2024-09-15,10.400000000000002,40.76666666666667,27.866666666666664,63.963333333333324,149.63333333333333,12.433333333333332,36.05,33.733333333333334,36.316666666666656,34.5,8.700000000000003,16.099999999999998,37.5,71.1,60.99999999999998,23.700000000000003,49.279999999999994,62.27999999999999,21.500000000000004,12.950000000000003
2024-09-16,10.400000000000002,40.733333333333334,27.933333333333323,64.22666666666666,149.76666666666674,12.466666666666669,36.10000000000001,33.66666666666666,36.28333333333332,34.55,8.700000000000003,16.099999999999998,37.5,71.1,60.99999999999998,23.800000000000004,49.72999999999999,62.27999999999999,21.500000000000004,12.850000000000005
2024-09-17,10.400000000000002,40.69999999999999,28.000000000000014,64.48999999999998,149.90000000000003,12.499999999999995,36.14999999999999,33.60000000000001,36.249999999999986,34.599999999999994,8.700000000000003,16.099999999999998,37.5,71.1,60.99999999999998,23.90000000000001,50.18000000000001,62.27999999999999,21.500000000000004,12.75
2024-09-18,10.299999999999997,40.54999999999999,27.5,64.1,148.00000000000003,12.449999999999996,36.0,33.099999999999994,36.249999999999986,34.999999999999986,8.600000000000001,16.099999999999998,37.20000000000001,71.00000000000003,60.3,23.45000000000001,49.55,62.20999999999999,21.3,12.800000000000004
2024-09-19,11.0,40.6,30.200000000000006,64.19,148.70000000000002,12.399999999999999,36.05,34.10000000000001,36.249999999999986,34.999999999999986,8.700000000000003,15.799999999999992,37.30000000000001,71.40000000000005,60.2,24.150000000000002,50.089999999999996,62.27999999999999,21.599999999999998,13.100000000000005
2024-09-20,11.1,40.300000000000004,31.099999999999998,63.39999999999999,148.1,12.35,35.55,34.7,36.199999999999996,35.6,8.700000000000003,15.799999999999992,36.4,70.4,59.799999999999976,24.20000000000001,50.9,61.81,21.050000000000004,13.100000000000005
2024-09-21,10.8,40.5,30.999999999999986,64.48999999999998,149.49999999999997,12.249999999999995,35.399999999999984,34.2,36.149999999999984,35.849999999999994,8.600000000000001,15.799999999999992,36.35,70.3,60.59999999999999,23.90000000000001,50.9,61.87,21.0,13.700000000000001
2024-09-22,10.733333333333336,40.53333333333332,31.20000000000001,64.29333333333332,149.59999999999997,12.449999999999996,35.399999999999984,34.13333333333333,36.18333333333332,35.86666666666667,8.633333333333335,15.733333333333325,36.31666666666667,70.3,60.73333333333332,23.833333333333332,50.69,61.849999999999994,20.933333333333337,13.633333333333335
2024-09-23,10.66666666666667,40.56666666666666,31.400000000000006,64.09666666666666,149.70000000000005,12.649999999999997,35.399999999999984,34.06666666666668,36.216666666666676,35.88333333333333,8.66666666666667,15.666666666666659,36.28333333333334,70.3,60.86666666666666,23.766666666666673,50.47999999999999,61.82999999999999,20.866666666666664,13.566666666666666
2024-09-24,10.600000000000001,40.6,31.599999999999998,63.9,149.80000000000004,12.849999999999996,35.399999999999984,34.0,36.249999999999986,35.899999999999984,8.700000000000003,15.6,36.25000000000001,70.3,60.99999999999998,23.700000000000003,50.26999999999999,61.81,20.799999999999997,13.500000000000002
2024-09-25,10.500000000000002,40.6,31.700000000000017,63.8,150.4,12.75,35.20000000000002,33.69999999999998,36.199999999999996,35.949999999999996,8.899999999999999,16.699999999999996,35.7,70.2,61.29999999999999,23.60000000000001,49.55,61.609999999999985,20.200000000000003,13.500000000000002
2024-09-26,10.700000000000005,40.65,31.400000000000006,63.9,150.8,12.499999999999995,35.85000000000001,34.0,38.20000000000002,35.899999999999984,8.899999999999999,16.599999999999998,36.3,70.7,62.19999999999999,23.950000000000017,50.359999999999985,61.81,20.449999999999996,13.200000000000003
2024-09-27,10.700000000000005,40.65,31.400000000000006,63.8,149.80000000000004,12.499999999999995,35.8,33.89999999999999,38.20000000000002,35.849999999999994,8.899999999999999,16.199999999999996,36.20000000000002,70.5,61.5,24.050000000000008,49.910000000000004,61.609999999999985,20.749999999999993,13.200000000000003
2024-09-28,10.600000000000001,40.54999999999999,30.400000000000002,63.8,149.59999999999997,11.999999999999998,35.7,34.2,38.8,35.8,8.899999999999999,16.199999999999996,36.4,70.4,61.39999999999996,24.10000000000001,48.55999999999999,61.67,20.599999999999994,13.0
2024-09-29,10.600000000000001,40.54999999999999,30.23333333333335,63.63333333333333,149.90000000000003,11.999999999999998,35.68333333333334,34.13333333333333,38.833333333333336,35.91666666666666,8.899999999999999,15.833333333333323,36.38333333333334,70.3,61.26666666666662,23.966666666666676,48.73999999999998,61.626666666666665,20.733333333333334,13.0
2024-09-30,10.600000000000001,40.54999999999999,30.06666666666665,63.46666666666667,150.20000000000002,11.999999999999998,35.66666666666665,34.06666666666668,38.866666666666674,36.03333333333333,8.899999999999999,15.466666666666667,36.36666666666667,70.2,61.13333333333331,23.833333333333332,48.92,61.58333333333333,20.866666666666664,13.0
2024-10-01,10.600000000000001,40.54999999999999,29.900000000000002,63.300000000000004,150.5,11.999999999999998,35.649999999999984,34.0,38.90000000000001,36.14999999999999,8.899999999999999,15.1,36.35,70.09999999999998,60.99999999999998,23.700000000000003,49.10000000000001,61.54,21.0,13.0
2024-10-02,10.400000000000002,40.54999999999999,29.900000000000002,63.39999999999999,152.5,12.049999999999997,35.499999999999986,33.89999999999999,37.800000000000004,36.09999999999999,8.899999999999999,15.299999999999992,36.55000000000001,70.0,60.99999999999998,23.40000000000001,49.24999999999999,60.999999999999986,20.700000000000003,13.0
2024-10-03,10.449999999999996,40.54999999999999,29.949999999999992,63.24999999999999,152.25000000000003,12.174999999999997,35.42500000000001,33.85,37.95,35.625,8.899999999999999,15.15,36.5,70.4,60.8,23.425000000000008,49.275000000000006,61.234999999999985,20.700000000000003,13.250000000000004
2024-10-04,10.500000000000002,40.54999999999999,30.0,63.099999999999994,152.00000000000003,12.3,35.349999999999994,33.79999999999999,38.1,35.14999999999999,8.899999999999999,14.999999999999996,36.45000000000001,70.8,60.59999999999999,23.45000000000001,49.29999999999998,61.47000000000001,20.700000000000003,13.500000000000002
2024-10-05,10.500000000000002,40.5,29.6,63.00000000000001,149.00000000000003,11.849999999999994,34.499999999999986,34.0,37.199999999999996,34.8,8.700000000000003,15.69999999999999,36.050000000000004,69.7,58.6,23.50000000000001,49.34999999999999,61.54,20.449999999999996,13.500000000000002
2024-10-06,10.433333333333334,40.5,29.6,62.83333333333334,149.1,11.766666666666662,34.16666666666666,33.79999999999999,37.199999999999996,34.8,8.733333333333336,15.69999999999999,35.71666666666666,68.86666666666669,58.06666666666667,23.316666666666674,49.23333333333333,61.74,20.16666666666667,13.73333333333333
2024-10-07,10.366666666666665,40.5,29.6,62.66666666666666,149.20000000000002,11.683333333333334,33.83333333333333,33.60000000000001,37.199999999999996,34.8,8.766666666666671,15.69999999999999,35.38333333333334,68.03333333333333,57.533333333333324,23.13333333333334,49.11666666666666,61.940000000000005,19.883333333333333,13.96666666666667
2024-10-08,10.299999999999997,40.5,29.6,62.49999999999999,149.3,11.599999999999994,33.49999999999999,33.399999999999984,37.199999999999996,34.8,8.800000000000004,15.69999999999999,35.05,67.19999999999999,56.999999999999986,22.95000000000001,49.0,62.14,19.600000000000005,14.199999999999996
2024-10-09,10.100000000000003,40.5,29.500000000000007,61.7,150.1,11.65,33.05,32.1,37.45000000000002,33.85,8.600000000000001,14.699999999999996,33.449999999999996,66.8,57.1,22.15,48.150000000000006,61.74,18.849999999999984,14.15
2024-10-10,10.200000000000003,40.5,29.6,61.7,148.30000000000004,11.849999999999994,33.39999999999999,32.1,37.800000000000004,33.79999999999999,8.800000000000004,15.299999999999992,33.10000000000001,67.70000000000002,58.09999999999998,22.15,47.199999999999996,61.81,19.299999999999994,13.450000000000005
2024-10-11,10.100000000000003,40.75000000000001,31.299999999999994,61.79999999999999,148.79999999999998,11.949999999999996,33.15000000000001,32.2,37.40000000000001,33.95,8.899999999999999,15.299999999999992,32.599999999999994,67.30000000000001,57.69999999999999,22.15,45.999999999999986,61.47000000000001,18.999999999999996,13.600000000000003
2024-10-12,10.100000000000003,40.5,32.50000000000001,61.3,147.3,11.65,32.55,31.999999999999993,37.49999999999999,33.999999999999986,8.899999999999999,15.499999999999991,32.15,65.5,57.499999999999986,22.15,44.64999999999999,61.13999999999999,18.049999999999997,13.350000000000001
2024-10-13,10.133333333333335,40.43333333333333,32.400000000000006,61.33333333333334,147.40000000000003,11.7,32.81666666666666,32.2,37.56666666666667,34.14999999999999,8.866666666666672,15.499999999999991,32.23333333333332,65.33333333333334,57.43333333333332,22.349999999999998,44.69999999999998,61.24999999999999,18.28333333333332,13.350000000000001
2024-10-14,10.166666666666666,40.36666666666667,32.30000000000001,61.366666666666674,147.50000000000003,11.749999999999998,33.083333333333336,32.39999999999999,37.633333333333326,34.3,8.833333333333337,15.499999999999991,32.31666666666665,65.16666666666667,57.36666666666668,22.550000000000004,44.749999999999986,61.359999999999985,18.51666666666667,13.350000000000001
2024-10-15,10.200000000000003,40.300000000000004,32.2,61.400000000000006,147.6,11.799999999999999,33.349999999999994,32.59999999999999,37.699999999999996,34.44999999999999,8.800000000000004,15.499999999999991,32.39999999999999,65.0,57.300000000000004,22.749999999999996,44.800000000000004,61.47000000000001,18.750000000000004,13.350000000000001
2024-10-16,10.200000000000003,40.199999999999996,31.900000000000006,61.599999999999994,145.1,11.55,32.99999999999999,32.1,36.95000000000001,34.14999999999999,8.800000000000004,15.499999999999991,32.29999999999998,63.7,57.20000000000001,22.4,44.800000000000004,61.339999999999996,18.400000000000002,13.649999999999997
2024-10-17,10.500000000000002,40.25000000000001,32.00000000000001,61.7,145.5,11.65,33.39999999999999,31.69999999999999,36.74999999999999,34.199999999999996,8.800000000000004,15.499999999999991,32.20000000000001,65.8,57.300000000000004,22.4,45.1,61.13999999999999,18.799999999999994,13.800000000000002
2024-10-18,10.500000000000002,40.45,33.50000000000001,61.89999999999999,146.50000000000006,11.749999999999998,33.899999999999984,31.799999999999986,36.8,34.349999999999994,8.800000000000004,15.499999999999991,32.7,66.3,57.79999999999999,22.550000000000004,46.09999999999999,62.009999999999984,18.600000000000005,13.800000000000002
2024-10-19,10.600000000000001,40.45,32.29999999999999,62.0,149.00000000000003,11.799999999999999,33.75,32.59999999999999,37.199999999999996,34.39999999999999,8.899999999999999,15.499999999999991,33.10000000000001,65.90000000000002,57.69999999999999,23.300000000000004,47.44999999999999,61.87,18.849999999999984,14.399999999999999
2024-10-20,10.600000000000001,40.43333333333333,32.26666666666667,61.96666666666667,149.33333333333337,11.799999999999999,33.66666666666667,32.666666666666664,37.23333333333332,34.44999999999999,8.899999999999999,15.566666666666663,33.033333333333324,65.76666666666667,57.63333333333332,23.350000000000012,47.16666666666667,61.69333333333332,18.83333333333334,14.366666666666665
2024-10-21,10.600000000000001,40.416666666666664,32.233333333333334,61.93333333333332,149.66666666666666,11.799999999999999,33.58333333333334,32.73333333333334,37.26666666666668,34.5,8.899999999999999,15.633333333333324,32.96666666666667,65.63333333333334,57.56666666666667,23.40000000000001,46.883333333333326,61.516666666666666,18.816666666666666,14.333333333333332
2024-10-22,10.600000000000001,40.39999999999999,32.2,61.89999999999999,150.00000000000003,11.799999999999999,33.49999999999999,32.79999999999998,37.3,34.55,8.899999999999999,15.69999999999999,32.900000000000006,65.5,57.499999999999986,23.45000000000001,46.60000000000001,61.339999999999996,18.799999999999994,14.3
2024-10-23,10.400000000000002,40.45,32.50000000000001,61.79999999999999,149.90000000000003,11.949999999999996,33.449999999999996,33.099999999999994,37.3,34.39999999999999,8.899999999999999,15.69999999999999,32.85,65.70000000000002,57.69999999999999,23.50000000000001,46.94999999999998,61.13999999999999,18.400000000000002,15.000000000000002
2024-10-24,10.200000000000003,40.39999999999999,31.80000000000001,61.599999999999994,149.70000000000005,12.1,33.05,33.19999999999999,37.3,34.3,8.899999999999999,14.999999999999996,33.5,65.2,57.39999999999999,23.150000000000002,46.4,60.999999999999986,18.349999999999998,14.75
2024-10-25,10.299999999999997,40.39999999999999,32.29999999999999,62.0,154.3,12.2,33.7,33.399999999999984,38.1,34.55,8.999999999999998,15.299999999999992,34.2,65.39999999999999,59.19999999999998,23.550000000000004,47.49999999999999,61.87,18.600000000000005,14.650000000000002
2024-10-26,10.299999999999997,40.39999999999999,31.900000000000006,62.2,153.39999999999995,12.2,33.599999999999994,33.00000000000001,38.00000000000001,34.74999999999999,8.899999999999999,15.69999999999999,36.45000000000001,67.99999999999999,60.09999999999998,23.60000000000001,47.1,61.940000000000005,19.100000000000005,14.399999999999999
2024-10-27,10.299999999999997,40.39999999999999,31.900000000000006,62.2,153.39999999999995,12.2,33.599999999999994,33.00000000000001,38.00000000000001,34.74999999999999,8.899999999999999,15.69999999999999,36.45000000000001,67.99999999999999,60.09999999999998,23.60000000000001,47.1,61.940000000000005,19.100000000000005,14.399999999999999
2024-10-28,10.299999999999997,40.39999999999999,31.900000000000006,62.2,153.39999999999995,12.2,33.599999999999994,33.00000000000001,38.00000000000001,34.74999999999999,8.899999999999999,15.69999999999999,36.45000000000001,67.99999999999999,60.09999999999998,23.60000000000001,47.1,61.940000000000005,19.100000000000005,14.399999999999999
2024-10-29,10.299999999999997,40.39999999999999,31.900000000000006,62.2,153.39999999999995,12.2,33.599999999999994,33.00000000000001,38.00000000000001,34.74999999999999,8.899999999999999,15.69999999999999,36.45000000000001,67.99999999999999,60.09999999999998,23.60000000000001,47.1,61.940000000000005,19.100000000000005,14.399999999999999
2024-10-30,10.299999999999997,40.39999999999999,31.900000000000006,62.2,153.39999999999995,12.2,33.599999999999994,33.00000000000001,38.00000000000001,34.74999999999999,8.899999999999999,15.69999999999999,36.45000000000001,67.99999999999999,60.09999999999998,23.60000000000001,47.1,61.940000000000005,19.100000000000005,14.399999999999999
2024-10-31,10.299999999999997,40.39999999999999,31.900000000000006,62.2,153.39999999999995,12.2,33.599999999999994,33.00000000000001,38.00000000000001,34.74999999999999,8.899999999999999,15.69999999999999,36.45000000000001,67.99999999999999,60.09999999999998,23.60000000000001,47.1,61.940000000000005,19.100000000000005,14.399999999999999
2024-11-01,10.299999999999997,40.39999999999999,31.900000000000006,62.2,153.39999999999995,12.2,33.599999999999994,33.00000000000001,38.00000000000001,34.74999999999999,8.899999999999999,15.69999999999999,36.45000000000001,67.99999999999999,60.09999999999998,23.60000000000001,47.1,61.940000000000005,19.100000000000005,14.399999999999999
2024-11-02,10.299999999999997,40.39999999999999,31.900000000000006,62.2,153.39999999999995,12.2,33.599999999999994,33.00000000000001,38.00000000000001,34.74999999999999,8.899999999999999,15.69999999999999,36.45000000000001,67.99999999999999,60.09999999999998,23.60000000000001,47.1,61.940000000000005,19.100000000000005,14.399999999999999
