Date,PVC,VIC,PVB,VNM,FPT,HAG,CTS,PVS,CTG,KDH,NVB,POT,NLG,MSN,MWG,PVD,CMG,VCB,PDR,ITD
2023-11-19,14.53,43.35,20.200000000000003,63.800000000000004,81.99000000000004,13.399999999999995,28.599999999999998,36.41,31.499999999999993,28.459999999999994,11.499999999999991,17.899999999999995,38.71000000000001,66.39999999999999,45.490000000000016,27.349999999999987,35.59,60.93999999999999,25.249999999999993,9.770000000000001
2023-11-20,14.430000000000005,43.29999999999999,20.3,64.37,82.59,13.700000000000001,28.399999999999988,36.21,32.599999999999994,28.549999999999997,11.499999999999991,17.899999999999995,38.55999999999999,67.79999999999998,45.69000000000001,27.349999999999987,36.04,61.94,24.94,9.79
2023-11-21,14.396666666666674,43.29999999999999,20.3,64.46333333333334,82.62000000000002,13.799999999999999,28.5,36.14666666666668,32.61666666666667,28.486666666666657,11.499999999999991,17.899999999999995,38.660000000000004,67.76666666666667,45.720000000000006,27.316666666666645,36.04,61.80666666666668,25.059999999999995,9.783333333333331
2023-11-22,14.363333333333332,43.29999999999999,20.3,64.55666666666667,82.65,13.899999999999997,28.599999999999998,36.08333333333333,32.63333333333332,28.423333333333318,11.499999999999991,17.899999999999995,38.760000000000005,67.73333333333333,45.75000000000003,27.283333333333324,36.04,61.67333333333333,25.18,9.776666666666667
2023-11-23,14.330000000000005,43.29999999999999,20.3,64.64999999999999,82.68000000000005,13.999999999999993,28.699999999999996,36.02000000000002,32.65,28.36,11.499999999999991,17.899999999999995,38.86,67.70000000000002,45.78000000000001,27.249999999999993,36.04,61.54000000000001,25.299999999999997,9.770000000000001
2023-11-24,14.53,43.099999999999994,20.799999999999997,64.08,81.99000000000004,14.650000000000002,28.5,36.41,32.19999999999999,28.230000000000008,11.499999999999991,17.899999999999995,38.41,67.50000000000001,45.04000000000002,27.899999999999995,35.36,61.2,25.11999999999998,9.770000000000001
2023-11-25,14.430000000000005,43.14999999999999,20.89999999999999,63.69999999999999,81.48000000000005,14.3,28.699999999999996,36.21,31.999999999999993,28.090000000000003,11.399999999999999,17.899999999999995,37.82,66.19999999999999,44.05000000000001,27.699999999999992,35.36,60.93999999999999,24.94,9.6
2023-11-26,14.430000000000005,42.8,20.699999999999996,63.33,81.56000000000002,14.750000000000004,29.149999999999988,36.120000000000005,32.04999999999999,28.36,11.300000000000004,16.81,38.019999999999996,66.8,44.84000000000001,27.549999999999986,35.31999999999999,60.86999999999999,25.03,9.68
2023-11-27,14.430000000000005,42.8,20.6,63.42000000000001,82.25000000000006,14.700000000000003,29.049999999999994,36.21,32.099999999999994,28.319999999999997,11.300000000000004,16.81,39.099999999999994,65.8,44.54000000000002,27.649999999999995,35.95,61.54000000000001,25.750000000000007,9.65
2023-11-28,14.430000000000005,42.75,20.6,63.42000000000001,82.25000000000006,14.700000000000003,28.949999999999996,36.21,32.16666666666665,28.319999999999997,11.266666666666671,16.81,38.903333333333336,65.73333333333335,44.44333333333336,27.633333333333336,35.903333333333336,61.36000000000001,25.660000000000004,9.633333333333333
2023-11-29,14.430000000000005,42.70000000000001,20.6,63.42000000000001,82.25000000000006,14.700000000000003,28.84999999999999,36.21,32.23333333333332,28.319999999999997,11.233333333333329,16.81,38.70666666666666,65.66666666666664,44.346666666666685,27.61666666666666,35.85666666666667,61.18000000000001,25.57,9.616666666666669
2023-11-30,14.430000000000005,42.65,20.6,63.42000000000001,82.25000000000006,14.700000000000003,28.749999999999993,36.21,32.29999999999998,28.319999999999997,11.200000000000003,16.81,38.51,65.6,44.25000000000002,27.599999999999994,35.81,60.99999999999999,25.48,9.6
2023-12-01,14.430000000000005,42.70000000000001,20.6,63.33,81.99000000000004,14.950000000000001,29.149999999999988,36.510000000000005,32.19999999999999,28.180000000000007,11.099999999999994,17.11,38.660000000000004,66.1,45.04000000000002,27.949999999999985,36.04,60.86999999999999,25.700000000000003,9.500000000000002
2023-12-02,14.23,42.49999999999999,20.3,63.42000000000001,82.08000000000001,14.199999999999998,29.6,36.02000000000002,31.599999999999994,28.090000000000003,10.799999999999999,16.209999999999997,38.06,64.40000000000002,44.64000000000002,27.549999999999986,35.95,59.2,25.299999999999997,9.49
2023-12-03,14.139999999999999,42.349999999999994,20.3,63.89999999999999,85.68000000000002,14.350000000000003,30.900000000000006,36.21,32.04999999999999,27.73,10.699999999999998,16.209999999999997,38.61,65.1,45.84000000000002,27.549999999999986,36.85,60.07000000000001,25.519999999999996,9.6
2023-12-04,14.139999999999999,42.10000000000001,20.3,63.800000000000004,87.48000000000002,13.999999999999993,31.250000000000004,36.02000000000002,31.699999999999985,27.73,10.699999999999998,16.31,39.05,65.39999999999999,47.030000000000015,27.799999999999994,37.84000000000002,60.4,26.65,9.500000000000002
2023-12-05,14.139999999999999,42.13333333333333,20.366666666666674,63.99,87.91000000000001,13.783333333333333,31.21666666666665,36.02000000000002,32.43333333333332,27.83666666666666,10.766666666666664,16.31,39.05,65.23333333333332,47.030000000000015,27.949999999999985,37.79333333333334,60.33333333333333,26.709999999999997,9.473333333333333
2023-12-06,14.139999999999999,42.16666666666667,20.433333333333334,64.17999999999999,88.34000000000005,13.566666666666666,31.18333333333333,36.02000000000002,33.16666666666664,27.943333333333328,10.833333333333332,16.31,39.05,65.06666666666669,47.030000000000015,28.099999999999994,37.74666666666668,60.26666666666667,26.769999999999992,9.446666666666667
2023-12-07,14.139999999999999,42.199999999999996,20.500000000000004,64.37,88.77000000000001,13.35,31.149999999999988,36.02000000000002,33.899999999999984,28.05000000000001,10.9,16.31,39.05,64.90000000000002,47.030000000000015,28.249999999999986,37.70000000000001,60.2,26.830000000000005,9.420000000000002
2023-12-08,14.330000000000005,42.300000000000004,20.799999999999997,63.99,89.28000000000003,13.299999999999999,31.149999999999988,36.9,34.39999999999999,28.269999999999996,11.099999999999994,16.31,39.400000000000006,64.8,46.63000000000003,28.749999999999986,36.89000000000001,59.87000000000001,27.06,9.49
2023-12-09,14.23,42.400000000000006,20.799999999999997,63.99,89.97000000000004,13.150000000000002,31.250000000000004,36.9,35.499999999999986,28.36,10.799999999999999,16.709999999999997,39.35,64.90000000000002,46.230000000000004,28.749999999999986,36.70999999999999,60.2,27.149999999999988,9.750000000000002
2023-12-10,14.23,42.41874999999999,20.787499999999998,63.99,89.87375000000002,13.187499999999996,31.20624999999999,36.87500000000001,35.4375,28.38875,10.874999999999996,16.709999999999997,39.29374999999998,64.90000000000002,46.13750000000001,28.73125,36.70500000000001,60.191250000000004,27.10999999999999,9.7425
2023-12-11,14.23,42.43749999999997,20.775,63.99,89.77750000000003,13.225,31.162500000000005,36.85,35.374999999999986,28.417499999999997,10.949999999999992,16.709999999999997,39.23749999999999,64.90000000000002,46.045000000000016,28.71249999999999,36.7,60.182500000000005,27.069999999999993,9.735000000000001
2023-12-12,14.23,42.45625,20.7625,63.99,89.68125000000002,13.2625,31.11874999999999,36.82500000000001,35.312499999999986,28.44625,11.025000000000006,16.709999999999997,39.181250000000006,64.90000000000002,45.95250000000002,28.69374999999999,36.695000000000014,60.17375000000001,27.029999999999994,9.7275
2023-12-13,14.23,42.475,20.75,63.99,89.58500000000001,13.299999999999999,31.075,36.800000000000004,35.25,28.474999999999998,11.099999999999994,16.709999999999997,39.125,64.90000000000002,45.86,28.674999999999994,36.69,60.165,26.989999999999995,9.72
2023-12-14,14.23,42.49375,20.737500000000008,63.99,89.48875000000001,13.3375,31.031250000000004,36.775000000000006,35.18750000000001,28.503749999999993,11.174999999999999,16.709999999999997,39.06875,64.90000000000002,45.76750000000001,28.656249999999993,36.68500000000001,60.15625000000002,26.95,9.7125
2023-12-15,14.23,42.5125,20.72500000000001,63.99,89.39250000000003,13.375000000000004,30.987499999999994,36.75,35.124999999999986,28.532499999999988,11.24999999999999,16.709999999999997,39.012499999999996,64.90000000000002,45.67500000000002,28.637499999999992,36.68,60.147500000000015,26.91,9.705000000000002
2023-12-16,14.23,42.53125000000001,20.712500000000002,63.99,89.29625000000001,13.4125,30.94374999999999,36.72500000000001,35.0625,28.56124999999999,11.324999999999994,16.709999999999997,38.95625,64.90000000000002,45.582500000000024,28.61874999999999,36.67500000000001,60.13875000000002,26.87,9.6975
2023-12-17,14.23,42.54999999999999,20.699999999999996,63.99,89.20000000000003,13.450000000000001,30.900000000000006,36.70000000000001,34.999999999999986,28.59,11.399999999999999,16.709999999999997,38.89999999999999,64.90000000000002,45.490000000000016,28.59999999999999,36.67000000000001,60.13000000000002,26.830000000000005,9.690000000000001
2023-12-18,14.53,43.94999999999999,20.699999999999996,66.26,90.14000000000001,12.749999999999998,31.0,36.510000000000005,35.25,28.549999999999997,11.399999999999999,16.709999999999997,38.86,66.19999999999999,45.930000000000014,28.499999999999993,36.44,59.93,26.830000000000005,9.59
2023-12-19,14.596666666666673,44.96666666666667,20.966666666666658,66.85999999999999,90.11,12.83333333333333,30.933333333333348,36.606666666666676,35.29999999999999,28.52,11.33333333333333,16.709999999999997,38.676666666666655,67.10000000000001,46.09666666666666,28.583333333333314,36.45666666666665,60.066666666666684,26.72666666666667,9.56
2023-12-20,14.663333333333336,45.98333333333333,21.233333333333338,67.46,90.08000000000003,12.916666666666668,30.86666666666667,36.70333333333335,35.34999999999999,28.49,11.266666666666664,16.709999999999997,38.49333333333333,67.99999999999999,46.26333333333334,28.666666666666664,36.473333333333336,60.20333333333333,26.623333333333335,9.530000000000001
2023-12-21,14.730000000000004,46.999999999999986,21.499999999999993,68.06,90.05000000000004,13.0,30.799999999999997,36.800000000000004,35.4,28.459999999999994,11.200000000000003,16.709999999999997,38.309999999999995,68.9,46.430000000000014,28.749999999999986,36.49,60.34000000000001,26.52,9.500000000000002
2023-12-22,14.53,48.50000000000001,21.4,67.68,89.45000000000007,12.6,31.149999999999988,36.610000000000014,35.199999999999996,28.819999999999993,11.099999999999994,16.709999999999997,38.51,68.79999999999998,46.430000000000014,28.699999999999985,36.44,61.070000000000014,26.65,9.59
2023-12-23,14.53,47.24999999999999,21.299999999999997,67.49,90.82,12.8,31.0,36.21,35.54999999999999,29.82,11.300000000000004,16.709999999999997,38.55999999999999,67.99999999999999,45.74000000000002,28.499999999999993,36.22,60.99999999999999,26.65,9.52
2023-12-24,14.630000000000004,47.59999999999999,21.299999999999997,67.78,89.71000000000002,12.6,30.799999999999997,36.31,35.7,29.45999999999999,11.300000000000004,16.909999999999997,38.55999999999999,68.10000000000001,44.940000000000005,29.29999999999999,36.13000000000001,59.87000000000001,26.289999999999992,9.530000000000001
2023-12-25,14.23,45.19999999999998,20.699999999999996,67.21,89.11000000000006,12.2,29.89999999999999,35.330000000000005,35.199999999999996,28.859999999999992,11.300000000000004,16.909999999999997,37.27000000000001,66.70000000000002,43.65000000000001,28.349999999999994,35.95,59.46000000000001,25.299999999999997,9.530000000000001
2023-12-26,14.23,44.999999999999986,20.733333333333334,67.21,90.28000000000002,12.333333333333334,30.33333333333332,35.36333333333334,35.34999999999999,28.859999999999992,11.233333333333329,17.009999999999998,37.17333333333333,66.70000000000002,43.76666666666669,28.26666666666666,35.98,59.59666666666666,25.373333333333324,9.586666666666666
2023-12-27,14.23,44.799999999999976,20.766666666666662,67.21,91.44999999999997,12.466666666666669,30.76666666666666,35.39666666666667,35.499999999999986,28.859999999999992,11.16666666666667,17.11,37.07666666666667,66.70000000000002,43.88333333333335,28.18333333333333,36.01,59.73333333333333,25.446666666666655,9.643333333333334
2023-12-28,14.23,44.6,20.799999999999997,67.21,92.62000000000002,12.6,31.200000000000003,35.43000000000001,35.649999999999984,28.859999999999992,11.099999999999994,17.209999999999997,36.98000000000001,66.70000000000002,44.000000000000014,28.099999999999994,36.04,59.87000000000001,25.519999999999996,9.700000000000001
2023-12-29,14.53,45.150000000000006,20.999999999999996,68.14999999999999,92.54000000000002,12.649999999999999,31.4,35.81999999999999,36.14999999999999,29.63999999999999,11.200000000000003,17.009999999999998,38.06,67.6,44.40000000000001,28.79999999999999,36.22,60.93999999999999,26.06999999999999,9.64
2023-12-30,15.030000000000008,45.59999999999999,21.4,68.34,93.04999999999998,12.550000000000002,31.549999999999994,36.510000000000005,35.949999999999996,29.45999999999999,11.200000000000003,16.909999999999997,37.77,68.30000000000001,44.940000000000005,30.799999999999994,36.04,65.15,25.929999999999996,9.89
2023-12-31,14.730000000000004,44.999999999999986,20.89999999999999,68.14999999999999,93.47999999999998,12.8,32.15,36.120000000000005,35.54999999999999,31.499999999999993,11.200000000000003,16.709999999999997,39.15,70.4,45.84000000000002,30.89999999999998,35.989999999999995,65.08,26.19999999999999,9.95
2024-01-01,15.030000000000008,45.24999999999999,20.89999999999999,67.68,95.03,12.699999999999998,33.25,36.21,35.59999999999999,31.77,11.099999999999994,16.709999999999997,39.45,70.5,46.230000000000004,31.800000000000015,37.12,65.08,26.19999999999999,9.990000000000002
2024-01-02,15.030000000000008,45.24999999999999,21.03333333333333,67.83666666666666,95.20000000000002,12.733333333333334,33.16666666666667,36.343333333333334,35.73333333333333,32.073333333333316,11.099999999999994,16.909999999999997,40.356666666666676,70.59999999999998,46.496666666666655,31.7,37.00000000000002,64.79,26.306666666666665,9.866666666666669
2024-01-03,15.030000000000008,45.24999999999999,21.166666666666664,67.99333333333334,95.37000000000002,12.766666666666667,33.08333333333336,36.476666666666674,35.866666666666646,32.37666666666666,11.099999999999994,17.11,41.26333333333333,70.7,46.76333333333335,31.60000000000001,36.88000000000001,64.50000000000001,26.413333333333338,9.743333333333332
2024-01-04,15.030000000000008,45.24999999999999,21.299999999999997,68.14999999999999,95.53999999999999,12.8,33.0,36.610000000000014,35.99999999999999,32.679999999999986,11.099999999999994,17.31,42.16999999999998,70.8,47.030000000000015,31.5,36.76000000000002,64.21,26.52,9.620000000000001
2024-01-05,14.830000000000004,45.29999999999999,21.4,69.1,94.93999999999997,13.199999999999998,35.3,36.610000000000014,36.449999999999996,32.72999999999999,11.099999999999994,17.799999999999997,41.97,75.7,49.60000000000002,31.750000000000014,37.16000000000001,63.88,26.19999999999999,9.850000000000001
2024-01-06,14.730000000000004,45.29999999999999,21.299999999999997,67.95999999999998,93.56999999999998,12.899999999999999,36.400000000000006,36.800000000000004,36.099999999999994,32.679999999999986,10.999999999999993,17.799999999999997,42.51,76.90000000000003,48.320000000000014,31.200000000000003,36.940000000000005,63.95,25.61,9.690000000000001
2024-01-07,14.830000000000004,45.59999999999999,22.0,68.14999999999999,95.46,12.950000000000001,36.20000000000001,37.2,35.8,33.17999999999999,10.9,17.799999999999997,42.42,80.8,48.61,31.60000000000001,36.35,64.08,25.880000000000006,9.65
2024-01-08,14.53,44.799999999999976,21.4,66.26,94.34000000000003,12.550000000000002,36.5,36.510000000000005,34.49999999999999,33.14,10.699999999999998,17.899999999999995,41.42999999999999,78.5,47.36999999999999,30.799999999999994,35.86000000000002,63.610000000000014,25.299999999999997,9.860000000000001
2024-01-09,14.4,44.64999999999999,21.266666666666666,66.35333333333334,94.34000000000003,12.433333333333332,36.666666666666664,36.21333333333334,34.38333333333333,33.14,10.699999999999998,17.899999999999995,41.42999999999999,78.16666666666667,46.92333333333336,30.549999999999994,35.68,63.38666666666668,25.11999999999998,9.860000000000001
2024-01-10,14.270000000000003,44.500000000000014,21.133333333333336,66.44666666666667,94.34000000000003,12.316666666666665,36.83333333333334,35.91666666666667,34.26666666666666,33.14,10.699999999999998,17.899999999999995,41.42999999999999,77.83333333333333,46.47666666666668,30.299999999999986,35.49999999999999,63.163333333333334,24.94,9.860000000000001
2024-01-11,14.139999999999999,44.34999999999997,20.999999999999996,66.54,94.34000000000003,12.2,37.0,35.62,34.15,33.14,10.699999999999998,17.899999999999995,41.42999999999999,77.5,46.03000000000001,30.04999999999999,35.31999999999999,62.940000000000005,24.76000000000001,9.860000000000001
2024-01-12,14.139999999999999,44.14999999999998,20.89999999999999,66.26,95.96999999999998,12.399999999999999,36.84999999999999,35.62,34.49999999999999,33.269999999999996,10.599999999999996,17.899999999999995,42.02,78.7,46.38000000000001,30.299999999999986,36.58,63.14000000000001,24.800000000000008,9.89
2024-01-13,14.330000000000005,44.999999999999986,21.8,67.01999999999998,100.34000000000002,12.45,38.9,36.21,35.14999999999999,34.17999999999999,10.699999999999998,17.999999999999996,44.0,80.90000000000002,48.170000000000016,31.35000000000001,37.79,64.21,25.429999999999996,10.2
2024-01-14,14.730000000000004,45.94999999999998,23.499999999999996,66.73,100.34000000000002,12.499999999999995,38.399999999999984,37.2,34.45,34.09,10.699999999999998,17.899999999999995,44.099999999999994,78.90000000000002,46.88000000000004,32.90000000000001,37.52,63.55,25.389999999999997,10.05
2024-01-15,14.430000000000005,44.39999999999997,23.300000000000008,65.97,99.48999999999997,12.299999999999997,38.00000000000001,37.2,34.75,33.81999999999999,10.599999999999996,17.899999999999995,43.349999999999994,78.5,46.98000000000003,32.800000000000004,37.39,62.88000000000001,25.389999999999997,10.100000000000001
2024-01-16,14.363333333333332,44.96666666666667,22.99999999999999,65.68333333333334,98.63000000000001,12.116666666666667,37.333333333333336,36.84000000000001,34.26666666666666,33.81999999999999,10.533333333333328,17.899999999999995,43.00666666666665,78.3,46.50000000000003,32.28333333333334,37.22333333333334,62.65666666666668,25.689999999999994,10.166666666666666
2024-01-17,14.296666666666669,45.533333333333346,22.69999999999999,65.39666666666666,97.76999999999997,11.93333333333333,36.666666666666664,36.480000000000004,33.78333333333332,33.81999999999999,10.466666666666669,17.899999999999995,42.66333333333332,78.10000000000005,46.019999999999996,31.766666666666666,37.05666666666668,62.43333333333335,25.989999999999995,10.233333333333336
2024-01-18,14.23,46.09999999999999,22.399999999999995,65.11,96.90999999999998,11.749999999999998,36.0,36.120000000000005,33.299999999999976,33.81999999999999,10.4,17.899999999999995,42.32,77.90000000000002,45.54000000000002,31.250000000000004,36.89000000000001,62.21,26.289999999999992,10.3
2024-01-19,14.330000000000005,46.999999999999986,22.99999999999999,65.01,96.05999999999996,11.849999999999998,36.400000000000006,36.510000000000005,33.299999999999976,33.269999999999996,10.500000000000002,18.199999999999996,41.52,77.4,45.14000000000003,31.45,35.769999999999996,61.87000000000001,25.929999999999996,10.400000000000002
2024-01-20,14.430000000000005,46.49999999999999,23.199999999999996,65.2,98.19999999999999,12.649999999999999,37.35,36.9,34.35,33.22999999999998,10.599999999999996,17.31,42.32,77.3,47.61999999999999,32.25000000000001,36.080000000000005,62.34,25.98,10.45
2024-01-21,14.630000000000004,46.49999999999999,23.699999999999992,65.59,99.66000000000001,12.699999999999998,37.35,37.69000000000002,34.89999999999999,33.81999999999999,10.699999999999998,17.31,42.81,78.0,48.12000000000003,32.35,35.86000000000002,63.68,27.78,10.3
2024-01-22,14.53,46.6,23.499999999999996,65.01,98.53999999999998,12.45,38.050000000000004,37.78000000000001,35.7,33.72999999999999,10.799999999999999,17.899999999999995,42.95999999999999,78.5,48.710000000000015,31.950000000000006,36.04,64.48,28.459999999999994,10.100000000000001
2024-01-23,14.563333333333336,46.68333333333334,23.433333333333323,64.85000000000001,98.28333333333329,12.45,37.8,37.91333333333333,35.36666666666667,33.67,10.799999999999999,17.899999999999995,43.026666666666635,77.5,48.44666666666667,31.883333333333344,35.82666666666667,64.32333333333334,28.446666666666662,10.100000000000001
2024-01-24,14.596666666666673,46.76666666666667,23.366666666666674,64.69,98.02666666666669,12.45,37.550000000000004,38.04666666666669,35.033333333333324,33.60999999999999,10.799999999999999,17.899999999999995,43.09333333333332,76.50000000000003,48.18333333333335,31.816666666666663,35.61333333333333,64.16666666666667,28.43333333333333,10.100000000000001
2024-01-25,14.630000000000004,46.84999999999999,23.300000000000008,64.52999999999999,97.76999999999997,12.45,37.29999999999999,38.18,34.70000000000001,33.54999999999999,10.799999999999999,17.899999999999995,43.15999999999999,75.50000000000001,47.92,31.750000000000014,35.400000000000006,64.01,28.419999999999995,10.100000000000001
2024-01-26,14.630000000000004,47.04999999999998,23.9,64.92,98.63000000000001,12.6,37.65,38.37,35.199999999999996,35.08999999999999,10.799999999999999,18.599999999999998,43.8,74.00000000000004,48.27000000000002,32.69999999999999,36.16999999999999,64.42000000000002,28.910000000000004,10.0
2024-01-27,14.730000000000004,47.04999999999998,24.5,64.92,98.8,12.550000000000002,37.550000000000004,38.47000000000001,35.499999999999986,34.90999999999999,10.699999999999998,18.099999999999998,43.699999999999996,75.4,50.30000000000001,32.500000000000014,36.16999999999999,64.08,29.000000000000007,10.0
2024-01-28,14.630000000000004,47.59999999999999,24.0,64.92,100.43000000000002,12.950000000000001,39.0,38.28000000000002,35.74999999999999,34.46,10.799999999999999,17.409999999999997,43.3,76.00000000000003,50.6,32.20000000000001,36.44,64.01,29.000000000000007,10.2
2024-01-29,14.730000000000004,47.65,24.3,64.82,99.92000000000002,13.049999999999999,38.5,38.47000000000001,35.54999999999999,34.359999999999985,10.599999999999996,18.299999999999997,42.859999999999985,74.20000000000002,50.70000000000001,32.35,35.989999999999995,63.48,28.780000000000005,10.100000000000001
2024-01-30,14.796666666666667,47.71666666666665,24.5,64.62666666666665,100.00333333333332,12.916666666666668,38.5,38.96000000000003,35.36666666666667,34.423333333333325,10.599999999999996,18.299999999999997,43.00666666666665,73.93333333333334,50.796666666666674,32.51666666666667,36.06666666666668,63.54666666666668,29.080000000000002,10.100000000000001
2024-01-31,14.863333333333335,47.78333333333331,24.7,64.43333333333332,100.08666666666667,12.783333333333331,38.5,39.45,35.18333333333334,34.48666666666666,10.599999999999996,18.299999999999997,43.153333333333336,73.66666666666669,50.893333333333345,32.68333333333334,36.14333333333334,63.61333333333333,29.38,10.100000000000001
2024-02-01,14.930000000000009,47.849999999999994,24.899999999999988,64.24,100.16999999999997,12.649999999999999,38.5,39.940000000000005,34.999999999999986,34.54999999999999,10.599999999999996,18.299999999999997,43.3,73.40000000000002,50.99000000000001,32.85,36.22,63.68,29.68,10.100000000000001
2024-02-02,15.530000000000001,47.79999999999998,26.299999999999994,64.52999999999999,100.34000000000002,12.699999999999998,39.499999999999986,42.89000000000001,34.999999999999986,34.58999999999999,10.500000000000002,18.799999999999997,43.95,74.49999999999999,51.189999999999976,34.90000000000001,36.16999999999999,63.20999999999999,29.77,10.0
2024-02-03,15.530000000000001,47.74999999999997,25.999999999999993,63.96,98.70999999999998,12.8,39.25,42.00000000000001,34.04999999999998,34.319999999999986,10.4,17.899999999999995,44.20000000000001,73.40000000000002,49.800000000000026,33.900000000000006,38.69,62.74000000000001,29.139999999999986,10.05
2024-02-04,15.530000000000001,47.849999999999994,25.6,65.39,97.76999999999997,12.649999999999999,38.300000000000004,42.10000000000001,33.54999999999998,33.96,10.3,18.399999999999995,44.04999999999999,73.40000000000002,50.30000000000001,33.55000000000001,41.4,64.21,29.360000000000003,9.909999999999998
2024-02-05,16.420000000000005,47.79999999999998,26.099999999999998,65.11,97.50999999999998,12.899999999999999,36.0,41.419999999999995,33.2,33.17999999999999,10.3,18.399999999999995,43.209999999999994,71.89999999999999,50.6,32.90000000000001,42.609999999999985,63.48,29.090000000000007,9.87
2024-02-06,16.386666666666667,47.76666666666666,25.966666666666665,64.82,97.19666666666666,12.933333333333332,36.166666666666664,41.353333333333346,33.3,32.98333333333333,10.266666666666666,18.399999999999995,43.026666666666635,71.89999999999999,50.26666666666667,32.90000000000001,41.936666666666646,63.48,28.98666666666666,9.813333333333334
2024-02-07,16.353333333333335,47.73333333333332,25.833333333333318,64.52999999999999,96.8833333333333,12.966666666666667,36.33333333333334,41.2866666666667,33.399999999999984,32.78666666666667,10.233333333333333,18.399999999999995,42.843333333333334,71.89999999999999,49.933333333333344,32.90000000000001,41.263333333333335,63.48,28.88333333333334,9.756666666666666
2024-02-08,16.32,47.699999999999974,25.699999999999985,64.24,96.56999999999996,13.0,36.5,41.22000000000001,33.49999999999999,32.589999999999996,10.2,18.399999999999995,42.65999999999999,71.89999999999999,49.60000000000002,32.90000000000001,40.59000000000001,63.48,28.780000000000005,9.700000000000001
2024-02-09,16.32,47.699999999999974,25.1,64.24,96.90999999999998,13.150000000000002,38.00000000000001,41.61000000000001,34.25,32.72999999999999,10.3,18.9,42.65999999999999,73.50000000000001,52.38,33.20000000000001,43.239999999999995,63.08,29.090000000000007,9.64
2024-02-10,15.729999999999995,48.50000000000001,24.5,64.05,97.59999999999995,13.399999999999995,37.4,40.73000000000001,33.64999999999999,32.72999999999999,10.500000000000002,19.69,42.02,72.5,51.58999999999999,31.800000000000015,44.05,63.20999999999999,28.549999999999997,9.900000000000002
2024-02-11,16.32,48.3,25.200000000000003,63.86,98.53999999999998,13.299999999999999,38.2,41.91000000000001,33.699999999999996,32.959999999999994,10.3,19.199999999999996,41.82000000000002,71.8,51.88999999999999,31.950000000000006,43.32999999999999,62.88000000000001,28.549999999999997,10.25
2024-02-12,16.32,48.45000000000002,25.200000000000003,63.96,99.05999999999997,13.399999999999995,40.5,42.200000000000024,35.899999999999984,33.14,10.3,19.489999999999988,42.27000000000001,71.89999999999999,51.58999999999999,32.800000000000004,44.41,63.28000000000001,28.869999999999994,10.25
2024-02-13,15.789999999999992,47.966666666666676,24.36666666666666,63.38333333333334,97.94333333333333,13.1,39.56666666666667,40.860000000000014,35.08333333333334,32.36666666666667,10.2,19.19333333333333,41.296666666666674,70.23333333333335,50.896666666666675,32.05,43.37666666666666,62.70000000000001,28.206666666666674,10.2
2024-02-14,15.259999999999996,47.48333333333331,23.53333333333333,62.806666666666665,96.82666666666665,12.8,38.63333333333334,39.520000000000024,34.26666666666666,31.593333333333334,10.099999999999989,18.89666666666667,40.32333333333334,68.56666666666668,50.20333333333334,31.300000000000015,42.343333333333334,62.12000000000002,27.54333333333334,10.150000000000002
2024-02-15,14.730000000000004,46.999999999999986,22.69999999999999,62.23,95.71000000000001,12.499999999999995,37.699999999999996,38.18,33.45,30.81999999999999,10.000000000000004,18.599999999999998,39.35,66.90000000000002,49.51000000000001,30.549999999999994,41.31,61.54000000000001,26.879999999999995,10.100000000000001
2024-02-16,15.129999999999997,46.400000000000006,22.799999999999997,61.37,96.90999999999998,12.6,39.75000000000001,39.16000000000002,34.04999999999998,31.14,9.499999999999998,18.9,38.86,66.1,49.51000000000001,30.799999999999994,41.31,60.86999999999999,26.339999999999996,9.960000000000003
2024-02-17,14.139999999999999,44.999999999999986,23.1,61.56000000000001,95.88000000000001,11.849999999999998,37.45000000000002,37.88000000000002,32.7,30.909999999999993,9.300000000000002,18.9,37.56999999999999,66.8,49.01,29.34999999999999,39.779999999999994,60.53999999999999,25.299999999999997,9.900000000000002
2024-02-18,14.139999999999999,43.79999999999998,23.1,61.56000000000001,94.67999999999998,11.824999999999996,36.150000000000006,37.785000000000004,32.14999999999999,30.454999999999988,9.250000000000002,18.399999999999995,36.58,66.65,48.415000000000006,29.324999999999996,38.60499999999999,60.53999999999999,24.485,9.860000000000001
2024-02-19,14.139999999999999,42.6,23.1,61.56000000000001,93.47999999999998,11.799999999999999,34.85,37.69000000000002,31.599999999999994,30.0,9.200000000000001,17.899999999999995,35.59,66.50000000000001,47.82000000000003,29.29999999999999,37.43000000000002,60.53999999999999,23.670000000000005,9.820000000000002
2024-02-20,14.169999999999998,42.400000000000006,23.066666666666656,61.49666666666666,93.85333333333334,11.883333333333336,35.3,37.82000000000002,31.833333333333325,30.136666666666663,9.200000000000001,18.366666666666656,35.95333333333334,66.63333333333334,47.95333333333333,29.39999999999999,37.67000000000001,60.559999999999995,23.806666666666658,9.873333333333333
2024-02-21,14.199999999999996,42.199999999999996,23.033333333333317,61.43333333333332,94.22666666666663,11.966666666666665,35.75000000000001,37.95000000000002,32.06666666666664,30.273333333333323,9.200000000000001,18.83333333333333,36.31666666666668,66.76666666666667,48.086666666666666,29.499999999999996,37.91,60.58,23.943333333333324,9.926666666666668
2024-02-22,14.23,42.0,22.99999999999999,61.37,94.59999999999998,12.05,36.20000000000001,38.080000000000005,32.29999999999998,30.409999999999993,9.200000000000001,19.299999999999997,36.68000000000001,66.90000000000002,48.22000000000001,29.59999999999999,38.15,60.59999999999999,24.07999999999999,9.980000000000002
2024-02-23,13.640000000000006,40.99999999999999,23.300000000000008,60.89,96.30999999999997,12.15,34.199999999999996,37.390000000000015,31.499999999999993,30.409999999999993,8.899999999999999,19.299999999999997,35.59,64.7,49.410000000000004,29.09999999999999,38.56000000000001,60.27000000000001,22.86,10.0
2024-02-24,14.330000000000005,41.599999999999994,24.0,61.37,103.0,12.299999999999997,36.0,38.57000000000002,32.94999999999998,31.409999999999997,8.999999999999998,19.299999999999997,38.06,66.90000000000002,51.88999999999999,30.19999999999999,40.81000000000001,60.59999999999999,24.439999999999998,10.2
2024-02-25,14.04,42.0,23.699999999999992,62.04,105.66,12.499999999999995,35.5,38.57000000000002,32.99999999999999,31.45999999999999,8.899999999999999,18.399999999999995,37.470000000000006,68.10000000000001,53.38000000000001,29.899999999999988,40.179999999999986,60.86999999999999,24.12,10.3
2024-02-26,14.139999999999999,44.45,23.699999999999992,62.33,105.66,12.399999999999999,35.5,38.96000000000003,32.79999999999998,31.82,8.899999999999999,18.399999999999995,37.470000000000006,67.19999999999999,54.47,29.74999999999999,40.21999999999999,60.99999999999999,23.899999999999988,10.100000000000001
2024-02-27,14.106666666666667,44.441666666666656,23.666666666666664,62.393333333333324,106.24666666666673,12.375000000000002,35.4,38.89500000000002,32.72499999999998,31.82,8.933333333333332,18.249999999999996,37.693333333333335,67.33333333333334,54.58499999999998,29.71666666666667,40.446666666666665,61.078333333333326,23.869999999999994,10.070000000000002
2024-02-28,14.07333333333333,44.43333333333333,23.63333333333333,62.45666666666666,106.8333333333333,12.35,35.3,38.83,32.65,31.82,8.966666666666665,18.099999999999998,37.91666666666665,67.46666666666667,54.699999999999996,29.68333333333332,40.67333333333332,61.15666666666666,23.840000000000003,10.04
2024-02-29,14.04,44.42499999999998,23.599999999999998,62.52000000000001,107.41999999999997,12.325,35.20000000000001,38.765000000000015,32.574999999999996,31.82,8.999999999999998,17.949999999999996,38.14,67.6,54.81499999999998,29.649999999999988,40.899999999999984,61.235,23.81,10.01
2024-03-01,14.006666666666668,44.416666666666636,23.56666666666667,62.583333333333336,108.00666666666669,12.299999999999997,35.1,38.70000000000001,32.499999999999986,31.82,9.033333333333333,17.799999999999997,38.36333333333333,67.73333333333333,54.93,29.61666666666667,41.12666666666666,61.31333333333334,23.779999999999994,9.980000000000002
2024-03-02,13.973333333333336,44.40833333333331,23.53333333333333,62.64666666666666,108.59333333333336,12.275000000000002,34.999999999999986,38.63500000000002,32.42499999999999,31.82,9.066666666666666,17.649999999999995,38.586666666666666,67.86666666666669,55.045,29.583333333333325,41.35333333333332,61.391666666666666,23.75,9.95
2024-03-03,13.94,44.39999999999997,23.499999999999996,62.71,109.17999999999999,12.249999999999998,34.89999999999999,38.57000000000002,32.34999999999999,31.82,9.1,17.499999999999996,38.81000000000001,67.99999999999999,55.15999999999998,29.54999999999999,41.58,61.47,23.719999999999995,9.92
2024-03-04,13.94,44.45,23.9,62.9,107.98000000000006,12.45,34.89999999999999,38.67000000000001,32.399999999999984,32.64,9.200000000000001,18.199999999999996,40.34000000000001,69.79999999999998,55.26,29.799999999999997,40.63,61.87000000000001,24.349999999999998,10.0
2024-03-05,14.10333333333333,44.550000000000004,24.266666666666666,62.96333333333333,108.46666666666673,12.633333333333333,35.69999999999999,39.06000000000001,32.666666666666664,32.58,9.200000000000001,18.399999999999995,40.27333333333331,70.23333333333335,56.12,30.066666666666652,41.15666666666667,61.983333333333334,24.636666666666663,10.133333333333335
2024-03-06,14.266666666666664,44.64999999999999,24.633333333333333,63.02666666666667,108.95333333333335,12.816666666666666,36.5,39.45,32.93333333333333,32.519999999999996,9.200000000000001,18.599999999999998,40.20666666666666,70.66666666666666,56.98,30.333333333333332,41.683333333333316,62.096666666666664,24.92333333333333,10.266666666666667
2024-03-07,14.430000000000005,44.75,25.0,63.089999999999996,109.44000000000001,13.0,37.29999999999999,39.84000000000002,33.2,32.46,9.200000000000001,18.799999999999997,40.140000000000015,71.1,57.83999999999998,30.599999999999987,42.210000000000015,62.21,25.209999999999994,10.400000000000002
2024-03-08,14.330000000000005,44.999999999999986,25.499999999999996,65.2,112.60999999999997,13.199999999999998,37.95000000000002,40.04000000000001,32.79999999999998,32.819999999999986,9.200000000000001,18.299999999999997,40.73,71.2,58.82999999999999,30.549999999999994,43.65,62.14000000000001,24.94,10.2
2024-03-09,15.030000000000008,45.39999999999998,28.000000000000014,65.11,112.35000000000008,13.499999999999996,38.79999999999999,42.200000000000024,32.599999999999994,32.72999999999999,9.1,18.299999999999997,40.53999999999999,72.30000000000003,58.629999999999995,31.60000000000001,46.66999999999999,62.21,24.53,10.3
2024-03-10,14.930000000000009,45.39999999999998,28.499999999999996,63.86,111.75000000000001,13.450000000000001,38.300000000000004,41.710000000000015,32.89999999999999,32.72999999999999,9.200000000000001,18.299999999999997,40.34000000000001,71.40000000000002,58.439999999999976,31.7,49.910000000000004,61.87000000000001,24.259999999999994,10.05
2024-03-11,15.129999999999997,44.999999999999986,29.4,63.760000000000005,112.35000000000008,13.199999999999998,39.99999999999999,43.08000000000002,32.849999999999994,32.72999999999999,9.399999999999997,18.299999999999997,40.88,70.8,58.439999999999976,32.15,53.06000000000002,61.54000000000001,25.2,10.400000000000002
2024-03-12,15.196666666666655,44.999999999999986,29.4,63.536666666666655,111.98000000000002,13.366666666666662,39.949999999999996,43.146666666666675,32.666666666666664,32.819999999999986,9.366666666666662,18.499999999999996,40.946666666666665,70.8,58.23999999999998,32.13333333333335,52.91,61.31666666666666,25.299999999999997,10.633333333333335
2024-03-13,15.263333333333323,44.999999999999986,29.4,63.313333333333325,111.61000000000001,13.53333333333333,39.9,43.21333333333336,32.48333333333332,32.90999999999999,9.333333333333336,18.699999999999996,41.013333333333335,70.8,58.03999999999999,32.11666666666667,52.760000000000005,61.093333333333334,25.400000000000002,10.866666666666667
2024-03-14,15.330000000000002,44.999999999999986,29.4,63.089999999999996,111.23999999999995,13.700000000000001,39.85,43.28000000000002,32.29999999999998,32.999999999999986,9.300000000000002,18.9,41.08,70.8,57.83999999999998,32.10000000000001,52.610000000000014,60.86999999999999,25.5,11.1
2024-03-15,15.129999999999997,46.04999999999999,29.0,63.760000000000005,111.92000000000002,13.549999999999999,39.499999999999986,42.69000000000002,32.29999999999998,32.64,9.300000000000002,18.9,41.229999999999976,70.59999999999998,59.61999999999997,31.9,56.220000000000006,60.59999999999999,25.299999999999997,11.7
2024-03-16,15.030000000000008,46.35000000000001,29.199999999999992,64.24,115.00999999999998,13.549999999999999,42.24999999999998,42.79000000000001,32.34999999999999,33.09,9.200000000000001,19.589999999999996,41.92,72.20000000000002,60.31999999999999,31.9,56.760000000000005,60.86999999999999,25.5,11.7
2024-03-17,15.629999999999995,46.75,30.60000000000001,64.44,116.12,13.649999999999999,42.349999999999994,44.75000000000001,33.2,33.45999999999999,9.300000000000002,19.589999999999996,43.49999999999999,72.40000000000002,59.42999999999998,32.60000000000001,54.600000000000016,61.94,25.799999999999997,11.5
2024-03-18,15.929999999999994,46.84999999999999,30.500000000000007,64.24,115.34999999999997,14.600000000000003,43.0,44.65000000000001,33.099999999999994,33.54999999999999,9.399999999999997,19.589999999999996,43.49999999999999,75.50000000000001,59.12999999999998,32.60000000000001,55.220000000000006,61.400000000000006,26.050000000000004,11.600000000000001
2024-03-19,15.829999999999995,46.799999999999976,30.166666666666668,64.05,114.92333333333329,14.650000000000002,42.83333333333335,44.390000000000015,33.18333333333334,33.54999999999999,9.399999999999997,19.589999999999996,43.38666666666666,75.80000000000001,59.263333333333314,32.51666666666667,54.529999999999994,61.42333333333333,25.96666666666667,11.550000000000004
2024-03-20,15.729999999999995,46.75,29.833333333333318,63.86,114.49666666666666,14.700000000000003,42.66666666666667,44.13000000000002,33.26666666666666,33.54999999999999,9.399999999999997,19.589999999999996,43.27333333333333,76.10000000000002,59.39666666666663,32.43333333333335,53.84000000000002,61.446666666666665,25.883333333333333,11.5
2024-03-21,15.629999999999995,46.69999999999999,29.499999999999993,63.669999999999995,114.07,14.750000000000004,42.50000000000001,43.870000000000005,33.349999999999994,33.54999999999999,9.399999999999997,19.589999999999996,43.15999999999999,76.40000000000003,59.529999999999966,32.35,53.149999999999984,61.47,25.799999999999997,11.45
2024-03-22,16.029999999999994,46.449999999999996,30.800000000000004,63.48,116.63999999999997,14.899999999999999,43.849999999999994,44.559999999999995,33.64999999999999,33.17999999999999,9.499999999999998,18.299999999999997,43.6,75.80000000000001,60.01999999999999,32.90000000000001,55.4,60.93999999999999,25.5,11.45
2024-03-23,16.52,45.499999999999986,30.199999999999996,63.089999999999996,118.34999999999997,14.199999999999998,43.4,44.16000000000001,32.99999999999999,33.269999999999996,10.4,18.299999999999997,44.58999999999999,73.89999999999999,60.519999999999996,32.500000000000014,55.14000000000001,60.669999999999995,26.5,11.400000000000002
2024-03-24,16.72,45.55,31.099999999999998,64.24,117.93,14.600000000000003,43.79999999999999,44.95,33.24999999999999,33.58999999999999,10.500000000000002,18.299999999999997,45.37999999999999,75.80000000000001,61.50999999999998,33.000000000000014,57.30000000000001,60.86999999999999,26.549999999999994,11.850000000000001
2024-03-25,15.829999999999995,44.949999999999996,29.899999999999995,63.27999999999999,113.12000000000003,14.45,42.0,43.08000000000002,32.499999999999986,32.35999999999999,9.7,18.299999999999997,43.4,73.50000000000001,60.01999999999999,31.7,53.78000000000001,60.34000000000001,25.949999999999996,11.3
2024-03-26,15.926666666666662,44.983333333333334,30.000000000000014,63.313333333333325,113.38000000000001,14.499999999999998,42.09999999999999,43.406666666666695,32.46666666666666,32.42333333333332,9.733333333333334,18.299999999999997,43.4,73.50000000000001,59.85666666666665,31.783333333333342,53.569999999999986,60.34000000000001,25.783333333333324,11.3
2024-03-27,16.023333333333333,45.01666666666668,30.1,63.346666666666664,113.64,14.55,42.2,43.733333333333334,32.43333333333332,32.48666666666666,9.766666666666667,18.299999999999997,43.4,73.50000000000001,59.69333333333332,31.86666666666667,53.359999999999985,60.34000000000001,25.616666666666667,11.3
2024-03-28,16.11999999999999,45.050000000000004,30.199999999999996,63.38000000000001,113.90000000000003,14.600000000000003,42.299999999999976,44.06000000000002,32.399999999999984,32.54999999999999,9.8,18.299999999999997,43.4,73.50000000000001,59.529999999999966,31.950000000000006,53.149999999999984,60.34000000000001,25.449999999999996,11.3
2024-03-29,16.32,45.050000000000004,30.9,64.05,117.50000000000001,14.950000000000001,43.849999999999994,44.46000000000002,32.19999999999999,32.959999999999994,9.7,17.799999999999997,43.699999999999996,75.50000000000001,61.00999999999999,32.10000000000001,55.95,60.669999999999995,25.599999999999994,12.050000000000002
2024-03-30,15.929999999999994,44.39999999999997,30.60000000000001,63.57000000000001,116.38000000000002,14.600000000000003,42.84999999999999,43.38,31.649999999999984,32.46,10.000000000000004,17.799999999999997,44.39999999999998,75.00000000000003,60.01999999999999,31.65000000000001,54.04999999999999,60.07000000000001,25.400000000000002,12.600000000000003
2024-03-31,16.029999999999994,43.14999999999999,30.400000000000002,63.0,115.78000000000002,14.650000000000002,43.5,43.08000000000002,31.8,32.77,9.900000000000011,17.209999999999997,43.699999999999996,77.2,62.299999999999976,32.000000000000014,53.330000000000005,59.26,24.999999999999986,12.500000000000002
2024-04-01,15.829999999999995,43.55,30.500000000000007,62.71,115.43999999999997,14.499999999999998,42.50000000000001,42.59,31.9,32.90999999999999,9.7,17.31,44.0,76.60000000000001,63.09999999999999,31.65000000000001,54.86000000000001,58.33,25.2,12.700000000000005
2024-04-02,15.926666666666662,43.68333333333333,30.800000000000004,62.933333333333344,116.09666666666666,14.66666666666667,42.68333333333333,42.720000000000006,32.133333333333326,33.45666666666665,9.766666666666667,17.773333333333326,44.33333333333333,76.96666666666668,63.229999999999976,31.86666666666667,56.123333333333335,58.55333333333334,25.46666666666667,12.983333333333333
2024-04-03,16.023333333333333,43.81666666666668,31.099999999999998,63.156666666666666,116.75333333333332,14.833333333333336,42.86666666666665,42.85000000000003,32.36666666666665,34.00333333333332,9.833333333333336,18.236666666666665,44.66666666666664,77.33333333333333,63.35999999999999,32.08333333333333,57.38666666666665,58.776666666666664,25.73333333333332,13.266666666666666
2024-04-04,16.11999999999999,43.94999999999999,31.4,63.38000000000001,117.41000000000004,15.000000000000007,43.05000000000001,42.98,32.599999999999994,34.54999999999999,9.900000000000011,18.699999999999996,45.00000000000001,77.7,63.48999999999999,32.30000000000001,58.65000000000001,59.0,26.0,13.550000000000006
2024-04-05,16.420000000000005,44.09999999999999,32.2,63.27999999999999,119.30000000000003,14.4,43.9,43.38,32.79999999999998,34.09,10.000000000000004,18.599999999999998,44.94999999999999,77.5,63.29999999999998,32.25000000000001,61.709999999999994,59.33000000000001,25.799999999999997,14.449999999999996
2024-04-06,16.029999999999994,44.199999999999996,32.1,65.68,120.16000000000001,14.249999999999996,44.8,42.69000000000002,32.399999999999984,33.68000000000001,9.900000000000011,18.699999999999996,43.84999999999999,78.09999999999998,61.50999999999998,31.7,60.54,59.400000000000006,25.799999999999997,15.450000000000001
2024-04-07,15.929999999999994,43.699999999999996,31.900000000000006,64.44,119.73000000000002,14.3,44.34999999999998,42.79000000000001,32.599999999999994,33.17999999999999,9.8,17.799999999999997,42.5,78.09999999999998,61.41,31.800000000000015,61.61999999999998,59.53,25.750000000000007,15.850000000000001
2024-04-08,16.11999999999999,43.50000000000001,31.500000000000004,65.01,121.78000000000006,14.4,44.34999999999998,43.08000000000002,32.79999999999998,33.90999999999999,10.099999999999989,18.799999999999997,42.64999999999999,77.60000000000001,61.61,31.7,61.61999999999998,59.2,25.599999999999994,16.55
2024-04-09,16.186666666666664,43.48333333333331,31.53333333333333,64.82000000000001,122.35333333333334,14.266666666666671,44.5,43.146666666666675,33.03333333333331,33.90999999999999,10.066666666666656,18.799999999999997,42.699999999999996,77.43333333333332,61.90666666666667,31.73333333333332,61.950000000000024,59.08666666666666,25.566666666666663,16.533333333333335
2024-04-10,16.253333333333327,43.46666666666666,31.56666666666667,64.63,122.92666666666666,14.133333333333336,44.65000000000001,43.21333333333336,33.26666666666666,33.90999999999999,10.03333333333333,18.799999999999997,42.749999999999986,77.26666666666668,62.20333333333332,31.766666666666666,62.279999999999994,58.97333333333335,25.53333333333333,16.516666666666666
2024-04-11,16.32,43.449999999999974,31.600000000000016,64.44,123.5,13.999999999999993,44.8,43.28000000000002,33.49999999999999,33.90999999999999,10.000000000000004,18.799999999999997,42.79999999999998,77.10000000000001,62.50000000000001,31.800000000000015,62.60999999999999,58.860000000000014,25.5,16.499999999999996
2024-04-12,16.420000000000005,43.2,31.2,63.760000000000005,125.64,14.199999999999998,45.1,43.67000000000003,33.2,33.81999999999999,9.900000000000011,18.799999999999997,42.99999999999999,75.80000000000001,61.80999999999998,32.10000000000001,61.800000000000004,58.33,25.349999999999998,17.55
2024-04-13,16.620000000000005,43.29999999999999,31.2,64.24,131.09000000000003,14.199999999999998,45.75000000000002,44.559999999999995,33.49999999999999,34.49999999999999,9.900000000000011,17.899999999999995,43.49999999999999,77.8,62.89999999999998,32.45000000000002,62.70000000000002,59.33000000000001,25.799999999999997,17.399999999999995
2024-04-14,16.420000000000005,43.2,31.600000000000016,64.14999999999999,129.1,13.949999999999998,45.20000000000001,44.46000000000002,33.899999999999984,35.08999999999999,10.099999999999989,17.499999999999996,44.099999999999994,78.6,63.48999999999999,32.20000000000001,63.06000000000001,59.13000000000002,26.299999999999997,17.25
2024-04-15,15.530000000000001,42.0,30.500000000000007,63.48,130.1,13.299999999999999,42.8,42.89000000000001,32.79999999999998,34.09,9.900000000000011,17.599999999999998,42.1,78.0,62.50000000000001,31.200000000000003,63.06000000000001,58.529999999999994,25.599999999999994,17.3
2024-04-16,15.530000000000001,42.0,30.166666666666668,63.41333333333331,129.37000000000003,13.333333333333336,42.766666666666666,42.69333333333335,32.78333333333333,34.10666666666666,10.03333333333333,17.69999999999999,41.733333333333334,77.4,62.169999999999995,31.14999999999998,62.429999999999964,58.440000000000005,25.400000000000002,17.5
2024-04-17,15.530000000000001,42.0,29.833333333333318,63.34666666666666,128.64000000000001,13.36666666666667,42.733333333333334,42.49666666666667,32.76666666666666,34.123333333333335,10.166666666666673,17.799999999999997,41.36666666666667,76.80000000000001,61.83999999999999,31.099999999999994,61.800000000000004,58.350000000000016,25.2,17.7
2024-04-18,15.530000000000001,42.0,29.499999999999993,63.27999999999999,127.91000000000004,13.399999999999995,42.7,42.30000000000001,32.749999999999986,34.14,10.3,17.899999999999995,40.999999999999986,76.2,61.50999999999998,31.049999999999986,61.16999999999998,58.260000000000005,24.999999999999986,17.899999999999995
2024-04-19,15.829999999999995,42.10000000000001,29.099999999999987,63.18999999999998,127.12000000000002,13.599999999999996,43.0,42.79000000000001,32.34999999999999,34.359999999999985,10.3,16.909999999999997,41.75000000000001,76.2,61.71,31.400000000000002,61.61999999999998,58.260000000000005,24.899999999999988,19.150000000000002
2024-04-20,15.829999999999995,41.50000000000001,29.199999999999992,62.60999999999999,130.58999999999997,12.8,43.09999999999999,42.79000000000001,32.499999999999986,34.26999999999999,10.000000000000004,18.499999999999996,41.8,75.60000000000001,62.79999999999998,31.45,62.97000000000001,57.930000000000014,24.55,19.9
2024-04-21,15.829999999999995,41.45000000000001,29.4,63.27999999999999,132.38000000000005,12.550000000000002,42.65000000000001,42.500000000000014,32.19999999999999,34.14,10.000000000000004,17.599999999999998,41.2,75.80000000000001,62.999999999999964,31.35000000000001,62.97000000000001,57.52,24.450000000000006,18.549999999999997
2024-04-22,15.729999999999995,41.649999999999984,30.000000000000014,63.27999999999999,135.16000000000003,12.399999999999999,42.7,42.200000000000024,32.19999999999999,34.09,9.8,18.099999999999998,40.9,76.2,62.999999999999964,31.45,63.60000000000001,57.52,24.1,19.099999999999998
2024-04-23,15.396666666666665,41.46666666666666,29.266666666666648,63.12,133.8366666666667,12.466666666666669,41.71666666666667,41.67666666666668,32.01666666666666,33.83333333333333,9.7,18.696666666666662,40.84999999999998,75.3666666666667,62.50333333333332,30.833333333333325,62.34000000000002,57.410000000000004,24.133333333333322,18.683333333333334
2024-04-24,15.06333333333334,41.28333333333334,28.533333333333324,62.96,132.51333333333332,12.533333333333328,40.733333333333334,41.15333333333335,31.833333333333325,33.57666666666667,9.6,19.293333333333333,40.79999999999999,74.53333333333332,62.00666666666664,30.21666666666666,61.080000000000034,57.30000000000001,24.166666666666668,18.26666666666667
2024-04-25,14.730000000000004,41.1,27.8,62.800000000000004,131.19,12.6,39.75000000000001,40.630000000000024,31.649999999999984,33.319999999999986,9.499999999999998,19.889999999999997,40.75,73.70000000000002,61.50999999999998,29.59999999999999,59.82000000000001,57.19,24.2,17.85
2024-04-26,14.930000000000009,41.2,28.100000000000016,62.800000000000004,129.1,12.499999999999995,39.9,40.92000000000001,31.599999999999994,33.72999999999999,9.7,18.399999999999995,41.6,73.89999999999999,61.50999999999998,29.899999999999988,57.39,57.19,24.2,17.25
2024-04-27,14.930000000000009,41.2,28.199999999999996,62.52000000000001,130.89000000000001,12.699999999999998,39.65,40.92000000000001,31.299999999999983,33.63999999999999,9.7,18.399999999999995,41.6,74.00000000000004,62.099999999999994,29.74999999999999,58.379999999999995,56.99,23.999999999999996,17.85
2024-04-28,14.730000000000004,40.99999999999999,27.500000000000014,62.60999999999999,131.88000000000002,12.45,38.5,40.430000000000014,31.299999999999983,34.09,10.4,18.399999999999995,42.0,74.49999999999999,62.89999999999998,29.74999999999999,57.11999999999999,56.99,24.299999999999994,18.399999999999995
2024-04-29,14.730000000000004,41.2,27.200000000000006,62.800000000000004,129.6,12.099999999999998,38.54999999999999,39.84000000000002,30.999999999999982,33.54999999999999,10.4,18.399999999999995,41.4,74.69999999999999,62.399999999999984,28.79999999999999,54.960000000000015,56.99,23.699999999999996,17.399999999999995
2024-04-30,14.796666666666667,41.25,27.33333333333333,62.96,128.97000000000003,12.13333333333333,38.9,39.97333333333334,31.333333333333318,33.579999999999984,10.3,18.399999999999995,41.53333333333333,75.13333333333335,63.533333333333324,28.999999999999993,55.35000000000001,57.19000000000002,23.800000000000004,17.6
2024-05-01,14.863333333333335,41.29999999999999,27.46666666666668,63.12,128.34,12.166666666666663,39.25,40.10666666666669,31.666666666666657,33.60999999999999,10.2,18.399999999999995,41.66666666666664,75.56666666666666,64.66666666666666,29.200000000000014,55.74,57.39000000000001,23.899999999999988,17.8
2024-05-02,14.930000000000009,41.35000000000001,27.599999999999994,63.27999999999999,127.71,12.2,39.59999999999999,40.240000000000016,31.999999999999993,33.63999999999999,10.099999999999989,18.399999999999995,41.8,76.00000000000003,65.8,29.39999999999999,56.129999999999995,57.590000000000025,23.999999999999996,18.0
2024-05-03,15.129999999999997,41.599999999999994,28.299999999999997,63.48,127.12000000000002,12.299999999999997,40.150000000000006,41.510000000000005,32.29999999999998,34.46,10.099999999999989,18.399999999999995,43.15000000000001,76.30000000000001,66.00000000000001,29.74999999999999,56.94000000000001,59.0,24.499999999999996,17.85
2024-05-04,15.129999999999997,41.35000000000001,28.100000000000016,63.48,130.1,12.249999999999998,39.65,41.320000000000014,32.34999999999999,34.40999999999998,10.099999999999989,18.9,42.99999999999999,76.50000000000003,65.50000000000003,29.99999999999999,56.58,59.2,24.24999999999999,18.599999999999998
2024-05-05,15.229999999999997,41.4,28.700000000000003,63.669999999999995,134.85999999999999,12.35,39.54999999999998,41.710000000000015,32.29999999999998,34.49999999999999,10.000000000000004,18.199999999999996,42.99999999999999,76.80000000000001,65.10000000000001,29.899999999999988,58.02000000000001,58.860000000000014,24.1,18.35
2024-05-06,15.129999999999997,41.4,28.59999999999999,64.44,137.74000000000004,11.95,39.30000000000001,41.91000000000001,32.7,34.819999999999986,10.000000000000004,18.199999999999996,44.0,76.7,65.60000000000001,29.899999999999988,57.84000000000001,58.860000000000014,23.75,18.299999999999997
2024-05-07,15.196666666666655,41.066666666666656,29.33333333333333,64.56666666666665,138.04000000000005,11.899999999999997,39.45000000000002,42.006666666666675,32.666666666666664,34.48666666666666,9.96666666666667,18.499999999999996,44.03333333333333,76.53333333333333,66.06666666666669,30.033333333333324,57.72000000000001,58.68333333333334,23.516666666666666,18.399999999999995
2024-05-08,15.263333333333323,40.733333333333334,30.066666666666666,64.69333333333333,138.34,11.849999999999998,39.59999999999999,42.10333333333335,32.63333333333332,34.15333333333333,9.933333333333337,18.799999999999997,44.06666666666665,76.36666666666667,66.53333333333335,30.166666666666654,57.599999999999994,58.50666666666669,23.28333333333333,18.499999999999996
2024-05-09,15.330000000000002,40.39999999999999,30.800000000000004,64.82,138.64000000000001,11.799999999999999,39.75000000000001,42.200000000000024,32.599999999999994,33.81999999999999,9.900000000000011,19.099999999999994,44.099999999999994,76.2,67.00000000000001,30.299999999999986,57.48000000000001,58.33,23.049999999999997,18.599999999999998
2024-05-10,15.629999999999995,40.8,30.9,64.71999999999998,136.55,11.95,42.0,43.38,32.7,34.09,10.000000000000004,19.099999999999994,43.4,76.50000000000003,66.8,30.549999999999994,58.11000000000001,58.93,23.29999999999999,18.399999999999995
2024-05-11,15.330000000000002,40.6,31.600000000000016,64.05,133.07000000000005,11.999999999999996,41.40000000000001,42.59,32.399999999999984,34.46,10.000000000000004,19.099999999999994,42.95,76.80000000000001,65.20000000000003,30.04999999999999,59.640000000000015,59.26,23.1,17.8
2024-05-12,15.229999999999997,41.1,31.2,63.57000000000001,132.08,12.05,42.14999999999999,42.200000000000024,32.19999999999999,35.04999999999999,9.900000000000011,19.099999999999994,42.99999999999999,75.80000000000001,64.80000000000001,29.799999999999997,58.74,58.93,23.64999999999999,17.55
2024-05-13,15.030000000000008,41.74999999999999,30.60000000000001,63.57000000000001,132.88,12.2,41.7,41.91000000000001,31.999999999999993,34.54999999999999,9.900000000000011,17.599999999999998,42.99999999999999,74.80000000000004,64.80000000000001,29.849999999999998,57.48000000000001,58.600000000000016,23.349999999999994,17.55
2024-05-14,15.030000000000008,41.61666666666667,30.833333333333332,63.53999999999999,132.51333333333332,12.15,41.81666666666666,42.006666666666675,32.03333333333332,34.48666666666666,9.866666666666669,17.66666666666666,43.266666666666666,74.69999999999999,64.63333333333333,29.81666666666666,56.97,58.57666666666667,23.28333333333333,17.15
2024-05-15,15.030000000000008,41.48333333333331,31.066666666666663,63.50999999999999,132.14666666666668,12.099999999999998,41.93333333333333,42.10333333333335,32.06666666666666,34.423333333333325,9.833333333333336,17.73333333333333,43.53333333333333,74.6,64.46666666666668,29.783333333333324,56.459999999999994,58.55333333333334,23.21666666666667,16.749999999999996
2024-05-16,15.030000000000008,41.35000000000001,31.299999999999994,63.48,131.78,12.05,42.05,42.200000000000024,32.099999999999994,34.359999999999985,9.8,17.799999999999997,43.8,74.49999999999999,64.3,29.74999999999999,55.95,58.529999999999994,23.150000000000006,16.35
2024-05-17,15.030000000000008,41.04999999999998,30.9,63.38000000000001,133.07000000000005,12.05,42.09999999999999,42.200000000000024,32.499999999999986,34.359999999999985,9.7,17.799999999999997,44.0,74.00000000000004,64.09999999999998,29.69999999999998,54.04999999999999,58.8,22.4,16.499999999999996
2024-05-18,14.139999999999999,40.6,29.199999999999992,63.0,130.99,11.849999999999998,41.099999999999994,40.73000000000001,32.99999999999999,33.54999999999999,9.6,17.799999999999997,42.0,71.8,63.49999999999997,28.499999999999993,50.63000000000002,58.860000000000014,20.949999999999996,15.4
2024-05-19,14.430000000000005,40.54999999999999,29.69999999999999,63.18999999999998,127.02000000000004,12.35,41.3,41.61000000000001,33.45,33.45999999999999,9.6,17.599999999999998,42.3,71.2,65.00000000000001,28.749999999999986,51.53000000000001,58.860000000000014,21.099999999999998,15.349999999999996
2024-05-20,14.139999999999999,40.75000000000001,29.0,62.60999999999999,125.13,11.95,39.9,41.510000000000005,33.399999999999984,33.269999999999996,9.6,17.599999999999998,41.05,71.0,65.60000000000001,28.049999999999986,50.45000000000001,58.529999999999994,20.249999999999993,14.599999999999998
2024-05-21,14.006666666666673,40.75000000000001,28.86666666666666,62.64333333333333,124.50000000000001,11.95,38.98333333333333,41.08666666666668,33.483333333333334,33.11999999999999,9.6,17.833333333333336,41.03333333333334,71.40000000000002,65.50000000000003,27.799999999999994,49.879999999999995,58.573333333333345,20.19999999999999,14.383333333333333
2024-05-22,13.873333333333331,40.75000000000001,28.73333333333333,62.67666666666669,123.86999999999998,11.95,38.06666666666666,40.66333333333335,33.56666666666665,32.96999999999999,9.6,18.066666666666663,41.016666666666666,71.8,65.39999999999999,27.549999999999986,49.309999999999995,58.61666666666668,20.15,14.166666666666666
2024-05-23,13.74,40.75000000000001,28.59999999999999,62.71,123.24,11.95,37.15,40.240000000000016,33.64999999999999,32.819999999999986,9.6,18.299999999999997,40.999999999999986,72.20000000000002,65.3,27.299999999999994,48.73999999999998,58.66000000000001,20.099999999999994,13.950000000000005
2024-05-24,13.74,40.85000000000001,27.899999999999995,63.18999999999998,124.62999999999998,11.599999999999998,34.70000000000001,39.75000000000001,32.399999999999984,32.26999999999999,9.499999999999998,18.299999999999997,41.1,71.0,62.50000000000001,27.449999999999996,48.73999999999998,58.529999999999994,19.449999999999996,14.900000000000002
2024-05-25,13.74,40.900000000000006,28.400000000000002,62.9,125.13,11.849999999999998,35.4,40.240000000000016,32.19999999999999,32.72999999999999,9.499999999999998,18.999999999999996,42.0,71.5,61.39999999999999,27.599999999999994,49.1,58.529999999999994,20.19999999999999,14.599999999999998
2024-05-26,13.539999999999996,41.599999999999994,28.199999999999996,62.9,124.14000000000003,11.749999999999998,35.69999999999999,40.240000000000016,31.549999999999994,32.72999999999999,9.300000000000002,17.899999999999995,41.54999999999999,71.0,60.99999999999997,27.699999999999992,48.11,58.4,20.050000000000004,14.049999999999999
2024-05-27,13.74,41.599999999999994,28.9,63.089999999999996,127.12000000000002,12.05,35.15,41.02000000000002,32.04999999999999,32.72999999999999,9.200000000000001,17.899999999999995,41.75000000000001,74.00000000000004,60.99999999999997,27.949999999999985,50.9,58.4,19.85,13.950000000000005
2024-05-28,13.773333333333337,41.599999999999994,28.86666666666666,63.53999999999999,127.45,12.166666666666666,35.4,40.82333333333335,32.06666666666664,32.79,9.333333333333329,18.199999999999996,41.68333333333332,74.00000000000004,61.33333333333333,27.883333333333322,50.93,58.4,19.749999999999993,14.083333333333329
2024-05-29,13.806666666666668,41.599999999999994,28.833333333333325,63.99,127.78000000000004,12.283333333333331,35.650000000000006,40.62666666666668,32.083333333333336,32.84999999999999,9.466666666666663,18.499999999999996,41.616666666666674,74.00000000000004,61.66666666666663,27.81666666666665,50.959999999999994,58.4,19.65,14.216666666666667
2024-05-30,13.84,41.599999999999994,28.800000000000015,64.44,128.11000000000007,12.399999999999999,35.900000000000006,40.430000000000014,32.099999999999994,32.90999999999999,9.6,18.799999999999997,41.54999999999999,74.00000000000004,61.999999999999986,27.749999999999993,50.989999999999995,58.4,19.55,14.349999999999998
2024-05-31,13.640000000000006,42.199999999999996,28.59999999999999,64.92,127.12000000000002,12.15,35.20000000000001,39.940000000000005,31.999999999999993,32.72999999999999,9.399999999999997,18.599999999999998,41.8,74.6,62.999999999999964,27.399999999999988,49.910000000000004,58.529999999999994,18.999999999999996,14.000000000000002
2024-06-01,13.74,42.300000000000004,28.59999999999999,68.65999999999998,127.71,12.15,34.85,39.84000000000002,31.999999999999993,32.959999999999994,9.300000000000002,18.599999999999998,41.15,74.1,63.800000000000004,27.699999999999992,49.54999999999998,59.67,18.999999999999996,13.3
2024-06-02,13.84,42.10000000000001,28.000000000000014,67.41,123.94,11.799999999999999,32.45000000000001,39.26000000000001,31.449999999999992,31.639999999999993,9.1,17.69999999999999,39.30000000000001,71.8,62.099999999999994,27.85,46.12999999999999,60.669999999999995,17.699999999999996,13.3
2024-06-03,13.84,42.0,28.499999999999996,68.56,122.34999999999997,12.099999999999998,34.70000000000001,39.26000000000001,31.549999999999994,31.82,9.200000000000001,17.69999999999999,39.50000000000001,72.20000000000002,62.89999999999998,27.899999999999995,47.11999999999999,59.33000000000001,17.999999999999996,13.500000000000002
2024-06-04,13.440000000000001,41.766666666666666,27.633333333333336,67.88666666666667,120.82666666666668,11.93333333333333,34.66666666666667,38.54000000000001,31.083333333333325,31.66666666666667,9.066666666666666,17.83333333333333,38.93333333333333,71.63333333333334,62.466666666666654,27.249999999999993,46.023333333333326,58.93,17.666666666666664,13.2
2024-06-05,13.039999999999997,41.53333333333333,26.766666666666666,67.21333333333334,119.30333333333331,11.766666666666662,34.633333333333326,37.82000000000002,30.616666666666653,31.51333333333333,8.933333333333332,17.966666666666665,38.36666666666666,71.06666666666668,62.03333333333332,26.599999999999998,44.92666666666667,58.529999999999994,17.333333333333336,12.900000000000006
2024-06-06,12.639999999999999,41.29999999999999,25.9,66.54,117.78000000000002,11.599999999999998,34.6,37.10000000000001,30.149999999999988,31.35999999999999,8.800000000000004,18.099999999999998,37.8,70.5,61.599999999999994,25.95,43.83,58.13000000000002,16.999999999999993,12.600000000000003
2024-06-07,12.840000000000003,41.29999999999999,26.39999999999999,69.71,119.97000000000003,11.849999999999998,36.54999999999999,37.69000000000002,30.549999999999986,32.08999999999999,8.899999999999999,18.099999999999998,39.199999999999996,73.20000000000005,62.299999999999976,26.350000000000005,45.13999999999999,58.4,17.499999999999993,13.2
2024-06-08,12.940000000000008,42.349999999999994,26.699999999999992,70.75999999999999,121.16,11.55,36.0,37.69000000000002,30.199999999999996,32.46,8.899999999999999,18.099999999999998,39.15,73.00000000000001,62.299999999999976,26.549999999999983,45.95000000000001,58.66000000000001,17.800000000000004,13.0
2024-06-09,12.840000000000003,41.800000000000004,26.9,69.71,120.56000000000002,10.75,34.949999999999996,37.290000000000006,30.199999999999996,32.05,8.700000000000003,18.099999999999998,38.099999999999994,74.49999999999999,62.399999999999984,26.15,43.870000000000005,58.4,17.300000000000004,12.650000000000004
2024-06-10,12.940000000000008,41.2,27.400000000000002,70.27999999999999,126.02,10.449999999999998,36.099999999999994,37.88000000000002,31.499999999999993,32.40999999999999,8.700000000000003,18.399999999999995,39.00000000000001,75.2,65.60000000000001,26.599999999999998,45.76999999999999,58.66000000000001,17.699999999999996,12.75
2024-06-11,13.006666666666666,40.99999999999999,27.533333333333328,70.18666666666665,127.04666666666672,10.466666666666665,36.3,38.07666666666668,31.56666666666666,32.426666666666655,8.733333333333336,17.999999999999996,38.983333333333334,75.2,65.93333333333334,26.68333333333333,46.069999999999986,58.68333333333334,17.633333333333333,12.766666666666667
2024-06-12,13.07333333333334,40.8,27.666666666666668,70.09333333333332,128.07333333333335,10.483333333333327,36.5,38.27333333333334,31.63333333333332,32.443333333333335,8.766666666666671,17.599999999999998,38.96666666666668,75.2,66.26666666666667,26.766666666666666,46.370000000000005,58.70666666666667,17.56666666666667,12.783333333333331
2024-06-13,13.139999999999997,40.6,27.8,69.99999999999999,129.1,10.5,36.70000000000002,38.47000000000001,31.699999999999985,32.46,8.800000000000004,17.199999999999996,38.95,75.2,66.60000000000001,26.849999999999994,46.66999999999999,58.73,17.499999999999993,12.800000000000004
2024-06-14,13.240000000000002,40.69999999999999,27.3,70.75999999999999,128.8,10.449999999999998,36.35000000000001,38.57000000000002,31.849999999999984,32.54999999999999,8.700000000000003,17.199999999999996,38.34999999999999,74.80000000000004,66.70000000000002,26.750000000000004,46.399999999999984,59.87000000000001,18.149999999999995,12.700000000000005
2024-06-15,13.139999999999997,40.8,27.3,70.95999999999998,128.61000000000004,10.049999999999997,36.14999999999999,38.28000000000002,31.8,32.46,8.800000000000004,17.199999999999996,38.05,76.50000000000003,66.60000000000001,26.700000000000003,45.860000000000014,58.860000000000014,17.9,12.600000000000003
2024-06-16,12.840000000000003,40.8,27.1,70.75999999999999,127.81,10.049999999999997,35.5,37.980000000000004,31.849999999999984,32.26999999999999,8.700000000000003,17.899999999999995,37.25000000000001,75.00000000000003,65.90000000000002,26.399999999999995,44.82000000000002,58.600000000000016,17.6,12.1
2024-06-17,13.240000000000002,41.14999999999999,28.000000000000014,70.75999999999999,129.70000000000002,10.400000000000002,37.95000000000002,38.860000000000014,32.499999999999986,33.77,8.999999999999998,18.399999999999995,39.50000000000001,77.3,69.0,27.199999999999996,47.03,58.93,18.799999999999994,12.600000000000003
2024-06-18,13.30666666666666,41.14999999999999,28.199999999999996,71.46333333333334,129.66666666666669,10.433333333333334,38.03333333333334,39.09000000000002,32.54999999999999,33.75666666666666,8.999999999999998,18.13333333333333,39.56666666666667,77.46666666666665,69.0,27.26666666666666,47.269999999999996,59.08666666666666,18.91666666666666,12.600000000000003
2024-06-19,13.373333333333333,41.14999999999999,28.400000000000002,72.16666666666667,129.6333333333333,10.466666666666665,38.11666666666668,39.320000000000014,32.599999999999994,33.743333333333325,8.999999999999998,17.866666666666664,39.633333333333326,77.63333333333335,69.0,27.33333333333332,47.509999999999984,59.24333333333334,19.033333333333328,12.600000000000003
2024-06-20,13.440000000000001,41.14999999999999,28.59999999999999,72.87,129.6,10.5,38.2,39.550000000000026,32.65,33.72999999999999,8.999999999999998,17.599999999999998,39.70000000000001,77.8,69.0,27.399999999999988,47.749999999999986,59.400000000000006,19.149999999999995,12.600000000000003
2024-06-21,13.339999999999996,41.7,28.499999999999996,72.49,130.58999999999997,10.6,39.05,39.550000000000026,33.2,34.319999999999986,8.999999999999998,17.599999999999998,40.6,77.60000000000001,69.50000000000001,27.649999999999995,47.839999999999996,60.74,20.449999999999996,12.700000000000005
2024-06-22,13.640000000000006,41.85,29.4,72.2,132.58000000000004,10.699999999999998,39.10000000000001,39.940000000000005,34.2,34.26999999999999,9.1,17.599999999999998,40.7,77.5,69.8,27.999999999999993,47.38999999999998,62.07,21.0,12.75
2024-06-23,13.539999999999996,41.55,29.0,71.15,132.88,10.5,39.05,39.84000000000002,34.6,34.17999999999999,9.1,17.599999999999998,40.7,78.0,70.0,27.799999999999994,49.279999999999994,61.81000000000001,21.399999999999995,12.75
2024-06-24,13.440000000000001,41.55,29.0,71.82,132.18,10.400000000000002,39.54999999999998,39.65,34.949999999999996,34.0,9.6,18.9,40.7,77.90000000000002,70.0,27.899999999999995,48.46999999999998,61.81000000000001,21.599999999999998,12.700000000000005
2024-06-25,13.406666666666665,41.74999999999999,28.833333333333325,71.33999999999999,131.65000000000003,10.416666666666663,39.41666666666667,39.58333333333335,34.83333333333332,34.09,9.533333333333331,18.599999999999998,40.68333333333333,77.33333333333336,69.93333333333334,27.799999999999994,48.169999999999995,61.72000000000001,21.699999999999992,12.616666666666672
2024-06-26,13.373333333333333,41.950000000000024,28.66666666666667,70.86,131.12,10.433333333333334,39.283333333333324,39.51666666666669,34.71666666666667,34.17999999999999,9.466666666666663,18.299999999999997,40.666666666666636,76.76666666666671,69.86666666666667,27.699999999999992,47.87,61.63000000000001,21.8,12.533333333333335
2024-06-27,13.339999999999996,42.15,28.499999999999996,70.38,130.58999999999997,10.449999999999998,39.149999999999984,39.45,34.6,34.26999999999999,9.399999999999997,17.999999999999996,40.65,76.2,69.8,27.599999999999994,47.57,61.54000000000001,21.899999999999995,12.450000000000001
2024-06-28,13.440000000000001,45.100000000000016,28.700000000000003,70.48,131.59000000000006,10.5,39.199999999999996,39.45,34.849999999999994,34.09,9.499999999999998,17.999999999999996,40.7,76.80000000000001,69.8,27.399999999999988,47.29999999999998,61.2,21.749999999999996,12.1
2024-06-29,13.339999999999996,44.39999999999997,28.9,70.86,132.38000000000005,11.0,38.85000000000001,39.45,34.89999999999999,34.04999999999998,9.499999999999998,17.999999999999996,40.9,77.10000000000001,69.40000000000002,27.599999999999994,47.11999999999999,60.93999999999999,21.899999999999995,12.250000000000002
2024-06-30,13.240000000000002,44.199999999999996,29.199999999999992,70.48,132.78000000000003,10.849999999999998,38.75,39.45,34.999999999999986,34.26999999999999,9.6,17.999999999999996,40.9,76.90000000000003,69.10000000000002,27.299999999999994,48.199999999999996,61.2,21.45,12.15
2024-07-01,13.240000000000002,44.199999999999996,29.199999999999992,70.86,133.87,10.649999999999999,39.0,40.04000000000001,35.05,34.26999999999999,9.300000000000002,16.699999999999996,40.999999999999986,76.50000000000003,69.8,27.449999999999996,47.57,61.34,21.549999999999994,11.900000000000002
2024-07-02,13.160000000000004,44.15999999999999,29.060000000000002,70.93599999999998,133.51200000000006,10.570000000000004,39.03999999999999,39.96200000000002,35.099999999999994,34.325999999999986,9.26,16.88,41.2,76.26,69.66,27.299999999999994,47.605999999999995,61.246000000000016,21.71999999999999,11.83
2024-07-03,13.080000000000005,44.11999999999999,28.92,71.012,133.15399999999997,10.489999999999997,39.079999999999984,39.88400000000003,35.14999999999999,34.38199999999999,9.220000000000004,17.06,41.4,76.02000000000002,69.52000000000001,27.149999999999988,47.64199999999998,61.15199999999999,21.890000000000004,11.759999999999998
2024-07-04,13.000000000000005,44.079999999999984,28.779999999999998,71.088,132.79600000000005,10.410000000000002,39.11999999999999,39.806,35.199999999999996,34.43799999999999,9.18,17.240000000000002,41.6,75.78000000000002,69.38,26.99999999999998,47.67799999999999,61.05800000000001,22.060000000000002,11.690000000000001
2024-07-05,12.919999999999996,44.039999999999985,28.640000000000008,71.164,132.438,10.329999999999998,39.15999999999999,39.72800000000002,35.25,34.493999999999986,9.139999999999997,17.419999999999998,41.8,75.54,69.24000000000001,26.849999999999994,47.71399999999999,60.964,22.23,11.62
2024-07-06,12.840000000000003,44.0,28.499999999999996,71.24,132.08,10.25,39.199999999999996,39.65,35.29999999999999,34.54999999999999,9.1,17.599999999999998,42.0,75.30000000000001,69.10000000000002,26.700000000000003,47.749999999999986,60.86999999999999,22.4,11.550000000000004
2024-07-07,12.739999999999998,45.050000000000004,28.499999999999996,71.63,129.70000000000002,10.199999999999998,39.199999999999996,39.26000000000001,34.999999999999986,34.49999999999999,9.200000000000001,17.599999999999998,41.1,74.1,67.90000000000002,26.249999999999996,46.93999999999998,60.27000000000001,21.850000000000005,11.5
2024-07-08,12.840000000000003,44.64999999999999,28.700000000000003,72.3,131.19,10.25,39.30000000000001,39.75000000000001,35.499999999999986,34.359999999999985,8.999999999999998,18.9,41.1,76.00000000000003,67.99999999999999,26.599999999999998,46.66999999999999,60.34000000000001,21.599999999999998,11.199999999999998
2024-07-09,12.840000000000003,44.33333333333334,28.700000000000003,72.10666666666667,130.92333333333332,10.300000000000002,39.11666666666668,39.813333333333354,35.483333333333334,34.29999999999999,8.999999999999998,18.9,41.1,75.80000000000001,67.83333333333334,26.66666666666666,46.429999999999986,60.34000000000001,21.63333333333333,11.316666666666668
2024-07-10,12.840000000000003,44.01666666666665,28.700000000000003,71.91333333333333,130.6566666666667,10.349999999999996,38.93333333333333,39.87666666666668,35.46666666666666,34.239999999999995,8.999999999999998,18.9,41.1,75.60000000000001,67.66666666666669,26.733333333333338,46.19000000000001,60.34000000000001,21.66666666666666,11.433333333333334
2024-07-11,12.840000000000003,43.699999999999996,28.700000000000003,71.72,130.39000000000007,10.400000000000002,38.75,39.940000000000005,35.44999999999999,34.17999999999999,8.999999999999998,18.9,41.1,75.4,67.5,26.799999999999997,45.95000000000001,60.34000000000001,21.699999999999992,11.550000000000004
2024-07-12,12.739999999999998,42.99999999999999,28.499999999999996,71.82,129.1,10.649999999999999,37.89999999999999,39.940000000000005,34.949999999999996,33.90999999999999,8.899999999999999,18.9,40.9,75.2,67.8,26.649999999999995,44.60000000000001,59.53,20.899999999999995,11.45
2024-07-13,12.739999999999998,42.99999999999999,28.199999999999996,71.53,129.70000000000002,10.6,38.2,39.75000000000001,34.949999999999996,33.90999999999999,8.899999999999999,18.9,40.9,75.1,67.8,26.399999999999995,45.320000000000014,59.13000000000002,21.150000000000002,11.749999999999996
2024-07-14,12.840000000000003,42.899999999999984,28.100000000000016,71.63,131.38999999999996,10.449999999999998,38.050000000000004,39.940000000000005,34.999999999999986,33.77,8.999999999999998,18.9,40.9,75.1,67.5,26.399999999999995,45.76999999999999,59.87000000000001,21.150000000000002,11.600000000000001
2024-07-15,12.739999999999998,42.899999999999984,28.100000000000016,69.89999999999999,132.08,10.449999999999998,38.399999999999984,39.65,34.89999999999999,33.85999999999999,9.1,18.9,41.75000000000001,74.20000000000002,67.2,25.99999999999999,46.03999999999999,60.13000000000002,21.500000000000004,11.7
2024-07-16,12.706666666666672,42.616666666666674,27.899999999999995,69.57999999999998,131.45333333333338,10.416666666666663,38.28333333333333,39.520000000000024,34.816666666666656,33.98333333333333,9.033333333333333,18.9,41.5,73.76666666666667,66.83333333333333,25.799999999999997,45.826666666666654,59.906666666666666,21.233333333333324,11.666666666666666
2024-07-17,12.67333333333333,42.33333333333332,27.700000000000003,69.25999999999999,130.82666666666668,10.38333333333333,38.16666666666666,39.38999999999999,34.73333333333334,34.10666666666665,8.966666666666665,18.9,41.250000000000014,73.33333333333334,66.46666666666667,25.59999999999999,45.61333333333331,59.68333333333334,20.96666666666667,11.633333333333335
2024-07-18,12.639999999999999,42.05,27.500000000000014,68.94,130.2,10.349999999999996,38.050000000000004,39.26000000000001,34.64999999999999,34.22999999999999,8.899999999999999,18.9,40.999999999999986,72.89999999999999,66.1,25.4,45.4,59.46000000000001,20.700000000000003,11.600000000000001
2024-07-19,12.739999999999998,42.899999999999984,28.000000000000014,70.38,131.98,10.449999999999998,39.45000000000002,39.26000000000001,34.949999999999996,34.819999999999986,9.1,17.899999999999995,41.849999999999994,74.49999999999999,66.8,25.4,45.860000000000014,60.53999999999999,21.749999999999996,11.600000000000001
2024-07-20,12.639999999999999,42.65,28.199999999999996,70.27999999999999,133.67000000000002,10.550000000000002,39.800000000000004,39.45,35.7,34.54999999999999,8.999999999999998,17.899999999999995,41.949999999999996,74.40000000000003,68.2,25.59999999999999,47.29999999999998,60.86999999999999,21.749999999999996,12.000000000000005
2024-07-21,12.639999999999999,42.899999999999984,28.299999999999997,70.27999999999999,134.27000000000004,10.550000000000002,39.7,39.65,35.99999999999999,34.54999999999999,9.1,17.299999999999997,42.14999999999999,74.40000000000003,68.2,25.749999999999996,47.03,61.2,22.4,12.000000000000005
2024-07-22,13.039999999999997,42.300000000000004,29.899999999999995,69.71,134.37,10.699999999999998,39.499999999999986,40.83000000000001,35.99999999999999,34.40999999999998,9.200000000000001,17.299999999999997,41.6,74.69999999999999,67.99999999999999,27.04999999999998,46.93999999999998,60.59999999999999,22.199999999999992,12.050000000000002
2024-07-23,13.006666666666666,42.31666666666667,29.833333333333318,69.77333333333333,133.9366666666667,10.6,39.58333333333335,40.73000000000001,35.966666666666654,34.42666666666665,9.166666666666668,17.299999999999997,41.66666666666664,74.60000000000001,67.76666666666667,26.98333333333333,46.64,60.66666666666664,22.199999999999992,12.066666666666666
2024-07-24,12.973333333333334,42.33333333333332,29.766666666666666,69.83666666666666,133.50333333333333,10.5,39.66666666666664,40.630000000000024,35.93333333333333,34.44333333333332,9.133333333333335,17.299999999999997,41.733333333333334,74.49999999999999,67.53333333333333,26.91666666666666,46.33999999999999,60.73333333333332,22.199999999999992,12.083333333333334
2024-07-25,12.940000000000008,42.349999999999994,29.69999999999999,69.89999999999999,133.07000000000005,10.400000000000002,39.75000000000001,40.53000000000001,35.899999999999984,34.46,9.1,17.299999999999997,41.8,74.40000000000003,67.3,26.849999999999994,46.03999999999999,60.79999999999999,22.199999999999992,12.1
2024-07-26,13.139999999999997,42.54999999999999,30.000000000000014,69.75,133.57000000000005,10.5,40.35000000000001,40.83000000000001,36.04999999999999,34.999999999999986,9.1,18.699999999999996,41.9,74.80000000000004,68.1,27.549999999999986,46.66999999999999,60.99999999999999,22.549999999999997,12.1
2024-07-27,13.139999999999997,42.6,29.899999999999995,69.05999999999999,133.87,10.649999999999999,40.55,40.83000000000001,35.99999999999999,35.64000000000001,9.300000000000002,18.699999999999996,42.399999999999984,75.50000000000001,68.7,27.599999999999994,46.399999999999984,62.07,23.150000000000006,12.000000000000005
2024-07-28,13.039999999999997,42.6,29.8,70.15,133.37,10.649999999999999,40.1,40.430000000000014,36.4,35.77,9.399999999999997,18.699999999999996,42.05,76.10000000000001,68.30000000000001,27.699999999999992,46.399999999999984,61.87000000000001,22.800000000000004,11.900000000000002
2024-07-29,12.940000000000008,42.49999999999999,29.499999999999993,70.45,133.27000000000004,10.649999999999999,40.300000000000004,39.940000000000005,36.999999999999986,35.40999999999998,9.300000000000002,18.699999999999996,41.75000000000001,75.9,67.5,27.249999999999993,45.95000000000001,61.87000000000001,22.800000000000004,12.000000000000005
2024-07-30,12.940000000000008,42.33333333333332,29.499999999999993,70.15,133.37,10.716666666666663,40.43333333333333,39.90666666666669,36.98333333333333,35.39333333333333,9.26666666666667,18.33333333333333,41.68333333333332,75.83333333333333,67.7,27.399999999999988,45.889999999999986,61.76000000000002,22.699999999999996,12.000000000000005
2024-07-31,12.940000000000008,42.16666666666665,29.499999999999993,69.84999999999998,133.47,10.783333333333333,40.56666666666668,39.87333333333335,36.966666666666654,35.37666666666666,9.233333333333336,17.966666666666665,41.616666666666674,75.76666666666668,67.89999999999999,27.549999999999986,45.830000000000005,61.65000000000001,22.6,12.000000000000005
2024-08-01,12.940000000000008,42.0,29.499999999999993,69.55,133.57000000000005,10.849999999999998,40.70000000000001,39.84000000000002,36.949999999999996,35.359999999999985,9.200000000000001,17.599999999999998,41.54999999999999,75.7,68.1,27.699999999999992,45.76999999999999,61.54000000000001,22.500000000000004,12.000000000000005
2024-08-02,13.000000000000005,42.300000000000004,29.8,69.55,134.96000000000006,11.15,40.8,39.65,36.5,35.73,9.300000000000002,17.599999999999998,41.6,76.60000000000001,67.8,27.399999999999988,46.759999999999984,61.54000000000001,22.45,12.000000000000005
2024-08-03,13.299999999999999,42.05,29.899999999999995,69.55,134.47,10.899999999999999,40.70000000000001,40.04000000000001,35.99999999999999,35.08999999999999,9.1,17.999999999999996,40.999999999999986,76.00000000000003,67.40000000000003,27.549999999999986,46.03999999999999,62.010000000000005,21.199999999999992,12.000000000000005
2024-08-04,13.200000000000005,41.35000000000001,29.6,69.75,133.07000000000005,10.550000000000002,40.05,40.04000000000001,36.19999999999999,34.0,9.300000000000002,17.999999999999996,40.2,76.00000000000003,66.30000000000001,27.249999999999993,45.4,61.94,20.599999999999994,12.000000000000005
2024-08-05,13.200000000000005,40.99999999999999,30.400000000000002,67.97,133.18,11.2,39.9,40.73000000000001,35.59999999999999,34.04999999999998,9.1,16.799999999999997,39.900000000000006,75.60000000000001,66.40000000000002,27.699999999999992,45.22,61.74,20.799999999999997,12.050000000000002
2024-08-06,13.266666666666664,40.949999999999996,30.63333333333333,67.50666666666666,133.18,11.100000000000001,40.13333333333333,40.893333333333345,35.66666666666665,34.14,9.133333333333335,16.83333333333333,40.03333333333334,75.33333333333333,66.36666666666667,27.78333333333333,45.22,61.67333333333333,20.883333333333333,12.083333333333334
2024-08-07,13.33333333333333,40.900000000000006,30.86666666666667,67.04333333333334,133.18,11.0,40.36666666666667,41.056666666666686,35.73333333333333,34.22999999999999,9.166666666666668,16.866666666666664,40.16666666666666,75.06666666666669,66.33333333333333,27.866666666666667,45.22,61.60666666666666,20.96666666666667,12.116666666666667
2024-08-08,13.399999999999999,40.85000000000001,31.099999999999998,66.58,133.18,10.899999999999999,40.6,41.22000000000001,35.8,34.319999999999986,9.200000000000001,16.899999999999995,40.300000000000004,74.80000000000004,66.30000000000001,27.949999999999985,45.22,61.54000000000001,21.050000000000004,12.15
2024-08-09,13.299999999999999,40.900000000000006,30.699999999999992,67.67,132.88,10.899999999999999,39.85,41.02000000000002,35.74999999999999,34.09,9.1,17.799999999999997,40.10000000000001,75.2,65.20000000000003,28.049999999999986,44.77999999999999,61.2,21.050000000000004,12.200000000000001
2024-08-10,13.100000000000005,41.599999999999994,30.400000000000002,67.26999999999998,134.47,11.050000000000002,40.199999999999996,40.53000000000001,36.099999999999994,34.26999999999999,9.1,17.799999999999997,40.50000000000001,77.0,64.2,27.699999999999992,45.95000000000001,60.86999999999999,21.150000000000002,12.550000000000002
2024-08-11,13.000000000000005,41.4,30.60000000000001,67.17,140.72,11.0,39.99999999999999,40.34000000000003,36.14999999999999,34.09,8.999999999999998,17.799999999999997,40.15000000000001,80.0,65.00000000000001,27.349999999999987,48.199999999999996,61.47,20.799999999999997,12.600000000000003
2024-08-12,13.000000000000005,41.800000000000004,30.699999999999992,67.17,138.64000000000001,11.0,40.300000000000004,40.14000000000001,36.24999999999999,34.09,9.1,17.599999999999998,40.250000000000014,81.1,64.5,27.549999999999986,47.749999999999986,61.2,21.249999999999996,13.350000000000001
2024-08-13,13.000000000000005,41.91666666666664,30.666666666666657,67.00666666666667,137.97666666666666,11.0,40.4,39.97666666666669,36.18333333333332,34.04666666666666,9.066666666666666,17.599999999999998,40.06666666666667,80.8333333333333,64.2,27.399999999999988,47.78,61.18000000000001,21.13333333333333,13.400000000000002
2024-08-14,13.000000000000005,42.033333333333324,30.63333333333333,66.84333333333332,137.3133333333333,11.0,40.5,39.813333333333354,36.11666666666665,34.00333333333332,9.033333333333333,17.599999999999998,39.88333333333333,80.56666666666666,63.89999999999999,27.249999999999993,47.81,61.16,21.016666666666662,13.45
2024-08-15,13.000000000000005,42.15,30.60000000000001,66.68,136.64999999999995,11.0,40.6,39.65,36.04999999999999,33.96,8.999999999999998,17.599999999999998,39.70000000000001,80.29999999999997,63.59999999999999,27.099999999999994,47.839999999999996,61.140000000000015,20.899999999999995,13.500000000000002
2024-08-16,12.699999999999998,41.649999999999984,29.4,66.28,136.06000000000003,11.0,40.150000000000006,38.67000000000001,36.14999999999999,33.49999999999999,8.999999999999998,17.899999999999995,39.00000000000001,80.8,64.40000000000002,26.599999999999998,46.849999999999994,61.140000000000015,20.099999999999994,13.2
2024-08-17,12.699999999999998,41.50000000000001,28.700000000000003,66.97,135.36,10.800000000000002,39.800000000000004,38.37,36.3,33.09,8.999999999999998,17.899999999999995,38.199999999999996,80.39999999999999,65.50000000000003,26.299999999999997,46.849999999999994,61.2,19.700000000000003,13.150000000000002
2024-08-18,12.8,41.55,28.9,67.07,136.06000000000003,10.800000000000002,39.99999999999999,38.76000000000001,36.54999999999998,33.35,9.1,17.899999999999995,38.89999999999999,80.99999999999997,65.8,26.549999999999983,47.47999999999999,61.67,21.050000000000004,13.150000000000002
2024-08-19,12.699999999999998,41.800000000000004,28.59999999999999,66.86999999999999,136.06000000000003,10.6,39.800000000000004,38.28000000000002,36.24999999999999,32.8,9.1,16.999999999999996,38.89999999999999,80.39999999999999,65.70000000000002,26.249999999999996,46.93999999999998,61.81000000000001,20.899999999999995,13.150000000000002
2024-08-20,12.633333333333335,41.950000000000024,28.366666666666674,66.84,135.56,10.6,39.333333333333336,38.14666666666668,35.99999999999999,32.69999999999999,9.066666666666666,17.266666666666662,38.666666666666664,80.33333333333334,65.73333333333333,26.09999999999999,47.33,61.72000000000001,20.799999999999997,13.2
2024-08-21,12.566666666666666,42.10000000000001,28.133333333333336,66.81,135.06,10.6,38.86666666666666,38.01333333333336,35.74999999999999,32.599999999999994,9.033333333333333,17.53333333333333,38.43333333333335,80.26666666666667,65.76666666666668,25.95,47.72000000000002,61.63000000000001,20.700000000000003,13.250000000000004
2024-08-22,12.500000000000002,42.249999999999986,27.899999999999995,66.78,134.56000000000006,10.6,38.399999999999984,37.88000000000002,35.499999999999986,32.5,8.999999999999998,17.799999999999997,38.199999999999996,80.19999999999999,65.8,25.799999999999997,48.11,61.54000000000001,20.599999999999994,13.3
2024-08-23,12.500000000000002,42.199999999999996,27.500000000000014,66.78,132.18,10.5,37.45000000000002,37.290000000000006,34.999999999999986,32.69999999999999,8.999999999999998,16.299999999999997,38.149999999999984,78.90000000000002,66.30000000000001,25.59999999999999,46.580000000000005,61.140000000000015,20.899999999999995,13.6
2024-08-24,12.599999999999993,43.2,27.700000000000003,66.78,133.27000000000004,10.699999999999998,37.95000000000002,37.59,35.05,33.3,8.899999999999999,17.399999999999995,39.30000000000001,79.39999999999999,65.70000000000002,25.850000000000005,46.30999999999999,61.2,21.599999999999998,13.65
2024-08-25,12.500000000000002,42.05,27.3,67.87,133.37,10.550000000000002,36.84999999999999,37.49000000000001,34.849999999999994,33.64999999999998,8.800000000000004,16.499999999999996,38.89999999999999,78.5,65.40000000000002,25.9,45.59,61.34,21.34999999999999,13.750000000000002
2024-08-26,12.400000000000002,41.55,27.3,67.47,133.07000000000005,10.150000000000002,36.84999999999999,37.10000000000001,34.6,33.15,8.899999999999999,16.199999999999996,38.75,77.2,65.50000000000003,25.65,45.68000000000001,61.400000000000006,21.650000000000002,13.9
2024-08-27,12.400000000000002,41.51666666666666,27.433333333333334,67.20666666666666,133.37,10.150000000000002,37.03333333333334,37.13333333333335,34.63333333333334,33.26666666666666,8.899999999999999,16.599999999999998,38.866666666666674,77.43333333333332,65.50000000000003,25.699999999999992,45.860000000000014,61.446666666666665,21.63333333333333,13.849999999999996
2024-08-28,12.400000000000002,41.48333333333331,27.566666666666674,66.94333333333334,133.67000000000002,10.150000000000002,37.21666666666666,37.16666666666668,34.66666666666667,33.38333333333332,8.899999999999999,16.999999999999996,38.983333333333334,77.66666666666667,65.50000000000003,25.749999999999996,46.03999999999999,61.493333333333325,21.61666666666667,13.800000000000002
2024-08-29,12.400000000000002,41.45000000000001,27.700000000000003,66.68,133.97,10.150000000000002,37.4,37.2,34.70000000000001,33.49999999999999,8.899999999999999,17.399999999999995,39.099999999999994,77.90000000000002,65.50000000000003,25.799999999999997,46.21999999999999,61.54000000000001,21.599999999999998,13.750000000000002
2024-08-30,12.400000000000002,41.35000000000001,28.299999999999997,66.48,134.47,10.199999999999998,37.45000000000002,37.2,34.949999999999996,33.49999999999999,8.800000000000004,17.399999999999995,39.099999999999994,78.0,66.5,25.749999999999996,47.57,61.54000000000001,21.150000000000002,13.9
2024-08-31,12.2,40.99999999999999,28.100000000000016,65.78,134.96000000000006,10.349999999999996,37.2,37.10000000000001,34.75,33.49999999999999,8.899999999999999,15.999999999999996,39.400000000000006,78.09999999999998,66.00000000000001,25.59999999999999,47.47999999999999,61.34,21.249999999999996,13.750000000000002
2024-09-01,12.2,41.55,27.899999999999995,65.58,134.96000000000006,10.349999999999996,37.6,37.10000000000001,35.7,33.49999999999999,8.899999999999999,16.799999999999997,39.849999999999994,76.60000000000001,66.5,25.65,46.759999999999984,62.61000000000001,21.050000000000004,13.750000000000002
2024-09-02,12.0,41.2,27.599999999999994,65.28999999999999,133.67000000000002,10.25,37.2,37.390000000000015,35.59999999999999,33.15,8.800000000000004,17.899999999999995,40.7,74.49999999999999,66.00000000000001,25.749999999999996,45.59,62.54,20.899999999999995,13.9
2024-09-03,11.933333333333332,41.2,27.599999999999994,65.22333333333334,133.07333333333335,10.266666666666664,37.333333333333336,37.32666666666667,35.63333333333333,33.099999999999994,8.766666666666671,17.899999999999995,40.300000000000004,74.06666666666666,65.70000000000002,25.566666666666663,45.79999999999999,62.31666666666667,20.916666666666664,13.700000000000001
2024-09-04,11.866666666666664,41.2,27.599999999999994,65.15666666666667,132.47666666666666,10.28333333333333,37.46666666666668,37.26333333333335,35.66666666666667,33.04999999999999,8.733333333333336,17.899999999999995,39.900000000000006,73.63333333333334,65.39999999999999,25.383333333333333,46.010000000000005,62.09333333333333,20.933333333333337,13.500000000000002
2024-09-05,11.8,41.2,27.599999999999994,65.09,131.88000000000002,10.300000000000002,37.6,37.2,35.7,32.999999999999986,8.700000000000003,17.899999999999995,39.50000000000001,73.20000000000005,65.10000000000001,25.2,46.21999999999999,61.87000000000001,20.949999999999996,13.3
2024-09-06,11.700000000000001,41.29999999999999,27.899999999999995,64.99,131.68000000000006,10.349999999999996,37.35,37.0,35.05,32.94999999999999,8.700000000000003,17.899999999999995,39.45,73.1,65.60000000000001,25.15,45.50000000000001,61.94,21.150000000000002,13.550000000000006
2024-09-07,11.8,41.800000000000004,28.100000000000016,65.28999999999999,133.67000000000002,10.449999999999998,38.14999999999999,37.390000000000015,35.899999999999984,33.399999999999984,8.800000000000004,17.899999999999995,39.900000000000006,74.20000000000002,65.60000000000001,25.350000000000005,46.12999999999999,62.14000000000001,21.3,13.45
2024-09-08,11.8,41.7,28.400000000000002,65.39,134.17,10.400000000000002,37.85,37.390000000000015,35.59999999999999,33.599999999999994,8.800000000000004,17.899999999999995,39.95,73.3,65.40000000000002,25.499999999999993,47.749999999999986,62.34,21.699999999999992,13.800000000000002
2024-09-09,11.899999999999995,41.04999999999998,28.000000000000014,65.19,134.85999999999999,10.349999999999996,37.749999999999986,37.59,34.999999999999986,33.54999999999999,8.800000000000004,17.69999999999999,39.60000000000001,72.30000000000003,65.00000000000001,25.499999999999993,48.379999999999995,61.67,21.34999999999999,14.099999999999996
2024-09-10,11.833333333333327,40.96666666666665,27.93333333333334,65.02333333333333,135.69,10.400000000000002,37.56666666666668,37.49000000000001,34.98333333333332,33.533333333333324,8.733333333333336,17.69999999999999,39.583333333333336,72.69999999999999,64.33333333333334,25.45,49.49,61.62666666666668,21.183333333333334,14.23333333333333
2024-09-11,11.766666666666664,40.88333333333333,27.866666666666674,64.85666666666667,136.52000000000007,10.449999999999998,37.383333333333326,37.390000000000015,34.96666666666666,33.516666666666666,8.66666666666667,17.69999999999999,39.56666666666667,73.1,63.66666666666666,25.4,50.6,61.58333333333335,21.016666666666673,14.366666666666665
2024-09-12,11.700000000000001,40.8,27.8,64.69,137.35,10.5,37.2,37.290000000000006,34.949999999999996,33.49999999999999,8.600000000000001,17.69999999999999,39.54999999999998,73.50000000000001,62.999999999999964,25.350000000000005,51.71,61.54000000000001,20.85,14.5
2024-09-13,11.500000000000002,40.54999999999999,27.599999999999994,64.38999999999999,135.86000000000004,11.2,37.2,37.0,34.49999999999999,33.44999999999999,8.600000000000001,17.69999999999999,39.45,72.5,60.8,24.199999999999996,52.610000000000014,61.47,20.700000000000003,14.3
2024-09-14,11.2,40.6,27.3,64.49,136.85000000000005,11.300000000000002,36.79999999999999,36.500000000000014,34.35,33.49999999999999,8.700000000000003,17.69999999999999,39.400000000000006,73.00000000000001,61.9,23.799999999999994,52.96999999999999,61.87000000000001,21.099999999999998,13.700000000000001
2024-09-15,10.8,40.69999999999999,27.1,64.49,135.06,11.749999999999998,35.69999999999999,34.99999999999999,33.599999999999994,33.35,8.5,17.399999999999995,38.60000000000001,71.40000000000002,61.29999999999999,23.19999999999999,51.35,61.54000000000001,20.5,13.800000000000002
2024-09-16,10.300000000000002,40.54999999999999,26.39999999999999,63.199999999999996,132.98000000000005,11.799999999999999,34.04999999999999,34.0,33.099999999999994,32.649999999999984,8.399999999999999,15.799999999999999,37.75,70.59999999999998,59.899999999999984,23.19999999999999,52.160000000000004,61.34,19.949999999999996,12.950000000000003
2024-09-17,10.266666666666666,40.5,26.433333333333337,63.03666666666667,133.01,11.66666666666667,34.499999999999986,33.966666666666676,33.16666666666664,32.633333333333326,8.433333333333334,16.03333333333333,37.5,70.5,59.566666666666656,23.26666666666666,52.10000000000001,61.18333333333333,20.050000000000004,12.900000000000006
2024-09-18,10.233333333333334,40.45,26.466666666666658,62.873333333333335,133.04000000000005,11.53333333333333,34.949999999999996,33.93333333333334,33.23333333333333,32.61666666666666,8.466666666666667,16.266666666666662,37.25000000000001,70.39999999999998,59.23333333333332,23.333333333333325,52.04,61.02666666666664,20.15,12.850000000000005
2024-09-19,10.200000000000003,40.39999999999999,26.499999999999993,62.71,133.07000000000005,11.400000000000004,35.4,33.9,33.299999999999976,32.599999999999994,8.5,16.499999999999996,37.000000000000014,70.3,58.89999999999999,23.400000000000002,51.980000000000004,60.86999999999999,20.249999999999993,12.800000000000004
2024-09-20,10.200000000000003,40.349999999999994,26.39999999999999,62.51,129.1,11.400000000000004,34.449999999999996,33.4,33.349999999999994,31.999999999999993,8.5,15.699999999999996,37.000000000000014,70.00000000000003,57.499999999999986,23.100000000000005,48.379999999999995,60.2,20.099999999999994,12.800000000000004
2024-09-21,10.300000000000002,40.349999999999994,26.699999999999992,63.1,131.48999999999998,11.649999999999997,34.949999999999996,33.1,33.99999999999999,32.54999999999999,8.600000000000001,15.799999999999999,37.8,70.3,56.79999999999998,23.19999999999999,48.46999999999998,60.4,20.899999999999995,12.800000000000004
2024-09-22,10.500000000000002,40.349999999999994,26.9,63.399999999999984,132.08,11.649999999999997,35.15,33.60000000000001,34.999999999999986,32.8,8.5,16.999999999999996,37.89999999999999,71.30000000000003,58.7,23.599999999999994,48.65,60.53999999999999,21.050000000000004,12.800000000000004
2024-09-23,10.400000000000002,40.45,26.8,63.800000000000004,132.98000000000005,11.7,34.8,33.3,34.999999999999986,32.599999999999994,8.600000000000001,16.999999999999996,37.550000000000004,71.0,59.0,23.550000000000004,48.02,60.59999999999999,20.749999999999993,12.800000000000004
2024-09-24,10.400000000000002,40.633333333333326,26.9,63.800000000000004,132.98000000000005,11.83333333333333,34.81666666666667,33.60000000000001,35.033333333333324,32.66666666666665,8.66666666666667,17.16666666666666,37.66666666666666,71.40000000000002,59.0,23.666666666666668,47.87,60.75666666666665,20.81666666666666,12.75
2024-09-25,10.400000000000002,40.81666666666667,27.0,63.800000000000004,132.98000000000005,11.966666666666665,34.83333333333333,33.9,35.066666666666656,32.73333333333333,8.733333333333336,17.33333333333333,37.78333333333333,71.8,59.0,23.78333333333334,47.72000000000002,60.91333333333333,20.883333333333333,12.700000000000005
2024-09-26,10.400000000000002,40.99999999999999,27.1,63.800000000000004,132.98000000000005,12.099999999999998,34.85,34.2,35.099999999999994,32.8,8.800000000000004,17.499999999999996,37.89999999999999,72.20000000000002,59.0,23.899999999999995,47.57,61.070000000000014,20.949999999999996,12.650000000000004
2024-09-27,10.500000000000002,41.04999999999998,27.1,64.29999999999998,134.27000000000004,12.15,35.3,33.9,35.29999999999999,33.199999999999996,8.999999999999998,17.499999999999996,38.50000000000001,72.69999999999999,60.0,23.849999999999994,48.02,61.81000000000001,21.3,12.800000000000004
2024-09-28,10.300000000000002,40.75000000000001,26.9,64.09999999999998,137.93999999999997,11.749999999999998,35.20000000000001,34.0,35.14999999999999,33.15,8.999999999999998,17.499999999999996,37.89999999999999,72.69999999999999,60.19999999999999,23.500000000000004,48.65,62.010000000000005,21.3,13.0
2024-09-29,10.400000000000002,40.69999999999999,27.0,64.0,138.44000000000003,11.95,35.25000000000001,33.9,35.4,33.04999999999999,8.999999999999998,17.499999999999996,38.29999999999999,72.40000000000002,60.0,23.599999999999994,49.00999999999999,61.94,21.150000000000002,13.0
2024-09-30,10.400000000000002,40.5,27.200000000000006,64.09999999999998,143.3,11.95,35.1,34.400000000000006,35.74999999999999,33.15,8.999999999999998,17.499999999999996,38.45,73.20000000000005,60.50000000000001,23.699999999999996,51.170000000000016,62.40999999999999,21.199999999999992,13.2
2024-10-01,10.400000000000002,40.45,27.166666666666668,64.06666666666666,142.9333333333334,11.849999999999998,35.11666666666667,34.366666666666674,35.78333333333333,33.04999999999999,8.933333333333332,17.266666666666662,38.28333333333334,73.00000000000001,60.466666666666654,23.650000000000002,51.02,62.61000000000001,21.083333333333325,13.150000000000002
2024-10-02,10.400000000000002,40.39999999999999,27.13333333333333,64.03333333333333,142.56666666666666,11.749999999999998,35.13333333333335,34.33333333333333,35.816666666666656,32.94999999999999,8.866666666666672,17.03333333333333,38.11666666666667,72.8,60.4333333333333,23.599999999999994,50.87,62.81000000000001,20.96666666666667,13.100000000000005
2024-10-03,10.400000000000002,40.349999999999994,27.1,64.0,142.20000000000005,11.649999999999997,35.15,34.300000000000004,35.85,32.84999999999999,8.800000000000004,16.799999999999997,37.95,72.60000000000002,60.39999999999997,23.550000000000004,50.71999999999999,63.00999999999999,20.85,13.05
2024-10-04,10.300000000000002,40.39999999999999,27.200000000000006,63.399999999999984,145.0,11.799999999999999,34.8,33.800000000000004,35.899999999999984,32.89999999999999,8.800000000000004,16.799999999999997,37.650000000000006,72.69999999999999,59.79999999999996,23.24999999999999,52.52,62.21,20.700000000000003,13.05
2024-10-05,10.100000000000003,40.0,27.0,62.81,143.49999999999997,11.400000000000004,33.999999999999986,33.60000000000001,35.29999999999999,32.84999999999999,8.700000000000003,16.699999999999996,36.90000000000001,72.1,58.09999999999998,23.149999999999988,50.9,62.54,20.39999999999999,12.850000000000005
2024-10-06,10.500000000000002,40.85000000000001,27.400000000000002,63.800000000000004,148.5,11.7,36.35000000000001,34.10000000000001,36.4,33.3,8.899999999999999,16.899999999999995,38.29999999999999,73.70000000000002,60.99999999999997,23.799999999999994,51.35,62.88000000000001,21.8,13.100000000000005
2024-10-07,10.400000000000002,41.85,27.400000000000002,63.599999999999994,149.5,11.899999999999997,36.20000000000001,33.9,36.24999999999999,33.79999999999999,8.899999999999999,16.799999999999997,38.29999999999999,73.40000000000002,61.09999999999997,24.0,52.160000000000004,63.00999999999999,22.000000000000004,13.3
2024-10-08,10.433333333333334,41.85,27.566666666666674,63.599999999999994,148.66666666666666,12.13333333333333,36.23333333333333,34.03333333333333,36.316666666666656,34.0,8.899999999999999,17.03333333333333,38.34999999999999,73.33333333333334,61.09999999999997,24.03333333333333,51.80000000000001,63.25666666666667,22.066666666666666,13.266666666666666
2024-10-09,10.46666666666667,41.85,27.73333333333333,63.599999999999994,147.83333333333337,12.366666666666664,36.26666666666666,34.16666666666667,36.383333333333326,34.2,8.899999999999999,17.266666666666662,38.400000000000006,73.2666666666667,61.09999999999997,24.066666666666652,51.43999999999998,63.50333333333334,22.13333333333333,13.233333333333333
2024-10-10,10.500000000000002,41.85,27.899999999999995,63.599999999999994,147.00000000000009,12.6,36.3,34.300000000000004,36.449999999999996,34.4,8.899999999999999,17.499999999999996,38.45,73.20000000000005,61.09999999999997,24.1,51.080000000000005,63.75000000000001,22.199999999999992,13.2
2024-10-11,10.500000000000002,41.2,27.899999999999995,63.399999999999984,149.5,12.45,36.05000000000002,34.300000000000004,36.349999999999994,34.49999999999999,8.899999999999999,15.9,38.199999999999996,72.69999999999999,60.8,23.899999999999995,50.989999999999995,63.20999999999999,22.000000000000004,13.05
2024-10-12,10.500000000000002,41.29999999999999,27.8,63.69999999999999,150.50000000000006,12.499999999999995,36.35000000000001,34.2,36.349999999999994,34.49999999999999,8.700000000000003,15.9,38.099999999999994,72.69999999999999,60.0,23.749999999999993,51.35,62.40999999999999,21.850000000000005,13.250000000000004
2024-10-13,10.500000000000002,40.900000000000006,27.8,64.09999999999998,150.2,12.399999999999999,36.099999999999994,34.0,36.3,34.54999999999999,8.800000000000004,14.799999999999992,37.85,72.1,60.0,23.950000000000003,50.18000000000001,62.54,21.650000000000002,13.250000000000004
2024-10-14,10.400000000000002,40.8,27.8,63.69999999999999,149.5,12.399999999999999,36.0,33.800000000000004,36.349999999999994,34.45,8.700000000000003,16.099999999999994,37.5,71.1,60.99999999999997,23.599999999999994,48.830000000000005,62.28000000000001,21.500000000000004,13.05
2024-10-15,10.400000000000002,40.76666666666667,27.866666666666674,63.96333333333332,149.63333333333335,12.433333333333332,36.05000000000002,33.733333333333334,36.316666666666656,34.49999999999999,8.700000000000003,16.099999999999994,37.5,71.1,60.99999999999997,23.699999999999996,49.279999999999994,62.28000000000001,21.500000000000004,12.950000000000003
2024-10-16,10.400000000000002,40.733333333333334,27.93333333333334,64.22666666666666,149.76666666666677,12.466666666666669,36.099999999999994,33.666666666666664,36.28333333333333,34.54999999999999,8.700000000000003,16.099999999999994,37.5,71.1,60.99999999999997,23.799999999999994,49.72999999999999,62.28000000000001,21.500000000000004,12.850000000000005
2024-10-17,10.400000000000002,40.69999999999999,28.000000000000014,64.49,149.90000000000003,12.499999999999995,36.14999999999999,33.60000000000001,36.24999999999999,34.599999999999994,8.700000000000003,16.099999999999994,37.5,71.1,60.99999999999997,23.899999999999995,50.18000000000001,62.28000000000001,21.500000000000004,12.75
2024-10-18,10.300000000000002,40.54999999999999,27.500000000000014,64.09999999999998,148.0,12.45,36.0,33.1,36.24999999999999,34.999999999999986,8.600000000000001,16.099999999999994,37.199999999999996,71.0,60.29999999999998,23.450000000000003,49.54999999999998,62.21,21.3,12.800000000000004
2024-10-19,10.999999999999995,40.6,30.199999999999996,64.19,148.7,12.399999999999999,36.05000000000002,34.10000000000001,36.24999999999999,34.999999999999986,8.700000000000003,15.799999999999999,37.30000000000001,71.40000000000002,60.19999999999999,24.149999999999995,50.089999999999996,62.28000000000001,21.599999999999998,13.100000000000005
2024-10-20,11.099999999999994,40.300000000000004,31.099999999999998,63.399999999999984,148.10000000000005,12.35,35.55,34.7,36.19999999999999,35.60000000000001,8.700000000000003,15.799999999999999,36.4,70.4,59.79999999999996,24.199999999999996,50.9,61.81000000000001,21.050000000000004,13.100000000000005
2024-10-21,10.8,40.5,31.000000000000004,64.49,149.5,12.249999999999998,35.4,34.2,36.14999999999999,35.850000000000016,8.600000000000001,15.799999999999999,36.35,70.3,60.59999999999999,23.899999999999995,50.9,61.87000000000001,21.0,13.700000000000001
2024-10-22,10.733333333333336,40.53333333333332,31.2,64.29333333333331,149.60000000000002,12.45,35.4,34.13333333333335,36.18333333333332,35.86666666666667,8.633333333333335,15.733333333333333,36.31666666666668,70.3,60.73333333333333,23.83333333333332,50.69000000000001,61.85000000000001,20.933333333333337,13.633333333333335
2024-10-23,10.666666666666664,40.56666666666666,31.4,64.09666666666666,149.70000000000005,12.649999999999999,35.4,34.06666666666668,36.21666666666666,35.88333333333333,8.66666666666667,15.666666666666666,36.283333333333346,70.3,60.86666666666665,23.766666666666666,50.47999999999999,61.82999999999999,20.866666666666664,13.56666666666667
2024-10-24,10.600000000000001,40.6,31.600000000000016,63.89999999999999,149.80000000000007,12.85,35.4,34.0,36.24999999999999,35.900000000000006,8.700000000000003,15.599999999999994,36.25000000000001,70.3,60.99999999999997,23.699999999999996,50.27,61.81000000000001,20.799999999999997,13.500000000000002
2024-10-25,10.500000000000002,40.6,31.700000000000006,63.800000000000004,150.40000000000006,12.749999999999998,35.20000000000001,33.699999999999996,36.19999999999999,35.95,8.899999999999999,16.699999999999996,35.70000000000002,70.2,61.29999999999999,23.599999999999994,49.54999999999998,61.61,20.19999999999999,13.500000000000002
2024-10-26,10.700000000000001,40.65,31.4,63.89999999999999,150.80000000000007,12.499999999999995,35.85000000000001,34.0,38.2,35.900000000000006,8.899999999999999,16.599999999999998,36.3,70.7,62.199999999999974,23.950000000000003,50.359999999999985,61.81000000000001,20.449999999999996,13.2
2024-10-27,10.700000000000001,40.65,31.4,63.800000000000004,149.80000000000007,12.499999999999995,35.8,33.9,38.2,35.850000000000016,8.899999999999999,16.199999999999996,36.20000000000002,70.5,61.5,24.05,49.910000000000004,61.61,20.749999999999993,13.2
2024-10-28,10.600000000000001,40.54999999999999,30.400000000000002,63.800000000000004,149.60000000000002,11.999999999999996,35.69999999999999,34.2,38.800000000000004,35.80000000000001,8.899999999999999,16.199999999999996,36.4,70.4,61.39999999999999,24.1,48.56000000000001,61.67,20.599999999999994,13.0
2024-10-29,10.600000000000001,40.54999999999999,30.233333333333334,63.63333333333333,149.90000000000003,11.999999999999996,35.68333333333335,34.13333333333335,38.833333333333336,35.91666666666667,8.899999999999999,15.833333333333329,36.38333333333335,70.3,61.26666666666663,23.966666666666665,48.73999999999998,61.62666666666668,20.733333333333334,13.0
2024-10-30,10.600000000000001,40.54999999999999,30.066666666666666,63.46666666666667,150.2,11.999999999999996,35.66666666666666,34.06666666666668,38.866666666666674,36.03333333333334,8.899999999999999,15.466666666666667,36.36666666666668,70.2,61.133333333333304,23.83333333333332,48.92,61.58333333333335,20.866666666666664,13.0
2024-10-31,10.600000000000001,40.54999999999999,29.899999999999995,63.3,150.50000000000006,11.999999999999996,35.650000000000006,34.0,38.89999999999999,36.150000000000006,8.899999999999999,15.1,36.35,70.10000000000001,60.99999999999997,23.699999999999996,49.1,61.54000000000001,21.0,13.0
2024-11-01,10.400000000000002,40.54999999999999,29.899999999999995,63.399999999999984,152.50000000000003,12.05,35.5,33.9,37.79999999999999,36.10000000000001,8.899999999999999,15.299999999999992,36.55000000000001,70.00000000000003,60.99999999999997,23.400000000000002,49.25,60.99999999999999,20.700000000000003,13.0
2024-11-02,10.449999999999996,40.54999999999999,29.95,63.25,152.25000000000009,12.175,35.42499999999999,33.85,37.95,35.62500000000001,8.899999999999999,15.15,36.500000000000014,70.4,60.8,23.424999999999994,49.27499999999999,61.235,20.700000000000003,13.250000000000004
2024-11-03,10.500000000000002,40.54999999999999,30.000000000000014,63.1,152.00000000000003,12.299999999999997,35.35,33.800000000000004,38.099999999999994,35.149999999999984,8.899999999999999,14.999999999999996,36.45,70.8,60.59999999999999,23.450000000000003,49.3,61.47,20.700000000000003,13.500000000000002
2024-11-04,10.500000000000002,40.5,29.6,63.0,149.00000000000003,11.849999999999998,34.499999999999986,34.0,37.199999999999996,34.79999999999998,8.700000000000003,15.699999999999996,36.050000000000004,69.7,58.6,23.500000000000004,49.35,61.54000000000001,20.449999999999996,13.500000000000002
2024-11-05,10.433333333333334,40.5,29.6,62.83333333333333,149.1,11.766666666666662,34.166666666666664,33.800000000000004,37.199999999999996,34.79999999999998,8.733333333333336,15.699999999999996,35.716666666666676,68.86666666666669,58.066666666666656,23.31666666666666,49.23333333333333,61.74,20.16666666666667,13.733333333333334
2024-11-06,10.366666666666665,40.5,29.6,62.66666666666665,149.20000000000007,11.68333333333333,33.83333333333332,33.60000000000001,37.199999999999996,34.79999999999998,8.766666666666671,15.699999999999996,35.38333333333334,68.03333333333336,57.5333333333333,23.133333333333326,49.11666666666666,61.94,19.883333333333333,13.96666666666667
2024-11-07,10.300000000000002,40.5,29.6,62.49999999999999,149.30000000000004,11.599999999999998,33.50000000000001,33.4,37.199999999999996,34.79999999999998,8.800000000000004,15.699999999999996,35.05,67.19999999999999,57.000000000000014,22.949999999999996,49.0,62.14000000000001,19.600000000000005,14.199999999999996
2024-11-08,10.100000000000003,40.5,29.499999999999993,61.7,150.1,11.649999999999997,33.05,32.1,37.449999999999996,33.84999999999999,8.600000000000001,14.699999999999996,33.44999999999998,66.8,57.09999999999999,22.15,48.15000000000002,61.74,18.849999999999998,14.149999999999997
2024-11-09,10.200000000000003,40.5,29.6,61.7,148.29999999999998,11.849999999999998,33.39999999999999,32.1,37.79999999999999,33.79999999999999,8.800000000000004,15.299999999999992,33.1,67.70000000000002,58.09999999999998,22.15,47.19999999999999,61.81000000000001,19.299999999999994,13.45
2024-11-10,10.100000000000003,40.75000000000001,31.299999999999994,61.79999999999999,148.8,11.95,33.150000000000006,32.20000000000001,37.4,33.949999999999996,8.899999999999999,15.299999999999992,32.59999999999999,67.30000000000001,57.69999999999999,22.15,45.999999999999986,61.47,18.999999999999996,13.6
2024-11-11,10.100000000000003,40.5,32.5,61.3,147.3,11.649999999999997,32.55,32.0,37.499999999999986,34.0,8.899999999999999,15.499999999999991,32.15,65.5,57.499999999999986,22.15,44.65,61.140000000000015,18.049999999999997,13.350000000000001
2024-11-12,10.133333333333335,40.43333333333333,32.4,61.33333333333333,147.4,11.7,32.81666666666666,32.20000000000001,37.56666666666668,34.14999999999999,8.866666666666672,15.499999999999991,32.23333333333333,65.33333333333334,57.43333333333331,22.350000000000005,44.699999999999996,61.249999999999986,18.283333333333335,13.350000000000001
2024-11-13,10.166666666666666,40.36666666666667,32.300000000000004,61.36666666666667,147.50000000000003,11.749999999999998,33.08333333333336,32.4,37.63333333333334,34.300000000000004,8.833333333333337,15.499999999999991,32.31666666666665,65.16666666666667,57.36666666666665,22.55000000000001,44.75,61.36000000000001,18.516666666666655,13.350000000000001
2024-11-14,10.200000000000003,40.300000000000004,32.2,61.4,147.6,11.799999999999999,33.34999999999999,32.6,37.70000000000001,34.45,8.800000000000004,15.499999999999991,32.39999999999999,65.0,57.29999999999999,22.749999999999996,44.800000000000004,61.47,18.74999999999999,13.350000000000001
2024-11-15,10.200000000000003,40.199999999999996,31.900000000000006,61.60000000000001,145.1,11.55,33.0,32.1,36.949999999999996,34.14999999999999,8.800000000000004,15.499999999999991,32.29999999999998,63.7,57.20000000000001,22.4,44.800000000000004,61.34,18.400000000000002,13.65
2024-11-16,10.500000000000002,40.25000000000001,32.00000000000001,61.7,145.50000000000003,11.649999999999997,33.39999999999999,31.7,36.75,34.2,8.800000000000004,15.499999999999991,32.20000000000001,65.8,57.29999999999999,22.4,45.100000000000016,61.140000000000015,18.799999999999994,13.800000000000002
2024-11-17,10.500000000000002,40.45,33.5,61.900000000000006,146.50000000000003,11.749999999999998,33.9,31.799999999999997,36.79999999999999,34.349999999999994,8.800000000000004,15.499999999999991,32.7,66.3,57.799999999999976,22.55000000000001,46.09999999999999,62.010000000000005,18.59999999999999,13.800000000000002
2024-11-18,10.600000000000001,40.45,32.3,62.000000000000014,149.00000000000003,11.799999999999999,33.75,32.6,37.199999999999996,34.4,8.899999999999999,15.499999999999991,33.1,65.90000000000002,57.69999999999999,23.299999999999997,47.45000000000002,61.87000000000001,18.849999999999998,14.399999999999999
2024-11-19,10.600000000000001,40.43333333333333,32.266666666666666,61.966666666666676,149.33333333333337,11.799999999999999,33.66666666666667,32.66666666666667,37.23333333333332,34.45,8.899999999999999,15.566666666666663,33.033333333333324,65.76666666666667,57.63333333333332,23.35,47.16666666666666,61.69333333333334,18.83333333333334,14.366666666666665
2024-11-20,10.600000000000001,40.416666666666664,32.23333333333333,61.93333333333333,149.66666666666669,11.799999999999999,33.58333333333334,32.73333333333334,37.266666666666666,34.49999999999999,8.899999999999999,15.633333333333324,32.966666666666654,65.63333333333334,57.56666666666664,23.400000000000002,46.883333333333326,61.516666666666666,18.816666666666666,14.333333333333336
2024-11-21,10.600000000000001,40.39999999999999,32.2,61.900000000000006,150.00000000000003,11.799999999999999,33.50000000000001,32.79999999999999,37.29999999999998,34.54999999999999,8.899999999999999,15.699999999999996,32.89999999999999,65.5,57.499999999999986,23.450000000000003,46.60000000000001,61.34,18.799999999999994,14.3
2024-11-22,10.400000000000002,40.45,32.5,61.79999999999999,149.90000000000003,11.95,33.449999999999996,33.1,37.29999999999998,34.4,8.899999999999999,15.699999999999996,32.850000000000016,65.70000000000002,57.69999999999999,23.500000000000004,46.949999999999996,61.140000000000015,18.400000000000002,15.000000000000002
2024-11-23,10.200000000000003,40.39999999999999,31.799999999999994,61.60000000000001,149.7,12.099999999999998,33.05,33.2,37.29999999999998,34.29999999999999,8.899999999999999,14.999999999999996,33.499999999999986,65.2,57.39999999999999,23.149999999999988,46.399999999999984,60.99999999999999,18.349999999999998,14.75
2024-11-24,10.300000000000002,40.39999999999999,32.3,62.000000000000014,154.30000000000007,12.2,33.699999999999996,33.4,38.099999999999994,34.54999999999999,8.999999999999998,15.299999999999992,34.20000000000001,65.39999999999999,59.19999999999998,23.550000000000004,47.49999999999999,61.87000000000001,18.59999999999999,14.649999999999999
2024-11-25,10.300000000000002,40.39999999999999,31.900000000000006,62.199999999999996,153.40000000000003,12.2,33.60000000000001,33.000000000000014,37.999999999999986,34.749999999999986,8.899999999999999,15.699999999999996,36.45,67.99999999999999,60.099999999999966,23.599999999999994,47.09999999999999,61.94,19.100000000000005,14.399999999999999
2024-11-26,10.300000000000002,40.39999999999999,31.900000000000006,62.199999999999996,153.40000000000003,12.2,33.60000000000001,33.000000000000014,37.999999999999986,34.749999999999986,8.899999999999999,15.699999999999996,36.45,67.99999999999999,60.099999999999966,23.599999999999994,47.09999999999999,61.94,19.100000000000005,14.399999999999999
2024-11-27,10.300000000000002,40.39999999999999,31.900000000000006,62.199999999999996,153.40000000000003,12.2,33.60000000000001,33.000000000000014,37.999999999999986,34.749999999999986,8.899999999999999,15.699999999999996,36.45,67.99999999999999,60.099999999999966,23.599999999999994,47.09999999999999,61.94,19.100000000000005,14.399999999999999
2024-11-28,10.300000000000002,40.39999999999999,31.900000000000006,62.199999999999996,153.40000000000003,12.2,33.60000000000001,33.000000000000014,37.999999999999986,34.749999999999986,8.899999999999999,15.699999999999996,36.45,67.99999999999999,60.099999999999966,23.599999999999994,47.09999999999999,61.94,19.100000000000005,14.399999999999999
2024-11-29,10.300000000000002,40.39999999999999,31.900000000000006,62.199999999999996,153.40000000000003,12.2,33.60000000000001,33.000000000000014,37.999999999999986,34.749999999999986,8.899999999999999,15.699999999999996,36.45,67.99999999999999,60.099999999999966,23.599999999999994,47.09999999999999,61.94,19.100000000000005,14.399999999999999
2024-11-30,10.300000000000002,40.39999999999999,31.900000000000006,62.199999999999996,153.40000000000003,12.2,33.60000000000001,33.000000000000014,37.999999999999986,34.749999999999986,8.899999999999999,15.699999999999996,36.45,67.99999999999999,60.099999999999966,23.599999999999994,47.09999999999999,61.94,19.100000000000005,14.399999999999999
2024-12-01,10.300000000000002,40.39999999999999,31.900000000000006,62.199999999999996,153.40000000000003,12.2,33.60000000000001,33.000000000000014,37.999999999999986,34.749999999999986,8.899999999999999,15.699999999999996,36.45,67.99999999999999,60.099999999999966,23.599999999999994,47.09999999999999,61.94,19.100000000000005,14.399999999999999
2024-12-02,10.300000000000002,40.39999999999999,31.900000000000006,62.199999999999996,153.40000000000003,12.2,33.60000000000001,33.000000000000014,37.999999999999986,34.749999999999986,8.899999999999999,15.699999999999996,36.45,67.99999999999999,60.099999999999966,23.599999999999994,47.09999999999999,61.94,19.100000000000005,14.399999999999999
