Date,POT,PVB,CMG,MSN,PVD,FPT,KDH,CTG,NVB,CTS,PVS,MWG,HAG,ITD,VNM,PVC,PDR,NLG,VIC,VCB
2023-12-15,17.899999999999995,20.033333333333328,36.31000000000001,65.33333333333334,27.166666666666668,81.62,27.153333333333325,31.433333333333334,11.633333333333335,27.866666666666664,36.120000000000005,42.22999999999998,13.46666666666667,9.743333333333336,63.48333333333333,14.33,24.580000000000005,35.72333333333333,43.03333333333333,59.90999999999999
2023-12-16,17.899999999999995,20.0,36.22,65.6,27.3,81.82,27.139999999999997,31.4,11.5,27.599999999999994,36.120000000000005,42.559999999999995,13.299999999999999,9.72,63.42000000000001,14.33,24.400000000000002,35.59000000000002,43.050000000000004,60.20000000000001
2023-12-17,17.899999999999995,20.0,36.49,67.1,27.499999999999993,82.08000000000001,26.90999999999999,31.4,11.800000000000002,28.349999999999998,36.41,43.95,13.500000000000005,9.72,63.800000000000004,14.430000000000005,24.979999999999997,36.57999999999998,43.14999999999999,60.20000000000001
2023-12-18,17.899999999999995,20.3,36.04,66.3,27.55,82.08000000000001,27.409999999999997,31.14999999999999,11.399999999999999,28.700000000000003,36.41,44.53999999999999,13.500000000000005,9.860000000000001,63.52,14.430000000000005,24.94,36.78000000000001,43.2,60.79999999999998
2023-12-19,17.899999999999995,20.199999999999996,35.59,66.39999999999999,27.349999999999994,81.98999999999997,28.46,31.500000000000007,11.5,28.599999999999998,36.41,45.48999999999999,13.400000000000004,9.770000000000001,63.800000000000004,14.53,25.249999999999993,38.71000000000001,43.35,60.94
2023-12-20,17.899999999999995,20.3,36.04,67.79999999999998,27.349999999999994,82.58999999999997,28.54999999999999,32.6,11.5,28.399999999999995,36.209999999999994,45.69,13.699999999999998,9.79,64.37,14.430000000000005,24.94,38.56,43.29999999999999,61.940000000000005
2023-12-21,17.899999999999995,20.3,36.04,67.76666666666667,27.31666666666666,82.62000000000002,28.486666666666665,32.61666666666667,11.5,28.499999999999993,36.14666666666667,45.71999999999999,13.800000000000002,9.783333333333331,64.46333333333334,14.396666666666668,25.059999999999995,38.660000000000004,43.29999999999999,61.806666666666665
2023-12-22,17.899999999999995,20.3,36.04,67.73333333333333,27.28333333333334,82.65,28.423333333333325,32.633333333333326,11.5,28.599999999999998,36.08333333333334,45.75,13.9,9.776666666666667,64.55666666666667,14.363333333333332,25.18,38.76,43.29999999999999,61.67333333333334
2023-12-23,17.899999999999995,20.3,36.04,67.70000000000002,27.249999999999996,82.68,28.36,32.650000000000006,11.5,28.700000000000003,36.02000000000001,45.78,14.000000000000002,9.770000000000001,64.65,14.33,25.299999999999997,38.859999999999985,43.29999999999999,61.54
2023-12-24,17.899999999999995,20.799999999999997,35.36,67.50000000000001,27.899999999999995,81.98999999999997,28.23,32.199999999999996,11.5,28.499999999999993,36.41,45.03999999999999,14.65,9.770000000000001,64.08,14.53,25.11999999999999,38.41,43.099999999999994,61.19999999999999
2023-12-25,17.899999999999995,20.9,35.36,66.19999999999999,27.700000000000003,81.48,28.08999999999999,31.999999999999993,11.399999999999999,28.700000000000003,36.209999999999994,44.04999999999998,14.3,9.6,63.7,14.430000000000005,24.94,37.81999999999999,43.14999999999999,60.94
2023-12-26,16.81,20.699999999999996,35.32000000000001,66.8,27.55,81.56000000000002,28.36,32.050000000000004,11.300000000000004,29.15,36.120000000000005,44.839999999999996,14.750000000000004,9.68,63.33,14.430000000000005,25.03,38.02,42.8,60.87
2023-12-27,16.81,20.6,35.95,65.8,27.650000000000002,82.25000000000001,28.31999999999999,32.099999999999994,11.300000000000004,29.05,36.209999999999994,44.53999999999999,14.699999999999996,9.65,63.42000000000001,14.430000000000005,25.750000000000007,39.099999999999994,42.8,61.54
2023-12-28,16.81,20.6,35.903333333333336,65.73333333333335,27.633333333333344,82.25000000000001,28.31999999999999,32.16666666666665,11.266666666666671,28.949999999999996,36.209999999999994,44.44333333333334,14.699999999999996,9.633333333333333,63.42000000000001,14.430000000000005,25.660000000000004,38.90333333333332,42.75,61.36000000000001
2023-12-29,16.81,20.6,35.856666666666655,65.66666666666664,27.61666666666666,82.25000000000001,28.31999999999999,32.23333333333333,11.233333333333338,28.849999999999998,36.209999999999994,44.34666666666666,14.699999999999996,9.616666666666669,63.42000000000001,14.430000000000005,25.57,38.70666666666666,42.70000000000001,61.18
2023-12-30,16.81,20.6,35.81,65.6,27.6,82.25000000000001,28.31999999999999,32.29999999999999,11.200000000000003,28.750000000000004,36.209999999999994,44.24999999999999,14.699999999999996,9.6,63.42000000000001,14.430000000000005,25.48,38.51,42.65,61.00000000000001
2023-12-31,17.11,20.6,36.04,66.1,27.949999999999992,81.98999999999997,28.18,32.199999999999996,11.100000000000001,29.15,36.51,45.03999999999999,14.95,9.500000000000002,63.33,14.430000000000005,25.700000000000003,38.660000000000004,42.70000000000001,60.87
2024-01-01,16.209999999999997,20.3,35.95,64.4,27.55,82.08000000000001,28.08999999999999,31.600000000000016,10.799999999999999,29.6,36.02000000000001,44.64,14.2,9.49,63.42000000000001,14.23,25.299999999999997,38.06,42.49999999999999,59.199999999999996
2024-01-02,16.209999999999997,20.3,36.85,65.1,27.55,85.68000000000002,27.730000000000008,32.050000000000004,10.699999999999998,30.899999999999995,36.209999999999994,45.84,14.350000000000003,9.6,63.9,14.140000000000004,25.519999999999996,38.61,42.349999999999994,60.069999999999986
2024-01-03,16.31,20.3,37.84,65.39999999999999,27.799999999999994,87.48000000000002,27.730000000000008,31.699999999999992,10.699999999999998,31.250000000000004,36.02000000000001,47.03,14.000000000000002,9.500000000000002,63.800000000000004,14.140000000000004,26.65,39.05,42.10000000000001,60.399999999999984
2024-01-04,16.31,20.366666666666664,37.79333333333334,65.23333333333332,27.949999999999992,87.91000000000001,27.83666666666666,32.43333333333334,10.766666666666664,31.21666666666666,36.02000000000001,47.03,13.783333333333335,9.473333333333333,63.99,14.140000000000004,26.709999999999997,39.05,42.13333333333333,60.33333333333333
2024-01-05,16.31,20.43333333333333,37.74666666666668,65.06666666666669,28.10000000000001,88.34000000000002,27.943333333333335,33.166666666666664,10.833333333333332,31.18333333333332,36.02000000000001,47.03,13.566666666666668,9.446666666666667,64.18,14.140000000000004,26.769999999999992,39.05,42.16666666666667,60.26666666666667
2024-01-06,16.31,20.49999999999999,37.70000000000001,64.90000000000002,28.249999999999993,88.77000000000001,28.049999999999997,33.9,10.9,31.149999999999988,36.02000000000001,47.03,13.350000000000001,9.420000000000002,64.37,14.140000000000004,26.830000000000005,39.05,42.199999999999996,60.20000000000001
2024-01-07,16.31,20.799999999999997,36.88999999999999,64.8,28.75,89.28,28.269999999999996,34.39999999999999,11.100000000000001,31.149999999999988,36.900000000000006,46.63,13.299999999999999,9.49,63.99,14.33,27.06,39.400000000000006,42.300000000000004,59.86999999999999
2024-01-08,16.709999999999997,20.799999999999997,36.71,64.90000000000002,28.75,89.97000000000001,28.36,35.499999999999986,10.799999999999999,31.250000000000004,36.900000000000006,46.22999999999999,13.150000000000004,9.750000000000002,63.99,14.23,27.149999999999988,39.35,42.400000000000006,60.20000000000001
2024-01-09,16.709999999999997,20.787499999999998,36.705,64.90000000000002,28.731250000000006,89.87375000000002,28.38875,35.437499999999986,10.874999999999996,31.206249999999997,36.875,46.137499999999996,13.187499999999998,9.7425,63.99,14.23,27.10999999999999,39.293749999999996,42.41874999999999,60.19124999999998
2024-01-10,16.709999999999997,20.775,36.7,64.90000000000002,28.7125,89.7775,28.417499999999997,35.37500000000001,10.950000000000001,31.162500000000005,36.85,46.045,13.225000000000001,9.735000000000001,63.99,14.23,27.069999999999993,39.23749999999999,42.43749999999999,60.18250000000001
2024-01-11,16.709999999999997,20.7625,36.695000000000014,64.90000000000002,28.693749999999998,89.68125000000005,28.44625,35.31249999999999,11.025000000000006,31.118749999999984,36.825,45.95250000000001,13.262499999999996,9.7275,63.99,14.23,27.029999999999994,39.181250000000006,42.45625,60.17375000000001
2024-01-12,16.709999999999997,20.74999999999999,36.69,64.90000000000002,28.674999999999997,89.58500000000004,28.474999999999998,35.24999999999999,11.100000000000001,31.07499999999999,36.800000000000004,45.85999999999999,13.299999999999999,9.72,63.99,14.23,26.989999999999995,39.12499999999998,42.475,60.16500000000001
2024-01-13,16.709999999999997,20.737499999999994,36.68499999999999,64.90000000000002,28.656250000000004,89.48875000000001,28.503749999999993,35.18749999999999,11.174999999999999,31.031249999999996,36.775,45.7675,13.337500000000002,9.7125,63.99,14.23,26.95,39.06875,42.49375,60.15624999999999
2024-01-14,16.709999999999997,20.725,36.68,64.90000000000002,28.637499999999996,89.3925,28.532500000000002,35.125,11.249999999999996,30.98750000000001,36.75,45.675000000000004,13.375000000000004,9.705000000000002,63.99,14.23,26.91,39.0125,42.5125,60.1475
2024-01-15,16.709999999999997,20.712499999999995,36.675,64.90000000000002,28.61875000000001,89.29625000000001,28.561249999999998,35.0625,11.325000000000001,30.94375000000001,36.72500000000001,45.58250000000001,13.412500000000003,9.6975,63.99,14.23,26.87,38.95625,42.53125000000001,60.138750000000016
2024-01-16,16.709999999999997,20.699999999999996,36.669999999999995,64.90000000000002,28.599999999999998,89.20000000000003,28.59,34.99999999999999,11.399999999999999,30.899999999999995,36.7,45.48999999999999,13.450000000000003,9.690000000000001,63.99,14.23,26.830000000000005,38.900000000000006,42.54999999999999,60.13000000000002
2024-01-17,16.709999999999997,20.699999999999996,36.44000000000001,66.19999999999999,28.500000000000007,90.14000000000001,28.54999999999999,35.24999999999999,11.399999999999999,31.0,36.51,45.93,12.749999999999998,9.59,66.26,14.53,26.830000000000005,38.859999999999985,43.95,59.93
2024-01-18,16.709999999999997,20.966666666666658,36.45666666666666,67.10000000000001,28.58333333333332,90.11,28.52,35.300000000000004,11.33333333333334,30.933333333333348,36.60666666666667,46.09666666666666,12.83333333333333,9.56,66.86,14.596666666666668,26.72666666666667,38.676666666666655,44.96666666666667,60.066666666666684
2024-01-19,16.709999999999997,21.233333333333324,36.473333333333336,67.99999999999999,28.66666666666667,90.08000000000003,28.49,35.35,11.266666666666664,30.866666666666664,36.70333333333335,46.26333333333333,12.916666666666671,9.530000000000001,67.46000000000001,14.66333333333333,26.623333333333335,38.49333333333333,45.98333333333333,60.20333333333333
2024-01-20,16.709999999999997,21.500000000000004,36.49,68.9,28.75,90.05000000000001,28.46,35.4,11.200000000000003,30.799999999999997,36.800000000000004,46.43000000000001,13.000000000000004,9.500000000000002,68.06,14.73000000000001,26.52,38.309999999999995,47.00000000000001,60.34000000000002
2024-01-21,16.709999999999997,21.4,36.44000000000001,68.79999999999998,28.699999999999992,89.45,28.819999999999993,35.199999999999996,11.100000000000001,31.149999999999988,36.61,46.43000000000001,12.600000000000003,9.59,67.68,14.53,26.65,38.51,48.50000000000001,61.070000000000014
2024-01-22,16.709999999999997,21.299999999999997,36.22,67.99999999999999,28.500000000000007,90.82,29.82,35.54999999999999,11.300000000000004,31.0,36.209999999999994,45.74000000000001,12.8,9.52,67.49,14.53,26.65,38.56,47.250000000000014,61.00000000000001
2024-01-23,16.909999999999997,21.299999999999997,36.13000000000001,68.10000000000001,29.299999999999976,89.71,29.459999999999997,35.69999999999999,11.300000000000004,30.799999999999997,36.31,44.93999999999999,12.600000000000003,9.530000000000001,67.78,14.630000000000004,26.289999999999992,38.56,47.60000000000001,59.86999999999999
2024-01-24,16.909999999999997,20.699999999999996,35.95,66.70000000000002,28.349999999999994,89.10999999999999,28.86,35.199999999999996,11.300000000000004,29.900000000000002,35.33,43.65,12.2,9.530000000000001,67.21,14.23,25.299999999999997,37.27,45.2,59.459999999999994
2024-01-25,17.009999999999998,20.73333333333333,35.980000000000004,66.70000000000002,28.266666666666666,90.27999999999999,28.86,35.35,11.233333333333338,30.33333333333334,35.36333333333333,43.76666666666666,12.333333333333336,9.586666666666666,67.21,14.23,25.37333333333334,37.17333333333333,44.999999999999986,59.596666666666664
2024-01-26,17.11,20.76666666666667,36.01,66.70000000000002,28.18333333333333,91.44999999999997,28.86,35.499999999999986,11.16666666666667,30.76666666666666,35.39666666666667,43.88333333333334,12.466666666666669,9.643333333333334,67.21,14.23,25.446666666666655,37.07666666666667,44.8,59.73333333333332
2024-01-27,17.209999999999997,20.799999999999997,36.04,66.70000000000002,28.10000000000001,92.62000000000006,28.86,35.65,11.100000000000001,31.199999999999996,35.43,44.0,12.600000000000003,9.700000000000001,67.21,14.23,25.519999999999996,36.98,44.6,59.86999999999999
2024-01-28,17.009999999999998,20.999999999999996,36.22,67.6,28.800000000000008,92.54000000000002,29.639999999999997,36.14999999999999,11.200000000000003,31.400000000000006,35.82000000000001,44.4,12.650000000000002,9.64,68.15,14.53,26.06999999999999,38.06,45.150000000000006,60.94
2024-01-29,16.909999999999997,21.4,36.04,68.30000000000001,30.799999999999986,93.05000000000001,29.459999999999997,35.949999999999996,11.200000000000003,31.55,36.51,44.93999999999999,12.55,9.89,68.34,15.030000000000003,25.929999999999996,37.77,45.59999999999999,65.15
2024-01-30,16.709999999999997,20.9,35.989999999999995,70.4,30.900000000000002,93.48,31.5,35.54999999999999,11.200000000000003,32.15,36.120000000000005,45.84,12.8,9.95,68.15,14.73000000000001,26.19999999999999,39.15,44.999999999999986,65.07999999999998
2024-01-31,16.709999999999997,20.9,37.12,70.5,31.8,95.03,31.77,35.6,11.100000000000001,33.25,36.209999999999994,46.22999999999999,12.700000000000001,9.990000000000002,67.68,15.030000000000003,26.19999999999999,39.45,45.24999999999999,65.07999999999998
2024-02-01,16.909999999999997,21.033333333333335,37.00000000000001,70.59999999999998,31.7,95.19999999999997,32.07333333333333,35.73333333333332,11.100000000000001,33.16666666666667,36.343333333333334,46.496666666666655,12.733333333333334,9.866666666666669,67.83666666666667,15.030000000000003,26.306666666666665,40.35666666666667,45.24999999999999,64.79
2024-02-02,17.11,21.166666666666664,36.879999999999995,70.7,31.599999999999994,95.37000000000002,32.376666666666665,35.86666666666666,11.100000000000001,33.083333333333336,36.476666666666674,46.763333333333335,12.76666666666667,9.743333333333332,67.99333333333334,15.030000000000003,26.413333333333338,41.26333333333333,45.24999999999999,64.50000000000001
2024-02-03,17.31,21.299999999999997,36.760000000000005,70.8,31.499999999999993,95.53999999999999,32.68000000000001,35.999999999999986,11.100000000000001,33.00000000000001,36.61,47.03,12.8,9.620000000000001,68.15,15.030000000000003,26.52,42.169999999999995,45.24999999999999,64.20999999999998
2024-02-04,17.799999999999997,21.4,37.160000000000004,75.7,31.750000000000007,94.94000000000003,32.72999999999999,36.44999999999999,11.100000000000001,35.300000000000004,36.61,49.60000000000001,13.200000000000001,9.850000000000001,69.1,14.830000000000004,26.19999999999999,41.97,45.29999999999999,63.879999999999995
2024-02-05,17.799999999999997,21.299999999999997,36.940000000000005,76.9,31.199999999999996,93.57000000000002,32.68000000000001,36.1,11.000000000000002,36.400000000000006,36.800000000000004,48.319999999999986,12.900000000000002,9.690000000000001,67.96,14.73000000000001,25.61,42.51,45.29999999999999,63.95
2024-02-06,17.799999999999997,22.000000000000007,36.35,80.8,31.599999999999994,95.45999999999997,33.18,35.8,10.9,36.2,37.199999999999996,48.61,12.950000000000005,9.65,68.15,14.830000000000004,25.880000000000006,42.42,45.59999999999999,64.08
2024-02-07,17.899999999999995,21.4,35.86000000000001,78.5,30.799999999999986,94.34000000000003,33.14,34.49999999999999,10.699999999999998,36.5,36.51,47.36999999999999,12.55,9.860000000000001,66.26,14.53,25.299999999999997,41.42999999999999,44.8,63.610000000000014
2024-02-08,17.899999999999995,21.26666666666666,35.68,78.16666666666667,30.549999999999997,94.34000000000003,33.14,34.383333333333326,10.699999999999998,36.666666666666664,36.21333333333333,46.92333333333332,12.433333333333335,9.860000000000001,66.35333333333334,14.4,25.11999999999999,41.42999999999999,44.64999999999999,63.386666666666656
2024-02-09,17.899999999999995,21.13333333333333,35.49999999999999,77.83333333333333,30.299999999999997,94.34000000000003,33.14,34.26666666666666,10.699999999999998,36.833333333333336,35.916666666666664,46.47666666666665,12.31666666666667,9.860000000000001,66.44666666666667,14.269999999999998,24.94,41.42999999999999,44.500000000000014,63.16333333333331
2024-02-10,17.899999999999995,20.999999999999996,35.32000000000001,77.49999999999999,30.04999999999999,94.34000000000003,33.14,34.15,10.699999999999998,36.99999999999999,35.62,46.03000000000001,12.2,9.860000000000001,66.54,14.140000000000004,24.76000000000001,41.42999999999999,44.349999999999994,62.93999999999998
2024-02-11,17.899999999999995,20.9,36.58,78.69999999999997,30.299999999999997,95.96999999999998,33.27,34.49999999999999,10.599999999999996,36.85000000000001,35.62,46.37999999999998,12.399999999999999,9.89,66.26,14.140000000000004,24.800000000000008,42.02,44.15,63.14
2024-02-12,18.000000000000004,21.800000000000004,37.79,80.90000000000002,31.349999999999987,100.34000000000002,34.18,35.14999999999999,10.699999999999998,38.9,36.209999999999994,48.17,12.450000000000001,10.2,67.02,14.33,25.429999999999996,43.99999999999999,44.999999999999986,64.20999999999998
2024-02-13,17.899999999999995,23.499999999999993,37.52,78.90000000000002,32.89999999999999,100.34000000000002,34.09,34.44999999999999,10.699999999999998,38.39999999999999,37.199999999999996,46.88000000000001,12.499999999999998,10.05,66.73,14.73000000000001,25.389999999999997,44.1,45.94999999999998,63.550000000000004
2024-02-14,17.899999999999995,23.300000000000004,37.39,78.5,32.79999999999999,99.49000000000002,33.81999999999999,34.75,10.599999999999996,38.00000000000001,37.199999999999996,46.980000000000004,12.3,10.100000000000001,65.97,14.430000000000005,25.389999999999997,43.35000000000001,44.399999999999984,62.879999999999995
2024-02-15,17.899999999999995,22.999999999999986,37.22333333333334,78.3,32.28333333333333,98.63000000000001,33.81999999999999,34.26666666666666,10.533333333333328,37.33333333333333,36.84000000000001,46.5,12.116666666666667,10.166666666666666,65.68333333333334,14.363333333333332,25.689999999999994,43.00666666666667,44.96666666666667,62.65666666666668
2024-02-16,17.899999999999995,22.699999999999996,37.056666666666665,78.10000000000002,31.76666666666666,97.77000000000002,33.81999999999999,33.783333333333324,10.466666666666669,36.666666666666664,36.48,46.019999999999996,11.933333333333334,10.233333333333336,65.39666666666666,14.296666666666674,25.989999999999995,42.66333333333332,45.533333333333346,62.43333333333334
2024-02-17,17.899999999999995,22.399999999999988,36.88999999999999,77.9,31.249999999999993,96.91000000000001,33.81999999999999,33.300000000000004,10.4,35.99999999999999,36.120000000000005,45.54,11.749999999999998,10.3,65.11,14.23,26.289999999999992,42.32,46.1,62.21
2024-02-18,18.199999999999996,22.999999999999986,35.769999999999996,77.4,31.45,96.06,33.27,33.300000000000004,10.500000000000002,36.400000000000006,36.51,45.139999999999986,11.85,10.400000000000002,65.01,14.33,25.929999999999996,41.52,47.00000000000001,61.87
2024-02-19,17.31,23.199999999999996,36.080000000000005,77.3,32.25,98.20000000000002,33.23,34.35,10.599999999999996,37.35,36.900000000000006,47.61999999999999,12.650000000000002,10.45,65.2,14.430000000000005,25.98,42.32,46.49999999999999,62.339999999999996
2024-02-20,17.31,23.7,35.86000000000001,78.0,32.349999999999994,99.66000000000001,33.81999999999999,34.89999999999999,10.699999999999998,37.35,37.69000000000002,48.120000000000005,12.700000000000001,10.3,65.59,14.630000000000004,27.78,42.81,46.49999999999999,63.68
2024-02-21,17.899999999999995,23.499999999999993,36.04,78.5,31.949999999999992,98.54000000000003,33.73,35.69999999999999,10.799999999999999,38.04999999999999,37.78000000000001,48.710000000000015,12.450000000000001,10.100000000000001,65.01,14.53,28.459999999999994,42.959999999999994,46.6,64.48000000000002
2024-02-22,17.899999999999995,23.43333333333333,35.82666666666667,77.49999999999999,31.883333333333322,98.28333333333332,33.669999999999995,35.366666666666674,10.799999999999999,37.79999999999998,37.91333333333331,48.446666666666644,12.450000000000001,10.100000000000001,64.85000000000001,14.56333333333333,28.446666666666662,43.02666666666664,46.68333333333334,64.32333333333334
2024-02-23,17.899999999999995,23.366666666666656,35.61333333333333,76.5,31.816666666666656,98.02666666666669,33.60999999999999,35.03333333333333,10.799999999999999,37.550000000000004,38.046666666666674,48.18333333333334,12.450000000000001,10.100000000000001,64.69,14.596666666666668,28.43333333333333,43.09333333333333,46.76666666666667,64.16666666666667
2024-02-24,17.899999999999995,23.300000000000004,35.400000000000006,75.49999999999999,31.750000000000007,97.77000000000002,33.55,34.7,10.799999999999999,37.29999999999998,38.18,47.91999999999998,12.450000000000001,10.100000000000001,64.53,14.630000000000004,28.419999999999995,43.16,46.85000000000001,64.01
2024-02-25,18.600000000000005,23.9,36.17,74.00000000000001,32.7,98.63000000000001,35.089999999999996,35.199999999999996,10.799999999999999,37.65,38.37000000000001,48.27,12.600000000000003,10.0,64.92,14.630000000000004,28.910000000000004,43.8,47.05,64.42000000000002
2024-02-26,18.099999999999998,24.5,36.17,75.4,32.5,98.8,34.91,35.499999999999986,10.699999999999998,37.550000000000004,38.470000000000006,50.3,12.55,10.0,64.92,14.73000000000001,29.000000000000007,43.699999999999996,47.05,64.08
2024-02-27,17.409999999999997,23.999999999999993,36.44000000000001,76.00000000000001,32.2,100.43000000000005,34.46,35.75,10.799999999999999,38.99999999999999,38.28,50.6,12.950000000000005,10.2,64.92,14.630000000000004,29.000000000000007,43.3,47.60000000000001,64.01
2024-02-28,18.299999999999997,24.3,35.989999999999995,74.20000000000002,32.349999999999994,99.91999999999999,34.36,35.54999999999999,10.599999999999996,38.5,38.470000000000006,50.70000000000001,13.050000000000002,10.100000000000001,64.82,14.73000000000001,28.780000000000005,42.85999999999999,47.65,63.48
2024-02-29,18.299999999999997,24.5,36.06666666666668,73.93333333333332,32.51666666666666,100.00333333333332,34.42333333333333,35.366666666666674,10.599999999999996,38.5,38.96000000000001,50.796666666666674,12.916666666666671,10.100000000000001,64.62666666666667,14.796666666666672,29.080000000000002,43.00666666666667,47.71666666666667,63.54666666666666
2024-03-01,18.299999999999997,24.7,36.14333333333334,73.66666666666667,32.68333333333333,100.0866666666667,34.486666666666665,35.18333333333333,10.599999999999996,38.5,39.45,50.89333333333332,12.783333333333331,10.100000000000001,64.43333333333332,14.86333333333333,29.38,43.15333333333332,47.78333333333333,63.61333333333334
2024-03-02,18.299999999999997,24.900000000000002,36.22,73.40000000000002,32.85000000000001,100.17000000000003,34.54999999999999,34.99999999999999,10.599999999999996,38.5,39.940000000000005,50.989999999999995,12.650000000000002,10.100000000000001,64.24,14.930000000000003,29.68,43.3,47.850000000000016,63.68
2024-03-03,18.799999999999997,26.299999999999986,36.17,74.49999999999999,34.9,100.34000000000002,34.59,34.99999999999999,10.500000000000002,39.49999999999997,42.89000000000001,51.189999999999976,12.700000000000001,10.0,64.53,15.529999999999996,29.77,43.95,47.800000000000004,63.209999999999994
2024-03-04,17.899999999999995,26.000000000000004,38.69,73.40000000000002,33.9,98.70999999999998,34.31999999999999,34.050000000000004,10.4,39.25,42.0,49.8,12.8,10.05,63.96,15.529999999999996,29.14,44.20000000000001,47.749999999999986,62.74
2024-03-05,18.399999999999995,25.6,41.399999999999984,73.40000000000002,33.54999999999999,97.77000000000002,33.96,33.54999999999999,10.3,38.30000000000002,42.1,50.3,12.650000000000002,9.910000000000002,65.39,15.529999999999996,29.360000000000003,44.050000000000004,47.850000000000016,64.20999999999998
2024-03-06,18.399999999999995,26.10000000000001,42.610000000000014,71.89999999999999,32.89999999999999,97.51,33.18,33.199999999999996,10.3,35.99999999999999,41.42000000000001,50.6,12.900000000000002,9.87,65.11,16.420000000000005,29.090000000000007,43.21,47.800000000000004,63.48
2024-03-07,18.399999999999995,25.96666666666667,41.93666666666666,71.89999999999999,32.89999999999999,97.19666666666672,32.983333333333334,33.300000000000004,10.266666666666666,36.166666666666664,41.353333333333346,50.26666666666667,12.933333333333332,9.813333333333334,64.82,16.386666666666663,28.98666666666667,43.02666666666664,47.76666666666668,63.48
2024-03-08,18.399999999999995,25.833333333333325,41.26333333333335,71.89999999999999,32.89999999999999,96.88333333333333,32.78666666666667,33.399999999999984,10.233333333333333,36.33333333333334,41.286666666666676,49.933333333333316,12.96666666666667,9.756666666666666,64.53,16.353333333333335,28.88333333333334,42.843333333333334,47.733333333333334,63.48
2024-03-09,18.399999999999995,25.699999999999996,40.590000000000025,71.89999999999999,32.89999999999999,96.57,32.589999999999996,33.49999999999999,10.2,36.5,41.22000000000001,49.60000000000001,13.000000000000004,9.700000000000001,64.24,16.32,28.780000000000005,42.66,47.699999999999996,63.48
2024-03-10,18.9,25.1,43.24000000000001,73.49999999999999,33.2,96.91000000000001,32.72999999999999,34.25,10.3,38.00000000000001,41.61,52.38,13.150000000000004,9.64,64.24,16.32,29.090000000000007,42.66,47.699999999999996,63.08
2024-03-11,19.69,24.5,44.04999999999998,72.5,31.8,97.59999999999995,32.72999999999999,33.64999999999999,10.500000000000002,37.39999999999999,40.73,51.58999999999999,13.400000000000004,9.900000000000002,64.05,15.73,28.549999999999997,42.02,48.50000000000001,63.209999999999994
2024-03-12,19.200000000000003,25.199999999999996,43.330000000000005,71.8,31.949999999999992,98.54000000000003,32.960000000000015,33.70000000000001,10.3,38.2,41.910000000000004,51.88999999999999,13.299999999999999,10.25,63.85999999999999,16.32,28.549999999999997,41.82000000000001,48.3,62.879999999999995
2024-03-13,19.489999999999995,25.199999999999996,44.40999999999999,71.89999999999999,32.79999999999999,99.05999999999997,33.14,35.89999999999999,10.3,40.5,42.2,51.58999999999999,13.400000000000004,10.25,63.96,16.32,28.870000000000005,42.269999999999996,48.45000000000002,63.280000000000015
2024-03-14,19.19333333333333,24.36666666666666,43.37666666666669,70.23333333333335,32.05,97.94333333333333,32.36666666666667,35.08333333333332,10.2,39.56666666666668,40.859999999999985,50.896666666666675,13.1,10.2,63.38333333333334,15.789999999999997,28.206666666666674,41.29666666666666,47.966666666666676,62.70000000000001
2024-03-15,18.89666666666667,23.533333333333335,42.34333333333334,68.56666666666668,31.3,96.82666666666668,31.59333333333334,34.26666666666666,10.099999999999998,38.63333333333334,39.52,50.203333333333326,12.8,10.150000000000002,62.806666666666665,15.259999999999996,27.54333333333334,40.32333333333334,47.48333333333333,62.12000000000001
2024-03-16,18.600000000000005,22.699999999999996,41.31,66.90000000000002,30.549999999999997,95.71000000000001,30.81999999999999,33.44999999999999,10.000000000000004,37.70000000000001,38.18,49.51,12.499999999999998,10.100000000000001,62.23,14.73000000000001,26.879999999999995,39.35,47.00000000000001,61.54
2024-03-17,18.9,22.8,41.31,66.1,30.799999999999986,96.91000000000001,31.14,34.050000000000004,9.499999999999998,39.74999999999999,39.160000000000004,49.51,12.600000000000003,9.960000000000003,61.37,15.130000000000003,26.339999999999996,38.859999999999985,46.400000000000006,60.87
2024-03-18,18.9,23.1,39.779999999999994,66.8,29.349999999999998,95.88000000000001,30.909999999999993,32.7,9.300000000000002,37.45000000000001,37.88000000000001,49.01,11.85,9.900000000000002,61.56000000000001,14.140000000000004,25.299999999999997,37.56999999999999,44.999999999999986,60.54000000000001
2024-03-19,18.399999999999995,23.1,38.60499999999999,66.65,29.32500000000001,94.68,30.454999999999988,32.150000000000006,9.250000000000002,36.15000000000001,37.78499999999999,48.41499999999998,11.825000000000003,9.860000000000001,61.56000000000001,14.140000000000004,24.485,36.57999999999998,43.79999999999998,60.54000000000001
2024-03-20,17.899999999999995,23.1,37.42999999999999,66.50000000000001,29.299999999999976,93.48,30.0,31.600000000000016,9.200000000000001,34.85,37.69000000000002,47.819999999999986,11.8,9.820000000000002,61.56000000000001,14.140000000000004,23.670000000000005,35.59000000000002,42.6,60.54000000000001
2024-03-21,18.366666666666664,23.06666666666667,37.67000000000001,66.63333333333334,29.400000000000006,93.85333333333334,30.136666666666663,31.833333333333325,9.200000000000001,35.300000000000004,37.82,47.95333333333333,11.88333333333334,9.873333333333333,61.49666666666666,14.169999999999998,23.806666666666658,35.95333333333333,42.400000000000006,60.56
2024-03-22,18.83333333333333,23.033333333333328,37.91,66.76666666666667,29.499999999999996,94.22666666666666,30.27333333333333,32.06666666666665,9.200000000000001,35.75,37.95000000000002,48.086666666666666,11.966666666666669,9.926666666666668,61.43333333333332,14.199999999999996,23.94333333333334,36.31666666666667,42.199999999999996,60.579999999999984
2024-03-23,19.299999999999997,22.999999999999986,38.15,66.90000000000002,29.600000000000005,94.60000000000001,30.41,32.29999999999999,9.200000000000001,36.2,38.08000000000001,48.219999999999985,12.05,9.980000000000002,61.37,14.23,24.07999999999999,36.67999999999999,42.0,60.60000000000001
2024-03-24,19.299999999999997,23.300000000000004,38.56000000000001,64.7,29.100000000000005,96.30999999999997,30.41,31.500000000000007,8.899999999999999,34.2,37.390000000000015,49.41,12.15,10.0,60.89,13.64,22.86,35.59000000000002,40.99999999999999,60.27
2024-03-25,19.299999999999997,23.999999999999993,40.81000000000001,66.90000000000002,30.200000000000003,103.0,31.409999999999997,32.94999999999999,8.999999999999998,35.99999999999999,38.57000000000002,51.88999999999999,12.3,10.2,61.37,14.33,24.439999999999998,38.06,41.599999999999994,60.60000000000001
2024-03-26,18.399999999999995,23.7,40.18,68.10000000000001,29.9,105.66,31.460000000000004,32.99999999999999,8.899999999999999,35.5,38.57000000000002,53.38000000000001,12.499999999999998,10.3,62.04,14.04,24.12,37.46999999999999,42.0,60.87
2024-03-27,18.399999999999995,23.7,40.21999999999999,67.19999999999999,29.749999999999996,105.66,31.82,32.79999999999998,8.899999999999999,35.5,38.96000000000001,54.47,12.399999999999999,10.100000000000001,62.33,14.140000000000004,23.9,37.46999999999999,44.45,61.00000000000001
2024-03-28,18.249999999999996,23.666666666666657,40.44666666666666,67.33333333333334,29.71666666666667,106.2466666666667,31.82,32.725,8.933333333333332,35.40000000000001,38.894999999999996,54.585,12.375000000000004,10.070000000000002,62.393333333333324,14.106666666666667,23.869999999999994,37.69333333333332,44.44166666666668,61.07833333333334
2024-03-29,18.099999999999998,23.633333333333336,40.67333333333333,67.46666666666667,29.68333333333334,106.8333333333333,31.82,32.650000000000006,8.966666666666665,35.300000000000004,38.830000000000005,54.70000000000001,12.35,10.04,62.45666666666666,14.07333333333333,23.840000000000003,37.91666666666665,44.43333333333333,61.15666666666668
2024-03-30,17.949999999999996,23.600000000000005,40.89999999999999,67.6,29.650000000000006,107.42000000000002,31.82,32.575,8.999999999999998,35.199999999999996,38.765,54.815,12.325,10.01,62.52000000000001,14.04,23.81,38.140000000000015,44.425000000000004,61.23500000000001
2024-03-31,17.799999999999997,23.56666666666667,41.12666666666667,67.73333333333333,29.61666666666667,108.00666666666669,31.82,32.500000000000014,9.033333333333333,35.10000000000002,38.7,54.929999999999986,12.3,9.980000000000002,62.583333333333336,14.006666666666662,23.779999999999994,38.36333333333333,44.41666666666666,61.31333333333334
2024-04-01,17.649999999999995,23.533333333333335,41.35333333333333,67.86666666666669,29.58333333333334,108.59333333333336,31.82,32.42499999999999,9.066666666666666,35.0,38.635000000000005,55.045000000000016,12.275000000000006,9.95,62.64666666666666,13.973333333333331,23.75,38.586666666666666,44.40833333333333,61.39166666666667
2024-04-02,17.499999999999996,23.499999999999993,41.58,67.99999999999999,29.550000000000004,109.17999999999999,31.82,32.35000000000001,9.1,34.9,38.57000000000002,55.15999999999998,12.249999999999998,9.92,62.71,13.939999999999994,23.719999999999995,38.81000000000001,44.399999999999984,61.47000000000001
2024-04-03,18.199999999999996,23.9,40.63000000000002,69.79999999999998,29.799999999999997,107.97999999999999,32.64,32.4,9.200000000000001,34.9,38.67,55.25999999999999,12.450000000000001,10.0,62.9,13.939999999999994,24.349999999999998,40.339999999999996,44.45,61.87
2024-04-04,18.399999999999995,24.266666666666673,41.15666666666667,70.23333333333335,30.06666666666667,108.46666666666668,32.57999999999999,32.66666666666666,9.200000000000001,35.7,39.06000000000001,56.12,12.633333333333333,10.133333333333335,62.96333333333333,14.10333333333333,24.636666666666663,40.273333333333326,44.550000000000004,61.98333333333333
2024-04-05,18.600000000000005,24.63333333333334,41.68333333333333,70.66666666666666,30.33333333333334,108.95333333333332,32.519999999999996,32.93333333333334,9.200000000000001,36.5,39.45,56.98,12.816666666666666,10.266666666666667,63.02666666666667,14.266666666666664,24.92333333333333,40.206666666666656,44.64999999999999,62.09666666666664
2024-04-06,18.799999999999997,25.000000000000007,42.21,71.1,30.600000000000012,109.44000000000001,32.46,33.199999999999996,9.200000000000001,37.29999999999998,39.839999999999996,57.83999999999998,13.000000000000004,10.400000000000002,63.089999999999996,14.430000000000005,25.209999999999994,40.14,44.75,62.21
2024-04-07,18.299999999999997,25.49999999999999,43.65,71.2,30.549999999999997,112.61,32.82,32.79999999999998,9.200000000000001,37.95000000000002,40.040000000000006,58.82999999999998,13.200000000000001,10.2,65.2,14.33,24.94,40.73,44.999999999999986,62.14
2024-04-08,18.299999999999997,28.000000000000004,46.66999999999999,72.3,31.599999999999994,112.34999999999998,32.72999999999999,32.6,9.1,38.8,42.2,58.629999999999995,13.500000000000005,10.3,65.11,15.030000000000003,24.53,40.53999999999999,45.4,62.21
2024-04-09,18.299999999999997,28.499999999999993,49.910000000000004,71.40000000000002,31.7,111.75000000000001,32.72999999999999,32.900000000000006,9.200000000000001,38.30000000000002,41.71,58.43999999999999,13.450000000000003,10.05,63.85999999999999,14.930000000000003,24.259999999999994,40.339999999999996,45.4,61.87
2024-04-10,18.299999999999997,29.4,53.06,70.8,32.14999999999999,112.34999999999998,32.72999999999999,32.85000000000001,9.399999999999997,40.00000000000001,43.08000000000001,58.43999999999999,13.200000000000001,10.400000000000002,63.760000000000005,15.130000000000003,25.2,40.88000000000002,44.999999999999986,61.54
2024-04-11,18.499999999999996,29.4,52.91,70.8,32.133333333333326,111.98000000000002,32.82,32.66666666666666,9.366666666666662,39.949999999999996,43.146666666666675,58.24,13.366666666666662,10.633333333333335,63.53666666666666,15.196666666666665,25.299999999999997,40.946666666666665,44.999999999999986,61.31666666666666
2024-04-12,18.699999999999996,29.4,52.75999999999999,70.8,32.11666666666666,111.61000000000001,32.91,32.48333333333333,9.333333333333336,39.89999999999999,43.213333333333345,58.040000000000006,13.533333333333335,10.866666666666667,63.31333333333334,15.263333333333334,25.400000000000002,41.013333333333335,44.999999999999986,61.09333333333332
2024-04-13,18.9,29.4,52.60999999999999,70.8,32.1,111.24000000000005,33.00000000000001,32.29999999999999,9.300000000000002,39.85000000000001,43.28000000000001,57.83999999999998,13.699999999999998,11.1,63.089999999999996,15.330000000000002,25.5,41.079999999999984,44.999999999999986,60.87
2024-04-14,18.9,28.999999999999993,56.21999999999999,70.59999999999998,31.9,111.91999999999999,32.64,32.29999999999999,9.300000000000002,39.49999999999997,42.69000000000001,59.61999999999999,13.550000000000004,11.699999999999996,63.760000000000005,15.130000000000003,25.299999999999997,41.22999999999999,46.05000000000001,60.60000000000001
2024-04-15,19.590000000000003,29.200000000000006,56.760000000000005,72.20000000000002,31.9,115.01,33.089999999999996,32.35000000000001,9.200000000000001,42.249999999999986,42.79000000000001,60.31999999999998,13.550000000000004,11.699999999999996,64.24,15.030000000000003,25.5,41.92,46.35000000000001,60.87
2024-04-16,19.590000000000003,30.60000000000001,54.6,72.40000000000002,32.6,116.11999999999998,33.459999999999994,33.199999999999996,9.300000000000002,42.35,44.74999999999999,59.43,13.650000000000004,11.5,64.44,15.63,25.799999999999997,43.5,46.75,61.940000000000005
2024-04-17,19.590000000000003,30.500000000000007,55.219999999999985,75.49999999999999,32.6,115.34999999999997,33.55,33.10000000000001,9.399999999999997,42.99999999999999,44.650000000000006,59.12999999999998,14.600000000000007,11.600000000000001,64.24,15.930000000000005,26.050000000000004,43.5,46.85000000000001,61.400000000000006
2024-04-18,19.590000000000003,30.166666666666668,54.529999999999994,75.80000000000001,32.51666666666666,114.92333333333329,33.55,33.18333333333332,9.399999999999997,42.83333333333333,44.39000000000003,59.26333333333333,14.65,11.55,64.05,15.83,25.96666666666667,43.38666666666666,46.79999999999999,61.42333333333332
2024-04-19,19.590000000000003,29.83333333333332,53.84000000000002,76.10000000000001,32.43333333333334,114.49666666666666,33.55,33.26666666666667,9.399999999999997,42.66666666666666,44.13000000000002,59.39666666666666,14.699999999999996,11.5,63.85999999999999,15.73,25.883333333333333,43.27333333333333,46.75,61.446666666666665
2024-04-20,19.590000000000003,29.499999999999982,53.15000000000001,76.4,32.349999999999994,114.07,33.55,33.35,9.399999999999997,42.49999999999999,43.87000000000002,59.52999999999998,14.750000000000004,11.45,63.67,15.63,25.799999999999997,43.16,46.7,61.47000000000001
2024-04-21,18.299999999999997,30.800000000000004,55.39999999999998,75.80000000000001,32.89999999999999,116.64,33.18,33.64999999999999,9.499999999999998,43.85,44.56000000000002,60.02,14.899999999999999,11.45,63.48,16.029999999999998,25.5,43.6,46.449999999999996,60.94
2024-04-22,18.299999999999997,30.200000000000003,55.14,73.89999999999999,32.5,118.35,33.27,32.99999999999999,10.4,43.4,44.160000000000004,60.52,14.2,11.400000000000002,63.089999999999996,16.52,26.5,44.58999999999999,45.5,60.67000000000001
2024-04-23,18.299999999999997,31.099999999999998,57.30000000000001,75.80000000000001,33.0,117.93,33.589999999999996,33.24999999999999,10.500000000000002,43.79999999999998,44.95000000000001,61.50999999999999,14.600000000000007,11.850000000000001,64.24,16.72,26.549999999999994,45.38000000000001,45.55,60.87
2024-04-24,18.299999999999997,29.900000000000013,53.78000000000001,73.49999999999999,31.7,113.12000000000003,32.36,32.500000000000014,9.7,42.0,43.08000000000001,60.02,14.45,11.3,63.279999999999994,15.83,25.949999999999996,43.4,44.949999999999996,60.34000000000002
2024-04-25,18.299999999999997,30.0,53.57,73.49999999999999,31.783333333333328,113.38000000000001,32.42333333333333,32.46666666666667,9.733333333333334,42.099999999999994,43.40666666666667,59.856666666666676,14.499999999999996,11.3,63.31333333333334,15.926666666666662,25.783333333333324,43.4,44.983333333333334,60.34000000000002
2024-04-26,18.299999999999997,30.1,53.359999999999985,73.49999999999999,31.866666666666664,113.64,32.48666666666666,32.43333333333334,9.766666666666667,42.19999999999999,43.73333333333333,59.693333333333335,14.550000000000004,11.3,63.346666666666664,16.023333333333333,25.616666666666667,43.4,45.01666666666668,60.34000000000002
2024-04-27,18.299999999999997,30.200000000000003,53.15000000000001,73.49999999999999,31.949999999999992,113.9,32.54999999999999,32.4,9.8,42.299999999999976,44.06000000000002,59.52999999999998,14.600000000000007,11.3,63.38000000000001,16.120000000000005,25.449999999999996,43.4,45.050000000000004,60.34000000000002
2024-04-28,17.799999999999997,30.9,55.95,75.49999999999999,32.1,117.50000000000006,32.960000000000015,32.199999999999996,9.7,43.85,44.46,61.010000000000005,14.95,12.050000000000002,64.05,16.32,25.599999999999994,43.699999999999996,45.050000000000004,60.67000000000001
2024-04-29,17.799999999999997,30.60000000000001,54.049999999999976,75.00000000000001,31.649999999999995,116.38000000000002,32.46,31.65,10.000000000000004,42.84999999999999,43.38,60.02,14.600000000000007,12.6,63.57000000000001,15.930000000000005,25.400000000000002,44.40000000000001,44.399999999999984,60.069999999999986
2024-04-30,17.209999999999997,30.39999999999999,53.33,77.2,32.0,115.78000000000002,32.77,31.799999999999994,9.900000000000002,43.500000000000014,43.08000000000001,62.299999999999976,14.65,12.500000000000002,63.0,16.029999999999998,24.999999999999996,43.699999999999996,43.14999999999999,59.26
2024-05-01,17.31,30.500000000000007,54.86000000000001,76.60000000000001,31.649999999999995,115.43999999999997,32.91,31.9,9.7,42.49999999999999,42.59000000000001,63.09999999999999,14.499999999999996,12.700000000000001,62.71,15.83,25.2,43.99999999999999,43.55,58.33000000000001
2024-05-02,17.77333333333333,30.800000000000004,56.12333333333332,76.96666666666668,31.866666666666664,116.09666666666666,33.45666666666666,32.133333333333326,9.766666666666667,42.683333333333344,42.719999999999985,63.22999999999999,14.666666666666666,12.983333333333333,62.933333333333344,15.926666666666662,25.46666666666667,44.333333333333314,43.68333333333333,58.55333333333334
2024-05-03,18.236666666666665,31.099999999999998,57.38666666666665,77.33333333333333,32.08333333333334,116.75333333333332,34.00333333333333,32.36666666666665,9.833333333333336,42.866666666666646,42.85000000000001,63.360000000000014,14.833333333333334,13.26666666666667,63.156666666666666,16.023333333333333,25.73333333333332,44.66666666666666,43.81666666666668,58.77666666666667
2024-05-04,18.699999999999996,31.39999999999999,58.65000000000001,77.7,32.300000000000004,117.41000000000004,34.54999999999999,32.6,9.900000000000002,43.05000000000001,42.97999999999998,63.48999999999999,14.999999999999998,13.550000000000002,63.38000000000001,16.120000000000005,26.0,44.99999999999999,43.95,59.0
2024-05-05,18.600000000000005,32.19999999999998,61.71000000000002,77.49999999999999,32.25,119.3,34.09,32.79999999999998,10.000000000000004,43.89999999999999,43.38,63.29999999999998,14.400000000000002,14.45,63.279999999999994,16.420000000000005,25.799999999999997,44.95,44.10000000000001,59.33000000000001
2024-05-06,18.699999999999996,32.100000000000016,60.539999999999964,78.09999999999998,31.7,120.15999999999998,33.67999999999999,32.4,9.900000000000002,44.799999999999976,42.69000000000001,61.50999999999999,14.250000000000002,15.450000000000001,65.68,16.029999999999998,25.799999999999997,43.84999999999999,44.20000000000001,59.399999999999984
2024-05-07,17.799999999999997,31.900000000000006,61.61999999999998,78.09999999999998,31.8,119.73000000000002,33.18,32.6,9.8,44.35000000000002,42.79000000000001,61.40999999999999,14.3,15.850000000000001,64.44,15.930000000000005,25.750000000000007,42.5,43.699999999999996,59.529999999999994
2024-05-08,18.799999999999997,31.5,61.61999999999998,77.60000000000001,31.7,121.78,33.91,32.79999999999998,10.099999999999998,44.35000000000002,43.08000000000001,61.610000000000014,14.400000000000002,16.55,65.01,16.120000000000005,25.599999999999994,42.64999999999999,43.50000000000001,59.199999999999996
2024-05-09,18.799999999999997,31.53333333333333,61.949999999999996,77.43333333333332,31.733333333333327,122.35333333333334,33.91,33.03333333333333,10.066666666666663,44.499999999999986,43.146666666666675,61.90666666666667,14.266666666666671,16.533333333333335,64.82000000000001,16.186666666666667,25.566666666666663,42.699999999999996,43.483333333333356,59.08666666666666
2024-05-10,18.799999999999997,31.56666666666666,62.279999999999994,77.26666666666665,31.76666666666666,122.92666666666666,33.91,33.26666666666667,10.03333333333333,44.65,43.213333333333345,62.20333333333333,14.133333333333336,16.516666666666662,64.63,16.25333333333333,25.53333333333333,42.74999999999999,43.46666666666666,58.97333333333334
2024-05-11,18.799999999999997,31.599999999999994,62.60999999999999,77.09999999999998,31.8,123.5,33.91,33.49999999999999,10.000000000000004,44.799999999999976,43.28000000000001,62.50000000000001,14.000000000000002,16.499999999999996,64.44,16.32,25.5,42.79999999999998,43.44999999999999,58.86000000000001
2024-05-12,18.799999999999997,31.2,61.799999999999976,75.80000000000001,32.1,125.64000000000003,33.81999999999999,33.199999999999996,9.900000000000002,45.1,43.67,61.809999999999995,14.2,17.55,63.760000000000005,16.420000000000005,25.349999999999998,43.0,43.2,58.33000000000001
2024-05-13,17.899999999999995,31.2,62.699999999999996,77.8,32.45,131.09,34.5,33.49999999999999,9.900000000000002,45.75,44.56000000000002,62.89999999999999,14.2,17.400000000000002,64.24,16.620000000000005,25.799999999999997,43.5,43.29999999999999,59.33000000000001
2024-05-14,17.499999999999996,31.599999999999994,63.060000000000024,78.59999999999998,32.2,129.1,35.089999999999996,33.9,10.099999999999998,45.2,44.46,63.48999999999999,13.950000000000003,17.25,64.15,16.420000000000005,26.299999999999997,44.1,43.2,59.129999999999995
2024-05-15,17.599999999999998,30.500000000000007,63.060000000000024,78.0,31.199999999999996,130.09999999999997,34.09,32.79999999999998,9.900000000000002,42.79999999999999,42.89000000000001,62.50000000000001,13.299999999999999,17.3,63.48,15.529999999999996,25.599999999999994,42.1,42.0,58.530000000000015
2024-05-16,17.699999999999996,30.166666666666668,62.43,77.4,31.150000000000002,129.37000000000003,34.10666666666667,32.78333333333333,10.03333333333333,42.76666666666666,42.693333333333335,62.17,13.333333333333336,17.5,63.41333333333333,15.529999999999996,25.400000000000002,41.733333333333334,42.0,58.43999999999999
2024-05-17,17.799999999999997,29.83333333333332,61.799999999999976,76.80000000000001,31.099999999999994,128.63999999999996,34.123333333333335,32.76666666666667,10.166666666666673,42.733333333333334,42.496666666666655,61.83999999999999,13.36666666666667,17.7,63.34666666666666,15.529999999999996,25.2,41.36666666666667,42.0,58.349999999999994
2024-05-18,17.899999999999995,29.499999999999982,61.17000000000001,76.2,31.05,127.90999999999998,34.14,32.749999999999986,10.3,42.69999999999998,42.3,61.50999999999999,13.400000000000004,17.899999999999995,63.279999999999994,15.529999999999996,24.999999999999996,41.0,42.0,58.260000000000005
2024-05-19,16.909999999999997,29.099999999999998,61.61999999999998,76.2,31.399999999999988,127.12000000000002,34.36,32.35000000000001,10.3,42.99999999999999,42.79000000000001,61.71,13.599999999999996,19.15,63.19,15.83,24.899999999999988,41.74999999999999,42.10000000000001,58.260000000000005
2024-05-20,18.499999999999996,29.200000000000006,62.97,75.60000000000001,31.45,130.59000000000006,34.27,32.500000000000014,10.000000000000004,43.09999999999999,42.79000000000001,62.8,12.8,19.9,62.60999999999999,15.83,24.55,41.800000000000004,41.50000000000001,57.930000000000014
2024-05-21,17.599999999999998,29.4,62.97,75.80000000000001,31.349999999999987,132.38000000000005,34.14,32.199999999999996,10.000000000000004,42.650000000000006,42.5,62.99999999999999,12.55,18.55,63.279999999999994,15.83,24.450000000000006,41.2,41.45000000000001,57.52
2024-05-22,18.099999999999998,30.0,63.60000000000001,76.2,31.45,135.16000000000003,34.09,32.199999999999996,9.8,42.69999999999998,42.2,62.99999999999999,12.399999999999999,19.1,63.279999999999994,15.73,24.1,40.9,41.649999999999984,57.52
2024-05-23,18.69666666666667,29.266666666666666,62.33999999999999,75.36666666666669,30.833333333333325,133.83666666666673,33.83333333333333,32.01666666666667,9.7,41.71666666666666,41.676666666666684,62.50333333333335,12.466666666666669,18.683333333333334,63.12,15.396666666666665,24.133333333333322,40.849999999999994,41.46666666666666,57.40999999999998
2024-05-24,19.293333333333333,28.53333333333333,61.080000000000034,74.53333333333332,30.21666666666669,132.5133333333333,33.57666666666667,31.833333333333325,9.6,40.73333333333332,41.153333333333336,62.00666666666665,12.533333333333331,18.266666666666666,62.96,15.063333333333334,24.166666666666668,40.79999999999999,41.283333333333324,57.3
2024-05-25,19.889999999999997,27.8,59.81999999999999,73.69999999999999,29.600000000000005,131.19,33.31999999999999,31.65,9.499999999999998,39.74999999999999,40.63000000000001,61.50999999999999,12.600000000000003,17.85,62.800000000000004,14.73000000000001,24.2,40.75,41.1,57.19
2024-05-26,18.399999999999995,28.10000000000001,57.390000000000015,73.89999999999999,29.9,129.1,33.73,31.600000000000016,9.7,39.89999999999999,40.92,61.50999999999999,12.499999999999998,17.25,62.800000000000004,14.930000000000003,24.2,41.6,41.2,57.19
2024-05-27,18.399999999999995,28.199999999999992,58.37999999999998,74.00000000000001,29.749999999999996,130.89000000000004,33.64000000000001,31.3,9.7,39.650000000000006,40.92,62.10000000000001,12.700000000000001,17.85,62.52000000000001,14.930000000000003,23.999999999999996,41.6,41.2,56.99
2024-05-28,18.399999999999995,27.5,57.120000000000005,74.49999999999999,29.749999999999996,131.88,34.09,31.3,10.4,38.5,40.430000000000014,62.89999999999999,12.450000000000001,18.4,62.60999999999999,14.73000000000001,24.299999999999994,42.0,40.99999999999999,56.99
2024-05-29,18.399999999999995,27.2,54.96,74.69999999999999,28.800000000000008,129.6,33.55,30.999999999999993,10.4,38.55,39.839999999999996,62.40000000000003,12.1,17.400000000000002,62.800000000000004,14.73000000000001,23.699999999999996,41.4,41.2,56.99
2024-05-30,18.399999999999995,27.33333333333333,55.349999999999994,75.13333333333334,29.0,128.97000000000006,33.57999999999999,31.333333333333336,10.3,38.9,39.97333333333333,63.53333333333334,12.133333333333333,17.599999999999994,62.96,14.796666666666672,23.800000000000004,41.53333333333333,41.25,57.19
2024-05-31,18.399999999999995,27.46666666666667,55.74,75.56666666666663,29.2,128.34,33.60999999999999,31.666666666666657,10.2,39.25,40.10666666666667,64.66666666666664,12.166666666666666,17.799999999999997,63.12,14.86333333333333,23.9,41.66666666666665,41.29999999999999,57.38999999999999
2024-06-01,18.399999999999995,27.60000000000001,56.129999999999995,76.00000000000001,29.400000000000006,127.71000000000002,33.64000000000001,31.999999999999993,10.099999999999998,39.60000000000001,40.24,65.8,12.2,17.999999999999996,63.279999999999994,14.930000000000003,23.999999999999996,41.800000000000004,41.35000000000001,57.589999999999996
2024-06-02,18.399999999999995,28.300000000000004,56.94000000000001,76.29999999999998,29.749999999999996,127.12000000000002,34.46,32.29999999999999,10.099999999999998,40.150000000000006,41.510000000000005,66.0,12.3,17.85,63.48,15.130000000000003,24.499999999999996,43.15000000000001,41.599999999999994,59.0
2024-06-03,18.9,28.10000000000001,56.58,76.5,30.000000000000004,130.09999999999997,34.41,32.35000000000001,10.099999999999998,39.650000000000006,41.32000000000001,65.49999999999999,12.249999999999998,18.6,63.48,15.130000000000003,24.24999999999999,43.0,41.35000000000001,59.199999999999996
2024-06-04,18.199999999999996,28.70000000000001,58.02000000000001,76.80000000000001,29.9,134.86,34.5,32.29999999999999,10.000000000000004,39.54999999999998,41.71,65.1,12.35,18.350000000000005,63.67,15.230000000000002,24.1,43.0,41.4,58.86000000000001
2024-06-05,18.199999999999996,28.600000000000005,57.839999999999996,76.7,29.9,137.74,34.82,32.7,10.000000000000004,39.3,41.910000000000004,65.6,11.95,18.3,64.44,15.130000000000003,23.75,43.99999999999999,41.4,58.86000000000001
2024-06-06,18.499999999999996,29.333333333333332,57.72,76.53333333333333,30.033333333333324,138.04000000000002,34.486666666666665,32.66666666666668,9.96666666666667,39.449999999999996,42.00666666666668,66.06666666666666,11.900000000000002,18.4,64.56666666666666,15.196666666666665,23.516666666666666,44.03333333333333,41.066666666666634,58.68333333333334
2024-06-07,18.799999999999997,30.066666666666663,57.60000000000001,76.36666666666667,30.16666666666666,138.34,34.153333333333336,32.633333333333326,9.933333333333337,39.60000000000001,42.103333333333346,66.53333333333332,11.85,18.5,64.69333333333333,15.263333333333334,23.28333333333333,44.06666666666666,40.733333333333334,58.50666666666668
2024-06-08,19.099999999999998,30.800000000000004,57.47999999999998,76.2,30.299999999999997,138.64000000000001,33.81999999999999,32.6,9.900000000000002,39.74999999999999,42.2,67.00000000000001,11.8,18.6,64.82,15.330000000000002,23.05000000000001,44.1,40.39999999999999,58.33000000000001
2024-06-09,19.099999999999998,30.9,58.11000000000001,76.5,30.549999999999997,136.54999999999995,34.09,32.7,10.000000000000004,42.0,43.38,66.79999999999998,11.95,18.4,64.72,15.63,23.29999999999999,43.4,40.8,58.92999999999999
2024-06-10,19.099999999999998,31.599999999999994,59.640000000000015,76.80000000000001,30.04999999999999,133.07,34.46,32.4,10.000000000000004,41.39999999999999,42.59000000000001,65.2,12.000000000000002,17.799999999999997,64.05,15.330000000000002,23.1,42.95000000000001,40.6,59.26
2024-06-11,19.099999999999998,31.2,58.74,75.80000000000001,29.799999999999997,132.07999999999998,35.05,32.199999999999996,9.900000000000002,42.15,42.2,64.79999999999998,12.05,17.55,63.57000000000001,15.230000000000002,23.64999999999999,43.0,41.1,58.92999999999999
2024-06-12,17.599999999999998,30.60000000000001,57.47999999999998,74.80000000000001,29.84999999999999,132.88,34.54999999999999,31.999999999999993,9.900000000000002,41.699999999999996,41.910000000000004,64.79999999999998,12.2,17.55,63.57000000000001,15.030000000000003,23.349999999999994,43.0,41.74999999999999,58.6
2024-06-13,17.666666666666664,30.833333333333336,56.96999999999999,74.69999999999999,29.81666666666666,132.5133333333333,34.486666666666665,32.03333333333334,9.866666666666669,41.81666666666668,42.00666666666668,64.63333333333333,12.15,17.150000000000002,63.53999999999999,15.030000000000003,23.28333333333333,43.266666666666666,41.61666666666667,58.57666666666667
2024-06-14,17.73333333333333,31.06666666666666,56.459999999999994,74.6,29.78333333333333,132.14666666666665,34.42333333333333,32.06666666666667,9.833333333333336,41.93333333333331,42.103333333333346,64.46666666666665,12.1,16.75,63.50999999999999,15.030000000000003,23.21666666666667,43.53333333333333,41.48333333333331,58.55333333333334
2024-06-15,17.799999999999997,31.299999999999997,55.95,74.49999999999999,29.749999999999996,131.78,34.36,32.099999999999994,9.8,42.05,42.2,64.29999999999998,12.05,16.35,63.48,15.030000000000003,23.150000000000006,43.8,41.35000000000001,58.530000000000015
2024-06-16,17.799999999999997,30.9,54.049999999999976,74.00000000000001,29.699999999999996,133.07,34.36,32.500000000000014,9.7,42.099999999999994,42.2,64.1,12.05,16.499999999999996,63.38000000000001,15.030000000000003,22.4,43.99999999999999,41.04999999999998,58.79999999999999
2024-06-17,17.799999999999997,29.200000000000006,50.63000000000001,71.8,28.500000000000007,130.99,33.55,32.99999999999999,9.6,41.09999999999999,40.73,63.5,11.85,15.4,63.0,14.140000000000004,20.949999999999996,42.0,40.6,58.86000000000001
2024-06-18,17.599999999999998,29.7,51.53000000000001,71.2,28.75,127.01999999999998,33.459999999999994,33.44999999999999,9.6,41.300000000000004,41.61,65.0,12.35,15.35,63.19,14.430000000000005,21.099999999999998,42.3,40.54999999999999,58.86000000000001
2024-06-19,17.599999999999998,28.999999999999993,50.449999999999996,71.0,28.049999999999994,125.13000000000002,33.27,33.399999999999984,9.6,39.89999999999999,41.510000000000005,65.6,11.95,14.599999999999998,62.60999999999999,14.140000000000004,20.249999999999993,41.05,40.75000000000001,58.530000000000015
2024-06-20,17.833333333333336,28.866666666666664,49.879999999999995,71.40000000000002,27.799999999999994,124.50000000000001,33.120000000000005,33.48333333333333,9.6,38.98333333333333,41.08666666666667,65.49999999999999,11.95,14.383333333333333,62.64333333333333,14.006666666666668,20.200000000000003,41.03333333333333,40.75000000000001,58.57333333333332
2024-06-21,18.066666666666663,28.733333333333327,49.31000000000001,71.8,27.55,123.87,32.970000000000006,33.56666666666667,9.6,38.06666666666667,40.66333333333335,65.39999999999999,11.95,14.166666666666666,62.67666666666668,13.873333333333331,20.15,41.016666666666666,40.75000000000001,58.61666666666666
2024-06-22,18.299999999999997,28.600000000000005,48.739999999999995,72.20000000000002,27.3,123.24,32.82,33.64999999999999,9.6,37.14999999999999,40.24,65.29999999999998,11.95,13.950000000000001,62.71,13.74,20.099999999999994,41.0,40.75000000000001,58.66
2024-06-23,18.299999999999997,27.89999999999999,48.739999999999995,71.0,27.44999999999999,124.63000000000001,32.27,32.4,9.499999999999998,34.699999999999996,39.75,62.50000000000001,11.599999999999998,14.900000000000002,63.19,13.74,19.449999999999996,41.1,40.85000000000001,58.530000000000015
2024-06-24,18.999999999999996,28.400000000000002,49.10000000000001,71.5,27.6,125.13000000000002,32.72999999999999,32.199999999999996,9.499999999999998,35.40000000000001,40.24,61.39999999999999,11.85,14.599999999999998,62.9,13.74,20.200000000000003,42.0,40.900000000000006,58.530000000000015
2024-06-25,17.899999999999995,28.199999999999992,48.11,71.0,27.700000000000003,124.14000000000003,32.72999999999999,31.54999999999999,9.300000000000002,35.7,40.24,60.99999999999999,11.749999999999998,14.050000000000002,62.9,13.539999999999996,20.050000000000004,41.54999999999999,41.599999999999994,58.40000000000001
2024-06-26,17.899999999999995,28.9,50.9,74.00000000000001,27.949999999999992,127.12000000000002,32.72999999999999,32.050000000000004,9.200000000000001,35.15000000000001,41.02,60.99999999999999,12.05,13.950000000000001,63.089999999999996,13.74,19.85,41.74999999999999,41.599999999999994,58.40000000000001
2024-06-27,18.199999999999996,28.866666666666664,50.930000000000014,74.00000000000001,27.88333333333333,127.45,32.79,32.06666666666665,9.333333333333329,35.40000000000001,40.823333333333345,61.33333333333333,12.166666666666671,14.083333333333332,63.53999999999999,13.773333333333332,19.749999999999993,41.68333333333332,41.599999999999994,58.40000000000001
2024-06-28,18.499999999999996,28.833333333333325,50.959999999999994,74.00000000000001,27.816666666666666,127.78000000000004,32.84999999999999,32.08333333333333,9.466666666666663,35.64999999999999,40.62666666666668,61.66666666666666,12.283333333333331,14.216666666666674,63.99,13.806666666666668,19.65,41.616666666666674,41.599999999999994,58.40000000000001
2024-06-29,18.799999999999997,28.799999999999997,50.98999999999998,74.00000000000001,27.75,128.11000000000004,32.91,32.099999999999994,9.6,35.900000000000006,40.430000000000014,61.999999999999986,12.399999999999999,14.350000000000001,64.44,13.840000000000005,19.55,41.54999999999999,41.599999999999994,58.40000000000001
2024-06-30,18.600000000000005,28.600000000000005,49.910000000000004,74.6,27.399999999999988,127.12000000000002,32.72999999999999,31.999999999999993,9.399999999999997,35.199999999999996,39.940000000000005,62.99999999999999,12.15,14.000000000000002,64.92,13.64,18.999999999999996,41.800000000000004,42.199999999999996,58.530000000000015
2024-07-01,18.600000000000005,28.600000000000005,49.55,74.1,27.700000000000003,127.71000000000002,32.960000000000015,31.999999999999993,9.300000000000002,34.85,39.839999999999996,63.79999999999999,12.15,13.3,68.66,13.74,18.999999999999996,41.14999999999999,42.300000000000004,59.67
2024-07-02,17.699999999999996,28.000000000000004,46.13,71.8,27.849999999999994,123.94,31.64,31.450000000000003,9.1,32.45000000000002,39.26,62.10000000000001,11.8,13.3,67.41,13.840000000000005,17.699999999999996,39.300000000000004,42.10000000000001,60.67000000000001
2024-07-03,17.699999999999996,28.499999999999993,47.11999999999999,72.20000000000002,27.899999999999995,122.35000000000002,31.82,31.54999999999999,9.200000000000001,34.699999999999996,39.26,62.89999999999999,12.1,13.500000000000002,68.56,13.840000000000005,17.999999999999996,39.50000000000001,42.0,59.33000000000001
2024-07-04,17.83333333333333,27.633333333333336,46.023333333333355,71.63333333333334,27.249999999999996,120.82666666666668,31.66666666666667,31.083333333333318,9.066666666666666,34.66666666666667,38.54,62.46666666666666,11.933333333333334,13.200000000000003,67.88666666666667,13.439999999999996,17.666666666666664,38.93333333333333,41.766666666666666,58.92999999999999
2024-07-05,17.966666666666665,26.766666666666666,44.92666666666667,71.06666666666668,26.599999999999998,119.30333333333331,31.51333333333333,30.616666666666667,8.933333333333332,34.63333333333333,37.82,62.033333333333324,11.766666666666666,12.900000000000002,67.21333333333334,13.039999999999997,17.333333333333336,38.36666666666666,41.53333333333333,58.530000000000015
2024-07-06,18.099999999999998,25.9,43.83,70.5,25.949999999999996,117.78000000000002,31.35999999999999,30.15000000000001,8.800000000000004,34.6,37.10000000000001,61.6,11.599999999999998,12.6,66.54,12.639999999999993,16.999999999999993,37.8,41.29999999999999,58.13000000000001
2024-07-07,18.099999999999998,26.39999999999999,45.13999999999999,73.20000000000002,26.350000000000005,119.96999999999996,32.09,30.55,8.899999999999999,36.55,37.69000000000002,62.299999999999976,11.85,13.200000000000003,69.71,12.840000000000003,17.499999999999993,39.199999999999996,41.29999999999999,58.40000000000001
2024-07-08,18.099999999999998,26.7,45.949999999999996,73.00000000000001,26.54999999999999,121.16,32.46,30.200000000000003,8.899999999999999,35.99999999999999,37.69000000000002,62.299999999999976,11.550000000000004,13.0,70.76,12.939999999999998,17.800000000000004,39.15,42.349999999999994,58.66
2024-07-09,18.099999999999998,26.9,43.870000000000005,74.49999999999999,26.15,120.56000000000002,32.05,30.200000000000003,8.700000000000003,34.949999999999996,37.28999999999999,62.40000000000003,10.75,12.650000000000004,69.71,12.840000000000003,17.300000000000004,38.099999999999994,41.800000000000004,58.40000000000001
2024-07-10,18.399999999999995,27.400000000000002,45.77000000000001,75.2,26.599999999999998,126.01999999999997,32.40999999999999,31.500000000000007,8.700000000000003,36.099999999999994,37.88000000000001,65.6,10.449999999999998,12.75,70.28,12.939999999999998,17.699999999999996,38.99999999999999,41.2,58.66
2024-07-11,18.000000000000004,27.533333333333328,46.069999999999986,75.2,26.683333333333334,127.04666666666672,32.42666666666666,31.566666666666674,8.733333333333336,36.30000000000001,38.07666666666668,65.93333333333332,10.46666666666667,12.766666666666667,70.18666666666667,13.006666666666666,17.633333333333333,38.983333333333334,40.99999999999999,58.68333333333334
2024-07-12,17.599999999999998,27.666666666666657,46.370000000000005,75.2,26.76666666666667,128.0733333333333,32.443333333333335,31.633333333333326,8.766666666666671,36.5,38.27333333333333,66.26666666666667,10.48333333333333,12.783333333333331,70.09333333333333,13.073333333333334,17.56666666666667,38.966666666666676,40.8,58.70666666666667
2024-07-13,17.199999999999996,27.8,46.66999999999999,75.2,26.85,129.1,32.46,31.699999999999992,8.800000000000004,36.70000000000002,38.470000000000006,66.6,10.5,12.8,70.0,13.139999999999997,17.499999999999993,38.95,40.6,58.73
2024-07-14,17.199999999999996,27.300000000000008,46.400000000000006,74.80000000000001,26.749999999999996,128.79999999999998,32.54999999999999,31.85,8.700000000000003,36.349999999999994,38.57000000000002,66.7,10.449999999999998,12.700000000000001,70.76,13.239999999999997,18.149999999999995,38.35,40.69999999999999,59.86999999999999
2024-07-15,17.199999999999996,27.300000000000008,45.86,76.5,26.700000000000003,128.61,32.46,31.799999999999994,8.800000000000004,36.14999999999999,38.28,66.6,10.050000000000002,12.6,70.96,13.139999999999997,17.9,38.05,40.8,58.86000000000001
2024-07-16,17.899999999999995,27.1,44.82000000000001,75.00000000000001,26.4,127.81000000000003,32.27,31.85,8.700000000000003,35.5,37.980000000000004,65.9,10.050000000000002,12.099999999999996,70.76,12.840000000000003,17.6,37.25,40.8,58.6
2024-07-17,18.399999999999995,28.000000000000004,47.03,77.3,27.199999999999996,129.70000000000005,33.769999999999996,32.500000000000014,8.999999999999998,37.95000000000002,38.86000000000001,69.0,10.400000000000004,12.6,70.76,13.239999999999997,18.799999999999994,39.50000000000001,41.14999999999999,58.92999999999999
2024-07-18,18.13333333333333,28.199999999999992,47.27,77.46666666666665,27.26666666666666,129.66666666666669,33.75666666666666,32.55,8.999999999999998,38.033333333333346,39.09000000000002,69.0,10.433333333333334,12.6,71.46333333333334,13.306666666666665,18.91666666666666,39.566666666666656,41.14999999999999,59.08666666666666
2024-07-19,17.866666666666664,28.400000000000002,47.51,77.63333333333333,27.33333333333332,129.63333333333333,33.743333333333325,32.6,8.999999999999998,38.11666666666668,39.32,69.0,10.46666666666667,12.6,72.16666666666667,13.373333333333328,19.033333333333328,39.633333333333326,41.14999999999999,59.24333333333333
2024-07-20,17.599999999999998,28.600000000000005,47.749999999999986,77.8,27.399999999999988,129.6,33.73,32.650000000000006,8.999999999999998,38.2,39.55,69.0,10.5,12.6,72.87,13.439999999999996,19.149999999999995,39.70000000000001,41.14999999999999,59.399999999999984
2024-07-21,17.599999999999998,28.499999999999993,47.839999999999996,77.60000000000001,27.650000000000002,130.59000000000006,34.31999999999999,33.199999999999996,8.999999999999998,39.05,39.55,69.5,10.600000000000001,12.700000000000001,72.49,13.339999999999996,20.449999999999996,40.6,41.7,60.74
2024-07-22,17.599999999999998,29.4,47.38999999999999,77.49999999999999,28.000000000000007,132.58000000000004,34.27,34.20000000000001,9.1,39.10000000000001,39.940000000000005,69.8,10.699999999999998,12.75,72.2,13.64,21.0,40.69999999999999,41.85,62.07
2024-07-23,17.599999999999998,28.999999999999993,49.280000000000015,78.0,27.799999999999994,132.88,34.18,34.599999999999994,9.1,39.05,39.839999999999996,70.0,10.5,12.75,71.15,13.539999999999996,21.399999999999995,40.69999999999999,41.55,61.81
2024-07-24,18.9,28.999999999999993,48.470000000000006,77.9,27.899999999999995,132.18000000000004,34.0,34.949999999999996,9.6,39.54999999999998,39.65,70.0,10.400000000000004,12.700000000000001,71.82,13.439999999999996,21.599999999999998,40.69999999999999,41.55,61.81
2024-07-25,18.600000000000005,28.833333333333325,48.17000000000001,77.33333333333336,27.799999999999994,131.65,34.09,34.83333333333333,9.533333333333331,39.41666666666667,39.583333333333336,69.93333333333335,10.416666666666664,12.616666666666665,71.33999999999999,13.40666666666666,21.699999999999992,40.68333333333333,41.74999999999999,61.72000000000001
2024-07-26,18.299999999999997,28.666666666666675,47.87,76.76666666666668,27.700000000000003,131.12,34.18,34.716666666666676,9.466666666666663,39.28333333333333,39.51666666666668,69.86666666666665,10.433333333333334,12.533333333333331,70.86,13.373333333333328,21.8,40.66666666666665,41.95000000000001,61.62999999999999
2024-07-27,18.000000000000004,28.499999999999993,47.57,76.2,27.6,130.59000000000006,34.27,34.599999999999994,9.399999999999997,39.150000000000006,39.45,69.8,10.449999999999998,12.450000000000001,70.38,13.339999999999996,21.899999999999995,40.64999999999999,42.15,61.54
2024-07-28,18.000000000000004,28.70000000000001,47.3,76.80000000000001,27.399999999999988,131.59000000000003,34.09,34.85,9.499999999999998,39.199999999999996,39.45,69.8,10.5,12.099999999999996,70.48,13.439999999999996,21.749999999999996,40.69999999999999,45.100000000000016,61.19999999999999
2024-07-29,18.000000000000004,28.9,47.11999999999999,77.09999999999998,27.6,132.38000000000005,34.05,34.89999999999999,9.499999999999998,38.85000000000001,39.45,69.40000000000002,11.0,12.250000000000002,70.86,13.339999999999996,21.899999999999995,40.9,44.399999999999984,60.94
2024-07-30,18.000000000000004,29.200000000000006,48.200000000000024,76.9,27.3,132.7800000000001,34.27,34.99999999999999,9.6,38.75,39.45,69.1,10.849999999999998,12.15,70.48,13.239999999999997,21.45,40.9,44.20000000000001,61.19999999999999
2024-07-31,16.699999999999996,29.200000000000006,47.57,76.5,27.44999999999999,133.87000000000003,34.27,35.05,9.300000000000002,38.99999999999999,40.040000000000006,69.8,10.65,11.899999999999999,70.86,13.239999999999997,21.549999999999994,41.0,44.20000000000001,61.34000000000002
2024-08-01,16.88,29.059999999999995,47.605999999999995,76.26,27.3,133.512,34.32599999999999,35.09999999999999,9.26,39.04000000000001,39.962,69.66000000000001,10.570000000000004,11.83,70.93599999999999,13.159999999999998,21.71999999999999,41.2,44.16000000000001,61.245999999999995
2024-08-02,17.06,28.92,47.641999999999996,76.01999999999998,27.15000000000001,133.1539999999999,34.382,35.14999999999999,9.220000000000004,39.08,39.884000000000015,69.52000000000002,10.49,11.759999999999998,71.012,13.08,21.890000000000004,41.4,44.120000000000005,61.152
2024-08-03,17.240000000000002,28.779999999999998,47.67799999999999,75.78,26.999999999999996,132.79600000000005,34.437999999999995,35.199999999999996,9.18,39.12000000000001,39.806,69.37999999999998,10.410000000000005,11.690000000000001,71.088,13.0,22.060000000000002,41.6,44.080000000000005,61.058
2024-08-04,17.419999999999998,28.640000000000008,47.71400000000002,75.53999999999999,26.85,132.438,34.494,35.24999999999999,9.139999999999997,39.160000000000004,39.72800000000001,69.23999999999998,10.329999999999998,11.62,71.164,12.919999999999996,22.23,41.800000000000004,44.04,60.96399999999999
2024-08-05,17.599999999999998,28.499999999999993,47.749999999999986,75.29999999999998,26.700000000000003,132.07999999999998,34.54999999999999,35.300000000000004,9.1,39.199999999999996,39.65,69.1,10.25,11.55,71.24,12.840000000000003,22.4,42.0,44.0,60.87
2024-08-06,17.599999999999998,28.499999999999993,46.93999999999999,74.1,26.25000000000001,129.70000000000005,34.5,34.99999999999999,9.200000000000001,39.199999999999996,39.26,67.89999999999999,10.199999999999998,11.5,71.63,12.739999999999993,21.850000000000005,41.1,45.050000000000004,60.27
2024-08-07,18.9,28.70000000000001,46.66999999999999,76.00000000000001,26.599999999999998,131.19,34.36,35.499999999999986,8.999999999999998,39.3,39.75,67.99999999999999,10.25,11.200000000000001,72.3,12.840000000000003,21.599999999999998,41.1,44.64999999999999,60.34000000000002
2024-08-08,18.9,28.70000000000001,46.43,75.80000000000001,26.666666666666668,130.92333333333332,34.29999999999999,35.48333333333334,8.999999999999998,39.11666666666669,39.81333333333334,67.83333333333333,10.300000000000002,11.316666666666668,72.10666666666667,12.840000000000003,21.63333333333333,41.1,44.33333333333334,60.34000000000002
2024-08-09,18.9,28.70000000000001,46.19,75.60000000000001,26.733333333333324,130.6566666666667,34.24,35.46666666666666,8.999999999999998,38.933333333333344,39.876666666666665,67.66666666666666,10.35,11.433333333333334,71.91333333333333,12.840000000000003,21.66666666666666,41.1,44.01666666666667,60.34000000000002
2024-08-10,18.9,28.70000000000001,45.949999999999996,75.4,26.799999999999997,130.39,34.18,35.44999999999999,8.999999999999998,38.75,39.940000000000005,67.49999999999999,10.400000000000004,11.55,71.72,12.840000000000003,21.699999999999992,41.1,43.699999999999996,60.34000000000002
2024-08-11,18.9,28.499999999999993,44.599999999999994,75.2,26.649999999999995,129.1,33.91,34.949999999999996,8.899999999999999,37.89999999999999,39.940000000000005,67.79999999999998,10.65,11.45,71.82,12.739999999999993,20.899999999999995,40.9,43.00000000000001,59.529999999999994
2024-08-12,18.9,28.199999999999992,45.32,75.1,26.4,129.70000000000005,33.91,34.949999999999996,8.899999999999999,38.2,39.75,67.79999999999998,10.600000000000001,11.75,71.53,12.739999999999993,21.150000000000002,40.9,43.00000000000001,59.129999999999995
2024-08-13,18.9,28.10000000000001,45.77000000000001,75.1,26.4,131.39,33.769999999999996,34.99999999999999,8.999999999999998,38.04999999999999,39.940000000000005,67.49999999999999,10.449999999999998,11.600000000000001,71.63,12.840000000000003,21.150000000000002,40.9,42.900000000000006,59.86999999999999
2024-08-14,18.9,28.10000000000001,46.03999999999999,74.20000000000002,25.999999999999996,132.07999999999998,33.86,34.89999999999999,9.1,38.39999999999999,39.65,67.2,10.449999999999998,11.699999999999996,69.9,12.739999999999993,21.500000000000004,41.74999999999999,42.900000000000006,60.13000000000002
2024-08-15,18.9,27.89999999999999,45.82666666666667,73.76666666666667,25.799999999999997,131.45333333333332,33.983333333333334,34.81666666666667,9.033333333333333,38.28333333333333,39.52,66.83333333333334,10.416666666666664,11.666666666666666,69.58,12.706666666666667,21.233333333333324,41.5,42.616666666666674,59.90666666666665
2024-08-16,18.9,27.699999999999996,45.61333333333331,73.33333333333334,25.59999999999999,130.82666666666665,34.106666666666655,34.73333333333332,8.966666666666665,38.16666666666664,39.38999999999999,66.46666666666665,10.383333333333333,11.633333333333335,69.26,12.67333333333333,20.96666666666667,41.25,42.33333333333332,59.68333333333332
2024-08-17,18.9,27.5,45.4,72.89999999999999,25.400000000000006,130.19999999999996,34.230000000000004,34.64999999999999,8.899999999999999,38.04999999999999,39.26,66.10000000000001,10.35,11.600000000000001,68.94,12.639999999999993,20.700000000000003,41.0,42.05,59.459999999999994
2024-08-18,17.899999999999995,28.000000000000004,45.86,74.49999999999999,25.400000000000006,131.98,34.82,34.949999999999996,9.1,39.449999999999996,39.26,66.79999999999998,10.449999999999998,11.600000000000001,70.38,12.739999999999993,21.749999999999996,41.849999999999994,42.900000000000006,60.54000000000001
2024-08-19,17.899999999999995,28.199999999999992,47.3,74.4,25.59999999999999,133.67000000000002,34.54999999999999,35.69999999999999,8.999999999999998,39.79999999999999,39.45,68.2,10.550000000000006,12.000000000000002,70.28,12.639999999999993,21.749999999999996,41.949999999999996,42.65,60.87
2024-08-20,17.299999999999997,28.300000000000004,47.03,74.4,25.75,134.27000000000004,34.54999999999999,35.999999999999986,9.1,39.7,39.65,68.2,10.550000000000006,12.000000000000002,70.28,12.639999999999993,22.4,42.150000000000006,42.900000000000006,61.19999999999999
2024-08-21,17.299999999999997,29.900000000000013,46.93999999999999,74.69999999999999,27.049999999999997,134.37000000000003,34.41,35.999999999999986,9.200000000000001,39.49999999999997,40.830000000000005,67.99999999999999,10.699999999999998,12.050000000000002,69.71,13.039999999999997,22.199999999999992,41.6,42.300000000000004,60.60000000000001
2024-08-22,17.299999999999997,29.83333333333332,46.64,74.60000000000001,26.98333333333333,133.93666666666672,34.42666666666666,35.96666666666667,9.166666666666668,39.583333333333336,40.73,67.76666666666665,10.600000000000001,12.066666666666666,69.77333333333333,13.006666666666666,22.199999999999992,41.66666666666665,42.31666666666667,60.66666666666665
2024-08-23,17.299999999999997,29.766666666666666,46.34,74.49999999999999,26.91666666666666,133.50333333333333,34.44333333333333,35.93333333333333,9.133333333333335,39.66666666666666,40.63000000000001,67.53333333333332,10.5,12.083333333333334,69.83666666666667,12.97333333333333,22.199999999999992,41.733333333333334,42.33333333333332,60.73333333333333
2024-08-24,17.299999999999997,29.7,46.03999999999999,74.4,26.85,133.07,34.46,35.89999999999999,9.1,39.74999999999999,40.529999999999994,67.30000000000001,10.400000000000004,12.099999999999996,69.9,12.939999999999998,22.199999999999992,41.800000000000004,42.349999999999994,60.79999999999998
2024-08-25,18.699999999999996,30.0,46.66999999999999,74.80000000000001,27.55,133.57000000000002,35.0,36.04999999999999,9.1,40.349999999999994,40.830000000000005,68.1,10.5,12.099999999999996,69.75,13.139999999999997,22.549999999999997,41.9,42.54999999999999,61.00000000000001
2024-08-26,18.699999999999996,29.900000000000013,46.400000000000006,75.49999999999999,27.6,133.87000000000003,35.64,35.999999999999986,9.300000000000002,40.55,40.830000000000005,68.7,10.65,12.000000000000002,69.06,13.139999999999997,23.150000000000006,42.4,42.6,62.07
2024-08-27,18.699999999999996,29.800000000000008,46.400000000000006,76.09999999999998,27.700000000000003,133.3700000000001,35.77,36.39999999999999,9.399999999999997,40.10000000000001,40.430000000000014,68.3,10.65,11.899999999999999,70.15,13.039999999999997,22.800000000000004,42.05,42.6,61.87
2024-08-28,18.699999999999996,29.499999999999982,45.949999999999996,75.9,27.249999999999996,133.27,35.41,37.0,9.300000000000002,40.29999999999998,39.940000000000005,67.49999999999999,10.65,12.000000000000002,70.45,12.939999999999998,22.800000000000004,41.74999999999999,42.49999999999999,61.87
2024-08-29,18.33333333333333,29.499999999999982,45.890000000000015,75.83333333333333,27.399999999999988,133.3700000000001,35.39333333333333,36.98333333333331,9.26666666666667,40.433333333333344,39.90666666666667,67.70000000000002,10.716666666666667,12.000000000000002,70.15,12.939999999999998,22.699999999999996,41.68333333333332,42.33333333333332,61.759999999999984
2024-08-30,17.966666666666665,29.499999999999982,45.830000000000005,75.76666666666667,27.55,133.47000000000003,35.376666666666665,36.96666666666666,9.233333333333336,40.56666666666668,39.873333333333335,67.89999999999999,10.783333333333333,12.000000000000002,69.85,12.939999999999998,22.6,41.616666666666674,42.16666666666665,61.64999999999999
2024-08-31,17.599999999999998,29.499999999999982,45.77000000000001,75.7,27.700000000000003,133.57000000000002,35.35999999999999,36.949999999999996,9.200000000000001,40.70000000000001,39.839999999999996,68.1,10.849999999999998,12.000000000000002,69.55,12.939999999999998,22.500000000000004,41.54999999999999,42.0,61.54
2024-09-01,17.599999999999998,29.800000000000008,46.76000000000001,76.60000000000001,27.399999999999988,134.96,35.730000000000004,36.5,9.300000000000002,40.79999999999999,39.65,67.79999999999998,11.15,12.000000000000002,69.55,13.0,22.45,41.6,42.300000000000004,61.54
2024-09-02,18.000000000000004,29.900000000000013,46.03999999999999,76.00000000000001,27.55,134.47,35.089999999999996,35.999999999999986,9.1,40.70000000000001,40.040000000000006,67.4,10.9,12.000000000000002,69.55,13.299999999999999,21.199999999999992,41.0,42.05,62.009999999999984
2024-09-03,18.000000000000004,29.600000000000012,45.4,76.00000000000001,27.249999999999996,133.07,34.0,36.19999999999999,9.300000000000002,40.05,40.040000000000006,66.29999999999998,10.550000000000006,12.000000000000002,69.75,13.2,20.599999999999994,40.2,41.35000000000001,61.940000000000005
2024-09-04,16.799999999999997,30.39999999999999,45.22,75.60000000000001,27.700000000000003,133.18000000000004,34.05,35.6,9.1,39.89999999999999,40.73,66.39999999999999,11.2,12.050000000000002,67.97,13.2,20.799999999999997,39.89999999999999,40.99999999999999,61.739999999999995
2024-09-05,16.83333333333333,30.633333333333326,45.22,75.33333333333331,27.783333333333328,133.18000000000004,34.14,35.66666666666667,9.133333333333335,40.13333333333333,40.893333333333345,66.36666666666666,11.100000000000001,12.083333333333334,67.50666666666666,13.266666666666664,20.883333333333333,40.03333333333334,40.949999999999996,61.67333333333334
2024-09-06,16.866666666666664,30.86666666666668,45.22,75.06666666666666,27.866666666666667,133.18000000000004,34.230000000000004,35.73333333333332,9.166666666666668,40.36666666666667,41.05666666666667,66.33333333333333,11.0,12.116666666666667,67.04333333333334,13.333333333333327,20.96666666666667,40.16666666666665,40.900000000000006,61.606666666666655
2024-09-07,16.899999999999995,31.099999999999998,45.22,74.80000000000001,27.949999999999992,133.18000000000004,34.31999999999999,35.8,9.200000000000001,40.600000000000016,41.22000000000001,66.29999999999998,10.9,12.15,66.58,13.399999999999999,21.050000000000004,40.300000000000004,40.85000000000001,61.54
2024-09-08,17.799999999999997,30.699999999999996,44.78,75.2,28.049999999999994,132.88,34.09,35.75,9.1,39.85000000000001,41.02,65.2,10.9,12.200000000000005,67.67,13.299999999999999,21.050000000000004,40.1,40.900000000000006,61.19999999999999
2024-09-09,17.799999999999997,30.39999999999999,45.949999999999996,77.0,27.700000000000003,134.47,34.27,36.1,9.1,40.20000000000001,40.529999999999994,64.2,11.050000000000004,12.550000000000002,67.27,13.1,21.150000000000002,40.50000000000001,41.599999999999994,60.87
2024-09-10,17.799999999999997,30.60000000000001,48.200000000000024,80.0,27.349999999999994,140.72,34.09,36.14999999999999,8.999999999999998,40.00000000000001,40.34000000000001,65.0,11.0,12.6,67.17,13.0,20.799999999999997,40.14999999999999,41.4,61.47000000000001
2024-09-11,17.599999999999998,30.699999999999996,47.749999999999986,81.1,27.55,138.64000000000001,34.09,36.25000000000001,9.1,40.29999999999998,40.13999999999999,64.5,11.0,13.350000000000001,67.17,13.0,21.249999999999996,40.25,41.800000000000004,61.19999999999999
2024-09-12,17.599999999999998,30.666666666666657,47.77999999999999,80.8333333333333,27.399999999999988,137.97666666666666,34.04666666666667,36.18333333333334,9.066666666666666,40.4,39.976666666666674,64.2,11.0,13.400000000000002,67.00666666666667,13.0,21.13333333333333,40.06666666666667,41.91666666666664,61.18
2024-09-13,17.599999999999998,30.633333333333326,47.81,80.56666666666666,27.249999999999996,137.31333333333336,34.00333333333335,36.11666666666667,9.033333333333333,40.5,39.81333333333334,63.899999999999984,11.0,13.45,66.84333333333333,13.0,21.016666666666662,39.88333333333333,42.033333333333324,61.160000000000004
2024-09-14,17.599999999999998,30.60000000000001,47.839999999999996,80.3,27.099999999999994,136.64999999999998,33.96,36.04999999999999,8.999999999999998,40.600000000000016,39.65,63.59999999999999,11.0,13.500000000000002,66.68,13.0,20.899999999999995,39.70000000000001,42.15,61.14
2024-09-15,17.899999999999995,29.4,46.85000000000001,80.8,26.599999999999998,136.06000000000003,33.49999999999999,36.14999999999999,8.999999999999998,40.150000000000006,38.67,64.39999999999999,11.0,13.200000000000003,66.28,12.699999999999998,20.099999999999994,38.99999999999999,41.649999999999984,61.14
2024-09-16,17.899999999999995,28.70000000000001,46.85000000000001,80.39999999999999,26.299999999999997,135.36,33.089999999999996,36.300000000000004,8.999999999999998,39.79999999999999,38.37000000000001,65.49999999999999,10.800000000000004,13.149999999999999,66.97,12.699999999999998,19.700000000000003,38.199999999999996,41.50000000000001,61.19999999999999
2024-09-17,17.899999999999995,28.9,47.47999999999999,80.99999999999999,26.54999999999999,136.06000000000003,33.35,36.550000000000004,9.1,40.00000000000001,38.76,65.8,10.800000000000004,13.149999999999999,67.07,12.8,21.050000000000004,38.900000000000006,41.55,61.67
2024-09-18,16.999999999999996,28.600000000000005,46.93999999999999,80.39999999999999,26.25000000000001,136.06000000000003,32.8,36.25000000000001,9.1,39.79999999999999,38.28,65.7,10.600000000000001,13.149999999999999,66.87,12.699999999999998,20.899999999999995,38.900000000000006,41.800000000000004,61.81
2024-09-19,17.266666666666662,28.366666666666656,47.33,80.33333333333334,26.09999999999999,135.56000000000003,32.7,35.999999999999986,9.066666666666666,39.333333333333336,38.146666666666675,65.73333333333332,10.600000000000001,13.200000000000003,66.84,12.633333333333335,20.799999999999997,38.66666666666664,41.95000000000001,61.72000000000001
2024-09-20,17.53333333333333,28.13333333333333,47.72000000000002,80.26666666666667,25.949999999999996,135.06000000000003,32.599999999999994,35.75,9.033333333333333,38.86666666666666,38.01333333333335,65.76666666666667,10.600000000000001,13.25,66.81,12.566666666666666,20.700000000000003,38.433333333333344,42.10000000000001,61.62999999999999
2024-09-21,17.799999999999997,27.89999999999999,48.11,80.19999999999999,25.799999999999997,134.55999999999997,32.5,35.499999999999986,8.999999999999998,38.39999999999999,37.88000000000001,65.8,10.600000000000001,13.3,66.78,12.499999999999998,20.599999999999994,38.199999999999996,42.249999999999986,61.54
2024-09-22,16.299999999999997,27.5,46.580000000000005,78.90000000000002,25.59999999999999,132.18000000000004,32.7,34.99999999999999,8.999999999999998,37.45000000000001,37.28999999999999,66.29999999999998,10.5,13.6,66.78,12.499999999999998,20.899999999999995,38.15,42.199999999999996,61.14
2024-09-23,17.399999999999995,27.699999999999996,46.309999999999995,79.39999999999999,25.850000000000012,133.27,33.3,35.05,8.899999999999999,37.95000000000002,37.59,65.7,10.699999999999998,13.65,66.78,12.599999999999998,21.599999999999998,39.300000000000004,43.2,61.19999999999999
2024-09-24,16.499999999999996,27.300000000000008,45.59,78.5,25.89999999999999,133.3700000000001,33.64999999999999,34.85,8.800000000000004,36.85000000000001,37.49000000000001,65.39999999999999,10.550000000000006,13.750000000000002,67.87,12.499999999999998,21.350000000000005,38.900000000000006,42.05,61.34000000000002
2024-09-25,16.199999999999996,27.300000000000008,45.68000000000001,77.2,25.64999999999999,133.07,33.15000000000001,34.599999999999994,8.899999999999999,36.85000000000001,37.10000000000001,65.49999999999999,10.150000000000002,13.9,67.47,12.399999999999999,21.650000000000002,38.75,41.55,61.400000000000006
2024-09-26,16.599999999999998,27.433333333333334,45.86,77.43333333333332,25.699999999999992,133.3700000000001,33.26666666666667,34.63333333333333,8.899999999999999,37.03333333333334,37.13333333333334,65.49999999999999,10.150000000000002,13.85,67.20666666666666,12.399999999999999,21.63333333333333,38.866666666666674,41.51666666666666,61.446666666666665
2024-09-27,16.999999999999996,27.566666666666674,46.03999999999999,77.66666666666667,25.75,133.67000000000002,33.383333333333326,34.66666666666667,8.899999999999999,37.21666666666666,37.16666666666668,65.49999999999999,10.150000000000002,13.799999999999999,66.94333333333334,12.399999999999999,21.61666666666667,38.983333333333334,41.48333333333331,61.49333333333332
2024-09-28,17.399999999999995,27.699999999999996,46.22,77.9,25.799999999999997,133.97000000000006,33.49999999999999,34.7,8.899999999999999,37.39999999999999,37.199999999999996,65.49999999999999,10.150000000000002,13.750000000000002,66.68,12.399999999999999,21.599999999999998,39.099999999999994,41.45000000000001,61.54
2024-09-29,17.399999999999995,28.300000000000004,47.57,78.0,25.75,134.47,33.49999999999999,34.949999999999996,8.800000000000004,37.45000000000001,37.199999999999996,66.49999999999996,10.199999999999998,13.9,66.48,12.399999999999999,21.150000000000002,39.099999999999994,41.35000000000001,61.54
2024-09-30,15.999999999999996,28.10000000000001,47.47999999999999,78.09999999999998,25.59999999999999,134.96,33.49999999999999,34.75,8.899999999999999,37.19999999999999,37.10000000000001,66.0,10.35,13.750000000000002,65.78,12.2,21.249999999999996,39.400000000000006,40.99999999999999,61.34000000000002
2024-10-01,16.799999999999997,27.89999999999999,46.76000000000001,76.60000000000001,25.64999999999999,134.96,33.49999999999999,35.69999999999999,8.899999999999999,37.6,37.10000000000001,66.49999999999996,10.35,13.750000000000002,65.58,12.2,21.050000000000004,39.85,41.55,62.609999999999985
2024-10-02,17.899999999999995,27.60000000000001,45.59,74.49999999999999,25.75,133.67000000000002,33.15000000000001,35.6,8.800000000000004,37.19999999999999,37.390000000000015,66.0,10.25,13.9,65.29,12.000000000000005,20.899999999999995,40.69999999999999,41.2,62.540000000000006
2024-10-03,17.899999999999995,27.60000000000001,45.79999999999999,74.06666666666666,25.566666666666663,133.07333333333335,33.1,35.63333333333333,8.766666666666671,37.33333333333333,37.326666666666675,65.7,10.266666666666667,13.700000000000001,65.22333333333334,11.933333333333332,20.916666666666664,40.300000000000004,41.2,62.316666666666656
2024-10-04,17.899999999999995,27.60000000000001,46.00999999999999,73.63333333333334,25.383333333333336,132.4766666666667,33.04999999999999,35.66666666666667,8.733333333333336,37.466666666666676,37.26333333333335,65.39999999999999,10.283333333333333,13.500000000000002,65.15666666666667,11.866666666666669,20.933333333333337,39.89999999999999,41.2,62.09333333333334
2024-10-05,17.899999999999995,27.60000000000001,46.22,73.20000000000002,25.199999999999992,131.88,33.00000000000001,35.69999999999999,8.700000000000003,37.6,37.199999999999996,65.1,10.300000000000002,13.3,65.09,11.8,20.949999999999996,39.50000000000001,41.2,61.87
2024-10-06,17.899999999999995,27.89999999999999,45.50000000000001,73.1,25.150000000000006,131.68000000000004,32.949999999999996,35.05,8.700000000000003,37.35,37.00000000000001,65.6,10.35,13.550000000000002,64.99,11.700000000000001,21.150000000000002,39.45,41.29999999999999,61.940000000000005
2024-10-07,17.899999999999995,28.10000000000001,46.13,74.20000000000002,25.350000000000005,133.67000000000002,33.39999999999999,35.89999999999999,8.800000000000004,38.15,37.390000000000015,65.6,10.449999999999998,13.45,65.29,11.8,21.3,39.89999999999999,41.800000000000004,62.14
2024-10-08,17.899999999999995,28.400000000000002,47.749999999999986,73.3,25.499999999999993,134.17000000000002,33.599999999999994,35.6,8.800000000000004,37.85,37.390000000000015,65.39999999999999,10.400000000000004,13.799999999999999,65.39,11.8,21.699999999999992,39.949999999999996,41.7,62.339999999999996
2024-10-09,17.699999999999996,28.000000000000004,48.38000000000002,72.3,25.499999999999993,134.86,33.55,34.99999999999999,8.800000000000004,37.749999999999986,37.59,65.0,10.35,14.1,65.19,11.9,21.350000000000005,39.60000000000001,41.04999999999998,61.67
2024-10-10,17.699999999999996,27.93333333333334,49.49,72.69999999999999,25.45,135.69000000000003,33.53333333333333,34.98333333333334,8.733333333333336,37.56666666666668,37.49000000000001,64.33333333333331,10.400000000000004,14.233333333333334,65.02333333333333,11.833333333333332,21.183333333333334,39.583333333333336,40.96666666666663,61.62666666666666
2024-10-11,17.699999999999996,27.866666666666667,50.6,73.1,25.400000000000006,136.52000000000004,33.516666666666666,34.96666666666667,8.66666666666667,37.38333333333334,37.390000000000015,63.66666666666666,10.449999999999998,14.366666666666665,64.85666666666667,11.766666666666664,21.016666666666673,39.566666666666656,40.88333333333333,61.58333333333333
2024-10-12,17.699999999999996,27.8,51.71,73.49999999999999,25.350000000000005,137.35,33.49999999999999,34.949999999999996,8.600000000000001,37.19999999999999,37.28999999999999,62.99999999999999,10.5,14.499999999999996,64.69,11.700000000000001,20.85,39.54999999999998,40.8,61.54
2024-10-13,17.699999999999996,27.60000000000001,52.60999999999999,72.5,24.199999999999996,135.86000000000004,33.45,34.49999999999999,8.600000000000001,37.19999999999999,37.00000000000001,60.79999999999998,11.2,14.3,64.39,11.500000000000007,20.700000000000003,39.45,40.54999999999999,61.47000000000001
2024-10-14,17.699999999999996,27.300000000000008,52.96999999999999,73.00000000000001,23.8,136.85,33.49999999999999,34.35,8.700000000000003,36.79999999999999,36.50000000000001,61.90000000000002,11.300000000000002,13.700000000000001,64.49,11.2,21.099999999999998,39.400000000000006,40.6,61.87
2024-10-15,17.399999999999995,27.1,51.34999999999999,71.40000000000002,23.199999999999996,135.06000000000003,33.35,33.6,8.5,35.7,35.0,61.29999999999999,11.749999999999998,13.799999999999999,64.49,10.8,20.5,38.600000000000016,40.69999999999999,61.54
2024-10-16,15.799999999999999,26.39999999999999,52.15999999999999,70.59999999999998,23.199999999999996,132.98000000000005,32.65,33.10000000000001,8.399999999999999,34.04999999999998,34.0,59.9,11.8,12.95,63.199999999999996,10.300000000000002,19.949999999999996,37.75,40.54999999999999,61.34000000000002
2024-10-17,16.03333333333333,26.433333333333337,52.09999999999998,70.5,23.26666666666666,133.00999999999996,32.63333333333333,33.166666666666664,8.433333333333334,34.49999999999999,33.96666666666666,59.566666666666656,11.66666666666667,12.900000000000002,63.03666666666667,10.266666666666666,20.050000000000004,37.5,40.5,61.183333333333344
2024-10-18,16.266666666666662,26.466666666666672,52.04,70.39999999999998,23.333333333333325,133.04,32.61666666666667,33.23333333333333,8.466666666666667,34.949999999999996,33.93333333333333,59.23333333333332,11.533333333333331,12.850000000000001,62.873333333333335,10.233333333333334,20.15,37.25,40.45,61.02666666666664
2024-10-19,16.499999999999996,26.499999999999993,51.98,70.3,23.399999999999995,133.07,32.599999999999994,33.300000000000004,8.5,35.40000000000001,33.89999999999999,58.89999999999999,11.400000000000004,12.8,62.71,10.200000000000003,20.249999999999993,37.0,40.39999999999999,60.87
2024-10-20,15.699999999999996,26.39999999999999,48.38000000000002,70.0,23.099999999999998,129.1,32.0,33.35,8.5,34.449999999999996,33.4,57.499999999999986,11.400000000000004,12.8,62.51,10.200000000000003,20.099999999999994,37.0,40.349999999999994,60.20000000000001
2024-10-21,15.799999999999999,26.7,48.470000000000006,70.3,23.199999999999996,131.49,32.54999999999999,34.00000000000001,8.600000000000001,34.949999999999996,33.1,56.8,11.650000000000002,12.8,63.1,10.300000000000002,20.899999999999995,37.8,40.349999999999994,60.399999999999984
2024-10-22,16.999999999999996,26.9,48.65000000000001,71.3,23.6,132.07999999999998,32.8,34.99999999999999,8.5,35.15000000000001,33.60000000000001,58.7,11.650000000000002,12.8,63.4,10.500000000000002,21.050000000000004,37.89999999999999,40.349999999999994,60.54000000000001
2024-10-23,16.999999999999996,26.8,48.02,71.0,23.549999999999997,132.98000000000005,32.599999999999994,34.99999999999999,8.600000000000001,34.800000000000004,33.3,59.00000000000001,11.7,12.8,63.800000000000004,10.400000000000002,20.749999999999993,37.55000000000002,40.45,60.60000000000001
2024-10-24,17.166666666666664,26.9,47.87,71.40000000000002,23.666666666666675,132.98000000000005,32.666666666666664,35.03333333333333,8.66666666666667,34.81666666666667,33.60000000000001,59.00000000000001,11.833333333333334,12.75,63.800000000000004,10.400000000000002,20.81666666666666,37.66666666666666,40.633333333333326,60.75666666666666
2024-10-25,17.33333333333333,27.00000000000001,47.72000000000002,71.8,23.783333333333324,132.98000000000005,32.73333333333333,35.066666666666656,8.733333333333336,34.83333333333333,33.89999999999999,59.00000000000001,11.966666666666669,12.700000000000001,63.800000000000004,10.400000000000002,20.883333333333333,37.78333333333333,40.81666666666667,60.91333333333334
2024-10-26,17.499999999999996,27.1,47.57,72.20000000000002,23.899999999999995,132.98000000000005,32.8,35.09999999999999,8.800000000000004,34.85,34.20000000000001,59.00000000000001,12.1,12.650000000000004,63.800000000000004,10.400000000000002,20.949999999999996,37.89999999999999,40.99999999999999,61.070000000000014
2024-10-27,17.499999999999996,27.1,48.02,72.69999999999999,23.85,134.27000000000004,33.2,35.300000000000004,8.999999999999998,35.300000000000004,33.89999999999999,60.000000000000014,12.15,12.8,64.3,10.500000000000002,21.3,38.50000000000001,41.04999999999998,61.81
2024-10-28,17.499999999999996,26.9,48.65000000000001,72.69999999999999,23.500000000000004,137.94,33.15000000000001,35.14999999999999,8.999999999999998,35.199999999999996,34.0,60.2,11.749999999999998,13.0,64.1,10.300000000000002,21.3,37.89999999999999,40.75000000000001,62.009999999999984
2024-10-29,17.499999999999996,27.00000000000001,49.00999999999999,72.40000000000002,23.6,138.44000000000003,33.04999999999999,35.4,8.999999999999998,35.25,33.89999999999999,60.000000000000014,11.95,13.0,64.0,10.400000000000002,21.150000000000002,38.29999999999999,40.69999999999999,61.940000000000005
2024-10-30,17.499999999999996,27.2,51.170000000000016,73.20000000000002,23.699999999999996,143.3,33.15000000000001,35.75,8.999999999999998,35.10000000000002,34.39999999999999,60.49999999999999,11.95,13.200000000000003,64.1,10.400000000000002,21.199999999999992,38.449999999999996,40.5,62.40999999999998
2024-10-31,17.266666666666662,27.166666666666668,51.01999999999999,73.00000000000001,23.649999999999995,142.93333333333328,33.04999999999999,35.78333333333333,8.933333333333332,35.11666666666667,34.36666666666667,60.46666666666667,11.85,13.149999999999999,64.06666666666666,10.400000000000002,21.08333333333331,38.28333333333334,40.45,62.609999999999985
2024-11-01,17.03333333333333,27.133333333333333,50.87000000000001,72.8,23.6,142.56666666666666,32.949999999999996,35.81666666666668,8.866666666666672,35.133333333333326,34.33333333333333,60.43333333333332,11.749999999999998,13.100000000000001,64.03333333333333,10.400000000000002,20.96666666666667,38.11666666666667,40.39999999999999,62.81
2024-11-02,16.799999999999997,27.1,50.720000000000006,72.6,23.549999999999997,142.2,32.84999999999999,35.849999999999994,8.800000000000004,35.15000000000001,34.300000000000004,60.4,11.650000000000002,13.049999999999997,64.0,10.400000000000002,20.85,37.95,40.349999999999994,63.00999999999999
2024-11-03,16.799999999999997,27.2,52.52,72.69999999999999,23.24999999999999,145.0,32.89999999999999,35.89999999999999,8.800000000000004,34.800000000000004,33.800000000000004,59.799999999999976,11.8,13.049999999999997,63.4,10.300000000000002,20.700000000000003,37.650000000000006,40.39999999999999,62.21
2024-11-04,16.699999999999996,27.00000000000001,50.9,72.1,23.149999999999995,143.49999999999997,32.84999999999999,35.300000000000004,8.700000000000003,34.0,33.60000000000001,58.099999999999994,11.400000000000004,12.850000000000001,62.81,10.100000000000003,20.39999999999999,36.9,40.0,62.540000000000006
2024-11-05,16.899999999999995,27.400000000000002,51.34999999999999,73.69999999999999,23.8,148.5,33.3,36.39999999999999,8.899999999999999,36.349999999999994,34.10000000000001,60.99999999999999,11.7,13.100000000000001,63.800000000000004,10.500000000000002,21.8,38.29999999999999,40.85000000000001,62.879999999999995
2024-11-06,16.799999999999997,27.400000000000002,52.15999999999999,73.40000000000002,23.999999999999993,149.5,33.8,36.25000000000001,8.899999999999999,36.2,33.89999999999999,61.1,11.900000000000002,13.3,63.60000000000001,10.400000000000002,22.000000000000004,38.29999999999999,41.85,63.00999999999999
2024-11-07,17.03333333333333,27.566666666666674,51.80000000000001,73.33333333333334,24.033333333333324,148.66666666666666,34.0,36.31666666666667,8.899999999999999,36.233333333333334,34.03333333333333,61.1,12.133333333333333,13.26666666666667,63.60000000000001,10.433333333333334,22.066666666666666,38.35,41.85,63.25666666666668
2024-11-08,17.266666666666662,27.733333333333317,51.44,73.26666666666667,24.066666666666666,147.83333333333337,34.199999999999996,36.38333333333334,8.899999999999999,36.26666666666667,34.16666666666667,61.1,12.366666666666664,13.233333333333333,63.60000000000001,10.46666666666667,22.13333333333333,38.400000000000006,41.85,63.50333333333334
2024-11-09,17.499999999999996,27.89999999999999,51.07999999999999,73.20000000000002,24.099999999999994,147.0,34.4,36.44999999999999,8.899999999999999,36.30000000000001,34.300000000000004,61.1,12.600000000000003,13.200000000000003,63.60000000000001,10.500000000000002,22.199999999999992,38.449999999999996,41.85,63.74999999999999
2024-11-10,15.9,27.89999999999999,50.98999999999998,72.69999999999999,23.899999999999995,149.5,34.5,36.35,8.899999999999999,36.05,34.300000000000004,60.79999999999998,12.450000000000001,13.049999999999997,63.4,10.500000000000002,22.000000000000004,38.199999999999996,41.2,63.209999999999994
2024-11-11,15.9,27.8,51.34999999999999,72.69999999999999,23.749999999999996,150.5,34.5,36.35,8.700000000000003,36.349999999999994,34.20000000000001,60.000000000000014,12.499999999999998,13.25,63.7,10.500000000000002,21.850000000000005,38.099999999999994,41.29999999999999,62.40999999999998
2024-11-12,14.799999999999999,27.8,50.18000000000002,72.1,23.949999999999996,150.19999999999996,34.54999999999999,36.300000000000004,8.800000000000004,36.099999999999994,34.0,60.000000000000014,12.399999999999999,13.25,64.1,10.500000000000002,21.650000000000002,37.84999999999999,40.900000000000006,62.540000000000006
2024-11-13,16.099999999999998,27.8,48.82999999999999,71.1,23.6,149.5,34.449999999999996,36.35,8.700000000000003,35.99999999999999,33.800000000000004,60.99999999999999,12.399999999999999,13.049999999999997,63.7,10.400000000000002,21.500000000000004,37.5,40.8,62.27999999999999
2024-11-14,16.099999999999998,27.866666666666667,49.280000000000015,71.1,23.699999999999996,149.63333333333333,34.5,36.31666666666667,8.700000000000003,36.05,33.733333333333334,60.99999999999999,12.433333333333335,12.95,63.96333333333333,10.400000000000002,21.500000000000004,37.5,40.76666666666667,62.27999999999999
2024-11-15,16.099999999999998,27.93333333333334,49.73000000000002,71.1,23.8,149.7666666666667,34.550000000000004,36.28333333333333,8.700000000000003,36.099999999999994,33.666666666666664,60.99999999999999,12.466666666666669,12.850000000000001,64.22666666666666,10.400000000000002,21.500000000000004,37.5,40.733333333333334,62.27999999999999
2024-11-16,16.099999999999998,28.000000000000004,50.18000000000002,71.1,23.899999999999995,149.90000000000003,34.599999999999994,36.25000000000001,8.700000000000003,36.14999999999999,33.60000000000001,60.99999999999999,12.499999999999998,12.75,64.49,10.400000000000002,21.500000000000004,37.5,40.69999999999999,62.27999999999999
2024-11-17,16.099999999999998,27.5,49.55,71.0,23.45000000000001,148.00000000000003,35.0,36.25000000000001,8.600000000000001,35.99999999999999,33.1,60.3,12.450000000000001,12.8,64.1,10.300000000000002,21.3,37.199999999999996,40.54999999999999,62.21
2024-11-18,15.799999999999999,30.200000000000003,50.089999999999996,71.40000000000002,24.149999999999988,148.7,35.0,36.25000000000001,8.700000000000003,36.05,34.10000000000001,60.2,12.399999999999999,13.100000000000001,64.19,11.0,21.599999999999998,37.3,40.6,62.27999999999999
2024-11-19,15.799999999999999,31.099999999999998,50.9,70.4,24.199999999999996,148.09999999999997,35.60000000000001,36.19999999999999,8.700000000000003,35.55,34.70000000000001,59.799999999999976,12.35,13.100000000000001,63.4,11.1,21.050000000000004,36.4,40.300000000000004,61.81
2024-11-20,15.799999999999999,31.000000000000004,50.9,70.3,23.899999999999995,149.5,35.85,36.14999999999999,8.600000000000001,35.40000000000001,34.20000000000001,60.6,12.249999999999998,13.700000000000001,64.49,10.8,21.0,36.35,40.5,61.87
2024-11-21,15.733333333333333,31.2,50.68999999999999,70.3,23.83333333333333,149.59999999999997,35.86666666666666,36.18333333333334,8.633333333333335,35.40000000000001,34.13333333333333,60.73333333333333,12.450000000000001,13.633333333333331,64.29333333333332,10.733333333333336,20.933333333333337,36.31666666666667,40.53333333333332,61.85000000000001
2024-11-22,15.666666666666666,31.39999999999999,50.47999999999999,70.3,23.766666666666666,149.69999999999996,35.88333333333333,36.21666666666666,8.66666666666667,35.40000000000001,34.066666666666684,60.86666666666666,12.650000000000002,13.566666666666663,64.09666666666666,10.666666666666664,20.866666666666664,36.28333333333334,40.56666666666666,61.830000000000005
2024-11-23,15.6,31.599999999999994,50.27000000000002,70.3,23.699999999999996,149.8,35.9,36.25000000000001,8.700000000000003,35.40000000000001,34.0,60.99999999999999,12.850000000000001,13.500000000000002,63.9,10.600000000000001,20.799999999999997,36.24999999999999,40.6,61.81
2024-11-24,16.699999999999996,31.699999999999992,49.55,70.2,23.6,150.40000000000003,35.95,36.19999999999999,8.899999999999999,35.199999999999996,33.699999999999996,61.29999999999999,12.749999999999998,13.500000000000002,63.800000000000004,10.500000000000002,20.200000000000003,35.7,40.6,61.61
2024-11-25,16.599999999999998,31.39999999999999,50.36,70.7,23.949999999999996,150.8,35.9,38.2,8.899999999999999,35.85000000000001,34.0,62.19999999999999,12.499999999999998,13.200000000000003,63.9,10.700000000000001,20.449999999999996,36.3,40.65,61.81
2024-11-26,16.199999999999996,31.39999999999999,49.910000000000004,70.5,24.05,149.8,35.85,38.2,8.899999999999999,35.8,33.89999999999999,61.499999999999986,12.499999999999998,13.200000000000003,63.800000000000004,10.700000000000001,20.749999999999993,36.199999999999996,40.65,61.61
2024-11-27,16.199999999999996,30.39999999999999,48.55999999999999,70.4,24.099999999999994,149.59999999999997,35.8,38.79999999999999,8.899999999999999,35.7,34.20000000000001,61.39999999999999,12.000000000000002,13.0,63.800000000000004,10.600000000000001,20.599999999999994,36.4,40.54999999999999,61.67
2024-11-28,15.833333333333329,30.233333333333313,48.739999999999995,70.3,23.966666666666672,149.90000000000003,35.916666666666664,38.833333333333336,8.899999999999999,35.68333333333334,34.13333333333333,61.26666666666666,12.000000000000002,13.0,63.63333333333333,10.600000000000001,20.733333333333334,36.38333333333334,40.54999999999999,61.62666666666666
2024-11-29,15.466666666666667,30.066666666666663,48.920000000000016,70.2,23.83333333333333,150.19999999999996,36.033333333333324,38.86666666666666,8.899999999999999,35.66666666666667,34.066666666666684,61.133333333333326,12.000000000000002,13.0,63.46666666666667,10.600000000000001,20.866666666666664,36.36666666666667,40.54999999999999,61.58333333333333
2024-11-30,15.1,29.900000000000013,49.10000000000001,70.10000000000001,23.699999999999996,150.5,36.15,38.899999999999984,8.899999999999999,35.64999999999999,34.0,60.99999999999999,12.000000000000002,13.0,63.3,10.600000000000001,21.0,36.35,40.54999999999999,61.54
2024-12-01,15.299999999999999,29.900000000000013,49.25,70.0,23.399999999999995,152.50000000000003,36.1,37.8,8.899999999999999,35.5,33.89999999999999,60.99999999999999,12.05,13.0,63.4,10.400000000000002,20.700000000000003,36.550000000000004,40.54999999999999,61.00000000000001
2024-12-02,15.15,29.949999999999985,49.275000000000006,70.4,23.425,152.24999999999997,35.62499999999999,37.95,8.899999999999999,35.425000000000004,33.85000000000001,60.79999999999998,12.175,13.25,63.25,10.449999999999996,20.700000000000003,36.5,40.54999999999999,61.23500000000001
2024-12-03,14.999999999999996,30.0,49.3,70.8,23.45000000000001,151.99999999999997,35.15,38.09999999999999,8.899999999999999,35.349999999999994,33.800000000000004,60.6,12.3,13.500000000000002,63.1,10.500000000000002,20.700000000000003,36.45,40.54999999999999,61.47000000000001
2024-12-04,15.699999999999996,29.600000000000012,49.35,69.7,23.500000000000004,148.99999999999994,34.79999999999999,37.20000000000001,8.700000000000003,34.49999999999999,34.0,58.59999999999999,11.85,13.500000000000002,63.0,10.500000000000002,20.449999999999996,36.050000000000004,40.5,61.54
2024-12-05,15.699999999999996,29.600000000000012,49.23333333333331,68.86666666666669,23.316666666666666,149.1,34.79999999999999,37.20000000000001,8.733333333333336,34.166666666666664,33.800000000000004,58.066666666666656,11.766666666666666,13.733333333333334,62.83333333333333,10.433333333333334,20.16666666666667,35.71666666666666,40.5,61.739999999999995
2024-12-06,15.699999999999996,29.600000000000012,49.11666666666666,68.03333333333333,23.133333333333333,149.2,34.79999999999999,37.20000000000001,8.766666666666671,33.83333333333333,33.60000000000001,57.53333333333334,11.683333333333334,13.96666666666667,62.66666666666665,10.366666666666665,19.883333333333333,35.38333333333334,40.5,61.940000000000005
2024-12-07,15.699999999999996,29.600000000000012,49.000000000000014,67.19999999999999,22.950000000000003,149.3,34.79999999999999,37.20000000000001,8.800000000000004,33.5,33.4,56.999999999999986,11.599999999999998,14.2,62.49999999999999,10.300000000000002,19.600000000000005,35.04999999999999,40.5,62.14
2024-12-08,14.699999999999996,29.499999999999982,48.15000000000002,66.8,22.14999999999999,150.10000000000002,33.849999999999994,37.449999999999996,8.600000000000001,33.05,32.1,57.1,11.650000000000002,14.15,61.7,10.100000000000003,18.849999999999998,33.449999999999996,40.5,61.739999999999995
2024-12-09,15.299999999999999,29.600000000000012,47.20000000000001,67.70000000000002,22.14999999999999,148.29999999999998,33.8,37.8,8.800000000000004,33.399999999999984,32.1,58.099999999999994,11.85,13.45,61.7,10.200000000000003,19.299999999999994,33.10000000000001,40.5,61.81
2024-12-10,15.299999999999999,31.299999999999997,46.0,67.30000000000001,22.14999999999999,148.8,33.949999999999996,37.4,8.899999999999999,33.15000000000001,32.199999999999996,57.699999999999996,11.95,13.6,61.79999999999999,10.100000000000003,18.999999999999996,32.599999999999994,40.75000000000001,61.47000000000001
2024-12-11,15.499999999999996,32.49999999999999,44.65,65.5,22.14999999999999,147.3,34.0,37.5,8.899999999999999,32.54999999999998,32.0,57.499999999999986,11.650000000000002,13.350000000000001,61.3,10.100000000000003,18.049999999999997,32.15,40.5,61.14
2024-12-12,15.499999999999996,32.4,44.699999999999996,65.33333333333334,22.349999999999998,147.40000000000003,34.150000000000006,37.56666666666668,8.866666666666672,32.81666666666666,32.199999999999996,57.43333333333332,11.7,13.350000000000001,61.33333333333333,10.133333333333335,18.283333333333335,32.23333333333333,40.43333333333333,61.24999999999999
2024-12-13,15.499999999999996,32.300000000000004,44.749999999999986,65.16666666666667,22.550000000000004,147.5,34.300000000000004,37.63333333333334,8.833333333333337,33.083333333333336,32.4,57.36666666666667,11.749999999999998,13.350000000000001,61.36666666666667,10.166666666666666,18.51666666666667,32.31666666666666,40.36666666666667,61.36000000000001
2024-12-14,15.499999999999996,32.19999999999998,44.80000000000002,65.0,22.749999999999996,147.60000000000002,34.449999999999996,37.7,8.800000000000004,33.349999999999994,32.599999999999994,57.300000000000004,11.8,13.350000000000001,61.4,10.200000000000003,18.750000000000004,32.39999999999999,40.300000000000004,61.47000000000001
2024-12-15,15.499999999999996,31.900000000000006,44.80000000000002,63.7,22.39999999999999,145.1,34.150000000000006,36.949999999999996,8.800000000000004,33.00000000000001,32.1,57.20000000000001,11.550000000000004,13.65,61.60000000000001,10.200000000000003,18.400000000000002,32.29999999999999,40.199999999999996,61.34000000000002
2024-12-16,15.499999999999996,32.000000000000014,45.1,65.8,22.39999999999999,145.49999999999991,34.199999999999996,36.75,8.800000000000004,33.399999999999984,31.7,57.300000000000004,11.650000000000002,13.799999999999999,61.7,10.500000000000002,18.799999999999994,32.20000000000001,40.25000000000001,61.14
2024-12-17,15.499999999999996,33.499999999999986,46.1,66.3,22.550000000000004,146.5,34.35,36.8,8.800000000000004,33.9,31.799999999999997,57.799999999999976,11.749999999999998,13.799999999999999,61.900000000000006,10.500000000000002,18.600000000000005,32.7,40.45,62.009999999999984
2024-12-18,15.499999999999996,32.29999999999999,47.45,65.90000000000002,23.29999999999999,148.99999999999994,34.4,37.20000000000001,8.899999999999999,33.74999999999999,32.599999999999994,57.699999999999996,11.8,14.400000000000002,62.0,10.600000000000001,18.849999999999998,33.10000000000001,40.45,61.87
2024-12-19,15.566666666666663,32.26666666666665,47.16666666666667,65.76666666666667,23.349999999999994,149.33333333333334,34.449999999999996,37.23333333333332,8.899999999999999,33.66666666666668,32.66666666666666,57.63333333333333,11.8,14.366666666666665,61.966666666666676,10.600000000000001,18.83333333333334,33.033333333333324,40.43333333333333,61.69333333333333
2024-12-20,15.63333333333333,32.233333333333334,46.88333333333334,65.63333333333334,23.399999999999995,149.66666666666666,34.5,37.26666666666666,8.899999999999999,33.58333333333333,32.733333333333334,57.566666666666656,11.8,14.333333333333336,61.93333333333333,10.600000000000001,18.816666666666666,32.96666666666667,40.416666666666664,61.516666666666666
2024-12-21,15.699999999999996,32.19999999999998,46.60000000000001,65.5,23.45000000000001,150.00000000000003,34.54999999999999,37.29999999999998,8.899999999999999,33.5,32.79999999999999,57.499999999999986,11.8,14.3,61.900000000000006,10.600000000000001,18.799999999999994,32.900000000000006,40.39999999999999,61.34000000000002
2024-12-22,15.699999999999996,32.49999999999999,46.949999999999996,65.70000000000002,23.500000000000004,149.90000000000003,34.4,37.29999999999998,8.899999999999999,33.45000000000001,33.1,57.699999999999996,11.95,15.000000000000002,61.79999999999999,10.400000000000002,18.400000000000002,32.85,40.45,61.14
2024-12-23,14.999999999999996,31.8,46.400000000000006,65.2,23.149999999999995,149.69999999999996,34.29999999999999,37.29999999999998,8.899999999999999,33.05,33.2,57.39999999999999,12.1,14.75,61.60000000000001,10.200000000000003,18.349999999999998,33.5,40.39999999999999,61.00000000000001
2024-12-24,15.299999999999999,32.29999999999999,47.50000000000002,65.39999999999999,23.549999999999997,154.30000000000007,34.54999999999999,38.09999999999999,8.999999999999998,33.7,33.4,59.19999999999998,12.2,14.650000000000002,62.0,10.300000000000002,18.600000000000005,34.2,40.39999999999999,61.87
2024-12-25,15.699999999999996,31.900000000000006,47.10000000000001,67.99999999999999,23.6,153.4,34.75,38.0,8.899999999999999,33.600000000000016,33.00000000000001,60.09999999999998,12.2,14.400000000000002,62.199999999999996,10.300000000000002,19.100000000000005,36.45,40.39999999999999,61.940000000000005
2024-12-26,15.699999999999996,31.900000000000006,47.10000000000001,67.99999999999999,23.6,153.4,34.75,38.0,8.899999999999999,33.600000000000016,33.00000000000001,60.09999999999998,12.2,14.400000000000002,62.199999999999996,10.300000000000002,19.100000000000005,36.45,40.39999999999999,61.940000000000005
2024-12-27,15.699999999999996,31.900000000000006,47.10000000000001,67.99999999999999,23.6,153.4,34.75,38.0,8.899999999999999,33.600000000000016,33.00000000000001,60.09999999999998,12.2,14.400000000000002,62.199999999999996,10.300000000000002,19.100000000000005,36.45,40.39999999999999,61.940000000000005
2024-12-28,15.699999999999996,31.900000000000006,47.10000000000001,67.99999999999999,23.6,153.4,34.75,38.0,8.899999999999999,33.600000000000016,33.00000000000001,60.09999999999998,12.2,14.400000000000002,62.199999999999996,10.300000000000002,19.100000000000005,36.45,40.39999999999999,61.940000000000005
2024-12-29,15.699999999999996,31.900000000000006,47.10000000000001,67.99999999999999,23.6,153.4,34.75,38.0,8.899999999999999,33.600000000000016,33.00000000000001,60.09999999999998,12.2,14.400000000000002,62.199999999999996,10.300000000000002,19.100000000000005,36.45,40.39999999999999,61.940000000000005
2024-12-30,15.699999999999996,31.900000000000006,47.10000000000001,67.99999999999999,23.6,153.4,34.75,38.0,8.899999999999999,33.600000000000016,33.00000000000001,60.09999999999998,12.2,14.400000000000002,62.199999999999996,10.300000000000002,19.100000000000005,36.45,40.39999999999999,61.940000000000005
2024-12-31,15.699999999999996,31.900000000000006,47.10000000000001,67.99999999999999,23.6,153.4,34.75,38.0,8.899999999999999,33.600000000000016,33.00000000000001,60.09999999999998,12.2,14.400000000000002,62.199999999999996,10.300000000000002,19.100000000000005,36.45,40.39999999999999,61.940000000000005
2025-01-01,15.699999999999996,31.900000000000006,47.10000000000001,67.99999999999999,23.6,153.4,34.75,38.0,8.899999999999999,33.600000000000016,33.00000000000001,60.09999999999998,12.2,14.400000000000002,62.199999999999996,10.300000000000002,19.100000000000005,36.45,40.39999999999999,61.940000000000005
