Date,PVC,VIC,PVB,VNM,FPT,HAG,CTS,PVS,CTG,KDH,NVB,POT,NLG,MSN,MWG,PVD,CMG,VCB,PDR,ITD
2023-08-09,13.999105491622924,42.15355638885498,21.09708174648285,66.59437278113593,80.7442619562149,12.101198815153596,27.46779356718063,35.14353100785255,30.25657687122688,28.885672425596237,10.916712292270661,16.81324881591797,38.23804868837929,65.66942596435547,48.77402321251064,26.648117319002154,34.05872186742782,58.86680651950836,26.25749143600464,9.58019648315769
2023-08-10,14.097728055381195,42.10939375534057,21.33982676318599,66.15310884219359,81.80164604187011,12.685897363866806,27.889387637987134,35.336214993095396,30.636891838531493,28.838530589292525,11.088991450457268,16.941950906427383,38.215057373046875,67.1454834389559,48.10239845581055,26.921274060487747,34.16148468996048,59.3917911529541,26.35834213256836,9.489390838920594
2023-08-11,13.847512424629212,42.435866127387996,21.185789692275467,65.79715946273804,82.17969799232483,12.650870158624649,28.496616268157958,35.117546173152924,31.16907867540722,28.934082067651747,11.464177279930116,16.986233268075942,39.96415498778435,65.96433352661133,47.94588582069397,27.226238250732422,35.119620637893675,58.83612695789337,26.330299622726443,9.885078586606753
2023-08-12,13.914958533858604,42.099459899139404,21.409593726168243,66.37751731793976,83.03914548110961,12.686205628585816,28.498369932174683,35.11066400505066,31.67128246508789,28.655481646156307,11.476415227821352,17.055986281728746,39.93510276478351,66.4606403071518,47.49786854513168,26.67516789572239,35.27550624847412,59.406478786468504,26.592409687042235,9.5136265936203
2023-08-13,14.203197223491669,41.75679847412109,21.409549637086982,66.34031400508118,83.38666552734375,12.542801094055175,28.561319589614868,35.151934693119046,31.92491328259906,28.480890312194823,11.454579930850983,17.092205635768888,39.32475208282471,66.55914791608429,47.343330528133386,26.715574391727447,35.07287389411926,59.40017824172973,26.533330478668212,9.52291035993576
2023-08-14,14.475378951288137,41.206420568847655,21.415714092265606,65.67371617491828,83.30609301567078,12.562039852142334,28.62940378189087,35.49751000446258,32.038006004391285,28.598105624771115,11.12590838474018,16.595148901691434,39.299301621080474,66.67907729814148,47.68473438444019,26.70678918216705,35.08556087493896,59.42533950805664,26.487696533203124,9.52530845388794
2023-08-15,13.890916610572814,41.24045595300292,21.31484255032837,65.03307558611297,83.43077960586547,12.484816757583618,28.416165174007414,35.665015869140625,32.085189225987044,28.598743027496337,11.043608605567933,17.032849725723267,37.19068957127953,65.41561903875733,47.0229271829338,26.56014331098733,34.567715615844726,58.87568783283234,26.07326069869995,9.814782614227294
2023-08-16,14.41542843457091,41.00599482948303,21.565732622197118,65.53158934783895,83.69679336547851,12.485654585077285,28.721440207242967,35.63259796142578,34.32066873931885,29.299986645319404,11.433268477249145,17.37081997063179,37.210108445600504,65.5023327786255,47.171051129711145,26.84271978140831,34.47825827865601,58.90558678150177,26.437562828063964,9.823094336425783
2023-08-17,13.93170383605957,41.60535383088981,21.42748685914227,65.96882147369385,83.20027027130126,12.657501850128174,28.823265880823133,35.63138946533203,33.41828299713135,29.408576459204976,11.740217883641511,17.31662877888851,37.536787774085994,66.31052833343355,47.05315686660004,26.71280212954044,34.68616802215576,59.40716314315796,26.502621459960938,9.5382247521286
2023-08-18,13.49983856678009,41.810842655969466,20.296125411987305,67.65930210007872,82.42466127490998,12.628835773468017,29.116195249557496,35.75625732421875,34.73561685562134,27.466326570510862,11.686972528514328,17.034105329132082,37.69726066589355,67.88642631564332,47.25496838652329,26.967638435840605,33.81076583576203,59.13367509269714,26.277038669586183,9.925579660273131
2023-08-19,13.444968995332717,43.945007146453854,19.97867322063446,66.3848250762111,80.91899829076766,12.448483851242065,28.590357848167418,35.44098788452148,34.28208779067993,27.0352332572937,11.47584687423706,16.771319961547853,37.152678337097164,67.381592678833,46.15680265731812,26.563664995293617,33.62649331283569,58.675931925773625,25.397346359825136,9.805407131607057
2023-08-20,13.611928112268448,45.477641802165984,19.97205931034088,66.47784678973389,81.00226745195387,12.445541540908813,28.766253510475156,35.56995352706909,34.26579078655243,26.98166737604141,11.435357064056396,16.79420871734619,37.34173746757507,67.70700343322754,47.32899077087403,26.738725788373948,34.82039417266846,58.765499897003174,25.553190126228333,9.800263354064942
2023-08-21,14.246325901436805,46.52298121570587,20.599252142572404,69.32835152259796,82.80072331100463,12.291534726333618,28.877124482631682,35.50106267852783,34.41449054718017,28.529512943801883,11.391935294723512,16.826544799804687,38.86206683120728,70.31910062576294,47.57021423245239,27.55090878860035,35.94291184959412,58.73429010772705,25.889228364372254,10.087460854326784
2023-08-22,14.396037863223551,47.45045813938522,20.641364188076018,70.92554031281425,83.19833941394806,12.362555847167968,28.95118697690964,35.85749908447266,34.40819881439209,28.59805757180786,11.370286422729492,16.89755220988083,38.84063377532959,71.174872806427,46.82322122189735,27.861887325110438,34.78842221889496,59.340166854858396,26.468441791534424,10.188114946112508
2023-08-23,14.10739232101536,48.51845300473675,21.10157413482666,69.13415745391846,78.81027872162818,11.932191660690307,28.487394411506653,35.81534523010254,34.42665859222412,27.362486600875854,11.24193087683487,16.4204486166687,38.15166988563537,72.05833625482178,46.384038500427245,27.793248838877677,35.29400625228882,58.81546280765533,26.205529090261457,10.185237101272103
2023-08-24,14.737663921594619,49.092572412872315,20.97362023715973,70.87575655703944,79.8818697810173,12.287778014183045,29.000122069358827,35.65023651123047,34.72515232086182,28.730587571805952,11.385065711155585,17.013311239814758,39.12629516601562,71.64414441952104,46.85811918362595,27.525870475187304,35.68279266357422,60.53592590332031,26.52321827430725,10.09492425189789
2023-08-25,14.369492656488418,50.22993794766999,20.676592065811157,70.67696046812897,79.05450374744224,12.173333422851563,28.942440591573714,35.1962492980957,34.911136627197266,28.78357388420105,11.568703082244873,16.787737562633474,36.8677443397522,70.80510495300294,46.63828285112892,26.633623927116393,34.3358341792345,61.243064880371094,26.43712892726612,10.208468238215769
2023-08-26,13.966619556843566,49.53369202423096,20.600734893825532,71.148141834826,77.69859574332047,12.242931090545653,28.82113240814209,35.31787376403808,34.646317863464354,29.36899205207062,11.592837362617493,16.78497494131851,37.97484588623047,68.48072968139648,46.023617400450895,26.225495532274245,34.52503545856475,60.672244262695315,26.115194123760226,10.109731865033798
2023-08-27,13.923607483449269,50.35132296510315,20.61961216476059,70.83447447624185,76.6050871408882,12.19020094778824,28.729304265260698,35.19616630554199,34.72125972747803,29.434581767772677,11.624475970115661,16.816736523593903,37.91410446166992,68.37930438079833,44.95583737120056,26.272764996871945,34.39670143318176,60.534996871948245,25.866623232224466,10.112910719554824
2023-08-28,13.799820241503667,48.9148418921814,20.57560776713562,70.5907358189962,75.83935258501624,12.127470239178656,28.48832177209854,34.8739608001709,34.67867534637451,29.814375684745787,11.997690163819659,16.83955558026123,36.783974933624265,68.64784744262695,44.30471398297119,26.12820512655258,35.535640551738744,60.40344074249268,25.32097890444088,10.112491078709109
2023-08-29,13.839935756964683,47.83262934157745,20.74848684692383,65.95964270324707,75.18606441059329,12.26739585609436,28.444031397342684,35.21960443496704,34.66223224639892,29.730283827535626,12.12466945308893,17.03240533171829,36.10478726909637,69.41361296907806,44.27870538139343,26.14214508439064,35.17691693115234,59.43929788436889,25.298782305908205,10.213958903169624
2023-08-30,13.66087424031515,49.21962115900315,20.54981543774414,65.84747920074463,76.05202445440005,12.240976374077796,28.449262383699416,34.71870997066498,34.83459154129028,29.804463710652346,12.094740589280693,16.88488711461639,38.79611591174697,68.52513355636596,44.17039775390625,25.82491724843273,36.353165208435065,58.78112007722854,24.865211971982,9.913188718288422
2023-08-31,13.573108276453707,48.8032646461029,20.683988445659637,66.4199628045044,73.84513454839758,12.443466530799865,28.368035102047916,34.90084415435791,34.49721425743103,30.057750163998325,11.964113152697296,17.130400160078427,38.73015446669769,69.20451585969543,44.187279150009154,26.586126411437988,35.93872787475586,59.38944259376526,24.596132294654847,9.914338746374359
2023-09-01,13.297509433100224,48.36685934413147,19.607170047984123,66.66338213763427,76.49190850413893,12.42390894901371,26.798442205646534,34.03167961549759,34.01298721218109,30.173490056738373,11.681505335728074,17.246915809729533,38.44933289222717,68.5791055343628,44.636111049716945,26.02147672997117,35.98319801330567,59.53184058189392,23.735903522752047,9.76458006467571
2023-09-02,13.443337971475124,49.81273308308441,19.71175372997761,66.80470075323485,76.49796869064618,12.479601452376366,26.870713995759107,34.268004735946654,34.905038318634034,30.252278891814935,11.045728071266325,17.16338263067418,38.4981157081604,68.72713938446044,44.71675297445297,26.598406831920148,35.846565856933594,60.0025254108429,23.46889539587259,9.771119375147094
2023-09-03,13.405598338544369,49.64233114304901,19.688122032094004,66.7918314274292,76.72062366590308,12.71937141786003,27.65100606619906,33.67863764762878,34.857995357513424,30.579113683588027,10.968232760072409,16.984382297222673,38.49469665527344,69.12766292266845,44.86438717695236,26.411507920503617,34.96015253176117,61.38411067962647,23.505969855093092,9.769566313101139
2023-09-04,13.4635941010952,49.55396341862137,19.66744973652363,66.63289372892763,79.43452972469329,12.714286763259887,27.0774206222151,32.69742949848175,34.84583797454834,30.011297845990846,10.792086578629762,16.928874621024857,37.52741767959595,69.07986419677735,43.63036523279572,25.869529739676477,35.204841262252806,61.40752208709717,23.0874346235301,9.767313647404574
2023-09-05,13.11092122074766,47.98689770683823,19.682166960282327,66.60149806324769,79.90344153923034,12.719061161413192,27.189830928663074,32.78636031801223,35.411630096435545,30.591664151231576,10.784744894795313,16.930566691042102,38.354981140697475,69.2628419494629,43.958414868713376,25.994685690429925,35.32474785088348,61.37565782546997,23.170507545617863,9.757487264179229
2023-09-06,13.21406157866478,47.7969950716095,21.252141216166308,65.99321098480225,80.30888235340117,12.87428326034546,28.193797502660747,32.55959411760291,33.22202040887833,30.06817718785858,10.650202408048093,16.770185470298767,37.164942325401306,70.15745156707763,43.88014136581421,25.78435143974593,35.68771304269706,59.82396175146103,23.498633489942552,9.745041479733695
2023-09-07,13.948536398620176,47.41010294952393,21.863522817100527,66.62926470103454,80.46857810565947,12.744157763385772,27.280788795372395,35.38879823573201,33.60565494918823,28.026249194040297,10.69967263507965,16.916843968540533,37.86757167211647,68.14264557252503,44.54225379103089,26.04932044353175,33.614510420345304,58.32892075080871,23.259968403863812,9.593845786285401
2023-09-08,14.254812986955642,47.920316547821045,21.069573242500304,66.46496347503663,77.87761186019723,13.111505596351623,27.68815479092844,35.93597262574768,33.3968808016777,27.126543501247607,10.61089838573456,16.967560902900694,36.70273779977417,71.55511304168701,45.83195388656616,25.8150540923245,37.36210499668946,58.290345952033995,22.96108649667978,9.582820954513549
2023-09-09,14.19302802467537,49.84192729907227,21.30471047778511,66.95259888789369,78.49433477209281,12.994471697439193,29.047511095905303,33.98461723022461,32.78230499061585,27.769815989840264,10.675922939044876,16.92893280944824,37.29774891052246,72.25657836914063,46.344466400367736,26.04637825400734,34.052379939565654,57.134503578815455,22.94043022519112,9.579576898956299
2023-09-10,14.157052236082079,50.189453935455326,19.569161896057125,67.55716558244706,78.83335360158061,12.834602264757155,29.115937232580183,34.075382298278804,32.74325080890656,28.623054647801577,10.852925253730774,17.100195615795133,38.467359313201904,74.724207447052,46.25311172236633,26.074155832434652,36.99145398328239,57.12714954133987,22.839268014965057,9.570074475860595
2023-09-11,14.278877396840917,49.90971653627015,20.59263669090271,67.06219362426224,81.08993770282746,12.820923898887633,28.492935528342247,34.12134503250122,34.042872734069825,28.903007094848153,10.876040188893985,17.162341091056824,39.0563158416748,74.76794082641602,46.3268265039244,25.975670907282108,36.26375883786392,60.38048916969299,23.241552449417114,9.282729971740723
2023-09-12,14.209532822925567,49.62917791351318,20.9992941324234,67.57872756958008,80.38188234782638,12.696051350847245,30.38665862746239,34.87552065932464,33.70138060569763,29.1375058214128,10.771465779310226,17.595402722166142,38.92207901000977,75.42448333740235,45.14274128265381,25.63467750149609,36.01630369277572,61.01189208984375,23.298961445617678,9.370980960548858
2023-09-13,14.293879610409649,49.79387706301896,22.054820421821592,68.33080994567872,83.37274162101745,12.870546913146972,31.745127342819217,35.31944389343262,34.92295455932617,30.09982967376709,10.832879751628877,17.762700440378268,37.99477021694183,77.61615820120238,45.550887201049804,25.97607940108251,36.097450472259524,61.35822832107544,23.026564525108334,9.381822147698823
2023-09-14,13.782547999191284,49.55799308264237,22.010831152198794,68.32567749481201,84.33292398762703,12.780966358184815,31.37787947273254,37.68433338482666,34.757076263427734,29.78742411804199,10.851775275453413,17.69346363888748,38.31677398681641,77.78032793426515,45.13370192642212,25.624393230552332,36.038666185981754,60.60314730892181,22.894555628299713,9.665450748332976
2023-09-15,13.92331634634018,49.96980012840271,21.973900849571226,69.05392118408204,85.08715324662208,12.66243514995575,29.227077828660104,37.37326956481934,34.22594447994232,30.078385877609254,10.717112376394272,18.083690128195038,37.98119417953491,78.80898741302491,45.26029065628052,25.68026137639099,35.7585279003067,61.235215950012204,23.824275112152097,9.56798581123352
2023-09-16,13.763726700782776,50.448191918884284,21.17010360305786,68.69878230743409,86.73070799171447,12.696181043815612,29.624412708057406,36.48752968579101,34.756800231933596,29.93268992757797,10.89389972112499,18.44151359120178,38.2337040567398,80.59916974639893,47.9695049194336,25.935868253824413,34.44917098617553,59.52493638854599,24.75864641189575,9.681340262100221
2023-09-17,13.99847161102295,50.61214024832154,21.379826254257203,69.06191338469696,87.31972519709586,13.07491457298088,29.780565369914243,36.8578984172058,34.72988925933838,30.918150751576423,10.70462082723862,17.852157085178373,39.34307373046875,80.14394745490263,47.997466165924074,27.790424271941184,34.43921817111969,60.699959855461124,25.135191135406494,9.735399915730019
2023-09-18,14.200797842010498,49.915807470565795,21.48231998563385,68.54241154174805,87.45841920298577,13.031026442876817,29.753550525383375,38.18771721496582,35.03608703613281,30.90962498535633,10.652634821686707,17.344835801696778,39.2515754699707,80.25513612519835,47.82878694992066,28.798827144713403,34.494943625450134,60.8756001663208,25.210988388061523,9.737685481183318
2023-09-19,14.681349177360534,50.04147431883362,22.411346357070922,69.04930103512574,88.69580326080322,13.085954721832275,29.963481212654113,38.115262600708014,34.58496706752777,31.189435838699342,10.52842583757019,16.812057065963746,39.1147774887085,81.34822045569945,48.028889458808905,28.799245527477265,35.72134017944336,61.37300109863281,25.44744110107422,9.747695715990428
2023-09-20,14.486249771118164,49.80736022497559,22.15790971298218,68.01333681335448,87.01486656887054,12.587103782129745,31.778541860961912,38.88253021908692,34.81992904663086,31.160115971088413,10.55988573526222,17.4353192653656,39.38223648071289,81.47386060344085,47.13179933624267,28.72292693291187,35.313509674072264,60.67809791564942,25.52496337890625,9.703201221324921
2023-09-21,14.672052013778687,49.928218260177616,22.188074661254884,67.81194623693023,88.18232746124268,12.625223617336273,30.358919900894165,39.18878298788493,34.19144488105774,29.35713229362488,10.777003896301489,17.488529990386965,38.94371109008789,79.55240486297608,47.46270008752281,28.56088389801979,35.42339973449707,61.29153823852539,25.334111896133425,9.758448130603925
2023-09-22,14.84857900913432,50.57808023428528,21.53310586538315,69.70546094061952,87.26356975364685,12.749807009506226,31.137593364715574,36.15092525482178,34.34964340209961,30.14585452079773,10.810151943082966,17.685805705444334,39.200218200683594,77.84478950214384,46.380685194396975,28.62563796043396,35.405033111572266,60.8886944770813,25.204580307006836,9.667838780279158
2023-09-23,14.07986322391033,51.022415771575936,21.753879812288282,68.94957649301149,86.61388882255554,12.902276364686966,30.602338006496428,35.825425730323786,33.92211777992249,30.207279253005982,10.774197512144166,17.35134814960098,38.522243809890746,76.52904224395752,46.74268753051758,28.334298391342163,34.89939582824707,60.27569288635254,25.3570613861084,9.70335238497162
2023-09-24,14.059049105644226,47.90418687515259,21.57226263999939,69.31145577886963,86.91363682937622,13.102011576438903,30.546397147178652,36.12410769252777,34.11759640388489,30.41346402168274,11.091800770971188,17.682998930763247,39.09344375610352,76.75607757568359,47.04635873336792,28.38377157783508,34.937082023620604,60.43082067546844,26.572660446166992,9.493784985099792
2023-09-25,14.119021439552307,48.20602099642754,21.641449270248412,71.50179687799438,86.99001170539856,13.101011866361619,30.70506961584091,36.26735749454498,34.312353442382815,31.400170351982116,11.313249097261734,17.754264032821656,39.18967025756836,79.22941926956177,47.38449442977905,28.404978843212128,34.975500869750974,60.517190663909915,27.463241577148438,9.482290933055877
2023-09-26,14.19056646823883,48.55413243061066,21.48883433589935,70.81462470190431,87.9027379989624,13.144903808515549,31.215974521636962,36.410603538894655,34.3640421421051,31.10026005610943,11.31587075393097,16.514733839035035,39.273154678344724,78.26516856422424,49.278857035720826,28.504407576084134,35.02701301574707,60.830640335083004,27.686007270812986,9.720021214735393
2023-09-27,14.11515006351471,48.839499079942705,21.53889398288727,70.93045873828126,87.8748950958252,13.137725718618393,30.906009329795836,35.53686946090221,33.57228574394989,31.05674186016083,11.4917624740996,17.072171466350557,39.280666236877444,74.31540908939785,48.463445242309575,28.520885137081144,34.7076953125,60.857004432678224,27.82600776672363,9.481884172531128
2023-09-28,14.311114597320556,48.9465907439804,21.9160099029541,70.92027175286866,87.1789863166809,13.10002073339653,30.948364946365356,37.966515390036385,34.17436721801758,29.828413029670713,11.461891297162172,16.40155617570877,38.63921535186767,73.89643934646607,48.50321245106506,28.781781005859376,35.61418151855469,60.842037963867185,27.923210506439208,9.58309896959816
2023-09-29,13.916893499439952,49.21752080154419,21.33063035774231,71.027905511261,87.36524351119995,12.959703159332275,31.12462882232666,38.75092495793152,34.51816062927246,29.739188792209625,11.329560157171185,16.275126893520355,38.526481967926024,73.81543587753296,48.29201704879761,28.527003006935118,35.516027183532714,60.826259536743166,28.370729446411133,9.680465512834786
2023-09-30,13.63990489039099,47.47015725944252,21.08935726547241,71.21250578704833,87.71081202507018,12.673036109035491,31.413253094673156,36.24189155615616,34.58932594299316,29.87835576853752,10.688456940593719,16.606452345371245,38.70519308624267,75.02202231216431,47.680195598602296,28.793684720993042,35.98122024536133,61.40325927734375,27.692761583805083,9.831257288503485
2023-10-01,13.841885437102317,45.69746264701305,22.0710506439209,71.2625005027771,88.05216081047058,12.777459220905305,31.85947281074524,36.13054551644325,35.59995572662354,29.887037804632186,10.580075031555177,17.414000034713744,38.865502736663814,75.55652407836914,48.45322356948853,28.68682279586792,35.917945861816406,61.325843811035156,27.043361573696135,9.826322818489322
2023-10-02,13.673598817892074,46.39782696510601,22.76345224380493,71.25385055850221,90.78965567516326,12.82417950050354,32.123360489845275,36.10719078598595,35.504117681121826,29.855905524330137,10.489595188842774,17.439270424461366,39.017736763000485,72.85219590526627,49.07145180130005,28.630845022201537,35.813507080078125,61.272125244140625,25.812392031669617,9.892252795948172
2023-10-03,14.041520833969116,47.22249794197082,22.146488189697266,71.84835624130831,89.03055038452148,13.201825523376465,32.5546989440918,36.5558937543869,35.7759740447998,30.757667541503906,10.823954227006531,17.600643253326417,40.42964553833008,73.09412252577782,47.93456668853759,28.464026458740232,35.767860412597656,61.269142150878906,25.750013923645017,9.892645222272545
2023-10-04,13.951614413022995,46.25420064821892,21.972621059417726,70.92159622448732,87.94523156547545,12.95595651283264,32.27786662101746,36.19603399604988,35.39909959716797,30.495631530761717,10.718777059455872,17.368352682495114,40.37898525238037,74.01097724793433,50.36239828948975,28.405793571710586,35.56410217285156,61.195247650146484,25.151041647434234,10.12619873038232
2023-10-05,14.111856392383574,47.14021678170204,22.02744524002075,71.52495093109864,88.43508091735839,12.762091960866927,32.52152464199066,36.3669796115284,35.77737674713135,30.92736382484436,10.743626856925964,17.55524206161499,41.112144470214844,73.72811562973023,47.2214409828186,28.40166170310974,35.35797855377197,60.698631019592284,25.108768096482752,10.028685062322044
2023-10-06,14.289411377906799,47.20682185935974,22.807332917976378,69.04557114807128,89.60179237385903,12.544775435501174,34.28569200897217,35.75960065482887,35.33907926101684,30.23963705657959,11.196705169033224,17.456325457763672,41.47098159790039,74.61139952087403,48.333395488643646,28.16775569643259,35.768619537353516,60.6793404006958,25.730348515748975,9.643488958751908
2023-10-07,14.365451216697693,45.11077155017853,23.1221688079834,66.85478157348632,90.59626568229676,12.674575188467026,33.2026573047638,36.155288066253654,35.11915510253906,29.812458140285685,10.758051166955452,17.359822248458862,41.2508018875122,73.68229707421303,47.22655878067017,28.36775743603706,35.64252418518066,61.15068435668945,25.393419444766046,9.734560854083359
2023-10-08,14.11569330883026,43.894984193515775,22.04663356781006,67.10817918548584,89.27180962371826,12.665778127029418,33.23408802223206,37.30778503417969,33.93271980285645,29.740045917743114,10.43359143523407,17.03148210815048,41.25658000946045,73.4834153800106,47.369336414337155,28.307825912475586,36.352061920166015,61.27692794799805,24.924349473006536,9.700304193528902
2023-10-09,14.200549651343822,43.826183840560915,22.012055608177185,67.2631561203003,89.70027523040771,12.416170918212032,32.1226622433483,37.26746658325195,33.14309774551392,29.809397451925275,10.425531821834564,17.038492467853544,40.01960144417953,73.31505738258362,47.74018335342407,27.09768297357559,36.611124597167965,63.094886779785156,25.00461036804199,9.728390688356765
2023-10-10,14.193962569155692,43.96590316693782,22.1837451171875,67.9331187284546,88.31273412483215,12.29149048647995,32.313383826799395,36.943025979995724,33.45008895874023,29.767959313316343,10.558203430931151,17.217377355194092,39.815939996864316,71.39459271097184,45.350236377998826,28.37144264325142,36.92351425170899,61.19283135621643,25.190392250061034,9.568744192490158
2023-10-11,14.668227910995483,43.507854796094655,22.115638408851623,67.81050251229857,88.10141774508476,12.92018636090767,32.13105725984573,39.25320626792908,33.11204249267578,30.197001853244306,10.4702553314209,16.549509302902223,39.924234819030765,71.07336308612823,45.36913658600091,28.720497608184814,36.34690483633804,59.2577378036499,24.73904807478604,9.594581367150843
2023-10-12,14.19023024086461,46.32135076126099,22.013503575897214,68.74293187772369,87.90144426057815,13.359106627845764,32.378639482498166,36.84362369392776,33.46205558776855,30.170899715380095,10.641300088865432,16.46892155096054,40.278906936645505,71.32494292259216,45.888738958740234,28.56204853307247,36.47562160634995,59.24424018630981,25.672093963623045,9.633988183337095
2023-10-13,14.598682798504829,46.812267811203,22.115902508354186,67.91518998413085,88.59084511184692,13.46246597480774,32.183481457843776,39.30977133904266,33.2137020904541,30.88817674255371,10.622526044611748,16.57275372108078,40.0200986579895,73.34093685150147,47.35195115758896,27.08413879825401,36.42868994430542,59.14863915710449,26.16338723373413,9.620922933733565
2023-10-14,14.334438227437733,43.27187051427841,22.085908616256713,67.68445801849364,89.94999899482727,13.474116950162887,32.23138009431839,39.16569334336853,34.07838562011719,30.538522180180546,10.591437443063048,16.440148852359123,39.3596912186966,70.57869344930648,47.819088723106375,27.185782162857056,38.61024211883545,58.76729960147095,25.800093787693978,10.026082894069534
2023-10-15,14.427766147953273,44.33105704593658,22.152035783958432,67.53195843887329,90.1143994731903,13.513930702154159,32.95239038801193,39.24591881648254,34.13408260345459,30.5223744649744,10.647543901563722,16.475225205101854,39.218076452980036,72.24857781983184,47.949027048698035,26.448891038119193,38.665110473632815,58.73455100277329,25.613296110763553,10.095011808637453
2023-10-16,14.440606591136454,44.23041462563038,22.22223603553772,67.46990747909545,90.3616087474823,13.567035017961503,33.5009685716629,39.31643959526825,34.61301441192627,30.519256118774415,10.788657617260391,16.550821881790807,39.25665078912734,72.03742686559153,49.153095602273936,25.806209968859463,38.86389026641846,58.75243329168319,25.535771039768104,10.133861658048037
2023-10-17,14.524370557830334,44.57236322307587,22.455454855442046,68.0083233598938,88.8571820319377,13.63029972267151,33.33298448385715,37.19737360248184,34.509276370239256,30.721990037441252,10.693955559999388,16.303853053227996,39.91469991703033,71.531680726902,49.08899505475044,27.70429785565138,38.483051639556884,60.46779016494751,25.767714530467988,10.333301277574291
2023-10-18,14.17590330094099,44.81331624984741,22.635688247680665,67.87925204534912,88.64104925823212,13.323446073341369,33.86141481399536,37.2876565120697,34.83798862457275,30.17678310584035,10.315082335485306,15.895326593333017,40.175353031158444,71.54673571944237,49.648738861083984,28.744894347667696,38.16576905137825,60.349435024261474,25.316025530576706,10.404417972545819
2023-10-19,13.905104703448176,43.480054426832204,22.262778573417663,67.29023500671386,87.67742940702438,13.072894075521468,33.75275745677948,36.078689973449706,34.460504035949704,30.15057536777973,10.308556712930274,15.774233420024878,39.29898730201721,72.50129977798463,46.89735993840694,28.202272826771733,37.30830899276734,60.098415241241455,24.509532759697436,10.248272645882308
2023-10-20,13.645008021225284,43.48048755655289,22.46367816925049,65.97598315429687,88.35611263893126,12.77916122187601,34.844764709472656,38.893293330105294,34.181806640625,30.484095062255857,9.714917447037049,15.583461854538802,38.826077423095704,70.57996400733947,47.97990706729889,28.629405678749084,37.164875860759736,59.455518065071104,24.136183579401184,10.326798686913312
2023-10-21,13.825871236166952,43.514123505592345,22.24221098012924,66.52684503273011,88.6631082687378,12.529696617862701,33.791291015625,38.17182944494629,33.53804461669922,29.643133778072528,9.476655629333038,15.468175211345054,37.272967905212404,68.41427536010742,47.886758422851564,28.10580119934082,37.245523447608946,59.92661012649536,23.757825646216823,9.899393124236234
2023-10-22,13.476925788853169,42.56573400878906,21.798819512374877,66.53082122808837,88.48466456794738,12.578687335968018,33.07156219768524,38.18931268000774,33.19977515487671,29.25218478767688,9.33881494435524,15.434347133417386,36.474602307632445,68.09747772216797,46.2979802942276,27.35629576573455,37.11336822509766,59.86569036483765,23.387383833889817,9.589125122431033
2023-10-23,13.42732077266693,44.12356796264648,21.776140748731613,68.26495907119953,87.22018750980376,12.516732273101807,32.44716757678985,38.15792686501796,32.71540819726181,28.569062258722187,9.25020823241478,15.969072092992114,35.575949831615866,68.0430341720581,47.21723070144653,27.803094964027405,36.747507362365724,59.847069034576414,23.119020989420342,9.722094267112974
2023-10-24,13.435674983543159,43.610159454345705,21.63880781251144,69.75408106896515,87.91006716156005,12.532624137577056,31.541855174388886,38.20851993714752,32.886335887527466,29.274536429514885,9.470902105095062,16.01145298669252,35.96944034042358,67.42513387298584,46.77440134048462,27.805190099716185,36.591573600769046,58.64343961296081,22.666273391521038,9.786468243947901
2023-10-25,13.457162442572734,43.62005541229248,21.636651543159484,65.7483247718811,88.77637882232666,12.42310921888733,31.593442165374757,36.24239376068115,33.3481022644043,28.97551422703743,9.55120433249181,16.373861668252943,36.142530891735994,69.68111007242203,46.82485765743255,28.12615613937378,36.298410877990726,58.32626526947021,23.184823487005232,9.752793084138565
2023-10-26,12.881379369571551,41.497641786575315,22.298367404937743,65.55998229980469,88.88414268493652,12.366447233522415,32.42792558670044,36.27645824432373,33.211780071830745,29.4685285869956,9.547069216082095,17.440888583547594,37.040429953193666,70.59343777656557,47.33033924102783,28.05799012184143,37.111061096191406,60.09735107421875,23.990100819110868,9.928444752382159
2023-10-27,12.940207741530415,43.88818686328125,21.862955363845824,66.47702284011841,88.94488744926453,12.196750385972729,31.99405121898651,37.36126737442017,32.543228413455964,29.509196358203887,9.620477450413343,17.844741130960465,35.748800952037804,69.54366124534606,48.346100700759884,26.83060109682083,36.72945167541504,57.96707024459839,23.147665666422842,9.70109556739872
2023-10-28,12.950812102338423,40.75132072734833,21.84654064011383,66.42724836044312,94.21236396726609,12.473631107683353,33.215949044408795,36.60988235473633,33.04818431282044,29.503706458325386,9.566809588663599,17.849454824277878,36.784942980606075,70.0976210589981,49.36980325587273,27.769447600364686,37.79925537109375,58.21460921859742,23.296790042066576,9.989760297145468
2023-10-29,13.074533152347385,42.046378665847776,21.843371272247314,66.66061582946777,95.44315389467239,12.415582109331682,32.79819029222488,36.58042907714844,33.01899935874938,29.616634676985736,9.428460854695453,17.366387460136416,37.05985769561005,71.09747953393936,49.7834432437706,27.46324664926529,38.98110565185547,57.806421173698425,23.389862228994367,10.010877230167731
2023-10-30,13.030052720913337,43.2674595356369,21.874453061393737,66.9000903579712,96.02418031145096,12.410768624052594,32.747312554750444,36.722007751464844,32.96661150627136,30.61447171972418,9.399712489632556,17.20374809360504,37.219118505678175,70.91629183135986,50.20742565359116,27.31566109371185,39.05472984313965,57.71471920532227,23.48595638219833,10.059791684662713
2023-10-31,13.189574022735089,43.63370718604087,22.34749996547699,67.72723068237305,97.41504656410217,12.295390732002582,33.18899066448211,35.93509368896484,33.25095428466797,31.007208599610326,9.314622370240922,16.912664324951173,37.98882167816162,71.39499434280395,50.887038923263546,28.32371998500824,38.78518011932373,58.885585113716125,24.028607654571534,9.428335489216803
2023-11-01,13.553806728515625,43.66399489468574,22.294448759107592,67.25596673160781,96.97694227174759,12.383052763303757,33.328887825965886,35.662309782028196,33.17218677520752,30.14969296216965,9.384442935252757,16.580266050029753,37.93604348144531,70.43605756896973,51.17484750938415,28.079430897345542,38.94021774330139,58.73943439235687,24.046060609817506,9.281204284858703
2023-11-02,13.355021246331596,43.3544535193634,22.046833160602567,67.61682020427703,96.25251885097504,12.504543190383911,30.68774195740442,35.93646240234375,32.04708688841652,29.566672116136548,9.199911774259554,15.993055093546774,37.50715826490784,68.96693925253028,52.187123265266415,27.710756193237305,38.769340348815916,56.727676498254915,23.381318902112817,9.152891534235735
2023-11-03,13.16043768765172,41.27152001598358,22.273225640716554,66.35957107543945,93.55224306106568,12.435337631804467,30.668909967613217,35.61642667865753,32.45932332916259,29.549735650463106,8.898367596267699,16.486099739456176,38.41177642822266,67.68154402542113,51.71364182407379,26.654247744941713,38.904425534057616,55.49962486867904,23.328656245822906,9.897714896765091
2023-11-04,13.10003616213287,41.48707197189331,22.08573339925575,66.69172087097166,93.52835607135772,12.421685603452232,30.434934688391873,34.93774374132156,32.11202789552308,29.59394872080803,9.029024952151795,16.650956601905822,37.41590456398773,67.56792064727783,50.400333595275875,26.663375430021286,37.52606314544678,60.2700292137909,23.006944336543462,9.912217753072069
2023-11-05,13.428888847332002,41.53492278671265,22.107241123386384,66.71938336715698,94.4499870401001,12.52733136540985,30.46615725320892,35.841429485321044,32.04957486051178,29.616759814395902,9.096156169211426,16.519310876910207,37.3646816435701,68.23134945030213,50.40461082458496,26.626262071237562,37.66350049667358,58.42724221581688,22.791973243708703,9.919169010091867
2023-11-06,13.404928080253601,41.498797754287715,22.276007621383666,66.7632038269043,94.69694513912202,12.590302857707977,30.358296504626935,35.84506388626099,32.30007587127685,29.54246158550248,9.180004391022493,16.618213212676046,37.743217183192634,69.03934537671834,49.587553728103636,26.609170440330505,37.60224862747192,58.50818650879898,22.78262729888134,9.95552225920369
2023-11-07,14.435870851135254,41.02105446098327,22.94254545211792,68.48997098006811,95.90166601890564,12.776627324295044,30.704861628313065,36.26978713989258,32.12587450047684,29.542170758944273,9.195864752617835,17.81613987638148,38.12520176449585,72.30254909420013,49.474911058387754,27.320455495834352,37.85523039894104,56.27040098257541,23.003047415828703,9.946282750446676
2023-11-08,14.502851657867431,41.02860240943909,22.833566394138334,68.56553674485863,98.42349334430693,12.762044767029762,30.752480442495347,36.81996088027954,32.50750188980103,30.426899040699006,9.351888109444793,16.79032135655022,39.280033626937865,71.8556953320694,50.27044477844238,27.027039997208117,37.63266939606857,61.065118825392155,23.888711952924726,9.9298863390691
2023-11-09,14.715269136428834,43.24445163596849,22.324861804962158,68.4220058884894,96.7877673522377,12.775279440828324,31.35848538246632,36.82079971313477,33.15397283554077,30.337180315732954,9.282985914378092,17.148585534095766,39.02738309211731,72.63414174493789,50.38161368825912,27.324187685251236,37.14032132185935,58.00971482485771,23.77476082706451,9.472585188484192
2023-11-10,14.71181053161621,44.28177899208068,23.618149957466123,66.53952294114303,96.60716431938171,13.064076295291901,31.63248918477058,34.923221466258425,32.958287819480894,30.047446732063293,9.256183687803267,17.20786843299866,38.57180678613281,72.52373903008461,50.79038457013807,27.207852195503712,38.66301406478882,58.44593835011958,23.55762350857973,10.029735944387562
2023-11-11,14.953552951812744,44.39409091644287,24.06236136074066,66.87959044008636,96.06681967198905,13.145662940357122,32.337531850976944,36.92692208976746,32.07826829099178,30.025566961269377,9.209711967062189,16.94458552093506,38.54853389767456,73.03775976725578,51.082378025030714,27.37084219938755,39.38156929588318,57.482961020207405,22.717461971872506,9.924307387250975
2023-11-12,14.959505195617677,43.24032101211548,24.377748062324525,65.78753374786378,97.40106076155166,13.159868367735644,31.05530752069473,36.980592855262756,32.18016017068863,30.415722190289497,9.14951423638916,17.169539893341064,38.43487768153381,73.92226916604996,51.24019990395183,27.420819083747862,40.33922756958008,57.503532840871806,21.938370183795545,9.860865255356712
2023-11-13,15.002547340393066,43.43241204986572,24.72972740249634,65.08611007690429,97.70834977368735,13.026708663807161,31.32919869577789,37.158356833648675,31.787878673515316,28.744788756972312,9.197495276618957,17.177862730407714,39.058769933246616,72.92780708312989,51.3856562684721,26.395079856069085,42.22850015640259,57.487057065711014,22.09623950815058,9.917642743460538
2023-11-14,15.02546236038208,44.28483530692291,23.659392745513916,65.71226501464844,95.48112661056518,12.628183400990217,31.765504262351985,35.797712767925255,31.17115205434799,28.734568149331572,9.322031167731629,17.40990505218506,37.00768018155612,72.1868761138916,52.05994136106491,26.403736587600946,41.69196152114868,58.06615789747238,22.80609819316864,10.168844910417477
2023-11-15,15.285874077415466,45.027974911111784,24.157063599586486,67.93076998374939,95.54894059724808,12.675219960794449,30.657764901211213,36.34157121276856,31.117227160320283,29.016368883132934,9.204927986549377,17.30582158241272,37.8118173866272,70.36208248414992,50.51042756478137,26.699299790096283,41.99317186655044,59.4962964630127,23.68023420714569,9.844137953326607
2023-11-16,14.802845990753173,45.031645311138156,24.09107866364479,67.00181925201414,100.11451032909393,12.642399597384166,30.699304687482126,36.03546559925079,30.71870992494106,29.487713499451587,9.173792088500976,17.0565032931633,37.448652811088564,71.46727348686218,50.57383785254001,25.673758413628974,42.58990848707199,59.287118911743164,23.216271150970456,9.60475858892681
2023-11-17,14.292949565219878,42.21211096153943,23.696103538541795,67.151941280365,101.48616883850097,12.3317864064929,30.611646364810465,37.245260700225835,30.965246076221465,29.018195546436306,8.916418650323392,17.332174150848388,36.72610558021545,71.5045934265035,54.00975235216141,27.4404692628479,42.6660511705101,59.86418914794922,23.483511924110413,9.896583746906774
2023-11-18,14.48235656068325,45.47169007383156,23.35262148006935,63.28416103232574,101.50290144435883,12.109363073163236,30.871431185840603,36.77595651226044,30.417286844249723,28.716464832080124,9.029848967811585,17.291382375537868,36.34081829361075,71.64740004511874,53.742808716268726,27.8044168510437,43.7707997121048,58.9836315536499,23.440160341644287,10.013967342819214
2023-11-19,14.705556723117828,47.27964938735962,23.580919317884728,65.11347496032715,102.9837756047058,12.149111769641381,30.9750679589653,37.700726086601264,30.755665448205754,28.834496138493776,9.000214391601562,17.43700292097473,36.84007838230019,71.33690398198492,54.71247187399864,28.031624724526406,44.03089575387954,59.37422126770019,23.471598052597045,10.19033888688755
2023-11-20,14.836732837200165,47.73591515018463,23.829401283840465,65.23134864807129,103.68989414136885,12.407976109489187,30.97081410791302,37.8126631721077,32.64561027270126,29.609406969203565,9.040225979896544,17.512410189674377,37.04242369811839,74.13618200142973,54.721639105224604,27.79401113319397,44.33012376045227,59.327006835937496,23.522584550857545,10.245716656177521
2023-11-21,15.006535363197326,47.490038844466206,24.17700278772354,64.92010232963561,102.8400114440918,12.552025364944578,30.507495441050075,37.831430168151854,33.78025582237243,29.186102863740917,9.071001132865906,17.673115203817368,37.51227339992523,75.26636779023055,54.871245343666075,28.087393283843994,44.41271879384994,59.811100006103516,23.730941853532787,10.105240855407715
2023-11-22,14.861714292526244,47.877988243103026,25.318390549489976,64.30973905498124,103.27585028743744,12.782233328963184,30.807113233706477,37.78391139364243,34.30550163269043,30.872420006275178,9.242011146883218,16.454340701841826,37.632699299182896,75.68079283909492,55.36571124322415,27.71807914455414,43.59133234724578,58.78169687919617,23.302250714492796,10.159696083068848
2023-11-23,14.488344744712112,46.9920561132431,25.91945128440857,63.493694601058955,101.8927670917511,12.83503641407232,32.405005600061415,36.53321237916469,34.01174545288086,30.533319425582885,9.205956897635193,16.779857042312624,39.49177032470703,75.95336992676648,54.64829683685302,28.080676174163816,45.89942561149597,58.8615470123291,23.566627126812858,10.093958936536788
2023-11-24,14.427567161842884,46.98222484588623,26.029408378601072,63.450414768219,102.76427573490143,12.802122883707703,33.91527323913574,36.70470427468379,33.96015193939209,30.052489850699903,9.287030845004224,17.41674578475952,40.569980771255494,76.42955692633582,55.16077888727188,27.712959087674616,47.053186056518555,59.009329319000244,23.999183056640625,10.079574188518524
2023-11-25,14.56528270104888,46.02309083747864,26.0692755317688,62.79432306409836,102.77390704104423,12.724543026324175,33.78716764866829,36.66838572879529,33.625574421501156,30.037122352609632,9.475443627965126,17.11967681131124,40.853000775146484,74.38319398888808,54.85504512119293,28.23851186455965,47.58429847717285,57.64468661593437,24.454011685953137,9.9947247838974
2023-11-26,14.715612499916553,47.067584687004086,26.23379716873169,62.98006645328521,103.24179414227486,12.690430386561012,34.172916556949616,36.49835517847795,33.73834202442169,30.218000277042385,9.680632570188788,17.517684307193754,41.14680152721405,74.95957463743001,55.120401972770686,28.320501071662903,48.114931449890136,57.65064620150185,24.480256322158812,10.154515212154388
2023-11-27,14.524822939947098,46.18811473391533,26.11287202835083,62.90527187662125,101.96469258444786,12.621710494980526,33.746106211037635,36.372741846275424,33.65994204883575,30.149652458667752,9.615385512036323,17.545250301361083,41.02568814468383,74.41955917913589,55.11394350528717,28.18361006298065,47.78125587463379,57.516696889686585,24.55361602373963,9.920436420059204
2023-11-28,14.544877121829986,44.57804737322674,25.98909936904907,63.23463324560165,101.84598922920226,12.44627295933754,34.45350980758667,37.1820145194756,34.110443115234375,30.46363034248352,9.51943643687439,17.41038974704742,40.985447282981866,74.67902017307281,55.75089454650879,27.550745793671606,46.94763249549866,57.991910315322876,24.78608441788047,10.080226974487305
2023-11-29,14.973151662826538,42.47792970731735,26.031222915649415,64.51607402572631,101.1814319617939,12.539470629772566,34.25690086269378,38.4967068901062,34.06147766113281,30.171548283576964,9.682033220327327,17.555207862854004,40.9454318813324,73.68710340385437,54.61226106834412,28.222012623310086,47.18137573242188,58.242015266418456,24.18940907421112,9.836746636184692
2023-11-30,14.840157877757548,43.18334598541259,25.811020029830935,65.04521759033203,102.73943481445312,12.430542762804592,34.696209171295166,37.39116649904795,34.08061218261719,30.491214752197266,9.67358653678273,17.107273822546006,41.38252460479736,74.89065833473205,54.08563514968872,27.00100555917511,46.52757333984375,58.90382766723633,24.243291625654223,9.730240627670288
2023-12-01,14.550451623398065,41.40694465947132,26.278187074661254,63.30780436486817,101.4209559530794,12.62463225760517,35.753151512146,37.553285803570176,33.70196880340576,30.092611312515736,9.697317167506688,16.90556886577606,41.023831856918335,73.48144242350348,54.95909564208984,26.99093099844933,47.0093404964447,58.24401683807373,24.16847533721924,10.185241887378693
2023-12-02,14.481686273753644,41.545388038387294,26.367222919464112,63.92066680755615,102.99352542357445,12.867272748956678,36.111058902740474,37.93694078979492,33.75868782043457,30.53316879272461,9.720835150652972,17.364406913216396,41.602594871521,74.28942597278593,54.9431453704834,27.20146625092113,46.97854232788086,58.44710634231567,24.30506691055298,10.55979263753891
2023-12-03,14.571077252274334,39.70900618732023,26.362761163711546,63.67469706573487,103.13578057099342,12.843744248528479,36.86439934158325,37.79563526538849,33.69069301605224,30.25721687221527,9.695064257964866,17.63431044996643,41.73105239868164,75.7671872177124,55.30060130882263,29.715013931453704,46.82648849487305,56.95677371940613,24.421041151697157,10.656241031932831
2023-12-04,14.561917110311866,43.325345640773385,26.150410683345793,62.510747360229495,105.02564712650299,12.804255188641548,36.57823067753792,37.68743590421676,33.764794979095456,30.151038580555916,9.5727870941513,17.836029802416682,41.75505065917969,75.46532759857178,55.49032384832382,29.67241647561264,47.25061798095703,54.98687003665924,24.30738493325615,10.79512761259079
2023-12-05,15.618877273381376,41.01726998727322,26.246135385131833,63.15249310111999,107.13183994102478,12.618035164489315,36.29250105938759,40.173981315078734,32.93868271515655,29.92935497408101,9.369837558725235,17.957880172100353,41.21781392841339,76.85469188690185,55.21526756786384,29.44638166923523,47.451168594360354,55.22280728530884,24.052550052818297,11.073278324604034
2023-12-06,16.03679467163086,42.11123132658005,26.093827781870843,62.10331144992828,106.95162104427338,12.807869450569152,36.37648617409715,39.88607164993286,33.44333661727905,30.36610478371382,9.522157946480677,17.52964165794357,41.35428865585327,75.95982975769043,57.086866181373594,29.334581565856933,48.64096928939819,54.932119234943386,24.25787621025169,11.267335272748946
2023-12-07,16.153302956863403,40.896109214830396,26.47913707637787,62.45366692949295,102.63065834941864,12.833137463707923,35.857404104232785,38.496954820632936,32.095308057518004,30.137749349274372,9.409890243080175,17.66655376758547,41.85297393798828,77.63354406452179,55.880221402359005,28.245359414577482,49.176713676452636,56.20289795064926,24.41611568685591,11.598447624874114
2023-12-08,15.978855156898499,41.30156343327999,26.488099434471128,61.872689615805236,102.71477768714333,12.464418425781295,35.249719048577354,38.42461250724793,33.5422805072937,30.2600801936388,9.330499663323899,16.41370075823536,40.80787528383064,77.33123857212067,56.05282757638693,27.877284252676965,48.93650120043182,56.291201145172124,23.79184614014625,11.8932430034523
2023-12-09,16.030935189056397,43.0002440955162,26.70164760532379,66.20667083740234,104.60784531909655,12.6005907777071,35.85302720284439,38.509374232864374,31.7723534175991,30.121273299334145,9.448669687207758,17.01500626208496,41.27565194721222,75.84449324752235,54.2699805586667,27.949337202529904,49.28117891030502,58.23081651687622,23.645841127281187,12.687130869388579
2023-12-10,15.728739566802979,41.61320139722871,26.78119959869385,66.27893192291259,102.17703538641324,12.583042736120223,35.87150721923304,39.571766017913816,31.65828575295067,30.03346148446283,9.690261513378516,16.656209219757486,40.9752189119339,76.35222190191365,52.78428425246592,27.606362091064454,49.399301366592404,58.40566635131836,23.763007808498383,13.30046329498291
2023-12-11,15.725601482391358,41.65663962827396,26.757576086997986,67.39370483398437,103.03354264237436,12.93686336555481,35.81568450310707,39.21680625915528,31.701616330050655,30.10700070571503,9.805100686371144,16.251912482586686,41.11299179077148,75.49552280770682,52.9998597716215,27.575459760189055,49.46760100109482,58.27299118041992,23.792975269512173,14.067194862365723
2023-12-12,15.902749674224854,41.274712472103765,27.034956436157227,65.11492149616241,105.14565614884184,12.797510075803755,35.51952003367452,39.25622978210449,31.13993296316185,30.461099699492454,9.736793924482614,16.995922174453735,40.50481808142471,78.32126504030228,53.17338700728676,29.392459495925902,50.05770735168457,57.58090747833252,24.272217728642214,14.615270957946777
2023-12-13,14.50675162721157,43.23693639965086,27.05747034072876,64.66634521865845,104.62748689936787,12.607133396143913,36.11216376686097,38.426429748535156,32.99745410179138,30.635427526474,9.586594316009675,17.281026405429838,41.06275234222412,80.44659320800781,53.91812398212862,27.78526282310486,49.175922285461425,58.113712310791016,24.514259151445085,14.892634315490723
2023-12-14,14.839939886069299,41.64626456132487,26.758836057472227,64.29117834580249,105.26322445652303,12.784989990182877,35.648912792192455,38.03374374389649,34.08640363464355,30.376737569718358,9.660337844028135,16.795197832025526,40.68642069168091,75.79480190180396,53.643146294208094,27.48575923204422,49.393381225204465,57.08644771385193,24.7561587294235,15.00817957687378
2023-12-15,14.960789715192316,42.288093072891705,26.54286702346802,63.73055517705918,106.53657657399216,13.376968895339967,36.53832320308685,38.48717498779297,33.84284934997559,30.463995478949546,9.627271761834633,17.064913473129273,41.27296646118164,80.40749110794067,57.355221246471395,27.83591823577881,50.53224182128906,57.77143478393555,25.10230263244671,15.505263290405273
2023-12-16,14.945089733980893,44.40200446485643,26.279516369819643,63.32662656652449,116.12683465650558,13.516252727508546,36.508702660760875,37.26800851821899,33.37375335421372,30.8746172747612,9.515938405608903,16.667566127843855,40.95396439247131,80.07073956298828,58.829458682270044,27.601717075824734,50.21338279724121,57.72639907836914,24.625205400066378,15.272288012323953
2023-12-17,15.007113579511643,44.41490169928836,26.196259240722654,63.31914637979508,119.54277935028075,13.52596318244934,36.595475743074424,37.34455277252197,33.77135687255859,31.045915789604187,9.45588349410714,16.504417101688382,41.15643828277587,80.4583287294674,58.48551761751652,26.942127029013633,48.16519018941879,58.0108186340332,22.73276500702858,15.659970769895555
2023-12-18,14.81834516787529,43.579610120651985,25.95920346050262,63.14252356916428,120.03785495567321,13.438874044418334,35.893100061378476,37.17571208381653,33.70269186172485,31.35440797805786,9.470131013655443,16.46961317893982,40.834390577316285,80.18235491586685,58.64527804706096,26.837524572122096,48.24696948451996,57.83798103332519,25.140446356580888,15.612891667224885
2023-12-19,14.708985712766648,43.380439856529236,25.23267128464508,64.6982350982666,119.9746822559738,13.409801216125489,35.79998854923248,38.403072357177734,33.545980860397336,32.00485788468361,9.662731226888896,16.496112153196336,40.53688051643372,80.40223279380798,58.61345858802795,28.57549311876297,50.43593490600586,60.002941856384275,24.348183332630768,15.756021954917907
2023-12-20,15.482106043880941,42.72968452560425,26.334438688425063,63.05999387299117,121.94628605175018,13.422186341285705,35.084628484112976,38.31136703491211,33.8763072933197,32.140371297855374,9.699295958386855,16.705851937294007,40.22569398078918,79.63411917686462,59.24890193939209,27.44121458530426,50.07013839569091,59.32818848075866,24.641079682159425,15.644817224000931
2023-12-21,14.252874839015007,41.71866144447327,26.25518155517578,62.96446223715728,122.52255682182312,13.306533336639404,35.10327897366557,37.90556762695312,34.051519546508786,32.62970082950592,9.930868941571656,16.455964808906362,40.364090538024904,78.46278518677711,58.320160211563106,27.303323395643233,50.548606872558594,59.79030475616455,24.771937335205077,15.868946810531616
2023-12-22,14.395764368534088,41.128875139727,25.686474694445913,63.271340146362306,121.95406144020079,13.723167057037355,35.53963923764706,37.34416179656982,33.567497328186036,32.46450211824417,10.05667923945042,17.12108218735175,39.734231019241335,79.20823173522949,57.876727283706664,27.484275331020353,48.114121873855595,59.09098951263428,24.51621326687622,16.161228705787657
2023-12-23,14.247093129816054,41.35137432821402,25.184686792373657,63.753380735778805,125.49187709999083,13.776562146949768,35.465621497161194,37.37441482543945,33.82044509887695,32.576766889543535,9.804446421760712,16.651185916957854,40.18576302280426,78.55592823028564,58.54538804197311,27.813665485382078,47.710545229454034,58.792727729415894,25.145146660782963,16.402768111123866
2023-12-24,14.250130579476355,43.35370823038101,25.246255098724365,63.78449890594483,128.5908858718872,13.72546360759735,35.529142699715564,37.17761738491058,33.50849851989746,32.00691453615418,9.916950523049685,16.613522445116043,40.091152469444275,78.23838672637939,59.261599298887255,27.726340809345242,47.698330477924344,57.260305466537474,24.740889585033415,16.424419329231263
2023-12-25,14.633921816351652,44.87386438895415,25.268228448091506,64.4352766418457,133.61522827148437,13.67590755443573,35.44506315900792,37.105064510822295,33.38456145896912,32.05894901682129,9.717443930740554,16.644928014149663,39.93783587608337,77.70646331119538,58.74853238868713,27.796937845945358,46.29976127449035,57.05051692627716,24.65111432446861,16.37514836265564
2023-12-26,15.665240856453405,44.52939531175232,25.007131913286035,63.39392205029298,138.01304848342895,13.52849006652832,34.3981347717762,36.97073899841308,32.57706435112485,32.37312074684143,9.461884271115006,18.270498266578947,39.85786519546508,75.66502886069354,58.147527916402815,27.48801914334297,46.63243954479218,56.95607720290374,24.71049527070808,16.150334017181397
2023-12-27,15.090331331103398,43.59235212844162,24.86163975472784,63.314821645477295,139.6785398280716,13.907992258125297,34.04198873491287,38.80545722465515,32.393682546282804,30.90526586113901,8.805894163812102,16.819313098423148,40.19086954116821,75.91098547528267,58.072729289388654,26.931134756577013,46.39631130111694,55.20216086883545,24.418884697053908,16.120732208824155
2023-12-28,14.685153236921309,44.09707006063614,25.063460405261992,65.17628044128418,140.31754716614054,13.909013498368289,33.405677858512405,37.309012998390195,32.22745370841522,30.851215206728266,8.800786916327944,17.730840073322295,40.40754178848267,74.70105752495012,57.92154930579186,26.841441751706597,46.13503790622711,54.913916752349856,24.342842024024964,15.87533348007202
2023-12-29,14.776415792084254,43.3337656173706,25.045861669944763,61.454761080305666,140.46045465660094,12.886187365066052,32.187461046445236,37.84789604223632,32.39094923694992,31.131385505211348,8.719864557347144,17.060729479236606,40.73714825935364,73.48399937791156,57.191370758344895,27.463477731227872,45.67043598192214,56.471313362121585,23.992794681358337,15.688764686584472
2023-12-30,14.759248892546996,43.84614957982635,25.616463035202027,62.01916429035186,140.01664023262026,13.961320887561554,32.29545436286116,37.67753652572632,31.91662955149544,31.753684162774086,8.829446155013466,16.854215469903945,40.56397956848144,73.88107764958191,55.617802521386146,26.78491491411209,44.90274238824978,56.723225116729736,23.23591272849655,15.570926475524901
2023-12-31,14.674683938414782,43.85989006646347,25.22003304804325,62.05025252151489,141.15916581241606,13.857339070181842,32.49960235479355,37.74927520751953,30.59605078295849,31.29374910523281,9.300601350889206,16.633671849310396,39.77349254894256,73.85892019615173,55.955420328550815,27.559185048093795,43.28108551408258,55.732642767333985,23.404076811095813,15.681119988250732
2024-01-01,14.635435496267737,42.49422409799194,25.078601079068182,63.344213879585254,142.3583945274353,13.939209736025287,33.717520294189455,38.1122347831726,30.409074975411972,31.324788557031727,9.49459621416092,17.0042519659996,39.428111639928815,71.44090506900501,57.24240736670494,27.407235866174695,42.60782495741634,55.75319045257568,23.02707970846939,15.79594003677368
2024-01-02,14.567252613498686,43.14811782050125,24.62676465954065,64.2983553943634,142.98332674026489,13.675087291571302,34.68483520507812,37.77835074148178,30.761908972441862,32.485967501392366,9.305326930049972,16.874117896556854,39.28423125064988,71.18372978221036,55.93014382178306,27.113795322418213,42.24858020375259,55.79778235168457,23.901159532928467,16.02967099380493
2024-01-03,14.464376233291626,44.15916317825317,24.45139987847328,64.89817372512817,143.02011864852906,13.258347700309754,34.41321911487579,39.055664482612606,29.93389424896766,30.79282261410427,9.235179738275756,16.392479294908043,39.514902948818204,70.71126157813147,58.08646605205536,29.54417155261319,42.16763700207876,57.22741190986633,23.62470371246338,15.812112849404414
2024-01-04,14.478504089905014,44.751048573120116,24.546292753043172,65.47626220756531,144.2149761199951,13.539353234850706,35.003135681152344,39.57369809696083,30.408156594588085,31.161521950292588,9.153484240845795,16.34541127677834,39.88093729305267,71.44754438596343,61.25121409034729,27.32156201505661,42.24217450388154,60.167019001190184,24.070202068290712,16.113548221969605
2024-01-05,14.957796525873183,45.705383973735806,24.444879649040793,66.34780471801758,135.65952900988768,13.451661169819337,34.71433604564666,38.79433466441345,30.067042220100593,31.042233586790083,9.256381319709776,17.457919361276293,39.852141991167066,72.31542652237128,57.79147250361442,26.480823444765687,42.70112897465801,58.37735819915772,24.19189951286316,15.921090676879883
2024-01-06,13.916049957996224,41.489934710311886,24.4390945892817,64.21342040634156,140.05338861579895,13.499949228200913,35.41578674316406,37.31777400970459,30.664138688802332,29.92053442223436,9.380227400110932,16.510738346403837,40.59118460941314,71.95172177479228,57.0835361689496,27.072657265663146,42.3981398154464,54.234582347059245,24.26495087287903,16.132153414154054
2024-01-07,15.266818787052204,40.5032392850132,24.035784037828574,64.34096187973023,150.61381307601928,12.69751976480484,35.059810638427734,37.11878379821777,30.389522453591535,29.857330537833676,9.394503930370101,17.207540074553112,40.85055835733414,75.77258077486039,60.28152951367378,26.88876523017883,44.25176072596549,57.563952244599825,24.16150756357956,16.206468460845947
2024-01-08,15.117830879426034,40.99156346034908,24.464965842075348,64.56595507621765,152.09682830429077,12.742058973312378,35.3117643737793,37.07329902648926,31.102017030887595,29.910041543675995,9.417881417216721,17.400806375530667,41.0532601577282,77.8567096738243,60.248494010639185,27.496008682250977,45.52167957687378,57.54474305471503,24.06849531223297,16.153934043502808
2024-01-09,14.440421497757432,42.952782748088836,25.16445847892761,64.76299974060059,149.4315873413086,13.06788568099022,35.360976753234866,37.03170787811279,31.159626014842985,31.7587636041069,9.551835065022159,17.43737714397296,40.63089514434422,77.88100750368118,60.00699631404876,27.468111848831175,44.93485806356835,57.45721556782727,24.004990094684604,15.934189846035004
2024-01-10,14.074592691965103,44.573769501686094,24.833927113543794,63.97749814510345,150.26940536499023,12.908286874580384,35.02584353141785,36.569140023422236,30.86064111577835,32.58025840187073,9.596113639652938,16.67893952940817,40.68963974856376,78.22580505180358,59.8129388666153,26.516596271574496,45.16200811388354,59.00177523789596,23.699813013839723,15.22824133787155
2024-01-11,14.119062867493628,44.645283213615414,24.97414594777336,65.53798942565918,148.17893922042845,13.327637157563208,35.271467475891114,36.52366144523621,30.70360289345684,32.02672487846374,9.642356190032958,16.707246692621105,40.192207592672396,78.9325698852539,59.864956409454344,27.265570469995023,45.76344208919048,58.685752841738434,24.158718495952208,16.04922013282776
2024-01-12,14.249257034168403,45.28908920288086,25.431284088277817,66.37461853027344,149.04198188781737,13.209762439727783,35.526032479230885,36.256116894721984,31.157133420410155,32.565657875061035,9.60352407284546,17.653651248521015,40.42539352141857,79.13017787933349,60.48940629959106,26.78615956664085,46.130213136892316,59.640919866668945,24.331517631934826,15.736184407424927
2024-01-13,14.520179087549113,45.046532996177675,25.798639104423522,65.71134819030762,144.81610283660888,13.436856940562723,34.65846835982323,35.78340159195899,30.654711555233572,32.54601961343765,9.884908686370467,17.672747188945767,39.59635310546694,78.58686063194274,60.208176612854004,26.611081366539,46.938488390922544,59.71911716172606,24.27402386900597,15.498885228538512
2024-01-14,14.206335486832659,46.95517200428009,26.760581694688653,65.7318775177002,143.58459017944335,13.291080566596984,34.9584155662651,35.74029938538551,30.724268304458427,33.10312414649964,10.008116802226182,17.693856896209716,39.71473548113823,78.52897008132933,59.66445645046234,26.775711104393004,47.064122889518735,59.93894099006369,24.107968172464368,15.251640485572816
2024-01-15,14.503096910895826,47.34786925148964,27.070288136057854,65.72793479919433,143.0221410988426,13.636055724726575,35.160494622201924,36.98970886230469,30.71590623350944,34.40318042259579,9.815806000394293,17.047204764266965,39.6392482945919,78.40698089790344,59.633007619857786,27.5567514002037,48.5884126367569,59.95083989208233,24.014662013637544,15.131396219444275
2024-01-16,13.93333131668296,47.24768391320229,27.411139823913576,65.76836654663086,143.05603789043425,13.40265984931755,35.642594376754765,36.25704654922485,31.160987218894956,34.97819736253738,9.818765395477294,17.209643051411362,39.44182825007815,79.26119499206543,60.033319759368894,26.472246142902375,47.703918598794935,59.459053502557055,23.960902204193115,15.1225386428833
2024-01-17,13.305437370036842,47.37925876808167,26.73146189844532,65.66406578063965,144.7257888793945,13.332553350883483,35.93928783416748,36.593674926757814,30.969022515888977,34.14441532895735,9.767088273961258,17.06541383972168,39.64763581499576,78.48369453048706,59.422002748489376,26.643077087402343,47.776715652465825,60.04812278918328,23.990380749057366,14.749278006362914
2024-01-18,13.143540309814655,45.68905787044201,27.196070981054305,64.26044258422851,142.66281884765627,13.259616999423981,35.6029819519043,35.330434471149445,31.35014861938476,34.745440024852755,9.75763686130839,17.2405135372879,39.8609101524353,78.3341997871399,59.95809546398163,25.691103400494573,47.52309410476685,58.436952913146975,23.822928838325502,14.513720157051084
2024-01-19,13.261109240160575,44.40045687675475,27.07200341554556,66.15655517578125,142.8252010688782,13.227530850116729,35.90704978466034,37.38821792602539,31.507995255489345,34.55731165409088,9.582361541336976,17.107890586120604,39.52827396486282,78.44843070888518,60.55858259868622,25.5609412970915,47.18468303203583,59.17671612057816,23.559016181035993,14.358119950866698
2024-01-20,14.810343052417604,43.530888199596404,25.96167674594879,64.61675950012207,140.46659172042845,13.085574509811401,35.240331492279054,35.871444090843205,31.444631489717676,33.4656597941903,9.58266488691491,17.093075137870787,40.12116286316872,77.134779821949,59.902392912540435,26.738818662643432,45.99577678547859,58.452933211715695,23.41961406640743,13.904195497112273
2024-01-21,13.653499246324076,43.342513997497555,25.884837478866576,64.1618654430542,137.66896222259217,13.181060299873351,35.26066178886222,35.93712972450256,31.670260395302574,33.317740380053614,9.525957785912919,17.029485776664735,39.90534801721573,76.51702435097694,56.73807611241102,26.20451194943905,45.89496946068764,58.50579023396301,23.265692732244304,13.636713395633697
2024-01-22,15.36310381410154,43.36029665496826,25.71800418053627,62.37179994132356,135.84804768134993,13.173794895172119,34.87489952632141,35.782676155829435,31.704121707299418,33.18738904430351,9.53283365829609,16.960061595932004,39.5793999519825,76.20568825544356,56.796982698892585,26.110543672556876,45.72405970582008,58.43843891537475,23.10293366636919,13.522184706115723
2024-01-23,14.905647755752046,45.85755321437359,26.461772375455713,62.926975530824656,135.6950411105919,13.182077161788941,34.448249745071415,36.25418482017517,32.03618485479354,32.67456383876503,9.53820382175288,17.112361888772277,39.00319930468512,76.91453601551056,56.69904077961445,27.6421672714262,45.59131489110946,59.68069236635358,22.790321066505427,13.168221072006226
2024-01-24,14.267817485050848,45.42577428303022,25.599234044037292,62.407584797396275,135.3732047767639,13.174711418151857,34.40992739810944,36.929967613220214,33.298134349823,32.50758544722902,9.358549897709429,17.35130848503113,39.31649566108703,77.06339430713653,58.76748130971909,27.6825432048912,45.93108294868469,59.28407831863174,23.1741693342188,13.526975198936462
2024-01-25,14.130181352742632,44.07452309058666,25.83041956070423,64.75330698280334,134.0509268412872,13.271561992835998,33.495553074720384,37.17118453979492,34.64581298828125,32.668644225743,9.50762245685884,16.490261643276217,38.81538493904371,76.41219049942015,60.15281638072013,27.60496405190277,45.16838682426452,61.01497290193176,22.954886202639774,13.238213259103773
2024-01-26,14.194989596545666,44.23477077484131,25.379918505086085,64.31246960167694,136.25553254648207,13.080570831298829,32.43626092069245,35.16526844275474,34.07857395172119,30.71808324456984,9.425960026139602,17.00991140985489,36.99982050315714,77.24066905975342,56.67933840343952,27.974521993376193,44.49086254966736,60.93540018539429,22.792254786240974,13.061120975875854
2024-01-27,14.023837727290589,42.90086526489258,25.590648132476804,65.14947787170411,137.13926718692775,13.004880352020264,32.21426213092804,34.72491724852495,34.129554748535156,30.652541847024892,9.373066544240622,17.149792671203613,36.774095727108815,76.22423403571128,59.520364665985106,27.68438146808624,42.71274522468567,60.67588193371582,22.999220698356627,13.155092631340025
2024-01-28,13.946578454433743,42.41153528022766,26.013893141269683,65.13614566726685,137.4982099571228,12.946534938812256,32.62988106422424,34.71390892472906,33.85004425048828,30.591956759528138,9.119366046626915,16.658465852737425,37.32324204463148,76.05002387140274,59.23611860275268,27.688584688774107,42.496780478954314,60.459559268829345,22.80415317878723,13.03860860080719
2024-01-29,13.96469751163656,41.938552865982054,24.590744668521882,65.16795808067322,139.02137728500367,12.94753589630127,32.736731338500974,34.802628977239316,33.81751251220703,29.62381074784151,8.82072995740165,17.065132169723512,36.24711173297497,76.57813529820442,59.16968393325806,27.732596589374538,43.03348258804321,60.20855907783508,22.628930677413944,12.941292149162292
2024-01-30,13.84223541011238,40.04404168250799,24.425811525118586,65.59215270996094,137.78116983534966,13.071648905181885,32.68101921081543,35.148451348972316,33.4711498260498,30.518020309671467,8.818274983348239,16.73643495886163,38.6913949979496,77.22662048149108,59.371465015411374,27.984144175697022,43.85365707206726,60.53445025878982,22.523736204174043,13.081936798095702
2024-01-31,13.945350928596497,40.08793153295517,26.536094404656883,65.34035986747742,136.4891548616146,12.828165062528571,32.77530216217041,35.693092443466185,33.74699020385742,31.365319574425502,8.82457482518465,16.967938667733762,39.44511079788208,77.91461906433105,59.18014519929886,27.90526545643558,43.791908052234646,60.34692389014985,22.203740182418635,13.143440074920655
2024-02-01,13.948434125518798,41.65610967721938,26.05593099075794,63.32194392252319,134.92363474044797,13.123691603279115,31.15261416463852,35.43307977121353,33.32655704498291,32.45994260221481,9.298251513325194,16.844322117468497,39.0236410188961,77.12243811035157,59.13984421491623,27.717558270790096,45.012495121479034,59.496477264129645,21.53260839133644,12.600835255405427
2024-02-02,14.65199055218327,43.60581283595066,25.724513867275427,64.54644255065918,136.065412032217,13.517498138640088,31.748661562843324,35.88619102907181,33.68489501953125,32.6763656266594,9.461415442202767,16.870706553981876,39.76834525680542,77.15928156852722,59.84595851898193,28.438964270007045,44.10427099020481,60.73885922328095,20.76950057442856,12.8312552942276
2024-02-03,14.120664257559625,43.8283990369606,25.78146792746544,66.8813990020752,134.2665850874462,13.301429460217523,31.322130378112792,35.60975366163253,33.45203178405762,32.493187799979395,9.496513681543023,16.990824547355746,38.63894414845785,77.79859085083008,60.14428137233734,28.176018563409258,42.46369050055074,60.59716282707139,21.006757881546022,12.534042164611817
2024-02-04,14.278707546729539,44.332348852500914,25.66480183271885,66.74972568626403,127.63764814679405,13.13551027001953,29.863510533278845,35.57743145799636,33.70322799682617,33.27516602345314,9.463105817624147,16.395159551162813,38.37517033219939,77.36482028961181,59.959847093153,28.36488093246546,41.62218794099378,60.69021957394532,20.38595157623291,12.358191934204102
2024-02-05,13.546546357154845,44.70753397699355,25.408624952373504,67.05995120315552,124.19271258204081,13.100695786857607,30.275093135488124,35.62058200693131,35.48026012966919,32.21024230049572,9.60727273450833,16.712741132424828,38.25146423309159,77.4089464187622,59.92291040328026,29.073527752013337,40.244933935453574,60.82833864121146,19.90377735786438,12.704683524959565
2024-02-06,14.272548011764526,44.47784011370773,25.677671243391035,65.0192309160672,120.59424498436316,12.942444534301758,30.54801026983852,36.778287960777284,34.20155205745697,31.87812141406448,9.331521587526248,16.682726528951452,38.610297561264034,76.69465485191344,59.85376381902695,28.74094008173561,42.67263721326828,60.22562149495789,20.020761743419648,12.582822773889541
2024-02-07,14.06927979466438,43.591582381604006,25.16828832721939,65.60197965410615,118.76947939225386,13.000810472488405,30.741776499890328,37.310158309936526,35.4059625980072,32.1384258041954,8.985777249659861,16.205150983460722,39.18628375053406,76.52055607223511,60.53518321609497,28.538649561098097,43.72029447555542,60.15901563179627,19.736611542892454,11.982545579528809
2024-02-08,13.692021838897704,43.09789184345398,24.909755634745324,66.6329373790741,115.24818699427986,12.932782522201538,30.725317067985532,37.903991848033904,34.8256064163208,31.572863611183546,8.527378653719989,16.32495325557894,39.96963912963867,77.18322029113769,60.428107280731204,27.865733819892885,42.686169036026,59.48940130109803,19.829835612602235,11.69388021018957
2024-02-09,13.659837461711884,41.917897847442624,24.668404149526406,68.11501406478882,115.04689779602622,13.313161527717591,31.307498737621305,37.80762921843338,33.82908324952698,31.708959669071096,8.374671378550413,15.895076062464275,36.972445114126685,77.58275814056397,59.90968923568725,27.275550197183072,43.157654799757005,59.42583921159256,19.86767547119522,11.813772082471333
2024-02-10,13.67346240925598,42.25110886264801,24.801218534892943,69.2704818031311,116.03304664386177,13.237898632381441,31.512467783088685,37.68767254321289,33.71339066157531,31.8726483454751,8.248274470959432,15.903626363275608,37.41712436971664,77.73102550506592,60.02336311340332,26.458238291044434,43.65385675769806,59.44573287174683,19.9094397879982,11.846413354292908
2024-02-11,13.629108877098082,42.00676741807594,25.063149140750024,70.30187566452027,116.49371734015273,13.06456862897873,31.354444367237086,37.56274576134109,33.591438385482796,31.72664623235178,8.20694005627573,15.903760071683353,38.044350185394286,78.01245975494385,60.192693042755124,26.343273161001548,42.84860013797865,58.76972255758667,20.042743264740484,11.762212243834018
2024-02-12,13.707732026364324,41.91338833788471,25.3934688684278,70.67669322052001,120.2605886270771,12.92329778813553,31.70520013446808,37.11762529449463,33.877012595993044,31.74191642188339,8.120280123045713,15.951377858053606,37.20532741591931,76.74748012161255,60.83887453079223,26.415664272933245,42.81705543960572,58.81065223109436,20.031678007990152,11.770743598109837
2024-02-13,13.868282529594921,41.989245290213006,25.59656095301771,67.20588768081664,123.17302187735365,12.871833481212617,31.96739278404236,38.14690876236523,34.39497245458008,32.01905023178101,8.095990232646967,15.90521327095705,37.21408003857135,76.96470415878295,61.36277561187744,26.758293997840546,43.10122233839035,59.76729222047424,19.987056994382634,11.803237808727207
2024-02-14,13.720159425651682,42.070689420026206,24.674156282608006,70.69162857055665,125.44430256286809,12.84772625820923,32.82154836273193,38.22666971998752,34.48172695852661,31.873528151121135,8.105259081112413,15.71436134913574,36.542405212286,78.65940742492675,61.733678340911865,26.589073170737315,43.24409317585945,60.0807681250763,19.9127784745998,12.289263466312407
2024-02-15,13.772396498230417,42.2826396376688,24.927848757550706,70.50289154205322,127.82575592231368,12.847572962882996,33.80048860759735,38.294328348248406,34.54652843588288,30.442261831289287,8.127646049581505,16.2538770896101,37.136921972107885,78.94770011901855,61.97028350830078,26.677362330731363,42.98848978202176,60.59918858224204,19.82043902252197,12.331204157077789
2024-02-16,13.889840888661404,43.4287951282382,25.182878936767096,68.51020000076294,128.9364114743004,12.969399334001771,34.29486831665039,38.01260822372817,34.25235904989624,29.884944930548485,7.9745514700355535,16.063797761741924,37.570314159393305,78.43024530601501,61.45729267215729,26.451801793805235,43.183173073768614,61.77274575348725,19.60810658274078,12.30408849123001
2024-02-17,13.892299661657525,43.2894184009552,24.495146970585093,69.5203106544113,130.49508854830643,12.702999118743898,34.335453033447266,38.33006325551731,34.64226089562058,29.86053225854301,7.95598233587265,15.341340037439933,37.50961637020111,77.17264365148544,62.158057594299315,27.3352999560244,42.67860254001617,60.45694825314178,20.372104485213715,12.432611478614808
2024-02-18,13.687096022232057,43.278248745775215,24.43497507540081,69.69324411151885,130.2225067368514,12.562886168598176,33.793575286865234,37.762439540863035,34.55976790728561,28.623501798503742,7.812610441694605,15.036645924782704,38.098724555969234,76.39193358678817,62.155788803100585,26.972946133426667,42.79634599685669,59.84773302713165,20.288298565349578,12.113895015716553
2024-02-19,13.436945412982178,46.783064154876705,24.66494512322538,67.7392011255432,131.95191601818252,12.202472445007324,34.384368896484375,37.9193209972,34.70562372263352,28.968959386559202,8.116195934749603,15.148475247562041,37.56434156656265,77.1065569662094,62.486548805236815,27.200093927101133,44.96997665405273,60.483629865263204,20.51678358647919,12.202660598754882
2024-02-20,13.475440796630858,45.548372957897186,24.56473867351471,68.07598012028046,138.9435542747589,11.829660774993897,35.555544088363646,36.35483521991729,34.79314421068176,29.150814552584805,8.349765747350576,15.457066409053601,37.40202807018757,74.42692242757904,62.29045971107483,27.219302738370892,45.752462951660156,60.3194221387024,20.513352900695804,12.149856932258604
2024-02-21,14.118815545898437,46.310969565582276,24.740830475659518,68.59650066059989,146.70398139953613,11.804840852165222,34.68076000213623,36.07713191986084,36.665493395618846,29.21315360217836,8.503848590568696,15.60985632767129,38.7381104313612,74.31662289650147,61.81058697126388,28.58139251170349,45.99294371280671,60.01513807983398,20.357907626724245,12.205684957695007
2024-02-22,14.139635690460205,46.51665549316406,25.01644642014783,69.57577072563171,145.0031176675415,11.892425846151351,34.44505416870117,36.405128479003906,36.069668196968074,28.979670838602026,8.557701724456786,14.946975206870754,38.246710617671724,75.11524647752952,62.56553520870209,28.19240130958557,46.37710760859489,59.88488963928223,21.042599047839435,12.144874229431153
2024-02-23,14.17521658809471,45.489895191679004,25.95774508003952,69.86873012237548,148.9060031890869,12.230168396518708,35.077877044677734,36.50354766845703,37.15189773457904,31.82303170074463,8.617754422967378,14.790127602438954,38.7155502039671,79.85775046857833,62.983428955078125,28.528246729660037,47.47343019104004,61.14696877029419,21.618137992261737,12.069590151214598
2024-02-24,14.442740466599089,46.58892983013367,27.21968053442001,69.27708012948989,149.94361304855346,11.794021318817139,34.52545692443848,37.13346948051453,36.85188090445576,32.27740462334633,8.821411239028931,14.856070123075977,38.30403738807536,81.15175969144822,62.068354276657104,28.580684009479523,47.66474199199676,61.05795905456543,22.010694803695678,12.077772006580926
2024-02-25,13.445313916526985,48.82112190470695,27.12719527085066,69.2097425317852,153.35503578186035,11.788761301803588,34.67394710540771,37.16728391876221,36.591491718498226,32.21029230906486,9.027169132639045,16.32807409871777,38.38346212531972,81.32838044008254,61.889299341201784,28.923937764033994,48.946794241905216,62.9030833869596,22.104074140686038,11.766723437061309
2024-02-26,13.451090055113623,48.70299399375915,27.10919721759796,69.19163229524689,155.15159111022948,11.758875892066955,34.84431752357482,37.245213109588626,36.75033734758758,32.282748765850066,9.44978377215145,14.935165000785902,39.50987977815628,81.62478882270813,63.91031170681,29.059658760548086,49.38980830478668,63.04972549551726,22.43699275444794,12.010371811686515
2024-02-27,14.293018984222414,49.045108663558956,27.259353861808776,69.74220532184601,155.87646096588136,11.743533052253722,34.87390022392273,36.93482793121338,37.14407522559104,32.72930132102966,9.921478636850136,14.600926986944344,38.79772647009659,82.62515453910828,64.16358916219711,29.283203079292285,48.53426081228256,64.0856263810744,22.409469396799054,12.081436254119872
2024-02-28,14.411140042316436,49.43669651985168,27.369761610031127,68.9630736896267,147.7903098827362,11.78302266368866,34.78722023735047,36.444827024179354,37.111591310555646,32.401443026218416,10.113181997909546,15.680651834425413,37.69727442575454,79.6490982198715,61.78912878799438,29.124392186468125,49.51193004512787,64.03421887670771,21.939394214630127,12.231253281211853
2024-02-29,14.351643634414673,50.26637449264526,27.119003179843425,69.44386474960326,145.54098839103128,12.020526111602784,34.85571077156067,35.3169802482605,37.534196914285886,31.014710106468197,10.40143879546669,16.399949549285896,38.66319900655746,79.58143059253692,62.703535549163824,28.487983589172362,49.47489664077759,62.90223264115905,22.19207031254196,12.29852983970642
2024-03-01,14.515154110805513,51.52766771221161,27.422936199188232,72.71257832624816,146.539678099823,11.913385411834716,33.483448568058016,35.34784368362426,37.16556571146492,30.3880021127758,10.517563100397044,16.31488612012966,38.5354432157135,77.96491308902836,62.71386059474944,29.07137040262985,48.45123159027099,63.33716520268478,22.102281398391725,11.909605055651665
2024-03-02,14.30945089302063,51.80342933320999,27.229874851605896,75.67126327514649,141.80006698435852,12.060791136740685,33.333918502711484,37.5166747837944,37.210357222064204,31.010132786750795,10.5006906498929,16.542382137908934,39.078721473369605,76.1738348926363,62.777816665649404,27.925647913444518,47.19530597734451,60.78097398217621,22.049174332878113,12.402658459602355
2024-03-03,14.496199874931333,51.27016478347778,27.332180732324126,74.69574737548828,141.59255916605284,12.051206564752578,33.24432248833007,37.51373236857604,37.184370903761206,30.060989827458858,10.48782567642911,16.122392249867676,41.12174165707397,80.26738954919814,62.82964913463593,28.252016569918894,47.27434993743896,60.870889301405406,22.411782310827256,12.432983223758697
2024-03-04,14.259131330108643,51.34857673645019,27.37679392203569,74.2690539932251,141.30811469463407,11.980886790584565,32.47871409524288,37.62473843854522,37.208798938063886,30.252754398113247,10.396848779129197,16.721198387239262,41.31958481815653,82.47311302185058,62.85949924850463,27.837085528438568,47.04974873971939,60.273936547943116,22.38941798039246,12.340095994703294
2024-03-05,14.342854512691497,50.59594724750519,27.656624906214237,75.33962585449218,141.88742936447522,11.937851499547003,32.7222882665062,37.7249255553131,36.850912992279056,30.220242290359145,10.247555561213138,17.087975745643615,41.676873779296876,77.77739017982483,62.82288419437409,27.542261716461184,46.91245153856278,60.93618549046189,22.40756221598053,12.367595252227783
2024-03-06,14.485271107564968,50.56212072372436,27.756857055187226,73.59809732666017,149.65385853286742,11.825249820899963,34.23617958354949,38.111282790579985,37.22690025795272,30.72266015677786,10.480556018509857,17.096631549362183,41.18297855534363,77.4558529446087,62.168884704780574,28.062549902987136,46.47805914426326,63.439143385111095,22.169289111328123,12.083489242173385
2024-03-07,14.259798653166214,49.61623817852497,27.487520876626967,74.37752532958984,145.40357881679535,11.890322607281684,35.322448834991455,38.15955267778649,37.378425719144296,30.708843758870596,10.34869679278826,16.974635575103758,40.72556078567504,77.5149121676445,60.74023019606495,28.247693481445314,47.216446415662766,63.25661701788025,22.237512710380553,12.016465061473845
2024-03-08,14.234034316408884,49.291474527740476,27.778777922623156,74.73970794677734,143.1423507498665,11.785161385917664,35.697653338920595,38.28354868153907,35.42549558639526,31.58329635652542,10.468519333741044,16.692962606698607,41.75476944813653,74.11702579332687,60.63117697677612,28.851990746257783,46.946653714656826,62.641589787185666,22.472147242635728,11.973719872856138
2024-03-09,14.073640217870805,49.622931732383826,28.188275289058684,74.13177131652832,148.26249961853026,11.711574128437041,34.8572635597229,37.77775672348022,34.997608719635004,31.16347479278297,10.805068314312292,16.51886416786194,41.29536024790191,73.9085078060484,63.17087344299317,28.748783604366302,46.6394262471199,62.60052271343994,22.19734228063774,11.82114252090454
2024-03-10,14.081728719828527,51.182293287992614,27.868675935745237,74.27849784851074,145.38887100219725,11.867035069387434,34.590936573028564,37.54416968856811,34.49272556304932,31.16564844119625,10.89506391400531,16.51814290649414,38.61969381412793,73.79405156615732,62.67646030380249,28.73215265580368,46.60991249084473,60.94601108348236,22.207235879573823,11.814699382781983
2024-03-11,14.118479683383292,51.5996261016685,27.372312019586563,74.10601373291016,146.21119995117186,11.837993994140627,34.649554627990724,36.371592990684505,34.576655616760256,31.209663946505355,10.869356191796383,16.707191059158326,38.23112236058349,74.27233244741963,61.94999567985535,28.723376754306795,46.51701850891113,61.058393004760894,22.1639646028862,11.746661376953124
2024-03-12,14.159755474599837,51.8954905069828,27.09021911767959,74.64926445007325,145.71782861709593,11.870931477928163,34.684745841979975,35.680315882873536,34.6218004989624,31.247431525215912,10.86463375462548,16.889035845085143,41.81074701278686,74.6324167334053,62.6230110168457,28.5336464138031,46.32543754005432,63.05193583621217,22.927238192848208,11.84577392578125
2024-03-13,14.283485635544126,51.46561671552658,27.564860916137693,75.5052490234375,140.6519797834396,11.710324898282147,35.162974021339416,35.92977615795135,36.02992363027954,34.064971987449645,10.906774567684522,17.240879642160643,41.893257841300965,75.31654257019329,62.08015184211731,28.74650164833069,45.92914112377167,63.044323696334835,22.38855739099503,12.177089789199828
2024-03-14,13.993731546956749,51.17506631755829,26.407922116470335,74.78924606323243,136.9064220323696,11.76366168639061,34.948819594573976,37.62068014755249,34.951297760009766,33.64624647445679,10.795891599484664,17.624425078602233,41.49490247039795,76.27374985103529,62.46127815341949,28.8709046333313,45.54222958087921,62.233326411437986,22.617091573026237,12.213220864753723
2024-03-15,13.68994019050598,49.95400293791771,26.384604173022506,74.7252335357666,141.45683715820314,11.69951070395279,34.72482095031739,37.32973388671875,33.980109786987306,31.15253304569778,10.698484826774171,17.853574975224653,41.7848063249588,76.6772182275009,61.95095896359444,28.5740523147583,44.37597445376873,62.356180639526364,22.382527444046975,12.075016461015272
2024-03-16,13.639431958070183,49.92118839989662,28.21742215204239,74.65301834106445,139.65397652435303,11.676335644870745,35.352621339144974,37.753514735412594,34.83989715576172,31.416822868766783,10.719150292006082,17.747633947098855,41.72264397427368,78.76125720348358,62.71035229969024,28.971750906772613,44.72714741289367,60.869195813507076,22.54949829764557,12.282928440851213
2024-03-17,13.497270173930856,49.734089248037336,28.124628517627716,74.56895233154297,139.12224818801877,11.571759153740441,35.21675815883675,36.370114936828614,34.793251037597656,33.780565986351014,10.677734817232194,17.753697036046677,43.45459270246124,78.17003474235534,62.60969975852966,28.92458537316513,44.73607638908171,61.36281987534118,22.50847066045761,12.3059761961174
2024-03-18,13.64446318745613,49.83305747450352,27.830201625823975,74.07111236572266,136.05325150680542,12.112972037277718,35.06607200062707,36.438575744628906,34.77205276489258,33.78608958027649,10.705200685156482,17.733259231525874,43.736089308746216,77.77778008460999,62.433994674682616,29.081131618171575,44.63914167701297,63.03521761287699,22.58631030690891,11.657203620997809
2024-03-19,13.134629547660827,50.081817132468224,27.08356008421898,72.98564041900634,131.81760280117032,12.11386994108631,35.49827023773194,37.491745220226285,34.02246302490234,31.60960825407028,10.602108808158183,17.49903339071262,40.1101152568674,76.63855989518164,61.1320385055542,28.583545625930785,43.75310808523178,62.70646019870175,22.351683973686217,11.616076173705482
2024-03-20,13.601848997506599,50.00869699156065,27.317581088576315,73.59575798034668,136.91300926208496,12.013766129115663,37.17243758195904,37.691015847644806,33.78689005050659,33.164895915985106,10.561529020586482,16.617184847631453,43.47161764326095,79.07258156490325,61.65077687788009,28.828455285638807,44.44214500639916,61.74793851738611,22.274444586816788,11.663712225188826
2024-03-21,13.677592481806592,48.5011203822763,27.48440803670883,73.93556866896057,136.98956794738768,12.044716885321783,36.7886855556221,37.634936178268426,36.16059851838639,33.2315016746521,10.198495418433152,16.868270553274154,43.39691979222106,79.53515338897705,60.97625401021957,29.0010196046434,44.88330622673035,59.02720514446147,22.672010974072148,11.424026029585074
2024-03-22,13.57809730842247,49.98461275986672,27.420049535622596,76.32833419799805,135.12741479873657,12.234957666887903,37.11845572190094,37.41796835746764,36.000791725041665,33.031820898056026,9.816327692207338,17.744630877234417,43.29689571304321,79.38496045303344,61.91404724121094,28.91676610784912,44.83668065232753,60.236442077636255,22.80522272102737,11.951627701061954
2024-03-23,13.628039613292417,49.653870251297086,27.399926254420283,73.48668365478515,136.41475296020508,11.98111783929634,36.859802360916134,37.50815528869629,36.68511876882935,32.48284000396728,9.911522134364777,17.42515783734512,43.292926512908934,79.55395073318482,61.16111828930854,29.10221170270271,45.07418534447193,59.599980720565796,22.36409071083069,12.457672908473969
2024-03-24,13.594833337263264,49.58108537333965,25.99495801963019,73.45159950256348,137.38981246948242,11.912597140930865,37.157736787588114,38.48006929128399,36.97587679762093,32.50831508874893,9.945580998635482,17.54365409067415,43.353183686828615,80.05832176208496,60.79345420401149,29.09999278090565,44.70984799552389,59.97441817326941,22.587010422134398,12.443761350631714
2024-03-25,13.618132557928273,49.64221946279525,26.42848242024851,73.20341972351075,138.32276916503906,11.741358077644042,36.59819806480407,38.23540809269714,33.485879945646744,32.485287787914274,9.962804021287173,17.269393863867297,43.71557554969025,80.00943489074707,60.98971959494504,29.215114131918185,44.717697015242244,59.75200238925682,21.700076718521117,12.487396368026733
2024-03-26,13.383026977008818,46.74934081127644,26.628085082307813,73.00908599853516,137.23752941894531,11.721188591484605,36.47311853370666,38.51904055170822,36.963275519367144,35.1830292892456,9.874001053279152,17.83474706183052,43.89571469141006,79.09709429168701,61.99414518032226,28.670562203979493,44.1756027222619,59.60447316581314,21.601391103744508,12.557903449058532
2024-03-27,13.484619423134307,49.779754114151,26.25900186252021,73.72510528564453,138.72274128341672,11.671986037644883,37.17193633152009,37.22148314234025,37.3195462465035,35.142586676788326,9.989673910609216,17.773626728416442,44.16747996354949,79.06003726959229,62.943578173999796,28.993409377841953,44.198785617008966,60.11342872312938,21.5952900100708,12.626912766838073
2024-03-28,13.446804055685119,49.42657707881927,27.595728067677925,73.67912292480469,138.35172596580503,11.71249770465743,37.27514696630767,36.87781930895233,37.121735158365794,35.47700045353317,9.86860972779648,18.177234298135538,44.009185497116086,79.56485595703124,59.76838248858833,28.70542042694092,45.53064189720154,60.40943149724003,21.717402465820314,12.774608268737794
2024-03-29,13.522582083670578,46.014466807921885,28.721814269542694,72.99002952575684,136.53950134263897,11.569515744747163,37.2118958608818,38.44805798989105,36.75738399142456,33.18595145130157,9.897254015008391,17.991734884200095,44.66991228388054,78.73075852775574,60.637225577831266,29.18830930972538,44.530993083114616,59.21621102087403,22.07863212501526,12.567512272393227
2024-03-30,13.560608926173018,46.513727898788446,28.7246448097229,73.58119201660156,138.94446481704713,11.662955097747805,37.70173555997909,38.48445555512237,36.819900544097905,33.374609398841855,10.040957064417768,18.034773792400358,45.24613404316611,78.43855035827636,60.97877607736587,29.049497810897826,45.17587845611572,60.3103596288328,22.167743438610074,12.62250832490921
2024-03-31,13.531376957944106,47.596809659957884,27.912366605758667,73.69154357910156,138.20191043472292,11.596727126804351,37.16643105093384,38.43823025035858,37.209216964397285,33.468120938301084,10.18832390376149,18.402268123439306,45.18221309061033,78.61160076004028,59.389855348445884,28.843216514968873,46.07822507133484,59.08471197611344,22.241343707565306,12.502962799072266
2024-04-01,13.447891779219818,45.97549772014617,27.910678997039792,73.90210723876953,138.87874946594238,11.536201972927094,37.09674380417633,38.450173573562616,35.51263240814209,35.90565432028198,10.169800113115834,18.255317348568074,43.81368423416324,80.82319357043323,59.41993565985775,28.420817298889162,46.03251725883484,59.39654365088265,22.353393755767822,12.414400959014893
2024-04-02,13.391025584738044,45.81857033872604,27.967448987960815,73.24288467407227,132.04711624946592,11.625044198725204,37.325052195899964,37.358474409018626,34.83417679455185,36.145484029851374,10.17261130044657,17.777078742084502,42.76358062133789,80.57688691500721,59.26906397297146,28.64779432182312,46.535751459503174,59.09677778883362,22.159713829421996,12.229288208198549
2024-04-03,13.254536471491642,45.38060901622753,26.715677354206754,73.81201171875,136.00262547683715,11.71843294656593,37.37671927404785,36.947998304237366,34.642369196891785,36.16822097898379,10.155872064936675,18.11385959418869,42.52475267028809,78.58806837272644,63.579964371757505,28.486927185058594,45.562993985652916,59.939098112554625,22.286683684204103,12.2359893989563
2024-04-04,12.779120277053833,45.42851678729438,28.368001501041412,71.91386306152343,135.87546292877195,11.879065631453576,37.718904017623906,37.043515690704346,33.73771997938156,35.94010198121682,10.33351669771758,18.10844197987175,42.00609443664551,78.15430326255799,65.16175805196762,28.92940317649841,45.63659046649933,59.415083824401854,22.007625924842834,12.131615533447265
2024-04-05,13.19980082918358,45.56536213087806,28.00679615020752,71.3022833053894,138.6345977783203,11.846118259082795,35.7991967010498,37.40054086526573,33.95183953285217,33.307731544604295,10.369084094401243,18.220369080822884,43.06130226455829,80.01375675201416,65.5376926303482,29.16390438500977,44.64918929769516,59.21558785645294,22.04994679424286,12.633985190391542
2024-04-06,13.116906035614013,45.56464108164596,27.700160653066636,71.15696393039703,137.47524815368652,11.820254833110809,37.91679126875839,37.0188215282135,35.019779205322266,32.379107370100016,10.667728136037859,18.035091023843766,42.670411802730555,79.33018826293944,64.96052523994446,28.86684308052063,43.323338352069854,59.87099202624115,22.443036529541015,12.294564571380615
2024-04-07,13.002810111236572,45.41952467332706,27.55114068440437,72.5853833782196,137.1910608558655,11.701175429718019,37.74347898287327,37.42236336883599,34.18216238021851,32.107407449197765,10.924764607997364,17.675090881907042,42.63482635156631,79.38839547729492,64.83615739631652,28.828269136047364,42.62183035320282,60.03762563675034,22.27068678588867,12.331199054718017
2024-04-08,13.043522126197814,45.26735178320274,26.772213214385893,72.12924011535644,137.2904490852356,11.804633947734834,37.57357903818958,37.50366644009446,34.07194004058838,31.96173336436272,10.917175898058105,17.53848638371799,42.34200440826416,81.7803480449295,64.97329488945006,28.861417852020267,42.42551997974395,59.43013900051117,22.198555415725707,12.375453338623046
2024-04-09,13.307607163833618,45.66363703285217,28.386794090270996,72.06540916442871,137.45442198944093,11.731578302764893,37.40256411031031,37.58744129104455,33.825165991973876,32.224449866294854,10.8164535602519,17.47093038881969,42.740827319114686,78.23535433444977,64.2389819097519,29.027032766921995,42.12725238218078,58.739733630098875,22.498278042279797,12.421511402130127
2024-04-10,13.357545370405196,45.57056956724166,28.937964953327178,71.54337860107422,138.76962432861328,11.791255483589174,37.90850637021802,37.72540278900375,33.72378397064209,32.14720600605011,10.574245321719118,17.21198963113403,41.8776863547821,79.73333066368102,65.54326016807556,29.197864861358642,42.37529331802367,60.12232609108107,22.192849199295043,12.430812547687674
2024-04-11,13.790160587310792,43.86327729021649,29.394575119018555,70.62184547424316,137.21496528625488,11.59916973953247,37.51565247653093,38.59968139572144,32.80880456628799,32.09296077060699,10.419911559158477,17.390239877668762,42.26659895651962,80.397532081604,66.30608883602142,28.997008283042906,41.6994531727272,58.222865777833334,22.40341188670349,12.504157340431213
2024-04-12,13.69859739303589,44.55845188063831,29.02231315612793,70.18493168792725,136.87321883010864,11.706530666679383,37.75481988072692,38.317080688476565,35.6748365133237,32.139806579621315,10.126530981588317,17.560236512067718,42.14918918301568,79.58695837211609,66.097165219059,28.6811791431427,42.891375589752194,58.79494168135711,21.995552993499754,12.503589252662657
2024-04-13,14.012932622755052,46.11147814464569,29.100814085006714,70.87537284851074,139.91578788757323,11.832675776651344,38.15490316804767,38.94197731620025,36.75396055277183,32.46932170915604,10.177162469782498,17.459809431747434,41.742406228752145,80.70065002441406,65.48074336624146,29.199761861178814,43.20314253845215,57.590886914321594,22.080850868591305,12.623048268902778
2024-04-14,14.087818529388429,47.461140632629395,29.222957611083984,70.66689971923829,144.28333740234373,11.972104188872512,38.63260434727202,38.99852260085117,34.05743863525391,32.468279605937,10.451234256648489,17.628193544794694,40.527020739555354,81.47170429229736,65.58599221801758,28.772421311187742,45.48184672431946,57.90171493714485,22.36804274122696,12.649066152288437
2024-04-15,14.13571619375038,47.24436347293854,29.117036819458008,70.52296028137206,143.64304777908325,12.147207304495812,38.74157700547244,38.32101996688843,34.78455762863159,32.518125009012216,9.953059783554075,17.97355885805334,39.88313255310059,82.18400802612304,65.66322841644286,28.75143170928955,47.00536239624024,58.169172978704914,22.425181691871646,12.986584228549004
2024-04-16,14.121915476466178,48.74132881164551,28.59755132675171,70.44072212219238,140.10607559096604,11.999350705146789,37.18148017401295,37.934455242919924,34.26498664569854,32.52713415942193,9.74668148059845,17.65551058736882,39.35620706176758,81.65490516471861,63.90521964337349,28.80917861022949,45.40452758789063,57.68780165730286,22.46075579223633,13.160463342347144
2024-04-17,14.000201740264894,48.78995189666748,28.471089763641356,69.90062701492309,139.4103854901987,12.124749054336547,37.19710127867741,37.19228462219238,34.43653308868408,32.271022502202264,10.090272989650726,17.325369414042207,40.49253501663208,83.99309537229539,63.47074572192192,28.749398394012452,44.56908220996856,58.2881449067688,23.16930905511475,13.331679998385429
2024-04-18,14.188459996032716,49.68408966064453,28.85426139831543,70.83508460998534,143.48389110946655,12.30603692089176,37.41100191052563,38.33104058596802,34.11203830375671,32.6433865629673,10.16148875222969,17.599927579533116,40.96803596019745,84.2546255266571,64.58147621154785,29.168489400650024,45.46455001831055,60.07441624145508,23.31359642094818,13.664444097614288
2024-04-19,14.13028173980713,49.86294174194336,29.5003466796875,72.52187588882447,143.35990620803832,12.329649324062348,34.947503074264525,37.008535562210085,34.216776809692384,32.45915093114375,9.952624896140241,17.326022903152314,40.72858494758606,83.99977793460846,64.77649555206298,29.888876824584962,45.15119934082031,59.911841835021974,23.261268591232913,13.583564554882049
2024-04-20,14.164265890502929,51.347331449890135,28.95427305107117,72.68722549667359,140.38969015159606,12.136926767349243,36.09973824720737,36.46377461013794,34.13150985717773,31.99650259586191,10.051205148951246,17.353343600500423,40.08727667613029,83.63585514839173,64.3369185962677,29.456134338317874,43.19376289844513,60.104674456787116,22.842857460182195,13.350114664423943
2024-04-21,14.168508549499514,51.764218001174925,28.924365963935852,72.90123708801269,142.06846309661864,11.774912106513977,35.89729455673811,36.487846266174316,32.940434871912,32.850247528495785,10.367806421087264,17.156539984445686,40.05768301340103,83.56439496728898,64.58104424858092,29.46312869306946,44.55484153747559,61.97863304333496,22.91655367728424,13.390513542938233
2024-04-22,14.554757605133057,51.87759536590576,28.257258015403746,72.94368309631348,142.9029383354187,11.71335488433838,36.54454992806029,36.4556659790039,32.88928380944252,32.79486418147087,10.344336583076476,16.99176634288788,39.98656416635513,81.75673956110916,64.88772940063477,29.389426344154362,44.900127754211425,62.05930317581177,22.943225020111083,12.995677392186126
2024-04-23,14.677014879194184,51.94090262260437,28.386825932312014,72.98004538421631,139.14541384533464,11.74439718965149,35.06997567501068,37.886417860748296,33.994228477478025,32.71834846372604,10.386363479833603,17.105245393133465,40.34754351139069,84.31814691352844,65.24367417526246,29.54808739515358,45.63888931274414,62.68066002708207,23.15826443345032,13.037412434334412
2024-04-24,14.265291424924364,52.00703001823425,27.770135593414306,73.72252975463867,142.80139274597167,11.914280437088012,35.88466122077178,36.68140595544434,32.784431144218715,32.309429190959925,10.6519108253479,17.15754052410644,39.06226233631096,82.03640259420318,64.27011655317106,28.317652632614134,45.67200176239014,62.62240743520478,23.176707578103795,13.39906012172699
2024-04-25,14.278905592575073,51.54075408210754,27.848162899017332,71.57818178379823,135.9200818073845,11.517733863449306,35.78861133270264,36.383150548553466,32.759315992361756,31.078120418529508,10.505033545166015,17.500939085258302,37.87609694475174,82.87265932010652,65.22522667121886,27.571709107589722,46.284053802490234,62.08127959378052,22.620683477966313,13.340357843075752
2024-04-26,14.347122825263556,50.167673641204836,27.576214418792727,70.00634246826172,129.8017182525444,11.362118220520019,35.249407598556516,36.65484870542908,33.12637654037476,31.333907627105713,10.465028940862656,17.34054857546073,38.20660483360291,79.76363376365661,64.33138533370828,28.55000002924347,45.730357017517086,62.593105667216044,22.898466709211426,13.430085498086928
2024-04-27,13.762670123568533,47.31490016098022,26.93224981794548,69.14648383483886,123.18172930412292,11.323514726789472,35.42257857089562,36.84787614212036,32.75042652005768,30.936258637070562,10.512450446510316,17.37024530864559,38.30532447624206,79.81115762706757,64.87236999403952,28.24692111968994,45.751136779785156,61.866915497451785,23.01963354251862,13.683807293128966
2024-04-28,13.723833459174154,46.22597886428833,26.85534603284454,69.03948144561767,121.5872583618164,11.271714375967026,35.224621739682775,36.820135437011714,32.58750560456051,31.101132162415407,10.395165416336061,17.327827826460073,38.11828047795296,79.2219443552799,63.16609409420728,27.44939589614868,45.22244331359863,61.16484767102051,23.03416798338318,13.694740913701057
2024-04-29,13.450407610130311,45.26359541702271,26.160538277507975,68.97470602100373,119.3647564098358,11.099708239522933,35.08841319927086,36.60723119544983,32.5307422260712,31.04051457251129,10.15096155511856,17.00353190093666,38.048680122814176,78.91921186044159,63.81773120226859,27.76831676902771,45.02526824951172,61.050691110992425,23.057221556510928,13.780987237303734
2024-04-30,13.621380312538147,44.273041587432864,26.749498108942507,67.09536012901553,113.57950533206176,10.997996830839156,36.17534622767761,36.54035083465576,33.50234547214508,31.002085971863078,10.103539423755645,17.008312815596756,38.02921189779281,78.76686182935637,62.93339110364913,27.68092611808777,44.876529140472414,61.064663135147086,22.322773068145754,13.776488125591278
2024-05-01,13.480972878510475,43.701537480125424,27.4296635058403,67.04844729186058,112.04512677924156,10.961195856588363,35.36737777438866,36.55274303855896,33.52408357887268,30.989160347053815,10.035505249977112,17.065780064467184,38.04078112987518,78.6443915342886,61.074945706781385,27.655955964088438,44.67109859466553,61.05789024238585,21.8196826171875,13.758696058279037
2024-05-02,13.374256777954102,42.20051339463616,27.428337049198152,66.81450066371553,111.3065079384241,10.931705832939146,35.40603415502232,36.533628777694695,33.49201564407348,30.986320300047108,9.711671492385864,17.157081478624455,38.09193236789704,78.45392527182139,61.09151986874198,27.662603722572324,43.43659710645676,61.111080131149286,21.787883491516112,13.736463799481392
2024-05-03,13.357061087036133,41.9131875264802,27.66128977508545,63.68823929227464,109.95890619524731,11.012757162032146,35.569067646148675,36.84320136014557,33.52702959022522,30.041509529474258,9.526219713397808,17.488051015816733,41.51816200322341,79.08722699443817,61.25833701632881,27.888740679336543,43.29792678525924,61.75736957991027,21.829977849197387,13.888598569107055
2024-05-04,13.608243833415983,42.3987367728138,26.78860326862335,64.06015748181609,110.22005535109872,10.689263901126594,35.75622461876089,36.26453224182129,33.18829833145141,28.99916052762614,9.667744510271072,17.183873876454506,36.40817756753774,79.821435194783,60.35761659762345,27.869010699171067,43.28867993545532,58.95297915115357,21.76429788837433,13.968857097625731
2024-05-05,13.547064306790352,42.8088062092781,26.87831990146637,63.84353299406891,111.0497999547483,10.750437970691529,35.75198353421403,36.28763305664062,33.529384231567384,28.19380304031637,9.670637980701448,17.028544680734814,36.680597397314415,79.75549018700751,60.38499354187792,27.74363607559204,41.96470467761993,59.31239829711914,21.534930668449398,13.949708061218262
2024-05-06,13.458070069862364,42.3611171131897,26.863700034141537,63.651162687611375,110.63326223921169,10.793883972158545,35.96766444359441,36.33784240722656,33.90579639816284,28.845868293025777,9.614401674144744,17.290355946624754,36.76811108848715,74.70859203041043,60.3364030491959,27.754987594985963,41.578971269645685,59.46407076873779,21.387755161285398,14.038749351501465
2024-05-07,13.172918643951416,41.878744388806915,25.781568574736305,64.75678310691833,110.91786314479636,10.758958730564116,35.48753540153503,36.32156639099121,33.23663730697632,31.97041869050216,9.310877560110999,17.40678083935547,36.99516002405977,74.12326694317404,60.22387841619189,27.426410293579103,41.03620688731956,60.03794367814636,21.11766803741455,13.983454305553435
2024-05-08,13.20685224094391,41.33131472368469,26.04675090571403,64.20887408039474,108.88011398702112,10.91776097270851,36.00269470063018,35.58888161423492,34.32797622680664,31.55353992364883,9.579446607796669,17.591323816680568,36.14760853791778,75.96472892589568,60.04306499553743,27.628411374664307,43.495754219590765,60.093911522186275,20.94878384263229,13.891856075221224
2024-05-09,13.002692642211914,41.13994459036589,28.016241020965577,64.25849756961823,107.43230295777335,10.874671246616364,35.60881222801208,35.258916691589356,33.13826761926269,31.7910728563076,9.173721750012586,17.60221170088062,35.592216252997126,73.43170736147404,60.133638102453226,27.330849494934082,44.38153588661957,59.176543755340575,20.22511360526848,13.544215948677062
2024-05-10,13.111952988624575,42.698776199923365,28.116406146240234,67.12053314028168,108.70409562861441,10.972389216236113,34.39395937637329,35.722782069877624,33.46097679613174,32.29590630111694,8.952710816423,17.793304035282652,39.580920176323694,72.86148131673527,59.40319803143288,26.81105031975174,44.55529465702057,59.124263477989196,18.780764007568358,13.951791024780274
2024-05-11,13.02821367301941,44.734170602531435,28.294149328994752,69.94612937927246,108.08551370797048,11.058841166513327,34.16892884902954,35.408483125305175,34.247905769348144,32.623230108810425,8.901130596772111,17.816282696200254,40.22565230484009,72.96003422077173,59.04637631821051,26.53574544067383,44.119406897735594,60.01471081008911,18.300726585388183,13.87973389892578
2024-05-12,12.637271009725572,46.94863697052002,28.255321614074706,70.0441919708252,108.72293715523558,11.08626167432888,34.03210054779053,35.5404199836731,34.30969472885132,32.65768300177002,8.607286842985742,17.83824885742788,40.26457248916626,72.41633807305845,58.700011218949214,26.522059968566893,43.993848541259766,60.31810593621826,18.260478172302246,13.247813315649033
2024-05-13,12.642386719213487,44.28341045951843,28.13643992614746,70.08592597961426,114.41196186784742,11.11768411933754,34.00787356338501,35.670598036193844,34.108420028686524,32.70524537679291,8.581137567304546,17.83505889701469,40.154956613159186,71.94807697593117,58.497301703264,26.49268300437927,43.85877904586792,59.91104787826538,18.170796661376954,13.461074187812804
2024-05-14,12.49001252746582,44.18414772033691,27.966783098602292,69.4261850440979,119.82532196044922,11.065708416206359,33.972855965423584,35.68521952514648,33.64383961673356,30.97830293525562,8.534697495799895,17.571553065559385,40.4782495473404,72.5162124286852,58.81584054956245,26.436671076965332,44.414056093505856,59.2397575378418,18.082476997375487,13.60327102320671
2024-05-15,12.708459890663967,47.26332160949707,28.10003947652435,70.03282608032227,115.85740649929045,11.242050504972495,34.34800185507202,36.032503590133665,34.106803872871396,33.79752299880982,9.291900806406021,17.764444079344024,40.478028451103214,72.71757057104016,58.16032161979674,26.953554373324014,44.92255456700134,59.795461626434324,18.350402130889893,13.1784993295963
2024-05-16,12.569715626255034,46.22499056819916,28.426375549893777,68.40566757202149,115.63742548901939,11.269171217726441,34.47242098846436,36.00318927868653,33.66265053405762,33.50958206176758,9.513756952772141,17.577934674797056,41.067183956464106,72.62998198532698,58.070327850164446,26.719013293018342,45.62862540044403,59.65289660339356,18.386649573898314,13.316964163756232
2024-05-17,12.609365054512024,45.971882366180424,28.181294702602383,68.86135864257812,115.66635983574484,11.497128471409264,35.173579016716005,35.73883290939331,33.36965138500213,33.768788223266604,9.577263137962342,17.038018317139663,40.86433094444275,73.0899928176241,57.7335866580083,26.405186187744143,46.04839796905517,58.95260238647461,18.235924072265625,13.299881597385614
2024-05-18,12.576430848884582,46.582564175788875,28.131522818298343,68.87281799316406,111.99066314539925,11.928880807685852,35.27168124389649,36.129991782714846,33.69872436904907,32.87584044799805,9.544818351707953,17.040728613927154,41.00846763124465,73.2911512289175,58.408884202620506,26.332093840026854,47.372190326866146,59.26603729248047,18.10745780490875,13.014005878243541
2024-05-19,12.457376488494873,44.562526212310786,28.088277537906645,68.90921783447266,110.75182058418802,12.08125717906952,35.06848255462646,35.775555454490664,34.857637329101564,32.878878728485105,9.54953114713543,16.994851564032214,40.86370651175308,72.91396915052158,60.94568364143371,26.162476642227173,47.797050304797814,59.80909052352906,19.14587699661255,12.911928111035001
2024-05-20,12.2834877702713,43.69489755992889,28.265000980128026,68.9048899017334,114.33764250772475,12.155376125907898,34.66919211044311,35.5395771533432,34.47861296806335,32.71634393234253,9.532646225002441,16.76554663348366,40.67017068671035,72.3731260476097,62.44631309509277,26.180413819885253,47.970405993886416,59.73632447433472,19.50468089904785,13.21120519789358
2024-05-21,12.245998031044007,42.845835748947145,27.91599591909027,67.68741302490234,118.3375825881958,12.171185563659668,34.98418340554047,35.55784427693939,33.93040274007797,33.44900025316144,9.668721826190948,16.74361358941882,39.98930427703858,71.86515438910806,61.54916197872162,26.322216597747804,47.11068273239135,59.61947191090027,19.709870861434936,12.694656740161511
2024-05-22,12.289335101474762,44.70177457809261,27.699133233261108,67.61243339538574,113.28179702625275,12.386833033726386,35.217977428344724,35.53021868330383,33.57218622493743,34.82289764456451,10.223367634526136,17.063544098796843,40.22304730957031,76.32406135837554,61.84946479797363,26.645191927825927,47.63898875656128,59.865463736869806,19.766135255813598,12.75385405260086
2024-05-23,12.227561707305908,45.75715879935264,28.790386854171754,67.18194763755798,108.404927188023,12.438943462371826,34.8058015045166,36.54518803710937,33.09049526507377,34.02955556716919,9.943073676864623,17.1769436394619,39.6197323677063,77.73828443035126,58.15762879753303,27.210699577331543,47.91379605587769,58.67006197247315,19.49058002471924,12.64522461118698
2024-05-24,12.446262587269878,46.22884840393066,29.312187142923147,67.58146854400634,114.81199041366577,12.754229799173356,35.47749626518547,37.03408890837272,32.903829367160796,32.34770276641846,9.93063144247212,17.095932826697155,40.304570142864534,78.22607061195373,60.98934745788574,27.834218370826722,47.573372578445884,58.984616647435224,19.725454078708648,12.833681303210277
2024-05-25,12.729424273109437,46.04319320414543,28.922847570888518,66.84899574737548,111.76958502196311,12.58406607284546,35.54843935546875,36.486679374446865,32.61897927100181,31.527292545318605,9.635604565223694,16.85870526976776,41.33108843307495,76.19831021118164,58.20496576673984,27.507541901309963,47.42394875556565,57.914829962333684,19.95953158493042,13.037183708381653
2024-05-26,12.822469594573974,47.502133367156986,28.989142752965925,67.05705779914857,111.50276787185669,12.700596483421327,35.93478400497437,36.63615011798858,33.04847785274506,31.82580703639984,9.833816381921766,16.800896047210692,41.473708474731446,76.15561952018739,60.388062818527224,27.759864867547986,47.03275761444854,58.4891528648758,20.578533218948362,13.159242399215698
2024-05-27,12.700350952148439,47.500149318695065,28.859476480865478,67.24473074684143,114.40515308189391,12.633619480133056,35.984041385650634,36.26640843887329,33.981207592964175,32.018692076683045,9.8680782256279,16.823616828918457,41.52827515182496,76.16672484397888,60.85697922420502,27.864399598812103,46.44460633303069,58.75096704338837,20.490063363075254,13.158935098958016
2024-05-28,12.838297271347047,48.256587982177734,28.7490953830719,67.47842760658264,117.9832913532257,12.786171062850952,35.89649104843139,36.332804390716554,34.33809358596802,32.259794471740726,9.891693226867675,17.026815126754762,41.93222980615998,77.6243179321289,61.52551860809326,28.162657734645766,45.584016222381585,60.22447642768146,20.887559883562087,13.359362773895263
2024-05-29,12.951314478040695,48.160484313964844,28.66215221557617,67.16603495407105,119.88217251205444,12.830871723175049,35.6891014503479,36.75784347448139,34.36910396575928,32.29214773178101,10.102190804290771,17.232671853286746,41.430353805542,78.04900588989257,60.51030501996517,28.153221646013545,46.15938428796387,58.646675563179016,21.26439626443279,13.434156065177918
2024-05-30,12.80254892578125,47.61353382110595,28.51487764377594,67.77543685913086,119.02989365959168,12.737758941650391,35.608555052948,36.560635849639894,34.540072174072264,31.497354934215547,9.837805793884279,17.418765401369935,41.56855431969451,78.04167137145996,59.681106662750246,27.9078390949173,45.65081774858093,61.1145232967656,20.79161347961426,13.158576798654558
2024-05-31,12.86749080219555,47.84095390319824,28.428190873146058,67.1764512084961,117.89880053277969,12.944504077291487,35.86294264186478,36.01633338317871,34.57217662811279,31.26305414271355,9.604121084820132,18.07114234611273,41.63034503927994,77.16992960778235,62.474944942474366,27.298613974170685,44.51000021665191,61.62795259126281,20.720419235229492,13.114238161977767
2024-06-01,12.935394586874628,49.065535646438605,28.597019517900463,67.45201460266112,121.47840975666047,12.896592078615187,36.26262334205818,36.173626928947456,34.22308982849121,33.23321654394391,9.555585687704086,18.12588775942276,41.41866234970093,78.73910716535568,64.45958839416504,27.15316381422043,45.925682775032044,58.93095815620422,20.953280494445803,12.713608721666334
2024-06-02,12.893221393874414,48.80093270759582,28.311062709045412,67.46787452774048,123.61293869018554,12.842028049292564,35.5164288174591,35.677654732328804,34.1882852935791,34.67961825195739,9.597497441124917,17.608950589368682,41.318123689270024,78.61938733660698,64.25142036437988,27.123244957535988,46.065943166507715,63.78253516116005,20.998122767740984,12.978839158058166
2024-06-03,12.749396030616762,48.67376583595276,28.353452587509153,67.00647012471771,124.64431316757202,12.925338882865905,35.50894836856842,35.766944945633476,34.396043319702144,34.623767617021976,9.544789976363182,17.100863862450485,41.330326032257084,78.71563415491104,62.40148789215088,27.15158503706297,46.72462220228577,63.932399881067504,21.352081482048167,13.10527768278122
2024-06-04,12.798089470481873,47.713342977973944,28.44565592765808,66.81167128660583,124.48331366226196,12.924865133285524,35.57804180726623,35.49902863005066,34.54023237533569,34.10078348652648,9.512385701994894,17.409465486464306,40.87250473022461,78.27261686365127,62.40787016830445,27.091686464950563,46.85491815261841,61.29063291858673,21.269838863685607,13.87351409810257
2024-06-05,12.81257017364502,48.171842204284665,28.35113353729248,67.8083381652832,126.41351533555985,13.00398430975914,35.79246263580322,35.5949553157196,33.953335361732485,34.55596181082012,9.579662613161085,16.933750751495364,41.744645407814026,79.01995167160034,61.29767512178421,27.16409835145569,47.453013734436034,58.98827276295776,21.422368504714964,14.126872733126794
2024-06-06,12.871946882692336,47.75502014160156,28.634477851867675,66.81571874546815,126.9592859445385,12.826646416788199,35.883345042800904,35.560227801269534,34.513139290048606,34.55006600063267,9.628893766021728,17.65050994586065,41.244988229370115,78.67827335357666,58.57905958113977,27.653162800628643,47.443023925781254,56.621323746414184,21.513089712129588,14.023331803276061
2024-06-07,12.822686721611023,47.46309871673584,28.315671043395998,67.2274454761505,120.69102601149082,12.85828599598976,35.93531061172485,35.63668813161415,34.57464727242851,34.80766380896055,10.333084227960068,17.64467995493442,41.12470967559815,74.39771344380283,58.857425786039116,27.27538534058189,47.634351161956786,56.783608538303376,21.876062637104358,14.2543692315596
2024-06-08,12.74751164302826,47.32815879821777,28.71914955616379,68.77980407714844,121.27765286286734,12.958472679155095,36.26081834829713,35.505228168344765,34.92058314399719,34.44988739086532,10.32650814341442,17.510149058069228,40.476120287612915,75.3036758239746,60.21116929721832,27.313495522237755,47.1387826538086,58.511608028411864,21.95809727114343,14.110147441200256
2024-06-09,12.846524612683295,47.31446125030518,28.581495710906985,68.88998771667481,122.10925760822296,12.83182243366729,36.45097478833008,35.25675305534362,35.06772964725494,34.37050928303146,10.255968993170017,17.208424836099354,40.9081994310292,75.63343474988937,60.25239081573486,27.050776465104494,46.79318092346192,58.45703430175781,22.346005301103315,14.012075143913268
2024-06-10,12.796885672994613,47.57587406158447,28.46926459251022,68.90637001037598,117.80645439600562,12.87031486384163,36.51629591493988,35.222539100372316,35.174330917739866,34.38356079905319,10.298017032888321,17.22389739816467,40.91024670476647,73.25300425081728,58.88010961854457,27.12718275449946,45.369706496429444,58.70340642929077,22.42663842367333,14.11082210931015
2024-06-11,12.89347569556552,49.578997192382815,28.55250920793737,67.87093040466308,116.38870168500137,12.799789211076623,36.4465650069809,35.44370531158447,34.99096636134338,34.79606624857681,10.195296103833448,17.1578557147522,40.884822787146376,76.11354377388955,58.592767604680176,26.62080312594795,45.79052502612305,58.0943416081953,22.11156195925026,14.333216990984116
2024-06-12,12.736230861854555,49.199925963592534,28.071110806274415,67.94205208490753,126.9202263386078,12.84689517219721,36.02942781372071,35.8814383874588,33.70940368148289,34.93805106671413,10.228727091297245,17.423716238218734,40.889542126414035,78.05388609695434,62.95077717493058,26.962385486984253,46.317413864135744,58.651156786411285,21.917889029937744,14.28859090042877
2024-06-13,12.79315646209717,47.76328374595642,27.77380382537842,68.30255626831055,124.23137143249512,13.057100633916143,36.3512631362915,36.03173853663254,34.17747739854813,35.12797383993519,10.223938533692927,17.272770954437025,41.645565856988185,78.84375228881835,63.82936009427605,27.06607298069,46.13156066894531,59.103012325149535,22.281351044174194,14.549885509176866
2024-06-14,13.196541287646676,48.90702438354492,28.48359644143307,68.22410583496094,123.43779521484375,13.371618140989495,36.882935972227244,36.43098901227596,36.18698991737366,35.31623274430595,10.294381351878274,17.26622171598023,41.014319727667235,78.99003353118896,60.64587020397663,27.51649779227829,46.58968519592285,61.087311878204346,22.789150663352967,14.596596930526886
2024-06-15,13.051820579240799,48.87159336090088,28.064712927246095,67.30197505416871,123.96413107452392,13.327647360569001,36.39247469285202,36.122830972332,36.18156214599609,35.107920508094786,10.205220369320305,17.007831148715745,40.963853054715955,75.75027467525196,60.94293133735657,27.248513727951053,45.591183286357726,60.5876544456482,22.42276140989908,14.487859564453125
2024-06-16,12.992946425949098,48.90771228790283,27.956846966171266,67.54414921188354,122.85786484222412,13.327125253555296,36.455837333587645,36.151342778320306,35.969912857109065,35.1192975521965,10.15478559220894,16.824866271720886,42.16816573039765,75.26587204743504,60.92799290943145,27.047806309032442,45.279646642234496,61.01391632080078,22.44165516929627,14.437825368976593
2024-06-17,12.9657693126297,50.17495107307435,27.87694618148804,67.60361054306031,123.45537383766174,13.703427820826342,36.45021712304305,35.580488204956055,35.58442396488189,36.0998587114637,9.923574248235626,16.84151545502472,42.09119000020157,75.20797639245987,59.30220744875014,27.849619024543767,45.03072456684151,60.95625217437744,22.552425327301027,14.279039678855895
2024-06-18,12.824095183632888,49.89806010818482,28.337776054733276,67.72698979911804,124.87822174675232,12.847883140044937,36.198382122802734,35.88935041809082,35.7354447555542,35.81156200959211,9.702476156318664,17.37426662556839,41.24356677246094,75.0144709121704,58.82201104291662,26.999969410766603,45.89934717144012,60.826448364257814,22.509677827835084,14.276254213876877
2024-06-19,13.042282134758901,50.01026332855225,27.95146695098877,68.92766571044922,124.59537653260801,13.204557375183107,36.53837657528686,35.93618310872269,35.57104666843414,35.97312655490455,9.743075757974271,17.308092022682192,41.663210221532594,75.8893310880661,59.37358580449426,27.13772389165415,45.52524789733887,61.09640884399414,22.311356192743265,14.125623422950746
2024-06-20,12.924695985085924,49.3293061580658,28.683288797332768,68.42495063781739,126.49778336186897,12.475477952957153,36.33283551553345,35.80603751640701,36.071022033691406,35.8899854859859,9.722778685171738,17.297003689111325,40.374342136367794,75.27695624957084,58.9019348108697,26.96314875238037,44.94992889404297,60.819339752197266,22.844372834985123,14.150969154316407
2024-06-21,12.734667281919478,49.880613555908205,28.052920293349683,66.95765661621094,125.37865984856414,12.528637619018555,35.858292409515386,35.21710464477539,35.751132545471194,35.57588112660382,9.878797561467028,17.037411574596405,40.279617646751404,77.17070355606079,59.346062916898724,27.335469123036432,45.25222980651856,60.306866798400875,22.472023008636473,13.865575920398712
2024-06-22,12.973906698823985,49.79698184967041,28.402206665748597,68.28543731689453,128.49405023257896,12.993493967056274,36.78678232415771,35.390990500007625,36.1561393737793,33.09419878292084,9.807542207677692,17.442191984078292,40.32315737498474,77.47126899719238,60.51339720458507,27.360485324716414,46.23875701812103,60.876609802246094,22.29394543409729,13.90860550174713
2024-06-23,13.39026187094021,49.55134784698487,28.51702611527252,68.22097160339355,128.5639276983405,12.916515274047851,36.36395781729126,35.46596240270233,36.080020904541016,32.87785447604656,9.642034847164153,17.421241513777545,40.00815866560364,77.3957778339386,60.25184747966766,27.283769537437138,45.9257452604599,62.473187103271485,22.828740309635013,14.3900740038414
2024-06-24,13.324083714637416,49.905866127014164,28.546500609489442,70.28374361572266,133.8832594120512,13.596852290730059,36.155676201690675,36.50658021688844,36.086483001708984,32.345640118145944,9.567905902862549,17.52700907752264,39.71406416136932,77.08172840881348,60.78125240421295,27.866496810195926,45.6675646685257,62.516568717956545,22.034260001477623,14.507065057777407
2024-06-25,13.10007484283066,49.9349864238739,29.083420257865907,70.19076071777343,132.1722131649628,12.846028460311889,36.20804537768555,36.110985246276854,35.71881282806397,31.86441743912432,9.57085993309021,17.316986410697936,39.18904508743286,76.10566529937745,60.17576101637892,27.637145054626465,44.89878628921509,61.992017808151246,21.230434059906006,14.670991878739356
2024-06-26,13.516447900811118,50.53001365661621,29.043001390182496,69.02330017089844,133.57983717471313,13.4027708104098,36.521761196914674,36.524919100479124,36.23350524902344,32.4218288621664,9.547654972076415,17.47646586846977,39.76063077804566,76.26422192802428,59.88514620845317,28.006702084808353,44.46092943896485,60.93695831298828,21.81381578063965,14.736998526395588
2024-06-27,13.44916572367367,49.345021139144905,28.929311444435122,69.15576934814453,134.95649867248534,12.544368720869064,36.360302547090456,37.20188146096802,36.852050733947756,32.395786399197576,10.056552118718718,17.292965243774415,39.85410392761231,76.97257515335083,59.22287038133561,28.4071548602829,45.659202349823005,60.048769798278805,22.309965400932313,14.633298708618163
2024-06-28,13.345338911632691,49.48698070526123,29.225980578114623,69.37044525146484,126.22691635508535,12.596109202003479,36.25984583059983,37.564503231200874,37.163549194335936,32.40574169969559,9.949302840086059,17.51890333577642,40.11115673675537,75.73171207866669,58.6708400656739,28.693028610059052,45.518195375381474,59.941066360473634,22.09967336425781,14.832576412042744
2024-06-29,12.777751029659271,46.30968111648559,28.808071192886356,67.26426385803224,127.48171514831542,12.333231667968748,35.89421509794617,37.202421060516365,37.120687443923956,32.03556165910792,9.946862365593796,17.36497345083618,39.78294363212585,77.31956820507537,64.1101109473938,28.388487577423096,44.91562186889649,60.93465446472168,22.845279526336668,14.703115489929274
2024-06-30,12.427910187149047,44.809889960803986,29.178589184934083,66.81123629901123,123.8994086413522,12.283138473695756,36.05163509042359,37.22695648846436,36.60717585333252,32.03862891842508,10.030806949908468,17.367975109313964,39.67753364524841,76.5994305298233,65.88230006318665,28.445621767478944,46.37529044013977,60.85861369628906,22.806422227043157,14.693961646256334
2024-07-01,12.396716995811461,44.36509618892669,28.230652174149228,66.77459528281402,126.41699245073319,13.005804882216262,36.0921622868042,37.3291451968689,36.716147110794076,32.02174655254269,9.945721274973266,17.355822342029573,39.699952233123774,76.0643930774726,66.09036950342559,27.61860340156174,45.014231495338436,60.71249666976929,22.794279193267823,14.436352492251833
2024-07-02,12.551706854358674,44.25256694984436,27.63707506657865,67.39249445648193,127.06171331405639,13.095673169987544,36.442283088894655,36.64738781447731,35.81300102157593,35.02697072690571,9.846382781505667,17.076858100891112,40.16093842518997,76.29614227612552,65.56593194046022,27.001667658588406,43.47947397766114,58.43098830184937,22.408464874969486,14.086055508041381
2024-07-03,12.18180104039383,43.25440780391092,27.428975820579527,66.6278323622589,123.60322457242013,12.685746175573497,36.12455052333069,35.665276794433595,35.46786292142486,34.67594469592667,9.77597660698295,17.315517177864074,39.82456251068115,76.34575359392022,64.97369728088378,26.739836742782593,44.732973216247565,55.91698301385033,21.623792610168458,14.025808217931978
2024-07-04,12.39462951210022,43.62761044979095,28.097572540042876,68.5484264755249,134.39483720397948,12.553691104344326,36.5067990007718,35.98030797958374,35.53071975614547,35.06228186301843,9.857549546959474,17.015734519958496,40.114037354278565,76.99155745090485,64.68588066101074,27.262407893371584,43.88029597979737,54.92459284222626,21.684783897399903,14.108357685969791
2024-07-05,12.298733838020322,43.515077000799174,27.94468392219543,66.7811440000534,133.26993530273438,11.958965768814085,36.573916027744446,36.128470930629724,36.46335443496704,34.96076672217935,9.698181447406139,17.10205280399322,40.19632162399292,76.37825230772638,65.161140335083,26.88351779937744,43.581365380096436,61.33241654598998,21.795742515563965,14.147836396989842
2024-07-06,12.399753815299414,44.13670551109313,28.410185985916094,65.70161085891723,132.2058581542969,11.668591188240052,35.92468146435494,35.778326100540156,36.017224596977236,35.73755317740715,9.65694323416455,17.25856268302345,39.700865020751955,76.5006841336727,64.9459625289917,27.155706057432173,43.66771748657227,58.951755806198044,21.440892309803008,14.269537209839278
2024-07-07,12.375655711129646,43.9970990524292,28.094423402200693,65.5501415977478,131.75842373657227,11.719544046020507,34.84988685516357,35.77583905677795,36.00252835922241,36.01289150220739,9.509364238726244,17.157808791732787,38.3342415550232,74.27213330550885,64.91031439590454,27.08541787966919,44.39704330329895,59.20093233626083,21.473029033400802,14.289543632481733
2024-07-08,12.331692927370202,44.187494373321535,28.15215793329048,63.45163944831848,128.20415042266845,11.645209998893737,34.71302307722854,35.81816181564331,35.85017748641968,33.65008340180655,9.24121659811638,17.231209519958497,38.108068936157224,72.95840560828401,64.42942418518066,27.042847648218153,44.229566714859004,59.71680652313233,21.29642121987419,14.255732696839443
2024-07-09,12.269881057941168,43.829756249427795,27.90224368457794,63.29571264026641,126.57093350427247,12.294524188897476,34.61970309497452,36.093122452503195,34.710663230895996,35.75418815146573,9.12082509427025,17.20579303035736,38.31735022521972,72.79845045999525,61.518061605834966,26.719595718955993,44.485996529422756,60.67233441197205,20.688232430648807,14.120176430081118
2024-07-10,12.15573773751068,44.10531998348236,28.026899418640138,62.474512660939396,126.18368535988793,12.395066185810546,34.587685182952875,35.72402955551147,34.69723526000977,35.08584676437378,9.203950326740584,17.230860945510866,39.704432877593995,69.58535727316581,62.36410660519477,26.658946654129025,44.40309546172714,61.979476701235875,20.768024346370698,14.432453452110199
2024-07-11,12.053705488586425,43.554981784687044,27.042607998275756,65.97852622812653,127.5182284033036,12.249916047091599,34.777049242469786,35.78175758514405,36.318564740753175,35.08173608779907,9.126473766443846,16.899800265850068,39.56079546313477,71.97409488632152,63.259524060058595,26.569156944465632,43.88235037879943,61.77471146431731,20.661173005595856,14.48816101452077
2024-07-12,11.97286339530945,43.83866542053222,27.21195688382721,67.83534072647095,127.27018749192811,12.275104861963033,34.26988563537598,34.99704963684082,36.698341369628906,34.790122560882565,8.99823077984619,17.322178094999312,38.45512391281128,72.6111630395744,63.54854533703614,26.142955169677734,43.97635836495209,59.814858083976965,20.39344380852161,14.355205346331283
2024-07-13,12.047793671596528,43.03927422060012,26.931831536865236,67.68045043945312,126.65505673191834,12.194530344618187,34.14218330383301,34.650432357788084,36.413289459228515,35.177134457210535,9.07054640931816,17.105662145805358,38.20745698535156,71.72231283031333,62.94768640594482,26.23188367652893,43.697812357315065,61.7339607444992,20.51349437713623,14.254616527496536
2024-07-14,12.015026784816742,42.39786973321695,27.07438727989197,67.47184753417969,126.83514728041078,12.214826237123107,32.990098665618895,34.49501449584961,36.0046976852417,35.10199250769424,9.682139407778587,16.66044931869507,37.422833205413816,71.6835420327916,62.92891293423843,26.124184736251834,43.29793615436554,61.61995460357666,20.57455325088501,14.24764261864849
2024-07-15,12.05267686396511,41.9704444539339,27.296002478027344,67.00936935424805,124.77561822509766,12.341623621123336,32.79497689590454,34.33045280456543,35.81601277313232,34.83907070619965,9.769474058058504,16.660655229949953,37.09716229934693,72.13445166223525,62.16106560745239,26.062693573379516,42.76392136341476,61.34781585031128,20.39756425895691,14.037419948065454
2024-07-16,11.932450518390652,42.98230620288849,27.663666026401522,67.07782722473145,124.39055865325929,12.451255122459923,34.0814662147522,34.25919319152832,36.38132095336914,34.594974958488464,9.714372099658126,16.6617610496521,35.87840713682556,72.56103347634316,62.46444961196137,25.94291267738342,42.29458622131348,61.11591350439674,21.075643591565328,13.723725587800711
2024-07-17,11.988165871341705,42.85114481735229,27.70567240546417,67.44258117675781,125.95244035544493,12.431994561943938,34.03435063018799,34.60071619033813,36.38399124145508,34.4853893119812,9.95681356365629,16.66137025182541,36.94109806594849,71.1707971572876,62.361996618095404,26.113096520233153,41.71670998077393,60.576370942428596,21.026354103989867,14.271824406840157
2024-07-18,11.85759122428894,43.85940376340389,28.216843757629395,66.64621055603027,123.14613188323975,12.346167349521723,33.17127983093262,35.29255248962402,35.281422214508055,32.5644914932251,10.429804332290791,16.71895672664131,37.119857711791994,72.4724510192871,62.56471810569762,25.983609352111817,40.081267776489256,60.55593309358978,20.80216844734955,14.149390467055435
2024-07-19,11.63674476850891,44.383250430126424,28.744349605001446,67.40216827392578,121.52286163330078,11.693491465579031,34.22687683989715,35.634875129893565,36.99613925933838,32.963333158493036,9.931307528048828,16.57011195201874,36.978287887573245,73.74802950782777,63.474835620334616,26.08415256500244,41.46266498565674,59.290224690055844,20.750859147804682,14.315704239024813
2024-07-20,12.036557687365725,44.99920719489097,28.6769880442543,66.84158660888671,120.84551788330079,11.693628527641296,33.710390154636386,35.37213825343323,36.71357936859131,33.19203586578369,10.284594244249652,16.71716852809868,36.990952791595454,72.73008127602337,62.06264028053283,26.737777608055115,43.1370166067276,63.02171323123201,21.0983959730127,14.796364072649153
2024-07-21,11.921988949420852,45.66197886541844,28.749321352386474,66.98515594482421,128.31137659973146,11.770945516872406,33.93214569168091,35.51756974635315,36.675347595214845,33.27592163085937,10.337389172717641,16.716276335222396,37.638688605056764,75.86188098112108,62.12692573928833,26.860415635162358,43.809491562756044,59.29559680166244,21.003839246159366,14.914910884028469
2024-07-22,12.106316796295166,46.35950187778472,28.73577301826477,69.08625427780152,129.3165524492798,11.812145039272307,34.207392036437994,35.06058889686585,34.81365110206604,33.31204004287719,9.814999343299865,16.705863605542373,38.69597591148972,76.70367144693374,62.063609078979496,27.99775880253479,44.57958678119476,59.78476379394531,21.43917788811158,15.141185602066463
2024-07-23,12.29082682131958,44.99715396305375,28.819796064949035,68.42479337310792,131.93213796953614,11.7568345911026,33.819071502685546,35.87640073242187,35.95332170276642,32.97790705490112,9.600169341341545,16.702016699981687,38.14516687747193,76.6622638332367,63.34215046696472,27.905507146842957,44.48473392864991,59.02987384471893,19.758048361444903,15.279403532149582
2024-07-24,12.325039129152605,45.87017008701324,29.521999601694716,67.76754237652588,132.60359365472078,11.679759370162008,33.6501438079834,36.14484122850037,36.268365650177,33.31707601547241,9.975282505451203,16.9605000104504,36.86000943830109,75.8414944885254,63.14377638753891,28.25299218909417,44.72848167311096,64.14493009454911,21.40529865300522,15.260629072147065
2024-07-25,12.181191025966644,46.03672372707367,28.673490914154055,67.77473190257263,132.6689766458418,11.609999056549071,33.037869376373294,34.805908156585694,35.99788478851318,32.974051857948304,10.190504545211791,17.14163734293104,35.707830619812015,76.41842236822129,59.0483947649002,28.07457554017639,44.917423272537235,61.90547373465871,21.26362536083222,14.3339979429245
2024-07-26,11.99793340241924,46.24681590615062,28.932859679374236,66.36742553710937,130.12599266142416,12.584627095912646,34.103418197560735,35.15397501935577,35.74532728900909,34.18725295257568,10.23415732936859,16.98015858274051,35.79427902832031,75.23511509813518,65.29757087741089,28.395025459571915,45.90066010817643,62.24009384219133,21.21631637921906,14.673062038421632
2024-07-27,11.992138262492817,45.988002837896346,27.84280318107605,67.27404579162598,126.85589071487455,12.259815756759812,33.52633781932068,35.182792709198004,35.70740490818024,33.34929661445618,10.327128989982604,17.103430139379117,36.29205005850219,71.67242440661373,65.17178511284865,28.075282742614746,46.06549489338685,60.307005295903636,20.072480587005614,14.59536550168991
2024-07-28,12.046523966480285,45.29314425634861,27.942313997268677,67.23980926513671,128.5943734707639,12.623568537656736,33.63496697536469,35.19245696484375,35.83688285865784,33.29971368616104,10.03512223522949,16.91700266148479,36.524992078742976,71.9090854159687,63.5542826621711,28.076433479530333,46.6333907150116,60.417680914139865,20.208474051475523,14.652440251350404
2024-07-29,12.072223272636812,44.63602571481228,28.829848178100587,67.15806671142577,129.99714426995087,12.676395278961888,33.71173114292908,35.15263665222931,35.8960097574234,33.324552078952784,9.735661305755615,16.935271702872733,37.27206938685608,72.37431455736751,62.05089794258881,28.080854516738896,45.975516668701175,60.58610521261898,19.911384033036228,14.37849648723793
2024-07-30,12.078947010652337,42.62225865684404,29.577776404202268,67.03823886871338,128.0909112963066,11.407063089654713,33.85437346595764,34.76873942413331,36.4662971496582,33.31506122995377,9.29223424758911,16.690605784606934,38.23698197879791,73.05008979606627,62.16194739866638,28.043701861473085,45.27107635473633,61.599897543072665,19.87330057632923,14.82573263168335
2024-07-31,11.807101496887894,42.686132104656814,28.28115246739197,70.60143890588378,125.68648646310425,11.502527419256115,34.23253672515152,35.07708894042206,36.496273040771484,33.30087000795364,9.255885611915588,16.67199369506836,37.912006305313106,72.2819394253973,64.07888660771826,27.673061516109467,44.673202922058096,62.36593235390334,19.547019851315973,14.484939764499664
2024-08-01,11.418616875137328,42.23734538111543,28.740846353593824,69.8176488922119,124.40535492748259,11.61294235047446,34.409874972108305,36.12050563018799,36.56106948852539,32.94252090454101,9.177228970527649,17.05700175108583,38.27671840767288,74.57907731723785,62.55739986911774,26.99952700214767,44.906366950584406,62.52232458421414,19.882676249027252,14.62755208325386
2024-08-02,11.246205088754651,41.48160599846659,28.890492441541667,70.38400989523316,123.68939618772126,11.665017372847052,33.10246037171173,35.85202032623291,36.58806610107422,32.75264498806,9.238149194054603,16.85418928475509,37.33033496704102,74.15659569568633,62.36015385360718,26.728030551338193,44.25925091171264,61.416478960166934,19.603536806669716,14.562923668820858
2024-08-03,11.538396017074586,42.5620273558073,27.696483612060547,67.92930539134277,125.17899882895085,11.82523709326458,32.6604764540863,36.18489415196228,36.657997131347656,33.23582353591919,9.67857852935791,17.01475627656966,37.608902155288696,75.969060192976,63.83853604202271,27.067838429821013,43.769907926078794,63.12832142342313,19.741086064875123,14.710691452026367
2024-08-04,11.774000191635132,45.722458834104536,27.653615951538086,67.74111437345947,122.26021610283324,11.825374266918182,32.58097978113556,37.31329744428544,37.684446830749515,34.259396644592286,9.894093742370606,16.986769846915163,38.66700091635132,74.82469497871398,64.18358248064804,26.6864530207901,43.39923080987549,63.06465550993363,20.565936238288877,14.76275634765625
