Date,PVC,VIC,PVB,VNM,FPT,HAG,CTS,PVS,CTG,KDH,NVB,POT,NLG,MSN,MWG,PVD,CMG,VCB,PDR,ITD
2023-10-25,13.734137808909702,45.68822089691162,18.88824021587677,68.43602738447478,75.99043363094329,13.934931879381178,27.259898074150083,37.85716997307942,32.16100032806396,25.728733179847953,10.740616201400757,16.405427459878922,37.610978093609155,67.0636695020485,42.04195560979843,26.730315828323363,34.63503300247192,59.256601590728756,23.91574375391006,10.107259973631821
2023-10-26,13.430612571176647,42.91064100265503,19.60751881456375,65.42322074890136,77.39728260040283,14.16253488737297,27.533996057510375,36.13431308326721,31.863983635711673,26.688896419608593,10.72082780456543,17.16471426892662,38.03714751091003,67.57799081611633,42.405206022262576,26.85372505187988,35.02767562866211,60.845855712890625,24.278413950920104,9.60274718697674
2023-10-27,13.367310535450597,42.299612285399434,19.28392440782547,65.75212654953003,76.65703078079223,13.923912747868767,27.696613098621366,36.81395790481567,31.29915190592766,26.808502017974853,10.847714599078703,17.25047420098686,37.2906074918518,67.1132018623352,43.599740654783254,26.288536471366882,34.529029541015625,58.72463928451538,24.00153882393837,9.94993304034725
2023-10-28,13.487239391245506,42.31378952364921,19.019274386909576,65.38259110336304,77.78437735843133,14.015088417330952,28.761255157413483,35.80985641479492,31.43017659072876,26.557746826114652,11.000750906910897,16.41339352352443,37.121466120443344,66.83571144847869,43.592261646337505,26.274895996570585,35.1545524597168,58.702681137084966,23.96734394498348,10.161218956922404
2023-10-29,13.827798641331196,44.45082678474426,18.968740877283093,65.32906681137085,80.52005168460846,14.015718462106351,28.897640868730544,35.89067840576172,31.536601099777222,25.94946520432162,10.956133029170037,16.104555466189385,37.5836092886467,64.94179042062807,42.80259327026653,26.275753934383392,36.53213668823242,58.726769850288385,24.343921405992507,10.100871519825331
2023-10-30,13.822831913081611,44.2803114603424,19.002800223419953,65.30198569793701,81.1712715538788,14.057717018689491,29.045311463227268,36.08015060424805,31.656290817260743,26.794239067365034,10.947205323901176,16.461768455028533,37.753885287769315,66.422955136528,44.15276250849724,26.349483195304867,36.72770168304444,58.80280640329742,24.523578941502567,10.143964318266594
2023-10-31,14.02991666199088,44.23491023818016,19.44209525902748,64.32651384544371,82.56391205406189,13.959690619611083,29.49667750310898,36.231224060058594,32.100877647399905,27.830503554883006,11.10771005182457,15.858158578333853,38.386813430786134,66.99648170471191,44.85370471286774,27.501129808902743,36.489038560867314,59.962821971511836,25.13616828918457,9.503430493666649
2023-11-01,14.049544985797404,44.40808417562484,19.327931770641946,67.26840725672561,82.2448278442955,14.018426430376051,29.887794231891633,35.90440761566162,32.14634731292725,27.04110074186325,11.057107948894501,15.96353514468956,38.246265410614015,66.17293173248292,44.83430115509034,27.140303336319924,36.44193251609802,59.64214638118744,25.340895080566405,9.376327882575987
2023-11-02,13.729280019845366,44.040865657768244,19.07913957879167,66.06707578084945,81.48427725917817,14.166688532066344,28.063705479198504,36.162166595458984,31.03932729311108,26.484722510232928,10.914308060352326,15.636693983623788,37.696653080131526,64.71863611294441,45.60193118476868,26.85304887213707,36.19035769577026,57.240151472851466,24.527688975995204,9.176865585420428
2023-11-03,13.56757903525318,42.21806763444901,19.20331226071429,65.12456657409668,78.79833659362794,13.809838815359115,28.414046687808035,35.72927764892578,31.434307532501222,26.446983077774046,10.344701392547607,15.886523511886598,38.32253276824951,62.47747631835937,44.90857471798897,25.82765909028053,36.23805452575684,60.79088998312454,24.38930082990646,9.901395024501657
2023-11-04,13.50759694625939,42.67802072525024,18.987496898893976,65.72594233932494,79.68266637966157,13.607272796333913,28.675712271209186,34.95066446228027,31.132341479896542,26.333560900497435,10.324207493209839,15.396112562427522,37.06535782191467,61.64032004379271,44.06182565689087,25.86708729784012,35.13901303482056,60.17186543540954,24.21628195072932,9.965405581827163
2023-11-05,13.936118868634699,42.61198528862,19.48610669651985,65.79416398315428,81.4222418561554,13.60730720595932,29.05773629334969,34.96471353149414,31.199517422630304,25.657521403960704,10.288304783630371,17.058926050748173,37.08511927024349,61.85623787910461,44.81989946365356,25.982928970212935,35.72549135513305,58.52907850670013,24.786167362892815,9.948141508135722
2023-11-06,13.924843752322197,42.54950002670288,19.591835981369016,66.83342097141264,81.98549165416716,13.469801524663923,29.11101679594889,34.95698580322266,31.793713515472408,26.224568591406868,10.295400329208375,17.101479536104545,37.096741726930965,61.5708762765089,44.381732803344725,26.082323127822875,36.048483009338376,58.50992062720184,25.022002568440534,9.91058706435338
2023-11-07,14.265333673238754,42.06317303787231,21.330157111805647,66.54916977923584,82.68286453783034,13.399650434303284,29.297426464948654,35.29038902282715,32.009293466228485,26.277847298780394,10.156857854529934,17.332373224859463,37.23414772885895,61.698280229187006,44.16101782178879,26.83486194062233,36.4166990070343,57.60861749124527,25.235546754570006,9.823433742801365
2023-11-08,14.673280963897705,42.243052626857754,21.15201145052719,66.57888619816588,84.53547806739807,13.159608999054909,29.09612726679325,36.427740625370404,32.69631443557739,28.95791760569572,10.339912728179932,15.840827684434888,38.104157996177676,60.41353693858909,44.60849565696716,26.698433098003864,36.164741906867974,63.2716643825251,25.915549857616423,9.87273015359212
2023-11-09,14.782893892478944,45.88881371991348,21.501791845710756,66.52539348445129,83.76495855099678,12.961327746608735,29.38583829449415,35.23236399364472,33.76757337570191,28.309919227926205,10.818487228960404,16.237245940589904,38.27502665462494,60.19182209441042,43.90845573188781,27.114226588010787,35.409821699352264,60.03371398856163,25.983924603939055,9.983089326976115
2023-11-10,14.73037347793579,45.39040221176147,21.480723392486574,65.66567504882812,83.24792904373169,12.934553985548973,29.180455725846286,35.125083453014376,33.90762870483398,28.714241965484618,10.285983907333373,16.53728609085083,37.87484032218933,60.50529817221451,43.832520735310645,26.99556676026821,36.29139309234619,60.44177148827647,25.684742437827584,9.99152550891836
2023-11-11,14.677515335083008,45.6106698234558,21.52736287536621,65.78745529174805,82.51466110460815,12.81437553080661,29.440893102886676,35.74913756389618,33.30583627528667,28.793915350914002,10.14739408259758,16.398380361270902,37.90259964023208,62.928726791782374,43.85383006398926,26.95610476910591,36.050571543121336,58.560246257972715,25.7841210015893,9.924714888198281
2023-11-12,14.731391944885255,44.03244036483764,21.56936480255127,66.83469226913451,83.8408442831646,12.751999614026726,28.23304416379881,35.91167171573639,33.43928748948097,28.704357719421388,10.376254831283193,16.665565790176395,37.871265314867024,64.15490970359802,43.866163264328094,26.985991612751484,36.02679142875671,57.277638495955465,25.27930088755953,9.940890819087294
2023-11-13,14.729793720245361,44.036290111541746,21.5810747795105,64.8998846054077,83.83730175262642,12.784060714943847,28.08267985076952,37.428612591934204,33.016228007183074,28.727697830200196,10.919709273319244,16.66529878807068,38.41120163991165,63.45167405891418,43.80961724623889,26.562445858297348,36.637193418121335,57.49370672813416,24.9150848546083,9.949907632614327
2023-11-14,14.908682945823669,44.03533522338867,21.79547052710724,67.53410435282134,81.58801595220565,12.509935180481222,28.12606775972843,37.19398109436035,32.39294406223297,29.13349341831207,10.266583903536986,17.48626780545044,36.23779391906318,62.590549747467044,44.15951949497223,26.54321799905777,35.41394773864746,58.251812579154965,25.159150758147234,10.093781650396023
2023-11-15,15.082013006180762,45.251834298518595,22.081032538881455,67.78394220049735,81.37701146392821,12.630155942001341,26.930971716665397,35.807365341186525,32.353334792118076,28.88168631706238,10.154796532445252,17.228465826416016,37.0353861579895,66.95450355377197,42.62669853202778,26.83041987991333,35.069879567470544,59.78775482177734,24.48185906368661,9.891576587562563
2023-11-16,14.454957855216978,44.94157376881027,21.61211881942749,66.87157198809813,85.01351813793183,12.52137421540575,26.847576466319563,37.16890754699707,31.969894853869622,27.637578802871705,9.956973464996944,16.825097979080198,36.6052467710495,65.0158911895752,42.60995331477642,25.07063293317484,34.93671532058716,59.124715919494626,24.145877842359464,9.938788492057801
2023-11-17,14.371189898049831,43.04154101003559,21.07049236952591,66.781489229599,84.5225818862915,12.215606279453086,26.594371825444934,35.347738496017456,32.23174568212509,28.87143585771561,10.370910820629657,17.002525535794835,36.432014067840576,65.93572142856387,45.114668304691314,25.95434681331968,33.7192442966835,57.89731979370117,24.12344281128859,9.981127907089233
2023-11-18,14.811132221560479,42.85933603215544,21.09884593686459,66.80754242076874,84.50323992433547,12.152038616981887,26.496822816468,36.152397887420655,31.78910050951767,28.75762326850891,10.754387420145461,17.086050992857814,35.97461269992828,64.44382232112122,44.01767311175823,26.414567904281615,33.99636818796158,57.33077380657196,23.74271292114613,10.011623818086091
2023-11-19,14.776366326713562,43.05114691315234,21.21173145313385,66.89352187728882,85.64733269508362,11.896396124616732,26.494264990308523,35.722438331829075,31.8103924632986,29.253465377540586,10.776016172695686,16.816669573837277,36.12803086738586,65.09519405945206,45.104131332435614,26.35292980305648,33.99887492477417,58.89507900238037,24.376667150288483,10.036980470820994
2023-11-20,14.85664143447876,44.782992413678166,21.45853515235566,67.25711539535521,86.09698445697785,11.756160432045387,26.36172167909717,35.75135248571777,33.65854295062638,28.338796566642777,10.752795650379467,16.84825761868286,36.07035051880646,60.81451670747938,45.28771397026062,26.132651241981982,33.97600669670105,59.04006832122803,24.216636223629855,10.166088695020198
2023-11-21,14.910470272636413,45.376677205796234,21.53634173719725,69.26303104276931,85.29010182380675,11.718364396391836,25.882684222502853,37.59973672199249,34.73493710861206,29.200467526800153,10.88146950931549,17.132016002601357,36.27715138320923,62.721261250811,45.48514600730896,27.113877296447754,33.970922511177065,59.790863037109375,23.37530661647459,9.976696003077622
2023-11-22,14.798531970977784,46.97068748474121,21.12709615775299,63.965660410594936,85.78806522846222,11.941537495762823,26.686453169431683,37.24735133056641,35.16818042755127,29.267922963060375,10.72658609187317,17.109417336473697,35.15340577451706,64.66920840820198,45.87110278279781,26.12172944623142,33.30700014930496,59.11027484436035,23.240135087176306,10.055347462208127
2023-11-23,15.130435036414461,47.970904243469235,21.227585697889328,64.99100898742675,84.07209524345399,11.850353034983538,27.482045333919523,35.44734801063538,34.73759078979492,29.704857204768103,10.886544494628906,17.080583283737184,35.64744838142395,65.3876330676739,44.76368599605561,26.505415066480634,35.35015650253296,59.52975471496582,24.57025736218929,9.955060214864503
2023-11-24,14.914111404624938,48.398110485076906,22.392172873894385,63.598539756774905,85.69206820964814,11.554797108276036,27.58761583324671,37.542632454886665,34.56457466125488,29.41388137712288,10.833760534191132,16.738072690963744,36.335100067391394,66.27986795144463,44.424759479999544,26.745057673208713,36.15663940658569,59.96417921066284,24.476618942070008,10.0031384650513
2023-11-25,15.035255971057893,48.39703054046631,20.813299427032472,63.15972945676805,84.88728967389108,11.47880236558628,27.206888909923553,37.517613157528274,34.24763373699188,27.43155563235998,10.412045873569893,16.666531274700166,36.39020616794586,65.67885600071868,43.50931831741333,27.413685976045134,36.497696800231935,58.547508028043744,24.016962005138396,10.08789138033195
2023-11-26,14.863746695709228,48.64277309257507,20.76183259963989,63.02244688745498,84.57489842531203,11.380637897920131,27.576796173233987,37.15683185794509,34.173912057495116,29.301299544525147,10.167008754150153,16.661366360664367,36.8550303943634,64.88602521321516,42.69807736015319,27.298367336754797,36.35481021881103,58.13279973847389,23.46626902914047,10.070092442503618
2023-11-27,13.889113265941143,48.2124266988945,20.841372413635252,63.039295534172055,85.51151528471947,11.357808649781227,26.70113115731513,37.69238515605785,34.1938013917923,29.238792502212526,10.182551476890417,17.80788973439026,36.61071436614991,64.77455027235374,42.43353794288635,27.279544075512884,36.43098865509033,58.03816434693145,23.176960560593603,10.047003136190277
2023-11-28,14.002577944278716,46.979334587052726,20.981826095581056,63.42421640358925,87.14198820877075,11.262760688491063,27.494249067306516,38.12084325648978,34.76679992675781,29.5406350619545,10.461094808249472,17.95953070589619,36.517554272460934,65.100422347126,42.73714170455933,26.734366921169755,36.21975489006042,58.65353787002563,25.213677592985285,9.932983578662338
2023-11-29,14.853038417127514,45.1583405565834,21.85091621555987,64.73996741409302,87.55923028355598,11.496410901202582,28.184131658077238,37.604378741241526,34.761497497558594,28.607081149291993,10.311090160026536,18.01851862687797,36.34336007823944,63.98493167655945,41.54905058670044,27.94545855483055,36.60901317596436,58.877597351074215,24.53502056121826,9.83713638724537
2023-11-30,14.812996065250395,46.588645362854,21.954250785612373,65.55502922058105,89.2580617904663,11.397993384465714,28.540855530023574,37.3321104751625,34.8283576965332,27.800095510482787,10.346180172319153,17.995298112857892,36.17220959472656,65.10108712005615,41.147662074623106,27.029501479523134,36.128360069274905,59.83271408081055,25.206950382642745,9.927023107321471
2023-12-01,15.059880123138427,45.57636345419597,22.360060812192632,63.80711354017638,87.27059521960372,11.47873133548393,28.79273257255554,37.42310411314773,34.458457145690915,29.23739514026642,10.408147559444503,17.65389458770752,35.78557782670498,64.39661376494294,41.92765813064575,27.40782526521763,35.82545380897522,60.823396911621096,23.586925279140473,9.991698232641228
2023-12-02,15.414649696374893,46.00828640845299,22.47850902080635,64.31997718048096,89.05657305730819,11.84782814289093,29.18814754486084,37.958549139541056,34.60456535339355,28.546551990509034,10.62073825669384,17.505598949149245,37.68533653259277,66.74247047241211,42.70189145851135,27.225330664310935,35.97468566894531,61.870227603912355,25.38486029777527,10.052376569981098
2023-12-03,15.427883009622574,46.18468999732017,22.373553425427247,64.2653575378418,90.06426619826317,11.928076425147056,29.99939651727676,37.957477495196805,34.60480827331543,28.667180103778836,10.281208929276607,17.218710727020266,38.34943771362305,68.40997864151,43.376741764068605,27.40064154948556,36.76340866088867,60.94271220054626,25.598179044490813,10.077186605533848
2023-12-04,15.448225160310745,47.5375608844757,22.640607726950766,64.99388381958008,92.06216317852021,11.9986857916975,29.918683466820717,37.473174806510926,34.63678260803223,28.793956055495734,11.06482685454875,17.254763843032837,38.913475036621094,69.14349430847167,43.71380666888237,27.467751260496495,37.0505256652832,61.10333677406311,25.71789387359619,10.050061085101964
2023-12-05,15.474471496198655,47.94441579008102,23.098919328485028,65.76768676757813,93.65245824623108,11.951956310678385,29.74743071780505,37.60048690081787,33.643357583141324,28.762917739451833,11.15847264242459,17.829695018020903,38.95173748683929,70.8354549407959,43.65131065638742,27.785250271761416,36.81833656311035,61.49313079833984,25.786398829250334,10.004708770440345
2023-12-06,15.366873269462587,47.67964764853477,22.999498114002872,64.4374475326538,92.63644465759276,12.093987753310202,29.835265493191052,37.17803966445923,34.06077149658203,29.290139943351747,11.400660409089861,17.7570983965967,39.50472711524963,69.55250796890259,45.50566592788696,29.496246414184572,37.22214517593384,60.801133165740964,26.27142104422056,10.040472729508878
2023-12-07,15.432732379886628,46.168243320894234,23.565758311851713,65.06411140823364,87.6926038822174,12.232736873345374,30.491413643360136,38.03912670055298,32.80613059947967,29.176737717824004,11.220730389056339,18.01433819705147,40.36910629272461,74.85696537208557,46.009495030903814,28.578662564277646,37.76601459503174,62.36027299880981,26.2827997983205,10.215898071325968
2023-12-08,15.486149290720938,46.363839193443766,21.216435313224792,64.35860819773866,87.27562981519888,12.35104382256317,31.167920492499164,37.68406945266724,34.34016663782501,29.512179993438718,11.111132475356824,17.972897234120865,39.93270902721977,76.58925637149811,46.33306530625819,28.28247029442787,37.20113844660187,62.438717155456544,26.072666208366392,10.009661006323146
2023-12-09,15.52173581278324,47.36691115279198,21.439111727142333,66.15350933074951,87.94310410062789,12.534839930534362,31.099930716796443,37.56041118392944,32.41871563266334,29.538026572082945,11.233349608604716,17.806789381530763,40.1655505290985,76.8128198373735,45.4796809894681,28.24293591246128,36.5912525800209,62.264023571014405,25.85912190497589,10.105184410376003
2023-12-10,14.993418102264405,44.821132513026235,21.264398313903808,63.817478442192076,84.85481482758347,12.550164468193055,31.501482067997923,37.46618394470215,32.1449829426281,29.602140803622508,11.271354651681989,17.713282579724687,40.007946437072754,77.1111929380939,44.10523664831887,27.842110882759094,36.12422687667846,62.33991241455078,26.077405559280052,9.490748996734618
2023-12-11,14.884161987304688,44.29152460981177,22.909055039449314,65.82076618228913,84.2682206258589,12.440482154083252,31.779799329528807,36.9371484375,31.958707079676824,29.659684564173247,11.051344332348672,17.21579647715264,40.129793357849124,75.82144232901763,43.960417322784316,27.72596156787872,35.80188145178604,62.081912994384766,25.839152029006975,9.513933639526368
2023-12-12,14.944474724578859,43.50780360653545,23.055069999629016,65.44895982055664,84.5348584216175,12.512522246489524,31.655557164401007,36.79778869628906,31.205918195801924,30.01870113902092,10.955981841466611,16.571556014995192,39.504210360809324,78.35829361473083,43.813895043474766,26.950319598698613,35.95811571235657,61.245709648132326,25.645015425313588,9.752159125467893
2023-12-13,14.568909836781051,45.36794022265091,21.16725660324097,64.97240989685058,82.49989936267913,12.942091245723724,31.931539587020872,37.193699455856326,32.884652341331474,30.20356814289093,10.238644912565315,16.58207761685443,39.99938152313232,79.77831134902955,44.13004718287325,27.814887285232544,34.92578707923889,61.60867691040039,23.20374005842209,9.883298385680138
2023-12-14,14.670152599230766,43.667889845991354,20.67942991504669,64.62430833094025,82.61279939631493,12.913351622200013,31.34678311235661,36.57741715621948,33.81088820724487,29.91879120613575,10.271955485180854,16.53139121534543,39.6393590560913,75.48118932903957,43.47879878863234,27.37878027820587,35.1717841632843,60.60360574436187,22.93084778806686,9.9957685905447
2023-12-15,14.797886003499984,44.343247931698315,20.963018610763548,64.44676398010255,85.16482066929214,12.87083939552307,32.580991147041324,37.36533560806274,33.58263031005859,30.28175706029892,10.225089112472533,16.828553483963013,40.7338374710083,82.26652678871154,47.37095916166306,27.88445177078247,36.864349365234375,61.72782897949219,23.461060647010804,9.610366687774658
2023-12-16,15.028214909674643,46.931173123038185,21.006068521084785,64.0738131729126,92.00222649959564,13.32547176361084,32.29037675354004,37.482139343261714,32.946810023975374,30.73333185482025,10.126525130498885,16.61326370882034,40.60131847229003,79.75087236213683,47.98284276111602,27.23654974586963,36.65535575866699,60.981241607666014,23.2462513925457,9.25689290667675
2023-12-17,14.941350453186036,46.50610192495937,21.759308734130858,63.772893340301515,93.81127281188965,13.351429135036467,32.17270962515831,37.7271529586792,33.0577448387146,30.647120151042937,10.118155617725371,16.612305653715133,40.44079000854492,78.62405507137298,47.18141390606403,28.060489195346833,34.99027619413376,60.79027278900146,23.23020106985092,10.03604375611347
2023-12-18,14.932089641189576,46.131524651482806,21.76433366088867,61.994023280982965,93.1213714942932,13.316433890819548,31.852756667346956,36.880809334373474,32.9393677368164,30.88754653930664,10.112564339847564,17.095533631896974,40.27382335739136,78.30753846748352,46.80879833191394,28.058480589866637,34.90938819700241,60.70876350402832,23.369687232184408,10.068428843388403
2023-12-19,14.757472286224365,46.463768938064575,21.232183411251068,61.89023386745453,91.71488460680007,12.859098921489712,31.703751574516296,39.11246458460678,32.59233120798111,31.395111999621392,10.20236300354004,17.143308239364625,40.07726796340942,78.97917505931855,46.27359026813507,29.11834068918228,36.423804130554196,63.127498626708984,23.729659619808196,10.202125076729516
2023-12-20,15.116503238113404,46.21600562942505,22.142180803865433,60.23530780033504,91.67633880615234,12.53979206085205,30.922000258707765,37.80681692909271,32.733656617355344,31.38499713373661,9.83487376220684,17.336469688415526,39.94619364624023,78.72508067321778,46.269716548919675,27.943481942653655,36.011903739738464,62.49111238174439,23.919291492462158,9.318634956892133
2023-12-21,14.322822340930937,47.13560052394867,22.383461557388305,60.08250494152737,90.76532931804657,12.666518783569336,30.773503624562935,37.51888824106979,32.782238159179684,31.581659700393676,9.77790560446987,17.20631003375816,39.97277194976807,77.34776686068534,45.2856583070755,27.82090344248056,35.94620132446289,63.10319297790527,23.303387767953875,9.501151153156759
2023-12-22,15.368026707280555,46.8251751864767,22.08101542129097,60.43379776745224,91.01861549079895,12.91074462890625,31.427850704040523,38.06057322321247,32.632268259429935,31.25103868682384,10.039097668647766,16.463730955145927,39.61420972762871,78.50634956359863,46.64487224607468,28.151368007183073,34.49347564315796,62.67477927818299,23.971921348571776,9.816480867862701
2023-12-23,15.266687574142468,46.328146113703674,21.80241779136658,61.17036424461365,93.37250324821473,13.244486939048768,31.346968093874928,37.716862473289495,33.184307174682615,31.377728614625926,9.91484011393547,16.56545029111862,40.19071562862396,79.12926292419434,47.8527412276268,28.45496163368225,35.6189949131012,63.10240569648742,25.4352083029747,9.757232049791707
2023-12-24,15.088510709545783,46.52969593577385,21.81361707572937,61.10179564533234,93.17355923366547,13.236203689956666,31.5691744224359,38.35759335589599,33.29797029953003,30.795142983875653,10.225589419035531,17.184138155174253,40.26593285980225,79.1161262512207,49.02844695203304,28.27865673351288,36.48704246520996,62.22573295168304,25.091281854629518,9.69602420472336
2023-12-25,15.310864665931778,46.44990727732658,21.689863123758315,61.6464875793457,93.35511932373046,13.22974784488678,31.486190262483785,38.423756228027344,33.372591427993775,30.833815753257173,10.22377750408373,17.257403448867795,40.35192708148956,77.98887366199494,48.742119930267336,28.24447676181793,35.28765391845703,62.40331348262787,25.375174349069596,10.05274698740387
2023-12-26,15.11800190431526,46.339406838569644,21.458144766537494,60.65676890909501,93.60474409149168,13.105222206115723,30.65575299825668,38.5052157097435,32.66390101857742,31.194823208742136,10.905738829176927,18.33188723866433,40.450742464828494,75.71446607823573,48.23494758489132,27.91802331925392,35.52107368549347,62.503951599082946,25.41368900804758,9.556636915969847
2023-12-27,15.00037667539904,46.75300444507599,21.459318678411194,60.6261208164917,92.62711751117705,13.266248294929502,30.569185505247113,38.90142717941093,32.55890152828388,29.96131825267238,10.54629064370613,17.648656560512805,40.86052005767822,76.26173593354224,48.15952612448215,28.156521436214444,35.37670927862549,60.7844711769104,25.248252523469926,9.583492100715636
2023-12-28,15.010389789174383,46.73685374733924,21.814068803638456,65.14338331658247,92.86033845612117,13.282796912063597,30.491182753147598,39.355247613199936,32.625661386144905,30.418583773008155,10.765466953337842,17.041160924965666,41.379650683593745,74.56651430062809,48.50750314227105,28.278808463573455,35.570416266426086,60.63171234603882,25.658861961668727,9.524822028923035
2023-12-29,15.153298423180205,45.83381328669763,21.956219375169756,60.759879490559584,92.77626332187653,13.325329830135066,29.635617235584824,37.35893325470066,33.027239816413875,30.838214440011978,10.600691829613186,16.952216247725488,41.51615360298157,74.7089694142041,49.50453993357281,27.572610409963126,35.500725207664495,62.5089058303833,25.722913331999298,10.04987003081314
2023-12-30,14.884221521431272,46.96264467526674,22.311930743694308,61.56787719789505,93.18780498401641,13.693614403183947,30.273947814863206,37.68088487319946,32.77614084732181,31.387318904929163,10.646686368699417,17.065420288467408,41.03470390319824,75.55824396520828,48.72126016730689,26.854034395078894,34.91733093109131,62.66234771728516,24.898093563065526,10.161175309306183
2023-12-31,14.871499959613093,47.625444878447055,22.112955290493964,61.67888379838943,94.07685202694893,13.45502255571944,31.016841013183587,37.923552360534664,31.4716130437281,30.76892565256062,10.921075505192295,16.655935749793052,39.87724042797089,74.21114636993407,48.843094735978596,28.383285664687158,34.52185249099731,61.35495292549133,24.789594507194277,10.17360690959496
2024-01-01,14.886741255741347,46.021221801710126,22.15778546851158,62.85858886814117,95.02696693611145,13.43605331498992,32.477175865173336,38.10623331069946,31.455522628398956,30.819220694873998,10.669689742916107,16.724824059784414,39.49464593241691,71.32867786085414,48.79137802419662,28.4241328387928,34.393384178924556,61.18658391304016,26.873107111558912,9.95840612985551
2024-01-02,15.075481344672431,49.14721572303772,21.908598820788857,63.73941480445862,95.24614243125916,13.198431916900637,33.4075584602356,37.577347240448,31.77317738107452,31.981598711900716,10.358819370299377,16.72156785439253,39.376624078415965,71.03805779050255,47.01493726466703,28.187257791996,34.884916743209835,61.02321047286987,28.070996618270872,9.950914633541473
2024-01-03,14.932182424112318,50.553743482246404,21.86645038883686,64.32583090209961,95.31840067863463,13.102876881980896,33.04953526039123,36.964284324645995,30.769636512127903,30.351549198570726,10.294866171532288,17.13698194169998,39.64371380567551,69.93351337471391,48.56024775979042,28.642931650722026,34.90022875217056,62.44142903022766,28.447292649121287,9.972244889876729
2024-01-04,14.018367583608626,48.3555091509819,22.26947764916897,67.57705628574371,96.75367183685303,13.362243196545737,34.028072357177734,38.07706145553589,31.069218165170284,30.77286557121277,10.125674998663786,17.305960784168242,40.36954208278656,71.00150362797547,50.94771350383758,28.670201705932616,34.407560305023196,59.4335915107727,28.859987266874313,10.02960925577207
2024-01-05,14.02760773906145,48.333337971829884,22.310816786909296,67.00121291885375,91.68155961419103,13.1547445782407,34.0013637216568,38.04204352625656,30.48541759610973,30.522358245162966,9.606346830162048,17.117828313589097,40.229227973642345,70.69923889890859,47.63461327986717,28.544657829830644,36.50998405319435,58.5695748111534,28.15860156440735,9.674992606630324
2024-01-06,14.130236646015645,48.918963703680035,22.036576391921567,65.59866470336914,91.55579775495528,13.192751654126473,34.35829162597656,38.545613594055176,30.562797789608002,29.248672637968024,9.73606036607048,17.085252609729764,40.74876532459259,68.76965538333054,46.80760355225085,28.899358320236207,39.07382583779983,59.29170480537414,28.153371089458464,10.296329474145356
2024-01-07,14.280361395150662,47.15019180266332,21.719755612322377,65.74691444396973,96.17394926834106,13.275085968233325,33.64582443237305,38.43999858856201,30.395471657773587,29.05944610651602,9.694140183494111,16.847743180646898,40.9774789525795,71.09039679702758,49.71023548384667,28.807753086090088,36.9115166885662,57.44565714712143,27.901778064250948,10.300149774255981
2024-01-08,14.36307315375495,47.129487889032845,22.09334984544754,65.7440016937256,95.49600953865051,13.154324632347105,33.75101955413818,38.33484432220459,30.940288311538694,28.914170750223196,9.66728121492714,16.995332436463023,40.801032994966505,71.97792447996139,49.57970378047943,28.75959334373474,38.34335071849823,57.290893549804686,27.668799472746848,10.263220533880693
2024-01-09,14.459897805440423,48.76723689268112,22.553031606674192,66.6638216747284,93.06613349533082,13.045389188570136,33.67910236358642,38.29598361968994,30.924303886814116,30.580785518503188,9.743215910937968,16.795511180505752,40.04226287967712,71.34684037433625,49.10043231868743,28.72623281478882,37.63083016905313,57.16256206026077,27.041295987153052,10.110142404602051
2024-01-10,14.567595038952826,50.28365663766861,21.93278458997526,65.52816133499145,92.39919948577881,13.015912774143217,33.18754547653198,37.71607955589295,30.58573584568119,31.11742656326294,9.683778233245468,16.16069232945057,39.82318323924065,71.53459708213806,48.45531507968902,28.377283653259276,37.31441021425166,56.38867162933673,26.28876651082177,10.430484526159354
2024-01-11,14.622487446713446,49.63766384983063,21.845162331492805,64.22631797790527,92.53566281318665,13.325310661010741,34.03659236907959,37.74355588531494,30.732339855571166,30.448647542209624,9.365510109375,16.26492187507398,39.535940317838005,72.89805393218994,49.369434931755066,29.249990534119608,38.5528778928709,56.021965591228295,26.451270642973434,10.357787842817016
2024-01-12,14.964983766098928,50.24044704437256,21.8548553592968,64.68924713134766,94.13864822387696,13.295684280395507,33.49421812574959,38.036342010498046,31.020090224933625,30.75722293281555,9.454345772895813,16.686818834433673,39.65124824868679,70.55729370117187,49.668455028533934,28.471910619735716,38.961697209205624,56.50983820037842,26.044886689174174,9.611070582389832
2024-01-13,15.08258447996807,49.578366723060604,22.179161928062438,64.06428886413575,94.79558147621155,13.492133223438262,33.10517789950562,37.942620003890994,30.572900469301988,30.34016900144577,9.368314741925355,16.564691215305434,39.118832383654976,68.33434175491334,49.71197118759155,28.459917640686033,38.95355806732177,56.43974503068923,25.900423047811028,9.744815241622925
2024-01-14,15.14729586098771,50.931163839540474,22.810301662669946,62.41493906021118,95.68244615364074,13.491368731212615,34.00177559959602,38.078771590805054,30.982841459424588,30.29665056615829,9.407141365286178,16.303299333216092,39.31955050884247,66.6834042892456,49.2002855014801,28.03109516429901,39.11956351089477,57.866462297058106,25.924392662787366,9.556929851646423
2024-01-15,15.035536017573452,50.70704389780999,22.82388008315563,62.29305297660827,94.85436792746543,13.705862857096866,34.07305254059029,38.23626880645752,31.031631290717122,31.047932066079422,9.159078802151134,15.799946186467638,39.0054628631401,63.84958524827957,48.94946460914612,28.82692583787918,40.49579971790314,56.115198628749845,25.602009774336647,9.850891080665587
2024-01-16,14.674942269998416,50.37159216453553,22.72272692298889,62.126649862289426,93.77072574957847,13.31742262242508,33.937173866271976,37.04323557128907,31.149804132099153,31.152048688144685,9.210053289276122,15.889185939628243,38.337836786235094,66.35613961276131,48.96544589996338,27.55148168706894,39.724624411125184,59.0921677717266,25.214409910054204,9.984138793945313
2024-01-17,13.878143240047358,50.4634437417984,21.70125891836643,61.92036184501647,93.99515647888184,13.121233631884573,33.85091972351074,36.949324188232424,30.533361769662093,29.944144177785667,9.110831424880601,16.83950012292652,38.22310959257126,66.88154521801758,48.269028428077696,27.632274587631223,39.75135435390473,60.71998356156968,24.728506326477525,9.85417203426361
2024-01-18,13.669251568878064,48.44705631623554,21.829097237977983,60.517309861278534,93.10443507957459,13.023300574496268,33.78855717086792,36.48623586959838,30.83732118009567,30.408350965976716,8.846237930259772,16.99194518633137,37.83447944927216,65.91067943637084,48.6273493222332,27.264844590167996,39.690772347450256,60.453604226623526,25.948098128219605,9.532273013477324
2024-01-19,13.494227537199496,46.52435436630249,21.621346964681912,63.4781044393856,91.8305410308838,12.788566931982992,33.27045605049133,36.325578689575195,31.269476133728023,30.133970239162444,8.538786168058548,16.829907346734807,39.46855109481812,67.32715176245152,48.818178105354306,26.76275570395131,39.27329895973206,60.56901843785113,25.051963222746963,9.42886387799263
2024-01-20,14.9545055143801,45.11602735822677,21.01615659942627,65.69844820632935,90.06639856035233,12.653655779457091,32.225268527040484,35.840226937294005,31.912977214376447,29.19242668953924,8.419612858727385,17.12523599732208,38.94148513538361,65.77353246917724,48.055024015016556,27.45027721595764,38.2490524537468,58.837869384658816,24.065709896269738,9.295278723634528
2024-01-21,14.860873823162464,44.248199032115934,21.004326152486804,66.98169034123069,87.99521497900028,12.57267820186615,31.437096595333095,35.75079152297974,32.360000658508305,28.92548381361723,8.277320389475337,16.876874268791198,37.84028215773011,65.12731559829712,44.917829031744006,26.116878688467622,37.41416452108383,58.75707090083313,23.176286241221693,9.255212173520851
2024-01-22,15.27985239068591,43.71685192783356,21.001278779468535,66.96187086424798,87.52857552297162,12.57310361366272,31.25927625193405,35.578328182654374,32.38800756578064,28.82426001432967,8.219453257782042,16.918799897529603,38.05385296889316,65.13218019332885,44.59117418960809,26.080952414797427,37.24934189023018,58.81520977555847,22.912299146103056,9.430785027337073
2024-01-23,15.23499842640888,45.6890393296051,21.743212835306025,67.63092677831649,88.6446676871109,12.607964784049988,31.352390126312255,35.288497084665295,30.617893183135983,28.55343647089027,8.201734892464593,17.23809836585701,37.16505527114868,65.94106536804199,44.227929220290186,27.293980450630187,37.361826632366174,60.063005996368155,22.555413643764496,9.429508522653581
2024-01-24,14.666828458660547,44.646899250134034,21.003014708562038,63.10189911555904,88.55917098060607,12.646883869171143,31.82685412273407,36.88109149932861,31.086565764999392,28.58298897317293,8.133234795093726,17.582085702896116,38.22335934753754,66.91741371523634,45.64501292572975,25.372609143246372,37.83660054588317,59.483086431799165,23.022044746215773,10.124688926696777
2024-01-25,14.098024743452166,41.06904191689074,21.205722397255897,63.715542055200565,89.6530628712138,12.859865551185608,31.029971710993767,36.09432935714722,32.177127838134766,28.944251102750016,8.11620556674045,16.756124438824653,37.448621334480286,65.07116499342727,47.31897902412414,25.798591620696516,37.63553103475571,61.14462379829407,22.181278518550755,10.061597797548295
2024-01-26,14.426091673465628,41.53947379589081,21.131714436697628,63.12943669758573,94.62246873587608,12.871528301239014,31.130581568467143,36.1941672782898,31.460995676994322,27.763641161278755,8.003756083812219,17.27719033670425,38.490893597740175,65.98872249298097,45.735386167685505,25.9997386245842,38.280505984840396,61.44466797633362,23.01882263409073,9.892974445724487
2024-01-27,14.34617502919876,40.6105029443264,21.35515589384079,63.8021701766138,98.42834715193749,13.080498847961426,31.3011226146698,36.17030250329589,31.977265548706054,27.945527841080924,7.946963466816269,17.193189811706542,38.22749225006103,64.18304118383345,49.634047508239746,25.78012483182735,36.994628512058256,61.656380867202756,23.1505181090641,9.99579061203003
2024-01-28,14.278161555624846,43.60428099060058,21.721248037576675,63.860906277955046,100.38038842391968,13.139278106689453,31.54257601776123,36.192647999404905,31.999053382873534,28.118834847807243,7.866203622901897,16.721244532585143,37.84132141113281,64.34304862177491,50.450194931030275,25.714408555991472,36.973843587741854,61.623944092117306,23.111469481658936,9.949023607063292
2024-01-29,14.267551384077242,44.46403562164306,20.407222960935112,62.260590565630594,101.46066836929322,13.143785820007324,31.72019884109497,36.1924933338089,31.975279426574705,27.34424856478136,7.839156344327751,17.12854215373993,37.238678864067076,64.41744456868055,50.69131164550781,26.209043036436732,37.03599267654419,61.64223086521912,22.921248512649534,9.933564449501038
2024-01-30,14.108560569597243,44.327308041801444,20.181833991703005,62.5350152816534,100.8514812812213,13.272295901870727,31.613178386688233,36.56185702095031,31.62092191314697,28.205985835113342,7.99871855162727,16.683500504683888,38.03074883378597,63.970251440048216,50.67802619934082,26.451763723815674,37.54460659790039,62.29637788085953,23.041266317481995,10.032631492614746
2024-01-31,14.142057197284698,44.89620196151733,21.88205053807497,62.175362098814105,100.57023661178512,13.0360948663068,31.36588935852051,37.144392585754396,31.909923362731934,28.974208313129427,8.05002835423878,16.371117251667357,39.138893304061895,64.59438228607178,50.3427795510292,26.12235844307579,37.4552546780777,62.34103376389023,23.333702555333062,10.033149261474609
2024-02-01,14.028333412170412,45.00324749284744,21.567745917921066,59.68582462522467,101.28009315776823,13.233303422927857,29.44389311442375,37.055558322715754,31.503233465194704,29.855566325912477,7.997522899887543,16.2328761857473,39.51716998241615,63.677654142379765,50.33855701446533,26.288942680646763,38.664912446022036,62.73550483349579,22.79224449766159,9.588503857852936
2024-02-02,14.717415411083723,46.40887685875053,21.112936376210833,60.543597738647456,102.28580770187472,13.34182653042615,30.837633728027345,37.490028915405276,31.489285531997677,29.671527729120253,8.319991150028699,15.984882122285837,39.92154587300737,62.44500830769539,50.646225929260254,26.239480234679153,37.64136643731594,63.653667737068396,22.9454279956398,9.87248560295105
2024-02-03,13.74487863074541,46.81499426696777,21.3818449154377,61.808174509048456,103.06143395937825,13.335747224116487,31.71967746734619,37.50772790908813,31.659857512950897,29.40963629346342,8.45139819954899,16.196803785644267,39.780595370098105,63.260245471000665,51.00641875691413,26.330306781532993,36.705467003103735,63.71265692373379,22.956234457397464,9.88327222366333
2024-02-04,13.612764952182768,47.21653827232361,21.582375249266622,65.26247814523018,99.31807973144168,13.243657852721213,30.849099778747558,37.62056800842285,33.49682679319038,30.601549256065955,8.485789861554489,16.378022459548674,38.05041203411836,65.85832214355469,51.35906522091865,26.408658892051516,36.45466982752275,63.304676901263,23.212931785583496,9.899726955413819
2024-02-05,13.720910418033599,47.58892269533157,21.479161819896696,65.30064793152935,99.14138889227058,13.18502950000763,28.237249882273048,37.81005693435669,34.36984573887634,29.871154008771512,8.498585943222295,16.92514588250799,38.480619949824,66.4489070892334,51.85963323543548,27.07106136401832,35.510405056808,62.4727491451411,22.370162874984743,10.233174349954606
2024-02-06,13.19153702910018,47.40183970307522,21.98945082959175,59.71627998240026,99.05238481521293,13.029345932006835,28.549943251231845,38.165225982666016,33.997851342773444,29.77540258208509,8.14424633001188,17.006239762253376,39.25290193176269,66.07999784660339,52.28187255864143,28.701949587392807,38.20636877145767,61.897772324980316,22.411888958518983,10.25914393966484
2024-02-07,13.437119442072772,47.171438493721396,21.820384545632603,60.36971232478923,99.75476518854332,13.120390486335756,29.594993199339864,38.310820024108885,34.498743037399294,30.287246831302642,8.252587953154778,16.57054770352719,39.28780378818512,66.38016561698913,53.34163675689697,28.707287080850605,39.64794541740417,63.03156317003041,22.643423180007932,9.94255470199585
2024-02-08,13.238709915915011,47.37513771750869,22.27722617728365,62.08634828876495,101.19246342806338,13.290332708358765,30.16586927381515,38.81117565155029,34.200121797180174,30.315268535817427,8.013480132329791,16.59495808527533,38.28396893112445,67.63317890167237,53.92246285057068,29.791637355445864,39.899278677921295,63.1566065507638,22.95269226066971,9.789044249574678
2024-02-09,13.823069629583356,46.791148683815,22.736423575865217,62.36691641458512,101.37504119721508,13.681360549827577,30.43477601818084,39.31569019317627,33.06091634143066,30.280480652823826,7.974626133425115,16.057473720281422,37.66040929636431,67.71522731781006,53.31425743103027,26.07685636435472,41.123154252519605,63.17556606606827,22.68371153411865,9.82360633921068
2024-02-10,13.873208630418777,47.408551549301144,23.12434670955062,62.222712165012354,101.18617572602176,13.669914498802186,30.413205353450774,39.427272415161134,33.171642756134034,30.195566478729624,7.9864454299577305,16.05728019495442,37.60731620328426,67.3868179321289,53.2972749710083,25.37299206877852,42.54252056814194,63.02023257377981,22.399116838817598,9.74735916480251
2024-02-11,13.951399788722991,47.35028780851879,23.45900549766784,63.0777284234047,101.58849902935408,13.60417839700699,30.904214636363978,39.81756938934326,33.23720779225159,30.197085239644718,8.189411559382739,16.04580062442069,38.86547767925263,66.64297428131103,53.18856267929077,24.871668224785402,43.68684674068794,62.28259023132339,22.916133254510765,9.833433275629062
2024-02-12,14.22924515496254,47.56168712761802,23.628072670173022,63.02171347949981,101.9416582940254,13.606471695087434,31.170299975967406,40.085530853271486,33.26154974066163,30.255451616561217,8.22110537553631,16.104192493541678,39.19754379844665,64.84066068649292,53.08060913085937,24.953105102179123,44.02383702672958,62.20991980621856,23.071685969621086,9.917628070576114
2024-02-13,14.140958477181957,47.72312528011092,23.700867275782873,59.5632666794815,102.14556736812972,13.6448997674675,31.34875205938339,40.27986831665039,33.59533559956375,30.624468158855436,8.218776566255697,16.182806000013578,39.445259533882144,64.58391088485718,52.96692781448364,25.007346353823518,44.44768875752449,63.09296947500697,23.12447887169506,9.998167988601494
2024-02-14,14.34422845231533,47.71527764150619,22.783286485899897,62.277912031173706,102.30564867701625,13.672450003498078,32.07529971885681,38.17504327011108,33.57883389130142,30.74076251495361,8.203589216052091,16.145653364984987,37.7606559054036,65.13717384338379,52.70355091094971,25.275566679505395,44.63920268062592,63.38784401602157,23.082997634315756,10.446428950292587
2024-02-15,14.349652209863661,48.441017165789226,22.776213086573392,62.050978679380414,102.87419620866393,13.699044698661805,32.677715309715275,40.55506156921387,33.633747563730466,29.46858433169746,8.196990182845834,16.511001096609593,39.90781688976288,66.05639877319335,53.30102777481079,26.022403011712672,45.530367977357336,63.791727000233024,22.95823243681297,10.637159100986482
2024-02-16,13.897644035096882,49.96356449639797,22.968411460265635,64.97915879676819,104.06420166414267,13.137769956588745,34.43150390625,40.569864196777345,33.34007302418518,29.396664882280508,7.995515523685456,16.56926661720406,40.46042833328247,65.83469629096984,52.87340392684936,25.730754262965448,46.817338734626766,64.57980116158699,22.763601609821322,10.664786876873016
2024-02-17,14.029672206822216,49.96864120030403,22.507499835969497,66.1593017578125,105.56712833159908,13.817281128293036,35.04832077026367,38.78870226860046,33.95005233880875,29.866578300848,7.959686050174713,15.880215339243467,41.04724931716919,65.59414918906688,52.957056713104244,26.579104154204604,46.07921396255493,63.79097968791274,23.916615307929895,10.740717979431151
2024-02-18,13.97220263841462,50.08617312397957,22.670391134066133,66.43532089233399,106.14873311765423,13.761941771015168,35.56026840209961,39.85739850997925,33.95442661350128,29.012657192145962,7.808591338665882,15.892125026668095,41.366490554809566,67.92036672048569,52.84149713516235,27.211763685071467,46.31446380615234,63.65828146832919,23.754545473812104,10.652263431549072
2024-02-19,13.58754211676224,48.05204269779825,22.711284983051655,64.3220736831665,106.07926352438025,13.42296429474449,35.7779426574707,40.001656436920165,33.95427108373443,28.989066795824943,7.93571838048935,15.886168510716603,41.36866636276245,69.54475371665954,52.93444690704346,27.278277155077458,47.58223568916321,64.35958267646598,23.380368977153775,10.618294429779052
2024-02-20,14.187484880284286,47.169993755088115,22.434198937630367,64.09381389770508,109.83527245015925,12.82138352394104,36.66199301567078,39.476464621353145,33.92975181599122,28.93034586372528,7.929966968700656,16.18149748456196,40.94205171775818,67.83883927867875,52.797042886734005,27.63080494481449,47.41423114299774,64.03483295452537,22.70072407608032,10.454197935676573
2024-02-21,13.803898199532508,46.65096484161459,22.254745934738082,63.92530821990966,114.3448522567749,12.786035957336425,35.73686851501465,40.06911930084228,35.15707484597763,28.910143863152502,8.009657416296731,16.317617512334344,42.337536386489866,69.47043963177097,52.504272666449545,28.063701524734494,46.86965265263557,63.3532781726532,22.539924311828614,10.407090436935425
2024-02-22,14.123252696484803,46.091713456814325,22.556959265632667,65.35101556082334,114.27457697196006,13.031925201416016,36.26028327941894,40.59220886230469,34.79148257904053,28.368514241795957,7.932006401138305,15.340625207814314,42.19766929764748,70.38785286523532,53.341920337200165,29.252240970611574,47.5290645392704,62.884608639656065,22.847052997683793,10.436932334899902
2024-02-23,14.911955112957216,48.27371740951538,23.26991258283663,64.89372671162339,117.40784683227538,12.934417724609375,36.858673095703125,40.44488525390625,35.49276496243141,30.795599897089,8.551064160856248,15.01424256862447,43.017469230651855,73.56709050493241,53.85621213912964,28.09631362223625,48.25303181362152,63.29946123967963,23.855664678100435,10.315860311508178
2024-02-24,14.99007957302878,49.3187854131031,24.553239177260398,64.49048643864441,117.3369710597992,12.849492387771607,36.78004234313965,41.65986248245239,35.09719863156394,31.45915578701019,8.844329733673097,15.139033633142173,43.28237583392143,75.0136271137619,53.747889261245724,28.461442844867705,48.798518880844114,62.737070569931035,23.955707946876526,10.46767013867237
2024-02-25,14.80832015505116,48.76350408994675,24.25456858200073,64.41166181808471,115.61544227600098,12.819862518310547,36.34007423400879,41.3321506690979,34.334926432800295,31.146350518999103,8.846303208588981,15.336475419609704,42.73449674666405,72.57740473405838,53.27154598617553,28.22604580879211,48.32451658916474,62.89846406566966,23.489618617309574,10.029319330078124
2024-02-26,14.74333208825841,47.776944019317625,24.125997450642583,64.42709281063843,114.81905193328858,12.560191716384887,36.14864150390625,41.21979633407593,34.06036805419922,30.992090004744533,8.734137839928245,14.931339246927434,42.58644499580384,71.76371162115097,54.752114160976404,28.176034862995145,48.11711879825592,62.8809731817144,23.279920830711365,10.179742452303884
2024-02-27,14.83511523779869,47.69100663471222,24.254520566940307,64.52925452023315,114.64822011995315,12.56789261226654,36.036886620712274,40.8155640045166,34.35667381068421,31.316848623275757,8.810042933888262,14.844035744039118,41.718555672892,72.69292991638183,54.881153604869844,28.023417165756225,47.11541267555236,63.91592408628368,22.889602456266974,10.150008964157104
2024-02-28,15.111584747314453,47.42598117542267,24.551112127304076,63.900035765075685,109.92973481941222,12.32122555214882,36.2696671005249,40.48100702285767,34.4725474954834,31.03425740890503,8.5761658438797,16.004674073839073,40.8468544225502,70.03101169109344,52.9480492401123,30.649685953903198,48.161316003799435,63.94506322405062,22.08087538261414,10.32077421836853
2024-02-29,14.465463477942466,48.020077800750734,24.314248844282627,64.70560545341492,110.84625090674115,12.48805939722061,36.96292806015015,39.754931691741945,34.670208151663054,29.742199232840537,8.613017840079575,16.2833186924618,41.93640869092941,71.498282289505,54.59429655647278,30.322747421264648,48.758187063217164,62.17170065840149,22.386065460342405,10.584741671180725
2024-03-01,14.660868545914647,47.42835983562469,24.470881691694256,64.22078760223388,112.20947459077834,12.300994887970232,35.310295467224115,39.79956441421509,34.064422154983525,31.124635963439943,8.634429901253025,16.211694538082945,41.51919200763702,69.12673674572468,54.57024179077148,30.750377880477906,48.07746321281433,61.233973244247444,22.090867681503298,10.527907806952001
2024-03-02,14.769159693221283,47.04155161571502,24.10210812621832,66.85673547363281,107.42789370671665,12.419417411563396,35.11401411699028,40.39800052642822,33.91031941383362,32.3130617980957,8.691501834139213,17.001824020935057,41.53031095533371,69.93327682750224,55.64808773231506,30.01524751107788,46.94175764465332,58.34234538789368,22.104979184268952,10.911497757059097
2024-03-03,14.688999006058786,46.794568383693694,24.162301310119627,66.74606159820557,107.22900645200937,12.4092127323246,35.02685091304721,40.23122840881348,34.04713750666809,31.535423279857635,8.62544081896255,17.23602775125801,40.83615203440189,74.49133275936126,56.575413753032684,30.038916244468687,47.382459455966945,57.60764047814941,22.618900695344923,11.001938445819855
2024-03-04,14.729785486771489,46.98332948684692,24.31848594323158,67.05777711099243,107.54499822742817,12.431606812512873,34.38093997621822,40.19520034790039,34.22507478373719,31.698777185096745,8.637310060566765,17.096369660751343,40.8499462397933,77.17815843200682,57.09891946935653,30.170950724109648,47.823316698074336,57.55320890950013,22.890983263378143,11.121429230684281
2024-03-05,14.83469377474351,46.3351813659668,24.82187848648274,66.7247536743164,109.02779507878589,13.251376237352584,34.88282315814971,39.86931480846405,34.10021491699219,31.60168562965393,8.637881609331883,17.24668409511566,39.69030662797594,73.17959335355758,57.41808180141449,30.452544107814788,48.29543403339386,58.292646043385474,23.220113140691755,11.372279770851135
2024-03-06,15.003427366007495,46.453626251220705,25.086585624217985,67.05794299211884,115.83765322334288,12.451474293909431,34.78412550508862,40.17423711776733,34.58919482061768,32.31146535436248,9.019700911250865,17.39797676046753,39.30565266720772,72.5459715458765,56.88484678353309,31.09566487188396,48.31669996357441,60.9060536023851,23.12989412269592,11.278899647305185
2024-03-07,14.99278023871462,45.53178470350743,25.083468237605096,67.06818812644957,114.12236777429581,12.798279562854766,35.645877344141574,40.40859790802002,35.06420084698058,32.50153187825775,8.92827028191543,17.29366837234497,38.043390275658574,81.35990981140138,55.85779277490127,31.418055707931515,49.96286339249611,61.20297676298996,23.01264721527099,11.617275873565672
2024-03-08,14.949946094512939,44.30104329147184,25.30800150836706,67.87017868963623,114.26839884394167,13.196345977783203,36.84036186630249,39.919731433868414,35.09496130780838,32.41068038479614,8.984365850685103,16.973598802593155,38.10432962383046,70.75155230411853,55.02659370331763,31.411370684841156,49.57531040096283,60.695547630523684,23.30961588226318,11.926958419418334
2024-03-09,14.889414914002417,45.11448962620783,25.940215950965882,67.24569350738525,120.68271675109862,12.976106968391418,36.999416261638636,41.130903816223146,35.01278895932007,31.94816849441528,9.041603795449165,16.637818661293032,39.204846844951625,72.47843371285056,57.73404707044601,31.927022542876568,49.6313432021141,61.007761611969,23.124838326398844,12.227588272094726
2024-03-10,14.881922113537788,45.374174661215115,25.828810622692107,67.29516310272217,121.80809669494629,12.61883652481556,37.28192055058479,41.13763858795166,34.759462211608884,32.2159259262085,9.179726570548956,16.740518882514955,38.966155047453114,71.64838003809814,57.818921127662655,31.255450580566407,49.93207368850708,59.082935559414366,23.184275006710052,12.482981033325196
2024-03-11,14.912328521618843,45.427231713174535,25.419187168836594,67.60474247845458,122.99784336090087,12.620492385864257,37.452067167926785,40.53312852859497,34.84114828033447,32.33972925109863,9.215497200716767,16.831333086273194,38.8854150346527,71.3828519082573,57.40752426052094,31.105940734508515,50.141419887542725,59.00199398050369,23.290953371315002,12.639651908874512
2024-03-12,14.883621513648032,45.70140013215065,25.158316324918268,67.17095464782714,122.72873318481444,12.550803306770325,37.53485832077579,40.10481159095764,35.4718755790639,32.87833485740661,9.217224393162496,16.894367631042478,39.273137568340296,77.07264612579345,58.290795135498044,31.12138782000732,50.12190869235992,60.829535722961424,24.067996922172547,12.74670763015747
2024-03-13,15.08569015932083,45.687526062612534,25.50908317565918,66.34568303599549,119.16805249185562,12.202996211595153,37.86627130771637,39.952239015769955,35.26336964480507,33.23917826585335,9.21739360436984,17.10828990600403,42.14351590976715,77.85558624815368,57.97511087894439,31.006498978254317,50.025308137893674,60.52841726715088,23.310735137752534,12.969140478134154
2024-03-14,15.03622447973728,45.65139020061493,24.290778478932378,65.34203072662353,118.69061828609274,11.84961765820856,37.56285323222408,40.47632598876953,35.616909627835554,32.691223410404206,9.050516406356024,17.1231320964061,41.418205702972415,78.27395907188621,57.680682127475734,31.081569128477096,49.946127473831176,59.22248713989258,23.62836817382355,13.076102893776893
2024-03-15,14.718420661830137,43.91689806089401,24.14475009242034,65.88691879737854,128.9282464942932,11.965145824639606,37.71429457239933,40.56089035034179,35.73574595246436,32.891049532848356,9.003562441593283,17.073682965003574,41.92460776293182,78.64554617830902,57.40954728156566,31.034656169128414,49.670091284837724,59.66894293986512,24.009282903705827,13.03681808588911
2024-03-16,14.73823900697708,45.716876133599285,26.020002624034884,66.53429810357163,129.001994556427,12.032039054374694,37.84312376764297,41.06063461303711,35.88562964143713,33.75921596162761,9.20721410576199,16.77628882288742,42.30134050307465,75.10155725280761,58.41209873485565,31.62107555171313,50.162159343070506,59.85335795155335,24.672684972072606,13.136129931627273
2024-03-17,14.7763064661026,44.00633162677574,25.937864367485048,66.44937357380265,129.75783706283568,12.184111716270447,37.94309470901489,40.582938499450684,35.57790305332769,33.6540747515166,9.17950783411019,16.790381992605973,43.274986396385195,76.54087715148925,58.312996800899505,31.486885185103134,50.18045023793063,60.80844949422638,24.610064886154177,13.145721715272904
2024-03-18,15.008908295631409,43.766180717040896,25.776891716480254,68.42867515568207,128.4783243713379,12.369233207702637,37.36956812953949,40.71579360961914,33.632450103759766,33.01074700852203,9.281218214585039,16.812815255471417,43.153752397781865,76.30969848632812,58.63736600875854,31.25036293921829,50.12662845647392,62.81694442032331,24.787344298266504,12.4336530481081
2024-03-19,14.581923465728758,47.568328034653184,25.380656699266435,68.78390077389358,127.67870635997772,12.247420549678804,38.053319869995114,40.0833778553009,33.00399561538696,33.048005536491395,9.384755532629288,16.671901035003664,42.802176710803984,75.26450565719604,58.09079256248474,30.885624150409694,49.489242449283594,63.082388711271626,24.579988841972348,12.437233576086044
2024-03-20,14.415953955705929,44.886631947311784,25.25603442000389,69.42809887864497,130.3707675933838,12.560881499588973,39.17806625366211,40.71307597751617,35.29663626343181,32.49143314361572,9.81348341682795,17.246976292091578,42.584311599025725,75.96735556125641,58.07933250761032,30.880171795766827,49.67835665036201,61.43841613258265,24.3725979384613,12.541097178037834
2024-03-21,14.7542452650939,47.725267872127525,25.413393633842468,71.34525278737702,130.48667678833007,12.75857917892475,37.9678822517395,40.440792388916016,34.85104565803391,34.799132968139645,9.562031455838243,17.519040701835017,43.00843014373398,76.42710285186767,57.72860284747124,31.31670077644249,50.32182970046997,59.81271214922149,24.152328044044015,12.42328184052515
2024-03-22,14.60301585875127,47.55403816994477,25.092433742980955,68.33940472871825,130.18494184112546,12.105331884492873,38.924808502197266,40.075464207458495,35.616694248370514,34.36366630554199,9.114149550338746,17.578883838074457,42.82773232727051,80.4879712525177,58.793882846832275,31.10313451001358,50.18156573254108,60.29398865255906,24.022031875110628,13.11411205955326
2024-03-23,14.782925790365125,46.81351271438599,25.107651718711853,65.75187646032714,132.4516731262207,11.916223576752346,37.31352709007263,41.150272064208984,35.22175602827454,32.847015953063966,9.179195155214996,17.553026372947308,42.58916767959595,75.77345194530487,58.25363308083057,31.333905830112535,50.19423123281479,59.28294451464844,23.698887522125247,13.473591757020952
2024-03-24,14.661368367549489,47.497781537120815,23.81560606615162,65.77897962730408,134.3194610595703,12.498015712273062,37.78050257549286,38.388055611820214,35.25154817600624,34.95928190146637,9.12315452471791,17.59809073330244,42.77551408049011,76.32757358551025,57.75333372972393,31.226543689828496,49.85477160825161,59.13577248856362,22.890292681503293,13.367834622001647
2024-03-25,14.47391628897879,46.182606582641604,23.71589621043992,67.74681485453797,134.95250587463377,12.439507365476361,37.25377904319763,38.21181677438736,35.667813395538865,34.83321216680145,9.070377063958372,17.319308647142254,42.352941205192565,76.29514846801757,57.71004442734933,31.08269261332604,49.904640449336526,59.0598223930014,21.779472082901,13.355786878967283
2024-03-26,14.306044211281547,45.97031410217285,23.53664856576633,65.72152028773498,134.04862243652343,12.624467635175211,38.207190244674685,37.60689461043377,35.07919105042763,34.90597245869064,8.973072160358848,18.121450021362307,41.89942287368775,75.48946947097778,58.62684773601752,30.315954820632935,49.384040686376665,59.093996511744,21.757103922271728,13.383594735050202
2024-03-27,13.818501327553479,45.99010018157959,22.851319001928804,68.25608190946129,134.09466387176514,12.601155215901912,38.77287797902965,35.459688431457025,35.18807491704653,34.587805856014256,9.035221370902176,18.293084766197204,41.74819568048858,75.07709963607788,58.83586644673347,30.388033490821837,49.18562547137375,59.51897309000705,21.587507482910155,13.294171384620666
2024-03-28,13.7412897384711,45.683174903869634,23.297622766362,68.2260513762854,132.56006417272567,12.47555304533428,38.53355250225697,36.903807807215976,34.886163678112794,34.73239469491773,8.928328165456696,17.111831275463103,41.639636759948736,75.3065803527832,55.420384712113375,30.050395682144167,50.142403761863704,60.11479157675233,21.337236204528807,13.340795993804932
2024-03-29,14.934218724267998,44.988838806152344,24.27232559673786,65.50368620738982,132.05739189965857,12.570716659806118,38.199404097828015,38.25125967367172,34.313626538360595,35.01872654789337,8.785790783745115,18.034637513351438,42.331645890784145,74.54459641456603,56.173528582477566,30.49222677056368,49.034685639667515,58.830251397929075,20.938244417655945,13.150481887633324
2024-03-30,14.928348991725427,44.99059663925171,24.218538336789607,66.09498683660775,135.1172226448059,12.291152700393676,37.24224531378662,40.49647088758851,34.0598925509491,35.09942217276328,9.225269776670153,18.081941300783154,42.852120155711724,73.70655944509507,56.50524921684265,30.38037591146278,49.38255483055114,59.114278036680695,20.689694127021788,13.35160428791046
2024-03-31,14.939333983211414,44.995902005767825,24.004998390197755,67.5063028215328,134.90691373443602,12.156102905868531,36.77375411244965,40.19793940708924,34.23992462958664,34.71747765375218,9.406997853601045,18.387058759427887,42.621028410421246,71.99694982721472,54.71108801082229,30.13041632881165,49.94888969917297,57.98575437497589,20.304018425285342,13.343842792510985
2024-04-01,14.903237899568591,43.54457226876068,23.988836711883543,67.58226574890206,135.64386978149415,12.113065556545257,36.64030166553497,39.99812193392944,34.1708598327942,33.96025407366944,9.410548866747575,18.16914240536024,42.19717913462116,74.27423114042463,56.15673550522613,29.874390449523926,49.8587052986145,58.37831311068009,20.19936557101822,13.324293746948243
2024-04-02,14.919824133900939,43.45851627644348,25.25446907681465,67.00049684214615,129.1668307096481,12.233645803128091,36.46818920931244,38.76419708033798,34.44930621743775,33.85000160153962,9.425608301862216,17.705115036872865,41.66623040084839,74.35916920206664,56.59439931359771,30.25404905319214,50.42506888332367,58.15278689009857,19.995797626876833,13.204811199188232
2024-04-03,14.759529828980853,43.2326630355835,25.06216996879578,65.1066217803955,133.94476617622377,12.31121144507651,36.59144081188202,39.04747756816921,35.14906707204484,34.401935034855434,9.148218315603334,18.159801101142882,41.88819121627808,75.15214894294738,61.40535001951217,30.25477180480957,49.84077139377594,59.39405954087079,19.775135259922028,13.339873542785645
2024-04-04,14.25714629437208,43.20537512512207,24.91947620602226,68.85756391005869,132.32018336105347,12.269467333823806,36.742083864578255,38.8802841171112,34.6848295932312,34.41170992448811,9.221163813373234,18.17002184061241,42.014343338012694,74.2315139921379,62.97621574853897,30.602067341995237,50.017688644409176,59.48516402197266,19.892301017612457,13.199685287475585
2024-04-05,14.665607608503597,43.1865377861023,26.588441640472414,68.0979130017462,134.73510360717773,12.118297551807403,37.01889973206688,39.535465496481855,35.04183983534729,34.62367487666085,9.129573483315351,18.20863218579483,43.17587165860016,76.25874366760253,62.901985348834984,31.08346712334824,48.70313362037658,59.655668952140815,19.891056398277282,13.840000325965882
2024-04-06,14.574387311147689,43.622817464698784,25.31863038139343,68.16000866339834,136.1292063217163,12.288408646934508,36.30508683739471,39.45701746380615,35.18716346230614,32.07938496370182,9.340113271188228,18.133565749328614,42.85322465267944,75.77280987739563,61.67533038711548,30.86623529548645,47.74106069423675,59.95558766808701,20.113155349731443,13.46411190032959
2024-04-07,14.074887195968628,43.664547473464964,25.5002227432251,68.37559858218177,138.28671740341187,12.198677135993957,36.3526775470047,40.70794169954893,35.382408717155684,31.800792699594496,9.529961784712428,17.73174116270874,43.40524149539566,76.31524750328064,61.570220117568965,30.92807818450928,47.69425295282364,60.14947372733415,19.77751428451538,13.480202922821045
2024-04-08,14.11545861968994,43.440588421211245,24.956120631122587,64.53652781871413,139.34662776947022,12.172941765850068,36.39844639375305,40.215690027317734,35.12757932036824,31.771353134279252,9.520578816909897,17.550825352272035,43.467252996826176,78.8096949925232,61.78834252166748,30.970177250289915,47.58418988233566,59.51041607322693,19.569429949951175,13.51255599975586
2024-04-09,14.221577076301575,43.58406352564521,25.998371124267578,63.9811141204834,139.88413133239746,12.039322206115722,36.282305927616115,40.22262410087631,34.32920670140076,31.973935707092288,9.412320287566807,17.937473827045206,44.71496860343753,75.47643702106475,61.16760415077209,31.11219999609947,47.02701993056144,58.79964684060173,19.735692064843995,13.54942506790161
2024-04-10,14.16750475129509,42.8705870737381,26.585154029560087,65.28494933986663,141.3314094543457,12.107377181865692,36.92723432955586,40.14171374227913,35.422128319427486,31.642189933776855,9.198926367816766,17.794836214118956,40.683006048202515,76.6412417793274,62.94428300857544,31.219803194160463,47.262030006980886,60.21580547798838,19.376110253906248,13.526061133218947
2024-04-11,14.784274270248414,42.201312119293206,26.277950477600097,64.95634762001036,139.3227969818115,12.125902169036864,37.751802942245675,41.158966623687746,35.551666263427734,34.44793130223084,9.080390442426912,18.102858082792512,41.52688008928298,77.41712894439696,63.50419620174407,31.083170798978802,46.763581443398095,59.03108701061531,19.640322674228667,13.552183210468291
2024-04-12,14.534385223388671,42.304489105224604,26.686282653808593,63.1818438079834,137.17021996307372,12.162678043087006,37.83335610195579,41.195397565841674,35.28422770579994,35.178697921096806,8.981384896435754,18.206616983194653,43.53621340697586,76.76957896614074,62.50338744100571,30.604436284446713,47.37181730106353,60.19839507311733,19.504601033632277,13.438982091522217
2024-04-13,14.886605171911238,43.09297634270783,26.743204126358034,64.58694994239806,137.5124313354492,12.392688715300485,38.21996052146255,41.243323523254396,35.61549911635452,32.46937400107384,8.879133130134699,17.98481714476776,41.167907724380484,77.42609996795655,61.376304599761966,31.183448684827592,47.265876734275814,59.270700557545396,19.809027572135925,13.323238755231856
2024-04-14,14.933355403392792,45.18130589847565,26.651729583740234,62.059509784698484,137.0619312286377,12.469359791921772,38.70577448309956,41.187495711219746,35.43476665270378,32.53982989003658,9.119716755480313,17.712979867015,40.48396797180175,76.7130672454834,61.02255151462555,30.60922565689087,49.666732084274294,59.17941022460106,20.039125080820085,13.280748985871314
2024-04-15,14.920649885690686,45.996068015850916,26.518646240234375,62.08753820800781,135.4166539878845,12.5647923050766,39.513404861344924,40.09215539932251,35.56961269764212,32.692858452343934,9.123579402979313,18.007804819121873,40.71776504516601,76.17940292358398,61.25388479232788,30.57576844367981,51.02633319854736,59.25678223973854,19.629786668266295,13.211380545433043
2024-04-16,15.065483856794355,44.9935897064209,26.1755419921875,62.15827205085754,133.2303053009731,12.44292238998413,39.3920579582484,39.475721282958986,35.3586778077856,33.78523345470429,9.064530474636841,17.757413755490397,39.644989942145344,75.06013235092163,60.5413441053915,30.9241738861084,49.971355018615725,58.9143878944931,19.525689060974123,13.109199982927322
2024-04-17,14.246348233594892,45.94399240264893,26.020858268737793,61.52539614395141,133.22514032681465,12.083271026611328,37.11221053436851,39.365034370422364,33.13674829483032,33.437910996379856,9.615925378812651,17.440599382216412,40.87903107736373,76.87145609888077,60.194528488698,28.98743997687578,49.504181056594845,59.04047063713074,20.11381434901428,13.028528985809325
2024-04-18,14.314805102348327,44.80983934402465,26.2154483795166,62.02692287635803,136.15160844039914,11.988546371459961,37.65402324371338,39.68285369873047,32.94769119701385,34.01241789436341,10.040451484353135,17.711634520231932,41.81641984305382,76.58535747762679,61.09230222702026,29.212403498411174,49.92454528808594,60.71018801879883,20.10307928171196,13.195710257244109
2024-04-19,14.108377647399902,44.240413665771484,25.989085062503815,63.76623080881119,135.5020500984192,11.86280632019043,37.09795984325409,39.316646575927734,33.24478340148926,33.88808188819885,9.230121104936599,17.463876041947863,41.25421449422836,75.48326566005707,60.73185081481933,32.09484002124994,48.82877731323242,60.82651387023926,19.526655661528245,13.034667216205596
2024-04-20,13.83584527873993,45.38774384307862,25.59292986378193,63.625024702091224,131.61210659053802,12.32621027984619,36.385970675399776,38.93743824005127,33.396710243225094,33.42117804239273,9.273258261217117,17.462030946564,40.66895248095202,74.65292884815217,60.553313424110414,31.572163481732254,48.011015739440914,60.95809583129883,19.34603368560791,12.776207716607091
2024-04-21,14.734651506042482,45.55894767036438,26.071686519241336,65.09211290359497,131.09834735870362,11.899317961120605,35.62558782246208,37.889722543716424,33.08747894096375,33.32964741874695,9.4037590233078,17.1835119791304,41.027048979263306,74.27024027400971,61.140301219940184,31.31070620273094,47.57636123657227,62.78640539144898,19.059455226997375,12.658229866790771
2024-04-22,15.234830265877763,45.485180615615846,25.42155036128998,65.01513283538819,129.83251718902588,11.877416952896118,36.767512171897884,36.9454880434227,33.11666015625,33.21935859237671,9.522791233377456,17.125974627685547,40.796618150081635,72.93522255115471,61.548116251945494,31.15876066228489,47.06954441070557,62.82203940101624,18.977511721343994,12.148043641360358
2024-04-23,14.201317491180895,45.38803169174194,25.60716965827942,64.97623825721742,125.7639022490467,12.048509994323728,34.85525139198303,37.935739803314206,33.533950080871584,33.18646915969849,9.410989624191856,17.332573035785405,41.28475642204285,75.60648196792603,61.965033525466914,31.409009206244367,47.1400146484375,63.588519384238595,19.16379391257202,12.059585136922303
2024-04-24,14.39924072904396,45.59202303771973,25.125642127990723,65.65273216247559,129.40924644470215,12.319632967758178,35.450995052121556,37.79451684951782,32.39127274582157,32.85838920770646,9.818620790672304,17.467889735243684,40.43002582813225,73.56280298898352,60.73297975587644,30.013581914808423,46.193524475097654,63.74113465152558,19.169539073929826,12.339710894393919
2024-04-25,14.367932374191284,45.46189599266052,25.089812107086182,63.714814930480955,127.76695818832397,11.667424515930175,33.89385666503907,37.28625350475311,32.10117433114403,31.401939435596464,9.63179584627533,17.740822451268947,39.32641555784225,73.79941518562318,60.68013357067108,29.234517097703932,46.45015335083008,63.01716595587159,18.505550158813477,12.40368366044998
2024-04-26,14.488108865318301,46.52397738904999,25.0092108086586,62.408987274169924,129.09236230779644,11.902591413116456,33.16062891796875,38.314893051595114,32.37096519470215,31.69718818473816,9.725070988414764,17.9078240050429,40.123943389892574,70.85603793823242,58.93472000999507,30.358873379459492,46.19522769927978,63.63955078516022,18.829748802995457,12.342148681777955
2024-04-27,13.732929845809938,44.29286020431518,24.548637556377408,60.259847436790466,124.61541122989655,11.927916023672104,33.351413424188465,39.57152536010742,30.85667444287834,31.202501374982067,9.275607018198967,17.6564132953453,40.191928871154786,70.73005098552703,59.11420931015968,30.040177029510495,46.21359634399414,62.929121296234136,18.68067678343964,12.345838857078553
2024-04-28,13.755968181037904,44.629665298461916,24.694494578441617,61.53505885461043,125.40298031158447,12.221382179504126,33.22954365895363,38.25472773456573,30.738135593511494,31.159850403562828,9.08049648715496,17.563744163488916,40.04544616570472,71.58101151560155,57.39014125846767,29.226378718872066,46.43349781036377,61.82129595056533,18.540965467048647,12.220987687050819
2024-04-29,14.020856917499541,44.487461242675785,24.141433606955335,61.63890575478744,125.83714335136412,12.293293392836778,33.28811690718315,38.3300426651001,30.802245400002967,31.117619514949894,9.100550213474273,17.363927761020868,39.9664779966259,72.02002318134554,58.012629474985594,29.180373014259338,46.596098537445066,59.95102672348022,18.430235143066408,12.226309840684891
2024-04-30,14.28484683601284,44.4630007987976,24.711349098308084,61.79804560553742,122.3208038407688,12.160787668138502,34.41258054869156,37.4168298743248,31.79893117705822,31.053490463639257,9.128703684196473,17.45373694446466,39.82631257922173,72.3519747691555,57.23055537815093,29.03925283298492,46.606771831512454,59.89411800041198,17.782818543216706,12.256282744311331
2024-05-01,14.0970851904255,43.9459850692749,25.343844255065918,60.514357247307586,122.17764830875967,12.156651726093292,32.90563496495819,39.40894856071472,31.742821215620037,30.935080969032384,9.23439311327362,17.54190371139412,39.65575163389206,72.69463308284911,55.496554368495936,28.855287848281858,46.55431631088257,59.745204299926755,17.31874351501465,12.31278816268158
2024-05-02,14.021381816542624,44.25243273598479,25.25727511024475,60.768475031057726,121.21365809509275,12.154322683908461,32.94058035312653,39.372190366744995,31.824236531524658,30.823446656096355,8.85428833618164,17.525720228624035,39.59824275830269,73.144128866494,55.73224322610998,28.764536168861387,45.09247166633606,59.67776865577697,17.021427040100097,12.264580369411469
2024-05-03,13.97149294827461,43.99299232757377,25.32227824058533,59.26187192690993,119.61921351075588,12.15224991300871,32.989415446472165,40.12953412630325,31.799308540821073,30.658492501144405,9.01625067245511,18.059679832458748,38.324790907951346,74.14228333213806,56.00476891706657,28.93318946920967,44.44699944315433,60.85050536096191,17.044629604339598,12.143501356887818
2024-05-04,14.367623527959907,43.61490339051819,24.347092715263365,60.04671415732269,118.24785452653282,11.643207117456209,32.466850441898345,39.30886915397643,31.277194078130716,32.81185340881348,8.964204285007783,17.338911077156748,36.499809378652095,73.84260581512757,54.48272639440978,29.038373901552195,43.20468586349487,58.87326674880982,16.247701458263396,12.158880157470703
2024-05-05,14.359927645893242,43.66680838488006,24.38629954719543,60.54984982376175,116.779792339568,11.70411034413059,32.66012708587647,39.16036546669006,33.5630644356205,31.566175490570068,8.894821659028075,17.03165806212601,40.476903762817386,73.47782721790009,54.17353278315891,28.945983429336547,41.62105192062378,58.25853768539429,15.878694160938261,12.129279479980468
2024-05-06,13.914888919000624,43.50963698043823,24.253488750457763,60.59129675470275,115.15033518280985,11.731583152642251,33.13839648484039,38.30413925170898,34.15160300289917,31.470475316619876,8.727534291963291,17.12652921533203,38.82950014572144,69.29579171791232,53.77929727788198,28.837863989639285,41.052086304874415,57.69331938400269,15.568338668060301,12.043341064453125
2024-05-07,13.37241268157959,41.85845443267822,24.278450659589765,61.67718091735839,114.54388163269614,11.646244293594359,33.03002517700195,38.00309326171875,33.99520035559845,31.72385254799652,8.511250633180726,17.180096990158084,38.74347510234833,69.0564029217929,54.45373951523151,28.390817756652833,42.917013999938966,57.752102109992975,15.124233226776123,11.929772498685836
2024-05-08,13.203972605895997,42.376513223716735,24.89650938591385,59.28685796291696,111.44211409133719,11.792392985216445,33.49036192703247,36.97473570092011,34.03157381726955,31.765622620548243,8.369684432743606,17.3447923924934,38.762802344281766,71.35301534185409,57.54374162750244,28.467278243637086,42.359069493003844,57.404428277023314,14.79034532396221,11.79579449930045
2024-05-09,12.977314624786377,42.54108623428345,24.98159326057434,62.53414549015044,111.84154718899752,12.06304723355318,34.136735916137695,36.76328070144653,33.85207260664724,32.31011170218034,8.40661753338295,17.37141216625305,38.692745593551635,69.98926633219529,57.79661488174438,28.395500564575197,42.46062509394836,56.779219674682615,14.891649322812079,11.821327627944946
2024-05-10,13.152214825630189,44.21226320340728,25.46686515541077,66.11360167797088,113.41570793611334,11.85737968860626,33.630201485046385,37.035083537658686,33.16662036467743,32.26524538978958,8.437013534523011,17.51453433299712,38.62779221424866,69.4944857486018,57.16519075012207,27.861876897033692,43.326411274726865,57.34594069828034,14.802059154510498,12.06587774848938
2024-05-11,13.093919654846191,46.01342288717651,25.889282386779787,68.72939346313477,112.04936215327469,11.7485379175906,33.39161214981079,36.78348809738159,33.49512819167748,32.47343963814159,8.210735940605163,17.528832470510928,37.62802816772461,70.3887719590502,57.21882677993774,27.654555430984498,42.613925706481936,58.96337187194824,14.297017250061035,12.007150095939636
2024-05-12,12.71857533894539,44.3361305557251,26.308102746963502,68.88974113464356,114.30186150036843,11.636710623847044,33.964669592285155,36.920512660217284,34.77906355002122,32.58118094000186,7.856496184381484,17.6233506848127,37.60785474014282,71.22271422430943,53.11316592048618,27.70697992286682,42.940603134155275,59.34754731428146,13.79973009109497,11.335854239959717
2024-05-13,12.737876468650818,43.59391371002197,26.593706774139402,68.94001304626465,121.09912559967042,11.626580165799522,34.40441257095337,37.06600666580201,32.39801662445068,32.64747941042404,7.842044187132455,17.515626972623945,37.547281617736814,71.64205038091916,55.36134798530273,27.8174506690979,43.43825838088989,59.1313751449585,13.035302066802979,11.324140613451004
2024-05-14,12.604307544136047,42.99579847869873,26.75171245651245,68.25922564086913,126.81779594421387,11.526382675289154,34.668607099914546,37.14028790588379,32.011750191690446,32.66918553350944,7.857952938158684,17.08779280874634,37.783193152198784,72.60901118908022,55.06818743088483,27.87428915977478,44.02330280232239,58.586393966674805,12.26214168548584,11.31792704226494
2024-05-15,12.857577123290577,42.47497055053711,27.12358319302368,68.86769515991212,122.02324095726013,11.669346258217164,35.166469629089356,37.54042567176819,31.572058617339128,33.616401303211205,7.940863553560676,17.103941630751343,37.62352354891205,72.67856199850559,54.762676296446436,28.472362890597037,44.38006445304107,59.31535739593506,11.928782569885255,10.880481667083943
2024-05-16,12.788295940738678,41.46385082865143,27.14489420188522,67.67226150512695,121.6840425177269,11.686138517431182,35.77530737228394,37.75344427228547,34.10646487537451,33.46121558189392,8.022033204071045,16.858264772209168,37.20271260548401,71.72575789633595,53.53909394155297,28.247756540988924,44.27909590072632,60.0845019241333,11.908899235153198,10.889469738275231
2024-05-17,12.735900944709778,41.536989260101315,26.97416554069519,68.46595001220703,122.3346571984005,11.547629463204576,36.293038821624755,37.41491449356079,34.738150648864746,33.46616017570496,8.118661184941635,16.320097868985215,36.33399620132446,72.76012287038327,53.67834291894047,28.027522288513183,42.83856220092773,59.11065444946289,11.601312274932862,10.882406886034849
2024-05-18,12.52943657569885,42.200490122886656,27.308171867042542,68.42369842529297,118.50690826431241,11.878813342094421,35.86171531448364,37.47883130969238,34.95111511342209,31.738138391876223,7.976874921157837,16.511690261877362,35.517608347320554,71.73698578795863,54.01886001836982,27.84333455429077,42.280366856575014,58.41746658325195,11.128272036935806,10.73869893888345
2024-05-19,12.564983513832093,42.56998767926788,27.48615052597046,68.4983139038086,119.22628508222408,12.019158311462402,36.58978922424317,37.72536123815918,33.66202270507812,32.783505367836,8.17136221961975,16.73060976848488,36.39614319076538,72.33904649571177,59.200149596214295,27.970498859024048,42.99171422795815,59.14143962173462,12.082629356575012,10.80323193509439
2024-05-20,12.650918729782104,42.87224148351288,27.834549402117922,69.24930639762877,125.54835795764922,12.13205307712555,36.97837963714599,37.928609672195435,32.803935772361754,32.645365171051026,8.305494240989685,16.691337549355314,36.890356311035156,72.5701294736921,61.49686489105225,28.006022208023072,43.22312593880677,59.28328547286988,12.916981751632692,11.45506044495283
2024-05-21,12.702580820846556,43.47410783060944,27.603506883865354,68.75885055541993,131.6632495880127,12.199200963020326,37.48303213819885,38.08771128687286,35.24227553540039,33.62425108008304,8.481598534191741,16.68234671413653,37.1316939125061,72.81904056894811,60.98566253185272,27.97661693687439,42.45378756637573,59.44616095469719,13.286114416694641,11.470949837402344
2024-05-22,12.830609186130523,42.97560648427963,27.389619259643553,68.94627319335937,126.5681356241226,12.414173727706318,37.71582360392761,38.0897011530075,33.98698699951172,34.90111156674247,8.537439733238068,17.042298175518038,37.55048173855591,78.19670444314956,61.61741952896118,28.238887913475036,42.714740004730224,59.916823693244936,13.54091446838379,11.599942990875244
2024-05-23,12.648193712997436,45.25865896755981,28.594404650115965,68.36993423080445,127.24546038687512,12.509734210968018,37.76873640975952,39.29420103149414,33.06802904039383,34.0358464050293,8.16117384512329,17.105735018924904,37.90308124694824,79.78914839235306,58.65761529406785,28.907416877746584,43.68779307440185,59.92047425699615,14.121210594177246,11.61283532333374
2024-05-24,13.002541034511681,45.28134518637085,29.191155494142667,69.25543731689453,134.97438416290282,12.744932940158844,38.689781881148534,40.068875426919014,33.34888324069976,32.60596618652344,8.423883001631241,17.02590279156326,38.7890688822194,80.75965012550354,62.21395540237427,29.677725280792238,43.876123706934926,61.666246600626295,14.965913759794235,11.500487390222569
2024-05-25,13.3565352973938,45.724596801189406,28.769328537952422,67.79791953163146,135.15678116317747,12.698661007118226,39.29341505126953,39.67754107509613,34.14699964256287,32.34531599807739,8.395484648536149,16.855179611503598,39.926628229522706,79.03788553619385,61.79293782806396,29.590090578420636,45.45576919078445,62.16610616052875,14.954061718368532,11.744381586456297
2024-05-26,13.339001061058045,45.672403098587026,28.654325522747033,68.11784734611511,137.00816176986694,12.621630032730103,39.371726190948486,39.54599339230728,34.42692332839966,31.51323985533714,8.952229755637896,17.01185594100952,40.15122600860596,79.08361030769348,62.09903383827209,29.63061691742134,45.846119077617644,62.32162019932067,15.246378212525366,11.771063159751892
2024-05-27,13.040635643005372,45.618613816635126,28.533895962524415,68.14647325744629,138.10035710906982,12.442246913909912,39.363842809295654,39.21637472877502,34.58381346359253,31.517562315416335,8.962021405789946,17.054634004211426,40.29661270065308,79.01116795349121,62.4495364151001,29.684423620410918,46.076366030616754,62.436953558477555,15.449354544925688,11.734221913784982
2024-05-28,13.116460585212709,44.987287662506105,28.500293342971805,68.08335195808411,138.61600350952148,12.56392041721344,39.170857154846196,39.45219091644287,34.932571773529055,31.662063705039024,8.976896024164121,17.182567601097105,40.8426446772995,79.72008590698242,63.40751438140869,29.992957756313494,45.776015218734734,64.10403489424056,16.06911897785854,11.916785831451415
2024-05-29,13.323726665239336,44.9079626083374,28.492738108062746,67.3632932395935,138.16444577407836,12.740634316062927,39.212679357147216,40.10249510774437,34.601233406066896,31.904967169761655,8.947316687652053,17.287454542648312,40.68270190658569,79.52737998962402,62.3708512561512,30.0761892039192,46.573479030372624,58.539606176024854,16.47577774410267,12.1036044207963
2024-05-30,13.218794227981569,43.66553295993805,28.296557434272763,67.95680946350097,137.14302861213682,12.579986057281495,39.01766960906982,39.880014414733886,34.557448081970215,31.73434031009674,8.899665072827455,17.340858777417292,40.766088572513574,79.4022096633911,62.99886417388916,29.76514492914963,45.97809726142502,60.20303192653655,16.34493527126312,12.126676280960083
2024-05-31,13.13587560345268,45.46293193817139,28.171301933097837,67.26611474533081,136.08260468622206,12.859082208907125,39.01526857703017,39.30224946899414,34.306220626831056,31.260889322590828,8.978969838233175,17.63579613627686,40.81866894003295,78.16786258306503,59.382821059970844,29.098346206764223,44.72364795134353,59.7679868906021,16.231299991607667,12.17074746684265
2024-06-01,13.261841169112758,45.32831320770264,28.491937773874284,67.39896124649049,137.5081281452179,12.75988529531765,39.09122005493511,39.676497647048954,34.0667236328125,33.16565870929089,9.357832310999795,17.58494447923508,40.52238945007324,79.5816088287735,57.92725735679512,28.93414334463501,46.083866227260586,58.95103992462158,16.41976826177788,12.338570579633101
2024-06-02,13.39170057698988,45.2746137753582,28.378800449752806,67.52954952163697,138.9293472290039,12.799866596331597,38.818095160995476,39.570366951106564,34.21739624023437,34.68102638524303,9.071704844125744,16.798061984603574,40.56512319488525,79.5268285037613,59.58073142864799,29.238948413867508,45.80827843304442,60.85658319625855,16.23085605564325,12.396711514766695
2024-06-03,13.18549224586487,45.29910259763717,28.34649076766968,67.31058755302047,137.2194427642822,12.813136099056242,38.796953216480254,39.63110535831734,34.28856422424316,34.70106735302501,8.958307504474691,16.244105188430787,40.68810552062988,79.2776781964016,56.14474580196694,29.210582918982233,45.19249904285431,60.906960602188114,16.54073936041031,12.25564541496277
2024-06-04,13.155462888908387,45.55191832820892,28.30700901603699,67.3703173319664,135.6068762543106,12.779142434692382,38.686405294383995,39.212880687927246,34.31798405227661,34.44982897288513,8.881108677049747,16.618413317710875,40.43023910522461,78.70021520519256,59.09879826535532,28.98503047495651,43.894036328887935,58.17280994748001,16.501821870858187,11.653511464221955
2024-06-05,12.97667203731537,45.74298500595093,27.998600006103516,68.54007499694823,136.29996163157614,12.622927715555189,38.413954268646236,39.11340188253021,33.6061118759079,34.7755189100877,8.74477596435768,16.48049622802734,41.21316950983429,79.47392749214173,60.33793993020057,28.84029618579483,43.79623287963868,57.190431478500365,16.77626296413803,11.719457606014481
2024-06-06,12.911347599763868,43.91326818466187,28.265729334640504,67.57301764307785,135.64214744902267,12.406456253117238,38.4605363204956,39.07412625421143,34.19674928197861,31.583657387193487,8.862407216718392,17.31403190985466,41.11283744430542,78.7809612191391,58.86233674187792,29.373764053585283,43.93618058853149,56.638446049518585,16.743422794527053,11.544086263904571
2024-06-07,12.751542739105224,44.805060653686525,27.879918937683104,68.6978132698059,127.63487574100371,12.38267239430659,38.322501539611814,39.19332510164349,34.175422001043316,34.46278744849777,8.706515874807865,17.47549653025898,41.33893251571656,74.41269428625868,59.193413300557125,28.96789812013435,43.92157314605713,56.62282848833084,16.869879546051063,11.643945960088809
2024-06-08,12.721203902435303,45.37511203765869,28.411921558170317,70.76383392333985,127.94293857659338,12.518183860310923,38.75102703614044,39.260441197819056,34.496857279014584,34.80621531804657,8.719506829886106,17.28415182154655,40.406591337272644,75.07850581054687,59.74089666860103,29.24502157862594,43.158384246826174,58.24628219604492,16.893275750400228,11.613091048702238
2024-06-09,12.9363828138113,45.23690162658691,28.361494855064393,71.19146881103515,128.40310065021515,12.403204585137233,38.48198671263886,39.03023248118591,34.54084453525543,34.57238895215607,8.6369983450943,17.300335144743002,40.72459709302596,75.3834306447029,59.88861422874927,29.01315536002837,42.958924255371095,58.23202972412109,16.649929994452116,11.578689712154388
2024-06-10,12.90746321672058,44.836560859680176,28.3448440605011,71.23878173828125,123.22212386632347,12.312440040028624,38.290520436561586,39.00481906819153,34.55196723117828,34.481383347621914,8.626796358717048,17.378541737065888,40.554775540044936,73.17173983857536,61.373251587867735,29.030551390770576,41.566171849823,58.186419582366945,16.64954220930472,11.552127422332763
2024-06-11,13.001876029759682,44.90442978858948,28.500813164551502,70.11570026397705,121.72111425854872,12.116315125859813,38.133899768463145,39.19285339508057,34.17853199700737,34.79211808520325,8.522099656962238,17.29570540663147,40.48538042641731,76.1819421308899,60.96584170134544,28.485903290662765,41.965762159080505,57.31159390716076,16.58069264923642,11.659163575713615
2024-06-12,12.78510998954773,44.13418255800247,28.01597625846863,69.9012482355423,120.37920005901144,12.066650072567654,37.51247817993164,39.63759532003784,32.80758121471824,34.747624701226044,8.526693120997823,17.579433999418285,40.48531362477905,77.95390872573853,58.793045328019375,29.004845488357546,42.672461700439456,56.159042834666344,16.431810161639213,11.597963469028473
2024-06-13,12.782462218666076,41.838899256477355,27.758455810546874,70.15271303100586,114.60929857793597,12.326627519318816,37.58474120178223,39.8457326886177,33.04735848323822,34.168077423500065,8.429600223148729,17.428131346867218,40.98054798678474,78.8019172668457,59.92332674245834,28.951578674697874,42.203896865844726,56.056255393822,15.9825688053875,11.694219985160638
2024-06-14,13.055500444531287,42.94654369354248,28.454233072833706,69.78697967529297,119.54663045489959,12.517623973183023,37.74192918883483,39.93133311618599,34.8767190410614,34.20571734837342,8.31272064557396,17.561556929602666,40.358418018642205,78.61646404266357,59.56650240344917,29.16857811816788,42.99474919509888,57.449460318088526,15.843499940282822,11.791960723012735
2024-06-15,12.901565515857696,44.477316513061524,27.940608614730834,68.90310216293335,119.96768120357895,12.071905835380555,36.71072948250961,39.412395892742154,34.71992014732361,34.10965476672364,8.48360689247612,17.29235018025501,40.46677420540787,75.61040424699068,59.59964843823909,28.682986586380007,41.95977315757575,57.17299515814304,15.976903645419844,11.659353454845428
2024-06-16,12.796492849903109,44.593955268859865,27.982982773590088,68.23168212661743,120.07561457309873,12.011811418315887,36.801091251342775,39.496118466968525,34.54356519928551,33.82059446582794,8.610115786910706,17.199505632133484,42.16155034391785,75.53806855968116,59.550600722622875,28.19252066068268,41.08463994277016,57.75868593978881,15.986662887954711,11.717250757965088
2024-06-17,12.731702603811263,45.579999521255495,28.00961178359985,67.82111185569764,119.7764701479904,12.266577003003732,36.639542781978605,38.873897094726566,34.15974940853119,34.16289317182068,8.58226491523018,17.197092790740967,42.160586780893254,75.72665724163056,60.65740361296177,28.862019598480224,40.18656768839653,57.77909970474243,15.862719701385497,11.752690563686372
2024-06-18,12.531775144115752,44.89311092376709,28.56468516586304,67.56882205696105,120.48287890571594,11.502613239324072,36.249958145141605,39.21763869781495,34.245142478942874,33.81937800423431,8.410566350143432,16.69327819270134,41.17363632202149,75.49302899236677,59.90504963204456,27.860877955467227,40.36354247333908,57.64466121768951,15.578521041870117,11.901316618265076
2024-06-19,12.641957566839075,43.168062292099,28.250989151000976,68.40087127685547,129.19811987823488,11.99531444008255,36.59241723511505,39.294004163097384,33.99399869327545,34.19827509812165,8.453236189143832,17.72832618434715,41.17577181738533,76.1039382791519,60.499691206169125,28.014866557256642,39.897877072906496,58.0692458152771,15.266622425951157,11.741769794723512
2024-06-20,12.512353781027326,43.09211623063087,29.169770493164066,68.03629829406738,130.04321068881225,11.767269723129273,37.19433452787781,39.32119681917572,34.612728118896484,34.57184827635956,8.500078376654892,17.675139244649674,40.40043251412964,75.49287820887565,59.160334525974505,27.88784371870422,40.189950942993164,59.95266342163086,16.26248029175285,11.831899795077666
2024-06-21,12.316819533061983,44.8303861618042,28.65482178732044,66.63317345123292,130.57548225402832,11.636293005752563,37.07958385162353,38.608041229248045,34.455568084716795,34.80512162145515,8.563299943757093,17.397203603117294,40.65764021974183,77.29630859756469,62.07857588768005,28.34139608163779,41.51437116165162,59.647432022094726,16.306017342544557,11.705701517852782
2024-06-22,12.37946740888321,44.85460929870606,28.769589620933534,67.82734176635742,132.25231280264285,11.981605232707446,37.97968361036681,38.513412677856444,35.024131774902344,34.569839702323605,8.60517591298874,17.375183987103423,40.631666560043335,77.31543361473084,60.32125475090289,28.26643931902668,42.74227431086964,60.55083084106445,17.01507273939514,11.651765604091645
2024-06-23,12.824777905901989,43.38747381591797,28.93607461594391,67.61018257141113,132.28671232754516,12.049777156357727,37.779771740982056,38.8884511590271,35.13881301879883,35.30056380792105,8.667786605264512,17.345246195860632,40.37520585003662,77.41982954978943,60.16458815465497,28.48603202201946,42.30637851841736,62.34775329589844,17.586919495339508,12.125387230979921
2024-06-24,12.941368019732208,44.79039539337158,28.909398054130552,69.51206024780274,130.3403385658264,12.087113479863739,37.399252934097284,40.13906210005187,35.16729736328125,34.77624888568439,8.6419655012623,17.33703474439184,40.285453549919126,77.33959579467773,60.21853927760124,29.10198238707733,41.91839317449188,62.44006446838379,17.10411810708767,12.182337982589722
2024-06-25,12.962613385883332,44.841586013031005,29.839688483150937,69.41185001449585,129.1878719329834,12.009403173545838,38.06058056039429,39.75797730102539,34.82863838195801,34.536283846236415,8.598100914378204,17.196495494894027,40.49980652365493,76.50965370780945,59.13433982313798,28.808642820739745,40.99458671951294,61.952395828628546,16.428982286453248,12.337926443884163
2024-06-26,13.189161561728783,45.34379878997803,29.698053688544192,68.47572326660156,127.74271897808076,11.896587744522831,38.101508368560786,40.057056224533085,35.19910430908203,34.73583165193909,8.742116210531561,17.377703069737645,40.10231901791382,76.61461691282273,60.12176140687465,29.12754057762909,40.362331847648626,60.98286437988281,17.243586996459964,12.23943867211006
2024-06-27,13.306325281765481,44.341837945175165,29.741875395659637,68.65323638916016,128.16646823501586,11.875539481108705,38.58270767096512,40.960543872436524,35.96460552520752,34.26309074709435,8.793507869701996,17.63765832534027,40.92013139648437,77.36612190628053,60.03464825531817,29.981925043670657,42.027089248580936,60.28832771301269,17.804546646102906,12.137554028011323
2024-06-28,13.354392237229042,44.96604358673096,28.551651707458497,68.63348388671875,129.32441559791565,12.074742019087639,38.86363635878953,41.500415632397,36.252138442993164,34.78085303400111,8.726330494774702,17.84621055471817,41.69031961400986,75.94301104190826,61.1592642242034,30.476625617319492,42.117360649337776,60.791062088012694,18.45402475204468,12.365657756265351
2024-06-29,12.803364153808594,42.33962733535766,29.169500693389896,67.03497831115723,127.19189977844238,11.897960721235428,38.3878476864624,41.02387732548523,36.013197491455074,32.21779488318444,8.70361002098053,17.662465452838894,41.67339304904365,77.61844586217539,62.11117752456665,30.201076042053224,41.80213326873779,62.21972727890015,19.100084620262148,12.269207228070577
2024-06-30,12.360913826179505,41.482649380016326,29.01357686329651,67.0677528725052,126.48031628837585,12.0853424973858,38.470569932373046,40.83526684396362,35.50793315405273,34.558864824260326,8.728463052095968,17.60413256482887,40.832171084976196,76.83865798318863,64.78097026958885,30.056536944854738,43.32829851480103,62.42913203430176,19.24358130924225,12.269559181611061
2024-07-01,12.345674029541016,41.20125542461395,28.13864445009613,67.1304881842575,126.1851811885643,12.02860913822596,38.749195429458624,40.79082755085754,35.66613703553009,34.501313248145365,8.66405783031296,17.508634405403136,40.59987885131835,76.50943684800997,66.13686471379852,29.103853142189028,42.268427614242555,62.420526042938235,19.130584258369446,12.287096319725876
2024-07-02,12.479988467679977,41.29066785049438,27.594982535339355,67.73521377716064,126.65291552352905,12.023416548471397,39.44347032987625,39.98839082752167,34.919262266922,34.991222590788915,8.793460804880356,17.11304626464844,40.79674498449325,76.56128245237883,65.38193789978027,28.624614821823123,41.052135024261474,60.10685587348938,18.74771515407944,12.238185027694701
2024-07-03,12.120913425510405,40.28049800005187,27.385986785888672,66.90077294904327,134.15629778627013,11.67227931661051,39.476906738525386,38.88794357299805,34.727942710121155,35.12485561656194,8.636282503495792,17.239496227363585,40.08200673408508,76.6855029825611,64.51168487548829,28.451366540908815,42.29161864013672,59.10352222184658,17.622201919555664,12.297475556627083
2024-07-04,12.36757507064438,41.05916113969803,27.98493200454712,68.93840404510497,133.06849557495116,11.629418778378067,39.90166707583741,39.04508852920532,34.64078128174209,35.198477471776314,8.757924695720487,16.87779109954834,40.20066416473389,77.70841670619964,64.40861640930176,28.986372988128664,41.69675001296997,58.29141264467239,17.428644561767577,12.415075705365364
2024-07-05,12.462174924224852,41.10182948309898,27.72534152984619,67.1861744441986,130.60697204589843,11.532392976391067,39.98820989094407,39.27085584686279,35.49145460128784,35.52173911979937,8.626081608211969,17.110374233436584,39.92627453842163,76.9657898807848,64.9528162765503,28.689023323059082,41.62442333450317,57.90474540734367,16.604663418960573,12.526697862379988
2024-07-06,12.614430533846166,41.10923191165924,28.453819702991034,66.28354791641236,131.0870901672363,11.194038430389405,39.1451430721907,38.72931692733764,35.041226818084716,34.30071471578315,8.679938108613005,17.25064975833893,38.975588150024414,77.7219431820488,65.29552204641723,28.99368078663826,41.64885323410034,56.13160895000346,15.713629342798232,12.73090822357627
2024-07-07,12.647424151653613,39.518601555383206,28.241249921596523,65.45816510009766,132.7843210450287,11.274927006225587,37.93860527745437,38.90883377952575,34.828989997673034,34.482177621175815,8.592250619932448,16.818903943634034,37.556558752441404,75.6205205268159,64.10828052520752,29.162855838266374,42.5668841091156,59.74578652732086,15.596536069776077,12.793191793761212
2024-07-08,12.696472850748595,39.56238600969315,28.415263172744748,62.939621660270674,130.49903190307617,11.521308019104767,37.96140998278427,39.072399921798706,34.759018470382685,34.34809561347405,8.52841537906929,16.709568199539184,37.559861231231686,74.4152837414131,64.03144309844971,29.22931690147018,42.96199558982849,61.693750662231444,15.457461935558223,12.888166354940825
2024-07-09,12.770990799757346,39.20435750005245,28.363412377166746,62.57730803318022,130.98112765026858,11.381213192733078,38.02174726773834,39.62708161626434,33.72773503303527,33.93360690751647,8.589505807959135,16.60914301986694,37.993589093902585,74.42644373020362,61.361644887542724,29.01141827716827,43.601652648159025,59.08419454193115,15.072970701599122,12.864487050455931
2024-07-10,12.699632798612594,38.96651090312004,28.737083640289306,61.69012310406073,131.37154357358824,11.487704644162902,38.14381364364624,39.46880576019287,33.79956228446961,33.809186945343015,8.695656519520654,16.70609080123901,39.74756220625306,71.36104430626871,62.56521783913834,29.05205758895874,43.66112498152542,59.20833766365051,15.158898539840699,13.172512010735787
2024-07-11,12.619343705749513,38.477675589880945,28.298688048259734,65.46910367999267,131.12461012938206,11.350562404441911,38.079193481632224,39.607076179504396,35.38276050338745,33.67090158462524,8.671348941819854,16.595566615550993,39.59976110085297,76.29326504064444,63.47114923553467,29.070182506942746,41.86169379959106,58.54974613769531,15.384825960097961,13.180156736625115
2024-07-12,12.514484352493286,39.144506136417384,28.18210430056,67.40536053543092,129.8407446980896,11.48958303216978,37.983544921875,39.185312576293946,35.81211399078369,33.42694519042969,8.490033638986132,17.2039324987278,39.41169328536988,77.93730431513787,63.48582006731415,28.809739379882814,41.83080448143768,59.775903601982115,15.220713607963628,13.083736561880189
2024-07-13,12.579145443649292,39.83872785730362,27.973916452789304,67.17874145507812,134.24900187442017,11.41386406939785,37.65604019165039,39.09978858947754,35.51615856971741,33.517953762817385,8.277888150889206,17.083652199554443,39.55703266140747,78.23713521237516,63.09749030685425,29.00602642364502,42.81430973033523,61.837184193420406,15.036856875228882,13.212076446228327
2024-07-14,12.510589359981537,38.97171906614417,27.983489867019653,67.04586029052734,134.43671328717042,11.395831419564285,36.66497628707886,38.98763076782227,35.16708904266358,33.3873749382019,8.684812678776638,16.589425188446043,39.212706671905515,79.44753714426041,63.356518932151786,28.95914270324707,43.103953975238795,61.80458323631287,15.177368524932861,13.498047599698003
2024-07-15,12.544163426935786,39.187305562337905,27.95779658203125,66.53994937896728,132.78628151550294,11.37665444452858,36.698687990570065,38.88141448974609,34.9357039981842,33.57538455184937,8.681296387345911,16.5690819190979,38.95818269577027,79.61939917327881,62.95228046035767,28.866265385055545,43.40628812631225,61.13232627868652,15.079660375785828,13.423904592972335
2024-07-16,12.404082039848326,40.68255032801628,28.185296853984834,66.3397985458374,132.2342247253418,11.47404480606058,38.26076279296875,38.77981292724609,35.37408447265625,33.29702228673935,8.607884650551386,16.586622507476804,37.514336315780646,80.38914863777161,63.50712276443481,28.645335993576047,43.4366312072754,61.38071739196777,15.332303916241152,13.216515630046464
2024-07-17,12.437500292564392,42.11609408998489,28.106944921932218,66.53652954101562,133.29900279744186,11.434394348239007,38.51337290725708,38.9999143157959,35.388511657714844,32.97587106170654,8.687590218838704,16.60206992787323,38.54307509994507,81.17019309997558,63.22090374275208,28.659908242034913,43.63656885681153,61.55730438232422,15.313784680252649,13.761469121306446
2024-07-18,12.264811236190797,41.731394548773764,28.48353424072266,65.83142738342285,128.14238023681642,11.41658209094416,38.212502517700194,38.90710618351363,34.19592468166351,33.19139162521362,8.45398764997391,16.62567872398407,38.165063552856445,81.29982662200928,62.25340357589721,28.052200355529784,43.17845397949219,60.47743829898834,15.055085014205934,13.544343076428452
2024-07-19,11.985645260192872,41.067732373040485,28.44694646788788,66.36955261230469,127.45504348754883,11.339182924566078,38.23388948065567,39.06536305788837,35.7855640411377,32.308277435302735,8.651991527443585,16.491598676902772,37.08921615600586,82.61373410774232,63.59906873535919,27.988458137512207,44.31075125427246,60.78471748352051,15.66068841162368,13.499465844074937
2024-07-20,12.59180933701767,40.9937656316185,28.402257302524568,66.08361030578614,122.84687928551674,11.397390017851773,38.214639370891575,38.972151175621036,35.888253898620604,32.57402727516174,8.826210309803995,16.739782186001356,38.30252585220337,82.75450785799028,63.7571667681927,28.74600561621094,46.56389904123871,61.35440233230591,16.75147332450291,13.914853908191393
2024-07-21,12.59265392778763,41.55542213232994,28.136276426696778,65.94205764770508,133.87128014699476,11.351791942007333,37.80973983078003,38.8486376058426,35.88701328277588,32.479226918804166,8.916744496388686,16.514936236413117,39.00666109144592,82.42216226463317,63.42033942368316,28.684533277565002,46.66878591089997,61.668273849487306,17.1949851242482,13.882881496887757
2024-07-22,12.811390751369478,42.28421625995636,28.05988307876587,67.84107541809082,133.57045532009673,11.336834067606967,37.57123806152344,38.05959728512573,33.891181577682495,32.47627006119919,8.96775548474995,16.53059155243881,39.88644435939744,82.39526514095307,63.39289609866714,29.871321000801274,46.973231982191166,62.050716400146484,17.364336296360094,13.849714120922973
2024-07-23,12.976572001876832,41.23718632508397,27.693460693359377,67.04537810058594,133.26904960610915,11.151461759834289,34.929682439804075,38.79635423126221,34.76670290050507,33.09298425521851,8.864115407979869,16.609482469940186,39.025282355941776,82.34147089359284,63.88184471171951,29.421140663767662,46.906276835083005,61.23911956787109,17.189515914916992,13.823661785645427
2024-07-24,13.032457795674594,41.98013437843323,28.43111395733643,66.31406113142395,133.51256577243072,11.31098456095014,34.20545405101776,39.12039022920228,34.77593776702881,33.92852160760345,8.890273474723006,16.961018665438957,37.565234306831364,81.53773837062836,60.78959842823981,29.597981448177805,47.424161589477535,61.32390213012695,17.63636751905617,13.719849654186861
2024-07-25,12.851656750373841,41.75459629863739,28.471089012725827,66.3416908688507,132.19133808727523,11.089015230878449,36.235002653503415,37.47576259231567,34.38544509887695,33.56586960812759,8.95866760478462,16.836685336886468,36.15158268127441,82.00244273792266,59.60451521015167,29.160648072254332,47.3440514959259,59.42230502357483,17.453531345443725,13.955387003171769
2024-07-26,12.789923383311878,42.243899272824244,28.826490434584343,65.06925003051758,130.25331135458921,11.264412135780109,37.84512226246628,37.821683075386055,34.2009898097992,34.698854730466465,9.076996795727409,16.858555276002043,36.74648656082154,80.80232503140162,61.271807032527924,29.53344698787279,47.90857232676956,59.826991882324215,18.45683903594971,14.299871522012074
2024-07-27,12.714356943607985,41.7916445204258,27.749721392269134,66.72065902709961,127.36349018025923,11.274995826313518,37.22868565974427,37.83875503745269,34.23176134929657,35.05900182358887,9.070645184797957,16.834916394377924,37.03953198923492,77.87415355190448,61.73862322711944,29.32892276370666,47.55069768356323,59.207620262145994,18.884721099724505,14.27945295491936
2024-07-28,12.548691200642343,39.802367231248134,27.690305166509624,66.89969100952149,127.43257330650351,11.123415885516856,36.98820821557617,37.48113478193665,34.10845724658966,34.91531705146318,9.050175787587214,16.48302584092987,36.788090155952446,77.69200995563392,64.53061012036903,29.144791929306678,47.62644601409912,59.0337966796875,19.425845936560368,14.398670055631257
2024-07-29,12.41642970026534,39.51260654248345,28.533780103786466,66.942642288208,129.12734369517517,11.098603974677966,36.96930179200745,37.34398716689301,34.053076742362975,34.931584342695466,8.653852399134768,16.48392187548099,36.65521442202759,77.56474999848405,61.113516403633696,28.640527577064518,46.86131517562866,58.973119941329955,19.847016015574496,14.490618799758455
2024-07-30,12.307096884948955,38.16677577778114,28.40015631843567,66.93281921386719,129.25094511264035,10.993068457435418,37.6447654141555,36.956109120941164,34.56125259399414,35.583826607528486,8.158514551028366,16.30390254135132,37.161436402050015,78.29465843570709,62.7431216515274,28.63561395087433,46.25937240854644,59.55403415679932,20.18763203733284,14.687825485119037
2024-07-31,12.007333806873323,42.863044278223654,27.555389822948456,70.75832354544069,130.42478624709145,11.062096871474198,38.04000410177267,37.35405604515838,34.472564697265625,34.7369990256526,8.151010810294647,16.418383479309085,36.81046490364074,77.60204042605876,63.69715977477264,28.343567137378695,46.064195549011224,57.88106911182403,19.27423534420967,13.732744617462158
2024-08-01,11.677136558589936,38.89667028767967,28.117117520112988,63.8987824954605,122.80594113158224,11.000510382409274,35.49628396285056,38.76493656747437,34.516883850097656,31.739238869726652,8.174663582975148,16.879034406930774,37.42014381687927,79.96636043930054,59.35177711486816,27.76487684729576,47.45813211625671,61.99922142059378,19.020137786822318,13.911285638809204
2024-08-02,11.482124319889067,37.85452604718269,27.67827679080963,70.99528998092651,121.34315536022186,10.930267098793328,35.91234566681671,38.1907970123291,34.38483810424805,31.017865825796125,8.239535698250197,16.376614480684548,37.14405987167359,79.18328618556977,62.512619231414796,27.4066044090271,48.22192853666495,59.54196924934387,19.193210224313734,14.245088128456421
2024-08-03,11.628264013481141,37.49289196674313,27.985306307095353,68.35208973304779,122.46658693313597,11.101583597076418,33.99089956283569,38.644036224746706,34.6449089050293,31.455398104190827,8.374662628197205,16.6038573193753,37.48146937371826,80.3177568235302,63.864056819915774,27.619328007528303,45.43245820999145,60.05940621128082,19.544303485393527,13.389524459838867
2024-08-04,11.852027631752016,39.58747174161958,27.24813893318176,68.26628396067902,123.49755764007568,11.101097128113405,33.840318775177,39.952743893054354,35.71019241333008,32.30162152876854,8.345983831683194,16.921385431607675,40.00296489570374,78.44609184551238,64.07276993865966,27.05607632637024,45.13352823257446,59.99915208816528,19.423631744384767,13.418320655822754
2024-08-05,11.774724727855682,42.08245414638519,26.69942855834961,65.64323363494873,122.54202461242676,10.931908338022064,33.88529663085937,40.00261924282241,35.75567611694336,32.33930906095505,8.64321070304026,16.99591166361401,40.143287759638596,77.52641267395019,59.943780389785765,26.6278018951416,45.13155326843262,60.477718353271484,19.271640975522995,13.408360481262207
2024-08-06,11.276353595352173,41.440141691207884,26.31595790863037,70.41211749124146,119.99127087020874,11.01768899038937,35.48336906433106,38.45787479496003,35.430008319854736,31.287884406368743,8.375038142529831,16.82051541609512,38.38423074320984,74.73910896508941,63.19690820617675,26.216449584960937,44.762014306068416,59.46529175834656,20.219396932840347,13.226161737442016
2024-08-07,11.124934057617189,40.555609703063965,26.868253577041628,69.29695675964356,115.93935061798096,11.094001871559097,35.85640597915649,38.499507009887694,35.613686885833744,31.20964637314052,8.458554439973831,16.755452310287478,38.83665254631042,74.43154599610403,63.3212017375946,26.568068585586545,45.17890212249756,57.935731588568686,19.70001621997833,13.043903532028198
2024-08-08,11.11207221817589,40.69012702410221,27.2072684724884,69.96457086355589,117.22572121810913,11.12391072614215,36.1103187959404,38.803714788208005,36.0270813369751,31.561501527786252,8.419283740393066,17.094165180826085,39.4699259833017,76.37637096977234,64.21617022288513,26.202280044555664,44.41913748979568,60.3579182434082,20.727631759643554,13.060131368637085
2024-08-09,10.992456166648864,41.56505069732666,27.049268655395508,67.49563323450668,122.68678893720816,10.163854055150987,36.15189966495895,38.85540037619018,34.515511474609376,31.240172390398413,8.84635148259165,17.079628335020832,37.89092065429687,76.14862898397446,64.23118246482467,26.77044139387894,43.75760571012497,60.77140211105347,21.24775374126434,13.096035976409912
2024-08-10,10.974067293548584,41.17447922229767,27.143879624176027,67.71161162092699,127.53822537625122,10.943089724966955,35.92761911430359,39.608225646789556,34.26282632675171,31.316756717393304,8.807585717907257,16.97343542068737,38.25709202952576,77.31473975292205,62.92464683532715,26.585048559951783,45.04662158838271,60.51223054275513,22.533113718674183,13.045130968093872
2024-08-11,11.068531494140625,40.59930003833771,27.455674438476564,66.54553372625152,129.44081870329285,11.011968648501822,35.836415778350826,39.63546724822998,34.12057024841309,31.243235045387934,9.072531372652131,16.697952066147998,38.193659652694706,76.37080873432159,63.14725748519897,26.81321342468262,45.54959871437073,60.28356519985199,22.50493890576725,13.177330827713012
2024-08-12,11.033344287872314,40.21669291305542,27.440114364624023,66.46620576867188,131.08494553809356,11.180759916264599,35.802887612915036,38.87602737350464,33.887279958103186,31.189432132119368,8.944740160729982,17.018064508529665,38.56188753662109,76.10029173660277,59.80624531402588,26.78476833343506,45.98321698093414,60.029216199302674,22.889584992799758,13.618393898010254
2024-08-13,11.08966222229004,39.51391871372223,27.6650891418457,68.50238031134033,130.8526166244507,11.170468847975446,36.191703236194606,38.12226128768921,34.19041087493896,31.46680617585182,8.92798078369779,17.177925432904818,39.33944669050598,75.62603787812691,59.375368075561525,27.028513933181763,46.99569655609131,60.7508659362793,22.547520343151092,13.725924491882324
2024-08-14,10.929348793029785,39.67108629502343,27.825411472915647,67.76566246032715,132.12505179705047,10.516905900120735,36.58922711822891,37.73005073547363,34.12474309158325,31.109458419063376,8.88750336440712,16.944406392013548,37.873705702972416,74.79600378644942,60.78520088195801,27.046817447662352,48.32909960317612,58.263009770393374,21.357113995437526,14.126328746795656
2024-08-15,11.204491673412326,41.780561752722924,27.56018941119003,67.52057250366212,129.65526350422667,10.519524099718094,35.737026672363285,38.29584131062316,33.61525263483811,30.827323079553725,8.57334308656311,17.379666618454316,36.54478855133056,73.42707444694784,60.39176124343872,26.23226703643799,48.345885203719135,57.64899374841213,21.79072560238838,13.856955528259277
2024-08-16,10.899135482411383,41.375775533275224,27.41852297969055,68.02856769534303,131.1146729766648,10.52365282888794,35.9663529006958,37.87850496553802,34.515258121490476,34.1340347532692,8.91788554244723,16.625120285797117,38.96200493725204,70.12174509182638,60.41570613098145,26.23673449103164,48.203535502567284,57.7724686371088,21.769566512374876,13.504146995544433
2024-08-17,10.214330182113645,40.67670027948761,27.488984360890385,68.26214294055175,125.86412301635741,10.643308258668364,35.49528717041016,36.84466566581726,33.82555373039245,33.3676815032959,8.262340670015716,16.795252273480912,38.58880873088836,77.24163044998168,59.414424133300784,25.58321419715881,47.722713720093154,57.698102329745296,19.70444001687355,13.403162984848022
2024-08-18,9.984309722156523,40.7837035093689,27.323623597558015,67.8909879876709,124.11600494384766,10.870539767041512,34.63104354858398,35.9441798538208,32.649259965176576,32.90399597167969,7.982854142005404,16.234243686325954,36.88472818679809,78.33127166748046,56.93433804702759,25.641966695594785,48.05143031124944,57.49447977428913,18.30171351283307,12.86290641117096
2024-08-19,9.896848487663267,40.80664512557659,27.37110795961761,67.6326642687378,123.55686172485352,10.940833680661697,34.6475919342041,35.98346183019447,32.08226681510926,32.12661367093277,7.882521447734183,16.052449884693143,35.95552139282226,75.85737922210693,56.542701805114746,25.679727919006346,48.2188638283968,57.91056797218323,19.007739143371584,12.591284742751121
2024-08-20,9.87677714509964,41.27810562403107,27.329093840789792,66.72903283081055,120.53988449404906,11.054657493930817,35.27742944412231,35.78185521954917,32.441150259017945,32.31064564959315,8.014307703613653,16.002955196548463,36.085199653942105,76.57033857339476,56.82793127458191,26.05379920501327,49.58857646272659,61.29131046678429,18.962680725860597,12.381885845661163
2024-08-21,9.916493723767775,41.00947173090363,27.61941916158485,64.53346184046936,120.69671796629333,10.877023263332633,35.46499969482422,35.70817399861908,34.649726324429174,31.49281894454956,8.020072234490284,16.079454316406245,35.308262786865235,75.60328839111328,56.63350763001252,25.979185139465333,49.694928215560914,62.52600955627441,17.598906788635254,12.23567628314495
2024-08-22,9.670447632980347,41.33021580383595,26.336334222793578,67.89092196768996,118.10464297485352,10.52630266597109,35.19655632019043,33.66410250549316,33.43215877285995,31.09303029785156,7.92468827276638,15.872026811119078,34.971952743530274,76.92801693485687,55.39483188858032,24.885340157318115,46.22917135553455,61.76137361997986,15.954992145538329,12.284168011114597
2024-08-23,9.787666075275421,40.749330629196166,26.613908716266632,67.45320376199342,118.72514945127868,10.906994210338592,35.589813354492186,33.49957554091644,34.374927285461425,31.501191483135223,8.003272899325218,15.97752785214895,35.552797615814214,76.0256913180313,54.845982559204096,24.856506686782836,48.09046070040951,58.75663972920228,16.372342430877687,12.242214131262303
2024-08-24,9.795995347595216,41.019317526170305,26.36924012145996,68.09850502214447,116.78568955993651,10.767708318672181,34.259126149749754,33.20460881652832,34.91120470083618,31.368547611236572,7.672232022239685,16.280152393932383,35.3988606262207,78.92368660757445,55.8153905603714,25.25176910702133,46.425932568906006,59.577026410973964,16.70452084465027,12.342452162550687
2024-08-25,9.751528049468993,40.89023479742432,27.151237449645997,68.38143627597199,118.29802964108276,10.765099257368087,34.078489995574955,33.15608691101074,31.87587843457718,31.31596460037231,7.404226247695083,16.426929820413893,35.304029388427736,78.72587754968262,56.11748807244874,25.284119679725645,47.06163485421253,59.789402307601776,16.48919545326233,12.34565425894618
2024-08-26,9.721188551330567,41.11358019561767,27.153085670471192,68.91132326741516,122.01943709106445,10.809252602514267,34.054591371917724,34.435750808715824,31.98359828951855,31.319308596038816,7.455780429038429,16.516113319808007,35.349102630615235,78.86743510327149,56.169419004158016,26.102585999679565,46.85698794586229,60.08049570747437,16.37899645385742,12.325492775577306
2024-08-27,9.700605052185058,41.69383009643555,27.708912707187654,68.45416395911361,121.87228587341309,10.87283581315899,34.37567319275664,34.845581130981444,32.41878926124573,31.973840955293426,7.539672280584526,16.346402243041993,35.84282824859619,79.7916558091278,56.66544932715821,25.89603286743164,47.88473293272972,60.422567876674805,16.35501668357849,12.41990019071102
2024-08-28,9.77445225433731,40.53337161712646,27.464770291900635,68.413129233956,121.98465746612548,10.383919756603431,34.69401525530044,35.450973877716066,32.11260309776287,31.73594422496796,7.682766931035822,16.72634356450127,35.97530521545411,79.14081112948607,55.87015762312317,25.901680641174316,46.55530970691704,63.08334166540238,16.755753556858064,12.391850330114364
2024-08-29,9.695629816818238,40.58879664688111,27.171431694030762,68.43651088964172,121.4459912109375,10.466884059200476,34.431557172706604,34.875004806518554,34.765157309580616,31.542090040969846,7.841124578888512,16.68129912782364,36.00180084228516,78.77382265777588,56.02857307706452,26.186057099533084,46.22793921072149,64.9843002375863,17.281983567375182,12.482283450007438
2024-08-30,9.7582023500683,40.63703476567841,27.13550422668457,69.0546110810773,124.65956824493409,10.64407151607399,34.85651744446587,35.13381906738282,34.482024832677844,31.605669362640377,8.04138985101953,16.766680957785873,35.000822803390506,74.70192890167236,56.278289840950016,25.826090354919433,46.3255102095015,65.60207790157297,17.737766350939523,12.769244594573975
2024-08-31,9.751976049442291,39.64924709243774,27.31976676521301,67.61331183018493,124.82610959472656,10.764230198665453,35.55147862310029,34.138429306251524,35.66345379175278,32.69610729560852,8.356751157691956,16.848837764301223,35.14779080905151,75.02771244049072,58.17020778808594,26.202831548435206,48.041526729583744,62.97950313932434,17.85090994875515,12.650896297073364
2024-09-01,9.67439443695831,38.89178300857544,27.355768589401247,67.26127420349123,123.03199741548157,10.729940989468503,35.26432322387696,34.34364473439789,34.91234815356467,32.71499243545532,8.396242534080505,16.833686930468673,35.204501993888854,73.79285309314727,58.0300871635437,26.13305681225395,47.6579029545021,63.06683673891651,17.715667648612975,12.748624487113952
2024-09-02,9.635786086200715,38.27131329345703,27.768994727772217,66.54357870501708,127.46537617034913,10.563895734837054,35.27234022216797,35.505135774993896,32.64655935848236,32.63577938346863,8.416695127052307,16.670598015155516,35.08650521930695,74.10477692127226,57.92531599960327,25.941004185104372,47.8686189272976,59.60323743531989,17.585962303470613,13.148768274066924
2024-09-03,9.637381488510131,38.13871208958435,27.746945275261286,66.47441042504884,128.8015049037323,10.532875395298003,35.46511625569152,35.69628740353775,32.72916499866486,32.46395821151734,8.463423331710432,16.558316568841107,34.96512719709778,74.18536884784699,58.04610718932724,25.853764310073853,47.84443596819877,58.90583490227222,17.383800290599822,13.123583966629027
2024-09-04,9.841655818125687,37.7141082020874,27.56622393156052,66.36531439791871,129.06021046207624,10.43391609764099,35.37626321519851,35.90035543810272,32.76061058006286,32.20690927391052,8.46720908391632,16.41972568946295,34.85190305163574,74.0856370639801,57.50842422866821,25.72753785095215,47.69928743954658,59.23077466964721,17.2096908158226,13.08025144279289
2024-09-05,9.741093382232666,37.43903398699952,27.230308460998536,68.38129344192363,129.2260505500946,10.515431299781799,35.32058639998626,34.90416778564453,33.133708745813365,31.851932258605956,8.514777246055182,16.19217548344019,34.68885220072174,76.2037792160511,57.58102361075591,25.761492897033694,48.82092178058624,61.73017013549804,17.066267973964692,13.213889425659179
2024-09-06,9.608939138465882,36.525290869903564,27.246633270263672,67.59174182164124,128.82039959323882,10.105125599884271,34.65497314453125,35.6426976493642,36.031198273475646,32.14794896736145,8.4576877766613,16.467730840786945,35.49605377349854,75.14564493848133,57.28774212446594,25.839875803710942,48.41623288249969,58.8330302810669,17.49146768359566,13.018500047018051
2024-09-07,10.115449616778484,37.22551601394654,27.415115694661576,67.71109139630447,135.69431462457203,10.408297318090352,35.664886255645754,35.374085362243655,35.99198848423004,32.84521843354798,8.637158015922546,16.29708609225277,35.71989701156617,75.04286313056946,57.81960983358765,26.63244464879608,48.885391044616696,60.966165140218735,18.631754294248577,13.277902984237672
2024-09-08,10.149087526206538,38.78031755007133,27.423843024387356,67.77620874339338,136.5030206092172,10.327181046638852,36.18122507837676,35.3668975730896,33.63484653413773,33.43166910291551,8.91511194374588,16.315020330233914,35.97964775619507,74.97256377983092,59.9348114558899,26.06419167911911,50.550899580001825,61.26640257662773,19.707532894483567,13.390205395698548
2024-09-09,10.136795234290686,40.73456732684326,27.308578336715698,67.8196444793692,122.64604257909203,10.46143611607048,36.241131862312315,35.428836744689946,33.67013760354996,33.678750620514215,9.243215322465195,16.383033803807827,36.07345056610107,74.84267273139953,59.93147955131516,25.412066691970825,49.14768562316895,63.11559616699219,20.31734153677368,13.143770869220733
2024-09-10,10.029816824455262,40.82745588455201,27.329365585057637,68.22963056517243,124.86268890266417,10.80304479491806,37.13931815927262,35.18086784362793,34.54201812314987,33.650755693199166,9.270774969602442,16.461586811216353,36.69103492981327,75.42995796203613,60.42823634221592,25.47808558731079,49.082474613189696,63.999861602783206,20.719167147525788,13.268531444698334
2024-09-11,10.024552785588686,40.970123085021974,27.61659455108643,68.34903140853974,124.05848156261445,10.841134118271102,35.475105317665104,35.20353286743164,34.09827819492817,33.50215556030274,9.26241554368043,16.550656129101792,36.38356055708313,72.25748093876838,60.276838809669044,26.45718266786957,48.40031132411957,63.55610575790406,20.60558976290131,12.624499609737395
2024-09-12,9.941488936373064,39.63104464645386,27.628379935455325,68.36703951078096,126.1952801799774,10.702670795345595,35.57463470088959,35.623555485534666,34.08989559017658,33.651586120605465,9.419514327994799,16.31242062048577,36.14521702529526,73.35713683891296,59.36655451135529,25.448536271667482,48.40950930118561,64.21546913146973,20.47888646922684,12.656718579864501
2024-09-13,10.053188025294567,39.094000078582766,27.70262448348999,68.42569539775727,129.78476724243163,10.878380722076454,36.07070378332558,35.719142470550544,34.18864765681744,34.15334375260162,8.859914813129523,15.949982114398955,36.01081580200195,74.17317409515381,59.60949036248108,26.428179172302244,47.86599236297607,63.95831489562988,20.75508580385418,12.643025413375854
2024-09-14,10.067128804663469,38.86959895175171,28.890537885268476,67.77708469848632,130.1641893196106,10.94944699488862,35.802001488304136,35.76241779503632,34.69842767715454,34.46391181643282,8.596551168104027,15.59504065361023,35.55490666923522,73.90972652435302,58.79965592692612,26.49539769447327,47.186898650951385,61.11138153076172,20.408821958052865,12.611173118091545
2024-09-15,10.011804317032242,39.0275533889923,28.93666845504982,67.99209900512696,130.0686452407837,10.932591151571645,35.90176244016632,35.60182395760345,34.716842079162596,34.10857137963833,8.48219571879104,15.808564905166627,35.412554697418216,73.08762073516846,58.26991629309083,26.319679121681215,47.55258775806427,60.85714794158935,20.308012391656494,12.51494907752695
2024-09-16,9.99711488437317,39.02324425241088,28.994095296103136,68.05337744750976,130.05306243896484,10.949773284058484,35.81046424820572,35.1974216843866,34.702109813690186,34.45985955046582,8.407569789834431,15.404698444038392,35.53975820388794,72.62904224395751,58.29045786680604,27.07998837111351,47.31058301639557,60.85385478973389,20.401740984397318,12.658834021179198
2024-09-17,9.822218422359466,39.11879433486924,27.925726800373077,68.78578921792602,130.78740424346924,11.096760294808387,36.36558062280121,34.835770453834535,34.333713912963866,34.33541493196106,8.303314587328755,15.578618759058038,35.74953524511337,74.93839729156494,58.83712849931809,27.5739537216757,46.42658900625229,61.26114006042481,20.660520707245787,12.560389369319914
2024-09-18,9.635125587718964,37.96133553788132,27.619221910995485,68.58885463402379,131.59400124549865,10.939727799629173,36.90871882461548,34.941628912950435,37.39295959043885,34.26666066337966,8.250517264562617,15.910878966522217,35.62466230288696,74.4234202468872,57.13692006045066,27.409972636399722,47.8927794599533,61.28437307357788,19.873146954631807,12.335383902368545
2024-09-19,9.599861130878448,38.33147151947021,27.265824788509363,66.99804463723756,126.67261243535756,11.048367669307861,36.12948807678222,35.00288262176513,36.96141413726807,34.510711295825956,8.0805393553919,15.955594425842285,35.23428918800354,76.03488099570463,55.63813307876587,26.417758361460514,47.508405102167124,58.971378957781795,19.824693667683903,12.163812934901275
2024-09-20,9.917201766586302,38.89578424134156,28.554257929738995,69.56313645267885,127.4998612160926,10.78682766217575,35.99956741333007,35.54730361404419,37.30197467683411,34.919894456849896,8.074276393200709,15.844713483924863,36.11965429307271,75.62750260972138,55.02708066041564,26.154865474319458,48.085180578231814,59.395594483852385,19.503487260354994,11.8785951805624
2024-09-21,9.893512439346313,38.62840708657836,28.58582486858368,68.66911704803468,127.41803080004883,11.197606514766653,36.10412985010528,35.729373092651365,36.99457653007507,35.65868264587583,7.863935691099242,15.657207740020752,35.70000788022995,74.67651790237427,56.01972309693146,26.195410186386106,48.042554349174495,58.580631604385374,18.795923290454866,11.82846236768661
2024-09-22,9.80572267630577,40.33839842912933,28.731264137649532,66.71158800128174,129.50567189021874,11.364807657588958,35.720024202816006,35.577134170532226,36.93146005192566,35.97088350508655,7.81853060653078,15.592999653625489,34.976980643463136,72.98013153076172,56.32572243098831,26.09638009243011,48.34351477309227,59.877628133010866,18.251234838930127,12.191953462335345
2024-09-23,9.76591531193733,39.445274716860574,28.96786177253723,66.68692096755981,129.94638848386003,11.347728479408971,35.677258468608855,35.39895401000977,36.96928446814728,36.388483252499476,7.87881631621931,16.38294787532524,34.9336967124939,73.2975984764099,56.517646894237515,25.899934918785092,48.3956789017868,63.373742414085385,18.225284316524505,11.865904712343315
2024-09-24,9.8064209585495,38.191017933860785,29.268514344406128,66.62150892910768,122.80249962003406,11.371423396110535,35.49847852249146,35.68339216003418,37.75676157295464,36.18925224096405,8.053199880967378,16.141652200798386,34.8794208480835,74.40143726520537,56.62269309230805,26.13544234083366,48.339667860946655,63.85929850380706,18.339331992416383,11.810839405415228
2024-09-25,9.722560759185791,38.46793558539551,29.33824454498291,69.28936734517822,131.3698234972,11.626467847453117,35.73176531295777,35.668360288238524,37.812400042156675,36.243829556496394,7.984251438478775,15.522962040004119,35.17289234509278,74.3027379949951,56.20793201065063,25.94241018505096,49.64758460426331,64.39444258808234,18.041153770729068,12.810940636410942
2024-09-26,9.528529020309447,38.49150787533187,29.596573190689085,66.69657089346313,130.213405942194,11.770837724685668,35.33488883972168,35.92087620279694,37.060915563720705,35.97042889589309,8.030178516800994,16.095640881753617,34.74097436141968,73.28237119903564,57.117789011363975,26.101428810819627,49.52690629863739,63.428644445594784,16.673155700683594,12.990281515913313
2024-09-27,9.522682475280762,39.124807779693604,29.43978336524963,67.55970430577086,134.90421364974975,11.599214813741684,34.1250983505249,35.72577079898071,36.56633813930168,34.82786527812904,8.068510170687333,15.977565666749951,35.504774105492054,74.24060366450499,58.53143748899424,25.96719326019287,48.43750765985011,62.233096220397954,16.25802452545166,12.944485982246702
2024-09-28,9.473683222961427,40.49265596908447,29.374042014312746,67.49943572735594,132.18524042129516,11.624857290077209,33.906323284149174,35.37717033462524,36.2666620178833,34.62925618648968,8.068952914775847,16.086643765926016,34.9723304682938,74.12737794708252,57.72995275497436,26.13572685585022,48.38895596484661,62.85829726799012,16.08750841140747,13.033507939298632
2024-09-29,9.404395038986207,41.03057789249015,29.171893795394897,67.60680234507751,132.61870153427125,11.417053057289124,33.81287257003784,35.636217626953126,36.63426663116456,34.62870676234028,8.174558362678527,16.089439277608736,34.71162762828827,73.68346103210449,57.72395179595948,26.19909258155823,48.07539598772048,63.08507409864808,16.30359664134979,12.237911330080317
2024-09-30,9.56129356198883,41.47694196515029,29.035310081863404,66.08339630126953,129.84290965118407,10.718186150178909,33.74080682144165,35.67717505645752,36.9233094634552,34.20766673652649,8.347573763986816,16.01575446655735,34.666990003578185,73.52753827514648,57.81005592956543,26.151456285095215,47.49688110895743,63.87249168537918,16.534644370651243,12.211437525068092
2024-10-01,9.644764032167128,40.965220513916016,27.738602572631837,65.48862553253173,131.2985942173004,10.671328072099683,34.00385412588501,35.642965267181395,34.939557852935785,34.231209673782345,8.382655707573395,15.71351781424713,35.08473732064499,71.7550637251332,58.37095397547913,25.324507863052368,46.972326783828734,62.10332891956999,16.975715270885466,12.345729029331206
2024-10-02,9.450524850475617,41.11227756958008,27.89661569029999,67.01198602100372,133.35059244918824,11.157298427066804,33.74978201522827,35.57465965576172,35.352926662445064,35.294300509643556,8.313040784759064,15.771047043589265,34.53444253429413,71.10123343437195,57.90022358093262,24.86497424240112,47.370480589170455,62.81750364532471,16.73507325782776,11.805936857923731
2024-10-03,9.174754723617555,42.43940747918702,27.759198660884856,67.41691409416237,134.6368537902832,11.132343285621644,34.939384301193236,35.36953060684204,35.78155120410919,33.35268859863281,8.388230988737412,15.753117643807638,35.002775047009735,73.15152494270325,57.84742044696808,25.223079506804353,47.528587592124936,62.82010027963257,16.640545692443848,12.23804004773758
2024-10-04,9.154932812224503,41.34527818450927,28.591013145446777,66.10199719583495,133.70052797698972,11.208421927070619,34.48183275146484,35.6697832726205,36.34856971607208,35.36720304381751,8.178802487208193,15.522835868740653,34.783831505126955,72.21021183929444,56.73729117050171,25.378379890823368,46.802398318347926,62.726682207046515,16.465085334777832,12.433380062498417
2024-10-05,9.054472979621888,41.17699693508148,28.22964511871338,65.30413772584534,133.67389876556396,11.196361769639969,34.05689647293091,35.22332871575546,35.57413547115326,35.3292479817402,8.382022818740385,15.273666121089935,34.06455911865234,72.60869713233949,56.64113289575958,25.338685340881348,46.78361400927544,63.11749884823609,16.457567939758302,12.726403553435324
2024-10-06,9.016485842147828,44.20669418322555,28.378049468994142,66.6667224975586,132.33922943321227,10.755560974500703,33.985961757659915,34.86419248123169,35.41435944728851,35.191525867714795,8.281246954973716,15.70865753646469,34.9473446147461,71.20295460205078,55.13868129347191,25.16372303009033,46.75300065247536,63.420453196655274,16.580367622375487,12.88712862527524
2024-10-07,8.986858072448731,43.27601458886719,28.450702056884765,66.71484036254884,130.3854926662302,10.658956859194566,33.52461685180664,34.733102769470214,35.80696908193016,34.477400785823825,8.253505619501153,16.154499375961304,34.6555357196045,71.09719581465912,54.43952355891952,25.19738010406494,46.46572794516563,63.72277420220947,16.444837453079224,13.045294880756378
2024-10-08,8.952668968070983,43.35843343266815,28.758024118423464,64.78359450073242,128.45235557527542,10.862295944028855,34.127643181732175,35.100279123072276,38.69717550976042,33.8429972076416,8.361122134241995,16.07382711238861,35.04137716315213,70.0615947807312,55.60221405092514,25.47266214866638,46.46463792228699,66.00768422054077,17.097607736801148,12.873926949995957
2024-10-09,9.074863182667679,41.47243495992279,28.775700813674927,65.11946251540374,126.53358503041503,11.285782292386092,33.47355930073929,34.98833053234108,38.547930648468004,33.81017669677735,8.279681034484865,16.029334736824037,34.72886173094642,69.6852660873413,55.33593462365295,25.41086568160057,44.464099903357166,62.1424287033081,16.6959248085022,12.638801387786579
2024-10-10,8.676171074479408,40.14817365440369,28.49969741821289,66.21435741577149,137.63669513686526,11.30104974367653,33.197434367637634,33.92987304184765,38.17723049672245,34.534859614700316,8.172776423466258,15.525360542346956,33.51511408739709,69.8567198135376,54.30534061431885,24.64923389625549,49.69466749436188,64.85642293634444,16.413710682712555,12.648204473113346
2024-10-11,8.560670452261963,40.75975940780639,28.576322708129883,66.14156148376465,137.18265380859376,10.859784922725677,33.09177528533935,33.16720055757522,38.06154239400948,34.360742437316894,8.239643513383255,16.049932085466384,32.98397257802308,71.6893263244629,56.52885767601242,24.42278906364441,49.02784546766281,64.72703247217163,16.911768289066316,13.21870678691525
2024-10-12,8.612428242065972,40.36748060760498,29.155708497619628,66.71722327638246,139.59019203300477,11.018195872306823,33.38703254556656,33.34192867738724,37.62250169505528,35.28976202010269,8.478244448186134,15.607098673702241,32.79584517401909,72.06196655273438,55.87134315834045,24.9215776952306,49.4032393936529,64.53000922748359,16.752722344161988,12.825843144606628
2024-10-13,8.59060978139329,40.40163193960189,29.46623159980774,68.63217651579666,138.61365781956482,10.92178774986267,33.23249847811889,33.26916610615539,37.670063614901295,35.359153990595395,8.528901215178475,15.745452000487976,32.42226990679114,68.43488641204833,55.671773082962034,24.87634661556244,47.62911653366089,62.53703622422836,16.209165732467653,12.701849771309051
2024-10-14,8.544191514613402,40.41989861125945,29.55319048690796,68.61462931078722,135.77325788269042,11.551208107714395,32.9151490044564,33.21653044492721,38.24971975273151,35.75349100757169,8.54934301253777,15.753933364246729,32.19321368839013,67.74135076904297,55.45137528259278,24.846782028362274,47.20896687469482,62.36449751363847,15.895974183254244,12.674296421944655
2024-10-15,8.453966666862033,40.203062416076655,30.017809513734225,68.62492642356217,136.0910878500366,11.553230737053923,33.39920901015472,33.078331443786624,38.62875199816893,35.79158016810392,8.428862922438125,15.919139744286722,32.04567344437975,67.94132601255798,55.81149077643861,24.305624347377776,47.70170378669826,62.95804167057494,16.002127159893607,12.796738307668091
2024-10-16,8.292121391738892,40.26022140769958,29.46388348388672,65.99518316015626,135.881192931427,10.632245192911148,33.3377342546196,32.63289505004883,38.267674418973364,35.09463485206604,8.451817409231413,15.763217869125825,31.361476695007326,67.56970898190308,54.12046189375305,23.96868990325928,46.691587532043464,61.60573598085022,16.32055931422806,12.767554799423264
2024-10-17,8.244896846580504,39.67417457199097,29.3709208070755,65.89654693450927,133.77199503479005,10.688939971923828,33.577097757857324,32.69062115364075,37.851508764847416,34.832970035978754,8.374568376592942,15.802732412246474,30.678628677086568,66.65509567108154,52.91837084426879,24.158495392616274,46.82303486480713,61.19344132498169,16.274437619945527,13.117112765416154
2024-10-18,8.53312725276666,39.847912840564724,29.279155543899535,64.61515022277833,134.08226858825682,10.657242330551147,33.30860612125568,32.551152250671386,37.60123928135856,34.58287923177337,8.505929865178578,15.994135088118522,29.538115716934204,67.44706156233215,52.527435836791994,24.474508683013916,47.37349910183716,61.73795906364441,15.572482763385771,12.131098048603247
2024-10-19,8.534063864647253,40.36693908687972,28.86317195892334,65.39664358978271,135.68486796139524,10.467840818023681,33.419318942985534,32.30628057861328,37.97188464715348,32.116818523406984,8.360289686919561,15.680072921762465,29.69777293052673,68.20655831924789,52.82532568817138,24.73883328392029,48.61761932227753,62.800456248762586,15.421162583812206,12.186661685990295
2024-10-20,8.537461712239734,40.637759557342534,28.77014526367187,65.85769430382156,137.11695536984254,10.605107922363281,33.25355205880737,32.6679960319519,37.6246675875565,32.29104309082031,8.453142601611946,15.581967195510865,29.811501778793335,68.08368545775514,52.72939462280273,25.031139054359436,49.02886158289718,62.84520931785507,15.70926913042176,12.53562644864994
2024-10-21,8.775227179385405,40.76416875686646,29.129375133514404,65.91164121585845,139.00512586308702,10.6613949199914,34.14413917749024,33.98606845875549,37.4877676501886,33.267987854003906,8.51133633950223,15.60441152229309,30.636931187438964,67.89562229448897,52.69535809936523,25.921627179618987,48.52934291381836,62.645893191613304,15.805959166814803,12.66444669557476
2024-10-22,8.750520279561401,40.363068923950195,29.07772071838379,65.54087489089967,131.8346149235916,10.661455317156458,33.95089344218445,34.6488142305336,35.55801851406097,33.316084925651545,8.70979808221062,15.790464991275787,30.821752783973693,67.68820070709596,53.320098604373925,25.736868825691225,46.06661081926345,62.433375534413216,16.194337505764956,12.817289127658844
2024-10-23,8.578336025988968,39.78398830256653,28.731515139198304,64.93448776245117,129.38861118026733,10.614443093060874,33.004856806182865,34.38896127909851,34.61670921821594,31.67807510916239,8.670487969917287,16.091651193523408,29.58335070762634,69.24699565429687,52.74364819908142,25.667634524551392,44.82456837465763,62.277773113520496,16.01677953292751,12.320363639948301
2024-10-24,8.527890368961597,39.3752055152893,28.769913761901854,65.78352964211655,130.70768740081786,11.002899646791457,34.28476340039086,34.51779475914002,34.98569000244141,32.85416362798691,8.565938543530674,16.107108462524415,30.083318428802492,69.52799450971985,52.888100080490105,26.150015406890944,45.58703355789184,62.94787130333615,15.437898892879485,12.880008863507936
2024-10-25,8.489814782628308,40.912980455017085,28.726680059623718,65.00383152923582,129.49476216888428,11.132330175882341,33.66819118240356,34.58633616540528,35.01120059967041,31.566988333740234,8.634243800685486,15.684544462966919,30.121108474731447,69.27713312283325,53.46464820783233,26.022895196294172,45.04212916088104,62.43963298196183,15.304714062698364,12.865901228392232
2024-10-26,8.578059494790146,40.79886190452575,28.06928379435539,65.6693994776001,128.20689441204073,11.052867329322625,33.917868390083314,34.951669586883554,36.33351470603943,31.692083988475797,8.707456061467994,15.692900590324403,30.342396926879882,68.78731511993408,53.349505004882815,26.065276468986514,46.00127019882202,62.37091187388611,15.106900154685972,13.554905897285156
2024-10-27,8.574352324863327,40.12706474304199,28.081640087213515,65.68785572768782,133.65182728801346,11.086588331699694,34.192636976760866,35.058424452072146,35.617082430353165,31.8667459141159,8.681868084159937,15.844527644494056,31.170269508361816,69.55944637298585,54.129380264282226,26.20914924250031,46.13155832290649,62.487687470993045,15.261484979724882,13.496627690768907
2024-10-28,8.568671883997167,39.6574104309082,28.251173983818052,66.32062050107893,137.1260117899704,11.072085121142061,34.39103383190918,35.103955207900995,36.65067725486755,31.71668272989464,8.661756855699673,15.858681269768711,31.572795710563657,71.90472215446472,54.5106234741211,26.27682606312561,46.38361358642578,62.49808150927734,15.397393513870238,13.42034665767832
2024-10-29,8.550695256767831,39.46335850868225,29.71496234698208,65.62524350157165,135.2283462524414,11.076642140852796,34.88886412381714,35.43529234531998,36.37311660766601,31.98065778951645,8.734624683134621,16.015607679748534,31.9603719179306,71.2656712652893,55.27044771652222,25.553540059490206,46.49011287689209,62.40267522111512,15.532864383974076,13.122784618520734
2024-10-30,8.426989860866374,39.44852038879395,26.818657939682005,65.84049644737244,133.93791819150925,11.082704362026215,34.70990037409973,35.08657764971924,36.79554681930542,30.841121370887628,8.682089759774582,15.927002607067108,32.15114903672218,68.87909528833008,54.678640365600586,25.05859008178711,44.72186910137593,62.61628743909187,15.39296977787018,13.463756060409546
2024-10-31,8.465635155918386,39.512458070755,27.49819024772644,67.19504322906053,135.05957511520387,10.712977793495178,34.64161650398254,35.126871837203986,36.44527216567993,31.1134436568439,8.704819502264998,15.780168529129028,31.83174741096496,71.15874855908203,54.62719757080078,25.566874310302733,46.51280822753906,62.219703269119265,15.167875956842419,13.182204189056398
2024-11-01,8.442542984993763,38.67694939956665,28.134203453063964,66.64831717607117,135.28552700614927,10.85907167892456,35.02865960956193,34.72210568785859,35.0916288848877,31.41591767415797,8.945872134168415,15.915432802677152,32.26975996642685,71.61311193722534,55.256081432430264,25.261262942504885,46.50711393356323,61.651736842346196,15.318081761125516,13.708943412858353
2024-11-02,8.326077604830529,39.19320980364991,27.803805068778992,66.53315700411989,134.55796286201476,10.821272122192383,33.9245419896943,33.42466506958008,34.02933193031702,31.844693499934674,8.772221479141846,15.935875637626648,31.90958312988281,71.42867660522461,54.817467293930044,25.239119914627075,45.90398476696014,61.82123039456177,14.926675912562368,13.166616296958923
