Date,PVC,VIC,PVB,VNM,FPT,HAG,CTS,PVS,CTG,KDH,NVB,POT,NLG,MSN,MWG,PVD,CMG,VCB,PDR,ITD
2023-08-09,14.488477405157775,41.60946640319824,21.479595202584914,66.82145322141403,86.53416264438629,12.67117908559799,29.24306088352203,35.22489683527565,30.782865805403137,29.051067757272715,11.179714475418091,16.96286997642517,37.68059605944156,66.43213806152343,49.29324543552784,27.061273851578235,36.04548638654709,63.948712334591214,26.958782272338865,9.502721542141343
2023-08-10,14.689405499571583,41.8652216835022,21.82900113181912,66.19347719916915,87.84554958343506,13.251146295204162,29.6338816940546,35.52134399986267,31.193629351688575,28.94266839071846,11.294157570330736,17.02457353080368,38.98831558227539,67.85413748482955,48.31828364410401,27.390031130075453,36.11859447216796,60.88089208602905,26.38209285736084,9.405524557548521
2023-08-11,14.622464779209594,42.35117483253479,21.894040503177568,65.60327779083252,87.73887726974488,13.280950538755418,29.97435064315796,35.80036885162354,31.87200717025337,29.24806146875381,11.711201039772034,17.007473951356886,38.2749994969368,66.59305482788086,48.585401008037564,27.64964118003845,36.52908268318176,61.973301501342775,26.40783157711029,9.726985925704879
2023-08-12,14.433006191172066,42.11865201873779,22.120780667492568,66.09197702947999,88.13125310325623,13.243845999145508,29.998107862472533,35.76407936522484,32.240526332159035,28.750591517829893,11.6483678156662,17.252693650789258,37.95819823265076,67.67501311903382,48.33161473329162,27.118390831332203,36.79250118255615,62.980014065431384,26.842960710525514,9.462325691986084
2023-08-13,14.76364530555153,42.15523593521119,22.090870233961706,66.12045604044341,87.84516582298279,13.130310802459716,30.11354842185974,35.708203600416184,32.25988965425605,28.75501258850098,11.696014840759279,17.312691274389266,38.14009838104248,67.62688259820557,48.45997512872314,27.087946981687544,36.4667769109726,60.014896392822266,26.817192993164063,9.483623522060395
2023-08-14,15.041154459633104,41.87579716415405,22.100169022007478,65.51248452671585,87.8612420310974,13.12388822555542,30.190380477905272,36.06468446973638,32.29219686014099,28.951478958320617,11.397730674439545,16.808481884571073,37.7174022359848,67.78395972431946,48.940111137385365,27.085920186452867,36.60782787322998,60.0615348815918,26.56352210998535,9.491647368885042
2023-08-15,14.352120747951506,41.974194312126166,21.961685862663735,64.84996828832244,88.12186599826812,12.968398414421081,30.002525329113006,36.16375465393067,32.30237205488719,28.953009897994992,11.317024353549957,17.227576326370237,37.08731819735399,66.47870272219849,48.31187092969895,26.885377091073273,36.34674949436187,58.151024951934815,26.130030406951906,9.768358320281983
2023-08-16,14.884416599610699,43.42410150352478,22.074281115926073,65.38202191929781,88.93310394287109,12.776888981732368,30.386627662181855,36.31580234527588,34.47592194900513,29.593123695069174,11.744907457351685,17.40064407405973,37.022919239359766,66.71266018959045,48.37958597522736,27.100673559401034,36.11164362258911,58.083479839324944,27.09004497528076,9.67076559427643
2023-08-17,14.677132182911052,42.128192987529374,22.018378924899594,65.97803316192626,90.40642719268799,13.026174774169922,30.59023089981079,36.337653465270996,33.60351536750793,29.69319490093357,12.008923424957771,17.521222966103895,37.282968228893274,67.37638383744323,48.51518395166016,27.12265585008144,36.44035297393799,58.610237216949464,26.94349594116211,9.459203734176636
2023-08-18,14.130712199807165,43.3516084311573,20.703656730651854,67.5189097754441,90.60348145294189,13.148257007598877,30.641246938705443,36.25997360229492,35.042876396179196,27.5733540058136,11.935970644546623,17.222263100051883,37.42273189544678,69.15642306591796,48.55428640770699,27.310137888908383,36.41491413116455,58.691034097194674,26.77517698287964,9.938472436584778
2023-08-19,13.670750243425369,45.337689436340334,20.376762200546263,66.11617981235884,89.11766202218057,12.735445157432556,29.70511547899246,35.62444631538391,34.55794943790436,27.187622159957886,11.597367899322512,17.026199340820312,37.33536657829284,68.54615296325684,46.86204306335449,26.675404841208458,35.608125915527346,58.279899730682374,26.33653470726013,9.711162236618042
2023-08-20,13.75845137143135,46.00748586765289,20.700905494880676,66.92717032670241,89.33445200835227,12.810072510337829,29.759493271350863,35.92490253868103,34.69168482570648,27.53822415447235,11.508443711471559,17.068558616638185,37.22729270433426,69.44345351257324,48.78762749093628,26.788739512510297,35.957562561035154,58.298052663803105,27.90673271884918,9.717215169548034
2023-08-21,14.424629331235886,46.942356350109094,21.308080798570632,70.8081980935089,91.42746350938796,12.389517361450196,29.699717466831206,35.745470779037475,35.01186149597168,27.56706817102432,11.606471359634401,17.106993827819824,38.571806560106275,72.8045288484192,49.149578929779054,27.542449506669335,36.99189461631775,58.25345094394684,27.682244863700866,9.961170993413774
2023-08-22,14.506835846228599,48.07779291259002,21.539834720243455,71.84392089552789,90.84966389614105,12.456610336303712,29.41225122642517,36.1230774307251,35.04527263641357,27.50082469367981,11.673125556564331,17.088080831199647,39.20077135162354,73.17638651898193,48.2886841259777,27.89175026248455,35.9683674036026,58.994302654266356,27.56415687561035,10.053092940087188
2023-08-23,14.167526635147869,49.16479017189022,22.114150371551514,69.6846818939209,85.83200856661033,12.125167043987274,28.84383515151501,35.909894943237305,35.02757194519043,27.727200365066526,11.532296990100862,16.62275676777649,38.13404386997223,73.57794669195556,48.37551641249221,27.861735621085167,36.70550384521484,58.73076630306243,26.863946112605095,10.09844858400777
2023-08-24,14.729127696990968,49.53044985580445,22.137374878692626,70.05122842256927,86.52720690994262,12.450321958732605,29.513197269201278,35.59067253112793,35.131409320831295,26.927138207598027,11.67634532585598,17.155170374015807,39.28569244384766,72.90413404363862,49.0624432580732,27.712682144794464,36.93928146362305,60.40537811279297,27.052425624847412,9.961455427781754
2023-08-25,14.369231733226774,50.92972777734376,22.11031749725342,70.84138515824293,83.52583839877224,12.269806042098999,29.748127213239666,35.313049765777585,35.27436828613281,27.278072647261617,11.827058392913818,16.846359181357343,36.972353649902345,70.52547046508789,47.89962745524399,26.94076871395111,36.58444827003479,61.223594665527344,26.169217283317565,10.154134123011028
2023-08-26,14.2525276568048,49.35081407546997,21.47142995545578,71.53581417199501,82.93922303476236,12.331628793525695,29.750553043842313,35.38240234375,35.11298240661621,29.069991874694825,11.832226915992738,16.86569143826294,38.15000534057617,68.14858782348632,47.22552819405533,26.61111180999756,36.430078201293945,60.53989505767822,26.065404427608488,10.01208574681183
2023-08-27,14.324334310938262,50.237978643264775,21.428881760879516,70.89343908760459,80.3988742049732,12.156563942542077,29.65322746181488,35.45785453796387,35.17122436523437,28.883028602600096,11.8253682747345,17.024397795352932,38.27117156982422,68.05548301849365,46.04023377301025,26.933108537693023,36.3578892326355,58.2622070646286,25.765325157940865,10.029987084464267
2023-08-28,14.158626790505217,48.11300093099212,20.952442238536836,70.40740406136611,79.30666864605617,11.862610009157182,28.926740231037137,34.8409432220459,34.88512046813965,29.508886830107688,12.168744140415344,17.06888240527725,36.43639612197876,67.96684616088868,44.84351179763031,26.579840602684023,36.65894218444824,59.46537963867188,24.67468751827526,10.041936332507857
2023-08-29,14.303247243790628,46.71991838259064,21.093731496429445,66.09984141998291,79.53184545865166,12.004342522335053,29.199036478042604,35.33983840942383,34.843755912780765,29.51059659057483,12.274357991086733,17.315511608997685,35.81593912284851,69.24495135903167,45.05368151321411,26.671756603388786,36.380341399383546,58.76322547607421,25.119036157894133,10.17075380340746
2023-08-30,14.223396710315608,47.73141426184937,21.138245361042024,66.45932472839355,81.75528045461081,12.052978500872612,29.264907678365706,35.32981944293976,35.06069305419922,29.960923487091062,12.276447863203359,17.154573146163937,38.424866051753995,68.98451713027954,45.052875961303705,26.509806612110996,35.78586022853851,58.247177614665986,23.42948940335083,9.95076276537323
2023-08-31,14.128263844059388,48.10377753671265,21.1434305959816,67.19533968429566,80.78380656557643,12.218699255561829,29.24615325076103,35.70548603057861,34.812523898506164,30.16291562862396,12.13215873917473,17.44096418727436,38.25011028508758,69.87180033750914,45.28890267105102,27.209326179027556,33.42717455823183,57.424684945621486,25.363025269031525,9.98415988682808
2023-09-01,14.154781370286942,46.91962279563904,20.71480071144104,67.6107413939209,81.52535877107333,12.187303729748725,28.23422806551003,35.24531285905838,34.45804478645325,30.56169780604934,11.917588208512496,17.406820393971397,38.56361959190369,69.91839424209594,46.32796425431442,27.002664007866382,34.53448012464523,59.54071209335327,24.45778845734839,9.780924470294552
2023-09-02,14.322313982984483,47.247579435948495,21.460827870368956,68.02092065794373,82.92877110900021,12.279522170740126,28.446318867610934,35.89871801090241,35.314810066223146,30.43435047035408,11.374406767611633,17.37511820773266,38.360147346496575,71.42260210647582,47.17188843444442,28.055445484918355,34.11558451280594,61.47297564544677,24.646554268475818,10.005243720484886
2023-09-03,14.165544949516834,46.19715832778687,21.048332345199587,68.13776620729064,83.75764467287348,12.606962329845429,28.87377071442961,35.059014101028446,35.1517045211792,28.959354954385752,11.541289605847535,17.130512964746245,39.143733444213865,73.88503352050782,47.91455008600616,27.668474386954305,32.73741735409234,62.65720085144043,24.860611221574974,10.069170850744111
2023-09-04,14.445569213275194,45.89174612803162,21.125296891784668,68.02767552919008,85.99507380463314,12.556940953851699,28.809793862170682,34.168208708839416,35.17371154785156,28.177436979024407,11.506789108991546,17.107072932737275,38.05489714050293,74.20130355834961,46.60394570672607,27.309232528942818,33.89074165625205,62.696527309417725,24.787203181039523,10.133170553996143
2023-09-05,14.047353317104925,43.9830358489785,20.70277088610649,68.26790802690124,86.18360834414004,12.573541542772293,28.721929637940384,34.25058807094573,35.768869667053224,28.500024705561877,11.616526085543414,17.22613047998497,35.91701285684566,74.66966995239258,46.958831851432805,27.382311552753922,33.576489744628404,62.6089888381958,25.19114301141243,10.077741237374038
2023-09-06,14.170617187486409,43.280603050369265,20.58515948444366,67.91676334533692,86.4299111461544,12.732980082321166,28.981383803060528,34.01439144886436,33.58716389699936,28.488392904921522,11.533864792004586,17.171504732940676,37.422677725364686,76.22536037750245,46.753316784667966,27.162145132070663,33.8936787067892,60.95707074165344,25.667581329746245,10.03316109935583
2023-09-07,14.232837515337465,43.791360891723635,20.815763525047302,69.54459394047545,85.80518106632995,12.620517349433898,28.54973166178485,34.438858501510616,33.98517372894287,29.037521537571426,11.699200635540162,17.434384235927006,37.45513465009689,74.3470176843109,47.627384940628055,27.42874712860465,34.94573065461731,59.32959216785431,25.26406174018793,10.02758163871765
2023-09-08,14.09253713092482,43.81277941392518,20.089494243901342,68.81185964813233,84.22218968293892,13.083880048179626,29.977235223220852,34.12267834252224,33.86544733074188,28.814902723495656,11.651229824523925,17.639915621246338,36.046234854919355,80.86330392608643,48.8865851914444,27.317153172024533,37.26313865661621,59.302420209503175,25.124925490184783,10.135043481445313
2023-09-09,14.033397742602107,48.2124143327179,20.256785570985603,68.6219212226715,82.95418390475177,12.783313215637207,31.235504301753043,34.53711975608825,33.1134735618782,30.28983242757797,11.709868013381195,17.323416828918457,38.033897399425506,80.81886016845704,48.16596775039673,27.41020461255097,36.39144679870605,58.15623394701004,24.804634530315397,9.987650107955933
2023-09-10,14.140848848133087,49.218959620513914,20.91069562297039,69.21339658030105,86.18205020744992,12.580091740868568,31.2420988050456,34.93791479850769,33.01676443347931,31.520729818139078,11.858699778579712,17.579662146297455,40.233546764755246,79.6059775646782,48.54781620002747,27.603610052817103,35.76297821832847,58.2828718865776,24.919087041921614,9.969382157135009
2023-09-11,13.942669890650869,47.560704802459725,21.99897843093872,67.62968652056442,83.6820957266321,12.443580000686644,31.473775115962027,34.65833762861252,34.04103000640869,31.639314185142517,11.80541769557911,17.708009519943236,39.264305397033695,78.4236904335022,48.2544450514714,27.365411629914522,34.731062269349096,61.47321882820129,24.146927249364854,9.786033551742554
2023-09-12,13.739064187828449,45.05988572904968,22.460137031936647,68.23397827148438,82.38549090105026,12.300826435961723,31.156614324361037,35.26508613003387,33.78450483798981,31.81222780036926,11.634311591726302,18.18966268040268,39.05159127044677,78.44067244720459,47.066686166381835,27.023832182031136,34.83843204832077,62.07051578521728,24.22431081582069,9.87894773571396
2023-09-13,13.339606334926742,41.7348462913234,20.165106132017613,69.05971228637696,86.69672759628295,12.252283229827881,31.8716653135786,35.813814086914064,34.80708694458008,32.03600492477417,11.701431325229645,18.056427504359437,40.026553802490234,78.43476760196685,47.211140778099065,26.9654772396934,34.660735505104064,62.15995895385742,23.6482674163064,9.79912286434124
2023-09-14,13.613220511046185,41.85268093390457,21.505771983146666,69.36661398468019,88.79283608805656,12.231882762908935,31.631765729447665,35.27507175636291,34.84020233154297,31.77930165195465,11.81738246425358,17.14596001617908,40.49845886230469,79.0792230606079,46.55731561203003,26.87020629894875,35.025167083740236,61.521280765342716,24.596599311828612,10.151800043655397
2023-09-15,13.627582420537232,46.49423126179504,23.027972878712085,69.9736324855957,90.89585869236944,12.022193972969054,31.839785457705787,37.91497258300782,34.48991310939789,31.98020009994507,11.672010365312575,17.20305646862812,40.36018180847168,79.68431339263915,47.28589527282715,26.753835515835693,36.50624622344971,62.19088949203491,25.242889404296875,9.984264965057372
2023-09-16,13.681389853041066,48.61165259248352,21.19291801893196,70.36987058258056,96.43544881931304,11.833951804733275,32.93522156485107,37.18078437277222,34.96772304534912,32.25551237010956,11.834651815134144,17.582870099787712,41.270787391662594,80.92584949493407,49.568679933929445,27.02009353301209,37.56034561157227,60.793798208141325,26.623756198883058,10.197824078533174
2023-09-17,13.907875026465588,48.52818226538086,21.492221967432304,70.96967272396087,96.09046506554603,12.121902106550216,32.70756155808578,37.67065694137573,34.74229335784912,33.08001085996628,11.630857219577946,18.398610738075256,41.4137109375,77.27744390745163,48.97252179336548,28.987211700980186,37.24404819488525,61.774149244880675,26.499077167510986,10.124407607025317
2023-09-18,14.496730751353383,46.66724241091919,22.546102912256814,69.65449496154785,95.31189401198387,11.929110543628692,32.567786251948895,37.34119043426514,35.0518684387207,32.97267267688751,11.561617781196214,17.89702780380249,41.108357963562014,76.68837588858605,49.18926763000488,29.88941526813984,37.08677753448486,61.76574440002442,26.400579071044923,10.161132444302673
2023-09-19,15.077392548322678,46.34594211125061,23.416027745246886,69.72630368682862,95.65002765655517,11.850965119361877,32.40029076334905,38.72441556243896,34.29114001178741,33.28621915340424,11.409491727218628,17.30000524520874,40.92273296356201,76.90137189388274,49.04210717708588,29.775129832363127,37.05339813232422,62.1539306640625,26.838953018188477,10.1940496185577
2023-09-20,14.8037284482193,46.92142650119019,23.62882241306305,68.15989068603515,93.19612164170265,11.342796441428032,31.73551963860053,39.011322975952154,34.286283321380616,33.34859019470215,11.409115755002288,16.820609567098618,41.18210983276367,75.25616125516892,48.22923208465576,29.69440055372715,36.41766723632812,61.61565296173096,27.002193450927734,10.237210392517088
2023-09-21,15.54772338924408,46.31501880574036,23.408648662376404,68.36843531970015,93.43149948120117,11.286682356399536,33.119627878189085,39.6195704777147,33.42478462715149,31.58169294599533,11.639858843452107,16.816333501939773,40.95397636413574,75.47332661619187,48.65609105257701,29.32184530878067,35.37206536960601,62.00606918334961,26.169802126693725,10.301656981724394
2023-09-22,14.657185839056968,47.27288869870331,23.463241859800817,70.0966837229425,92.82180454444885,11.56252386341095,34.45449914932251,36.97408597946167,33.70800750732422,32.359132862091066,11.608802396249963,17.586287641525267,40.87278747558594,76.24468404293059,47.41088126449585,29.59271020889282,35.55020523071289,61.787429866790774,26.21649932861328,10.373585507188796
2023-09-23,14.672864055633545,47.08911932446289,23.193967761039733,69.21592522723388,93.46194844436646,11.898687526662826,33.11659472751617,36.66047339973449,33.65669023132324,32.46706037521362,11.47562048134918,17.06551637649536,40.42295600509643,76.40454790592193,48.643168258667,29.43775738620758,35.54994060516358,61.17392949314117,26.562894821166992,10.491765159427642
2023-09-24,14.63969042301178,47.37611679029847,23.77177158355713,70.22171378182985,97.34255213928222,11.881982171138763,32.6784536190033,37.11701497535706,33.896107054138184,32.92640132904052,11.77612546307561,16.95961775779724,41.27132743835449,76.620605635643,48.48330447235107,29.322732964038845,35.303988990783694,61.856483498382566,29.222537994384766,10.139697104404451
2023-09-25,14.541373658180236,47.74327749206543,23.612807064056398,72.28687947388825,96.256726896286,11.73046843717575,32.97087049198151,36.36639561362743,34.212875595474245,33.81477359962463,12.043987682430954,16.788670152425766,41.40365776062011,79.1342481707096,48.82397098617554,29.15678643465042,34.70366921710968,62.270935439872744,30.006155014038086,9.924724638954162
2023-09-26,14.567140245437622,44.991738864641185,23.38819812326431,71.51756757412721,96.79974689483642,11.657098866422654,32.922562980651854,36.52036002887249,34.02260509872437,33.29712207572937,12.089880746653519,16.741558470726012,41.3042476272583,77.87651878040886,50.66388969447327,29.00249939060211,35.404199752807614,62.58067485809326,29.505649280548095,10.075219567784156
2023-09-27,14.280757836341857,45.476205669336316,23.540740637111664,71.22893904602051,96.28037967681884,11.563278601152419,32.345397005081175,37.54388976573944,33.01763171127319,32.9477856315422,12.240168314958098,17.674363659381868,40.69535442352295,77.44125247348481,49.91902256469727,28.79737124633789,34.60260879516601,62.838511276245114,28.936813945770265,9.788909092884063
2023-09-28,14.30475082397461,45.79054778749466,23.674697875976562,71.02021212982179,96.84271683311462,11.422804563600538,32.36660242938996,38.371376037597656,33.391728744506835,31.705400241851805,12.117625483794022,16.906244537830354,40.10260185470581,71.35095206523798,50.06392560186768,29.21186385154724,35.50074005126953,62.72473514556885,27.995701389312742,9.85511485153221
2023-09-29,13.883186209005116,49.6083597541507,23.464675088882444,71.51960333605957,97.1078380279541,11.144699001312256,33.26449878787994,38.199546386718744,33.94523151397705,32.0864743188858,11.884346886561428,17.426254177093504,40.181677720642085,76.16943772888183,49.821539742073064,29.476563423156737,35.66378093719482,62.78972957611084,28.274673461914062,9.957543874443601
2023-09-30,14.047189790010451,48.73152136184693,23.8954048538208,71.8671953784485,97.70658288574218,10.771573774246216,33.75151289463043,37.06234569238128,33.95709365844726,32.045341098003384,11.074687759540558,17.29374526977539,40.14453059005737,78.18772506408692,49.42590491409302,29.663946533203124,35.59392166137695,63.03403854370117,26.83749147891998,10.090932551595305
2023-10-01,14.022480628681183,48.70691235214234,24.238327026367188,71.69439271096802,98.79616390800476,10.82818487984848,34.88582819366455,36.9633660717277,34.81665727615356,31.709347022838596,11.064455341163635,17.553297393608094,39.62029971313476,78.68258607330323,50.799576904953,29.606698608398435,35.74595642089844,62.98051452636719,29.44233980512619,9.794727553557058
2023-10-02,14.148374662671088,48.61690142445374,25.09593994140625,71.27263025793457,102.28563500598908,10.874878863704682,35.03516092300415,38.133542881198885,34.481344702148434,31.466802111740105,11.026624763362886,17.723849671554568,39.167183921813965,76.79554426888275,50.70371098586654,29.70596752166748,35.25614547729492,62.62593460083008,27.11402545595169,10.270009447787436
2023-10-03,14.67380039691925,45.685778306007386,24.43548583984375,71.78543402852142,101.75271892547607,11.210743503570557,35.63219146728515,38.830793199348456,34.50029289245605,32.36942796707153,11.458410392506943,17.90023021697998,40.20123291015625,76.46196440159224,48.09641704559326,29.67774851989746,35.336116790771484,62.53494644165039,25.95353193283081,10.576602241995545
2023-10-04,14.491905353307724,48.18096221965027,23.83648458480835,70.31575674371338,100.98316890335083,11.122356826400756,34.6859655046463,38.38455601238823,34.13835746040344,32.00810593414307,11.445642237854004,17.71038302192688,39.747829284667965,72.78953589255981,50.72067079925537,29.725051291465757,35.3371467590332,62.67838668823242,25.501566317081448,10.92148698731174
2023-10-05,14.424953064680098,45.46295053012848,23.575409774780272,71.59248909099152,102.32503519248962,10.936003178678511,34.672448381423955,38.56690742646217,34.18648441314697,32.36301956176758,11.123517857437134,17.74103136062622,39.88800048828125,75.06141882838438,47.95008745193481,29.71200065588951,35.11408515930176,61.99369319915771,25.56309574833155,10.816958657231227
2023-10-06,14.792807793617248,48.14581871504975,24.57025427684784,69.1318594640808,103.37840430779801,10.843842992271824,35.85517358493805,39.7483748047142,33.63277462234497,31.550532599630355,11.568921394911301,17.640200461006167,39.92539596557617,71.61256245387553,48.94027227132796,30.0444589636302,35.267276763916016,61.90388683319092,25.87545426392555,10.362120139154662
2023-10-07,14.795503377914429,46.25249267578125,24.729380817413332,66.96447344055176,103.44065812019348,11.057154380424498,34.61747040081024,39.959758108520504,33.12761966743469,31.326953599187277,11.014867501492882,17.263692464447022,39.427536277771,73.76433347795331,47.35959920883179,30.06043948817253,37.372836685180665,61.96455764770508,24.561744516828057,10.813968228735812
2023-10-08,14.513958942890167,46.25616188049317,23.400844001770018,67.88992826843263,102.61846684741974,11.058055685071944,34.238567504882816,40.31719711303711,31.83032558441162,31.03781096265535,10.584622009059906,16.964624471580507,39.17830284118652,74.49880150909422,47.703131389617916,30.05148371386528,39.89154106140137,62.69676208496094,23.718643600346947,10.845723926532866
2023-10-09,14.908956580073832,43.86280710697174,23.4433484418869,67.96646141967774,103.95632514953613,10.920586221427916,32.09610726526794,40.21016212463379,30.969335525894163,30.908008803577424,10.545316045600892,16.951915097328186,37.79823155156708,73.3965609741211,47.867358398437496,28.834832667446133,40.67340643310546,64.20696647644043,23.57256516757965,10.792461756456264
2023-10-10,14.99971848695755,44.305277608394626,23.590917510986326,68.48011404176331,102.84403075387,10.848825278800962,32.4227293902111,39.83194759941101,31.249705886840818,30.739232331333163,10.715722601722701,17.121128871917726,37.594816832702634,75.21845710645293,46.348075398044585,30.288070819816593,40.663001708984375,62.23164544102478,23.750435554504396,10.268106059646605
2023-10-11,15.589299488067626,43.82894721038818,23.380189603805544,68.09459427850341,102.65042482489585,11.435310538160135,32.65127216073989,40.314863204956055,31.06201460037231,31.038290397820468,10.634817119979859,16.46705429420471,37.67422234954834,74.42512893676758,47.93437229404449,30.621448574066164,39.86668872492599,60.54521138305664,23.632329150231744,10.031069098624362
2023-10-12,15.1201302084795,47.0646530456543,23.413254977416994,68.95327704510498,101.27459318278312,11.785916331481934,32.92808916091919,39.63501991593361,31.440891571044922,30.811171301917938,10.744843680399281,16.34089710386467,37.78659194946289,74.84194872436524,46.3211633605957,30.43556097121239,39.50960849618912,60.40013142700195,24.519730281829833,10.190757747268677
2023-10-13,15.628780955314635,46.634481878906236,23.372309395408628,67.85052684631347,102.69428746891022,11.865659072494505,33.76001796724319,40.82114330749512,31.560523393249508,31.65287337398529,10.831260269872102,16.59290259747505,37.721819233322144,70.991246509552,47.84114383724212,28.93001572098684,41.350128917884824,60.33692171859741,24.828099155902862,9.936415911839102
2023-10-14,15.378819003152845,43.471983146724696,23.314650150489808,67.78939875183104,105.32735648918151,11.873474971195222,33.82816623167038,40.59298619384766,32.28750783920288,31.550076869773868,10.998270263254396,16.636438569117164,37.19174724196243,69.94400983428955,47.16434556467056,28.91585087106228,44.46957828521729,60.07593257432556,24.126769134407045,10.120651460223197
2023-10-15,15.74501756147146,43.95778781890869,23.578809168434145,67.3836430366516,106.62839071083069,11.826988836582185,34.90328369665146,40.959141438674926,32.31211486816406,31.795695444345473,10.634019636615601,16.431761852639575,37.05685306464387,71.7225234425397,45.83098165710106,28.943284581899643,44.227034034729,59.913548428573606,23.951583903522494,10.522774122047423
2023-10-16,15.760031510016917,44.15493088188171,23.6785550868988,67.31756431732178,107.45141487693786,11.867398804275513,35.94790815639495,40.88591038970947,33.06195932388306,31.888859058723444,10.678263646422602,16.56787015488682,37.208355380962374,72.18561192636395,46.5059957866373,28.231816638951297,45.21570083618164,60.11249257521057,23.88628237773521,10.57165996055603
2023-10-17,15.766892057604789,44.17662161922455,23.687284034729004,67.4616265618744,104.44527246961583,11.827571761512758,35.269219632439615,39.97094219566726,32.51524002799988,31.79228170394897,10.580196735596028,16.156649408258627,37.65916373291016,72.86791102003096,47.32030941687584,29.331046391754914,44.23830491409302,61.69508613586426,23.784503221035003,10.781464255407771
2023-10-18,15.793093787670136,44.59254055023193,23.408325424194334,67.25271113182067,103.83039035224914,11.473918199920654,34.77533226013183,39.11510293387413,32.42684139251709,31.1098444658565,10.380505711441499,15.81556413521664,37.68411054611206,72.65552412045479,48.06707525253296,30.35670948457718,43.128396232223515,61.33571647644043,23.215113750457764,10.84407916624832
2023-10-19,14.946834357335186,42.07349134180068,22.591132957363126,66.13649463500977,100.14083856267928,11.13369407088375,33.826856772422786,38.06919282417298,31.87383144378662,30.45789889184475,10.895961618928208,15.661331186290429,36.766916848182674,70.23643529891967,47.089691645622246,29.514176134886743,41.7694419593811,61.37291358947754,22.413460243327616,10.711966402630921
2023-10-20,15.15967554314532,43.34632486152649,22.57476279258728,65.23293208007813,102.23259887372018,10.864529000185948,34.51282567977905,38.11932216739655,31.617650756835936,30.81983807373047,10.049879812741699,15.705327716054205,36.14270385742187,68.96824527248383,47.509992802619934,29.891599329471585,41.39182910735321,60.51495109405517,22.681746442652248,10.724310277542113
2023-10-21,14.485134622235297,41.92216650295257,22.478703544521334,65.87921540519714,100.71807716560363,10.590250321840285,32.96553875827789,37.52647830162048,30.820339891433715,29.88678381711267,9.6288434280883,15.624144736497614,34.86710625375366,67.74266109466552,47.34988431930542,28.267628816697478,40.51447626399994,60.66665428161621,21.911703927369846,10.343261277763125
2023-10-22,14.253743749594689,43.49552696228027,22.178934150907516,65.78495389723206,99.04898676681519,10.898412836360931,31.799078407287595,37.20365036785698,30.520264948654173,29.41805154910047,9.562996298209077,15.501981438680804,34.46096550169373,68.36484546661377,46.01943336009979,28.866058465647697,39.56796730041504,60.67799940109253,22.154777622032334,10.01873960097027
2023-10-23,14.257638290176391,43.274160884857174,22.404327955718994,66.55972988020798,96.71871963335036,11.08685375213623,31.099144755363465,37.22422247034645,30.09789368184471,28.645140224365186,9.523309740257952,15.997861558691307,33.908346038306924,68.85618381500244,46.99613513946533,28.51240149450302,38.2425076675415,60.754477424621584,21.887158330724716,9.960003359592628
2023-10-24,14.224324946926831,43.087312899398796,22.48871502602005,68.007162309906,97.8031211414337,11.28830888428116,30.490405032520293,37.32831061277962,30.44054015197754,29.39173513489723,9.726805874043732,16.251784646158217,34.521390637207034,68.48790157699584,46.46324607467651,28.440570374965667,38.47797180175781,59.4767925743103,21.56498947677196,10.04924026994705
2023-10-25,14.212332262428081,43.83166573274231,22.573373788146974,68.5180759905945,98.89957637786866,11.279087165554047,30.829943195343017,38.058906898498535,31.051217594146728,29.156783304834367,9.697528151338748,16.972480318765637,34.8466671652629,70.22824580995561,46.36661576557159,28.797404050827026,38.6657944519043,59.002826399230955,22.096536036128995,9.999305490633915
2023-10-26,13.661478610027725,42.90641366363526,23.335999145507813,65.47804710388183,99.87438297271729,11.35903427105713,31.472284698486327,38.25236824035645,31.023908207130432,29.747777771508694,9.575398970729188,18.317339854825974,35.60245701141358,71.77503591156005,46.66646862030029,28.725827407836913,39.42849349975586,60.7221565246582,21.38673188331127,10.059230173046995
2023-10-27,12.829399320816517,40.62977030181885,22.382719110488893,68.10774809490967,100.04894458580017,11.050389185931758,30.366642605781553,36.15467694205284,30.379134373789785,29.361848300457,9.62389252567392,18.505472275282855,33.56080876964106,67.12236884622573,48.2953139857006,27.800974053382873,39.00335792541504,58.98759300384521,20.94272387937069,10.047981289011597
2023-10-28,13.735525379902695,41.49957889709473,22.81895582969284,65.79339004440308,110.17513178850174,11.358874376846122,32.27096570800782,38.31869125366211,31.119747159004213,30.269603579521178,9.659230892920474,18.383794848066334,35.67844287348748,70.6453939534378,50.03773332352638,28.04680453491211,41.38484573364258,58.87846104812622,22.421723022150992,10.169476495471
2023-10-29,13.732556580548286,42.50260083320617,22.765127872089383,65.67519315948486,112.07572532827378,11.259131454726425,31.657882334389686,38.407188415527344,31.002343708419797,30.02376716975212,9.471860434053056,17.79743889799118,35.2613016444912,71.50332572753906,50.58934812240601,27.794105027675627,42.217513198852544,58.77674525037002,22.586937818956375,10.142120194115638
2023-10-30,13.73576274460001,44.33375642774964,22.826904897422793,65.75346465682983,112.03514450151444,11.154475661767954,31.169296765408514,38.623863220214844,30.845477384376526,31.002198194915774,9.364688865038643,17.811477543926237,35.27992069927597,70.48995800914764,51.078237099437715,27.630321753501892,42.104782295227054,58.86888175542068,22.518026780977248,10.326811942165374
2023-10-31,13.818102931458949,41.74539787971496,23.334939200019836,64.75975142669678,113.08696880722046,10.968627876396447,31.09064242315292,38.470237731933594,31.077360763549805,31.226451256928442,9.22015053956562,17.615371726036074,35.852884140014645,70.9384571685791,51.73428674983978,28.60390697622299,41.717576139450074,60.07156511249542,22.904929304122923,10.342715832710267
2023-11-01,13.811257112417222,42.02798076018333,22.990788387740132,67.6864589120398,113.11391941040038,10.952450488483429,31.263646306514737,37.71277851104736,31.122930507659913,30.28067760515213,9.308849534375675,17.5057536751728,35.64849417915344,70.33348289228441,52.521320337295535,28.11116358683109,41.83299567375183,60.16714514408111,22.677378845214843,10.289852323722839
2023-11-02,13.40706124799423,42.27705444339752,22.577956658552168,66.75162374446106,112.82010978080748,10.985435767364502,29.25765621418433,37.59219741821289,30.02720016232521,29.667847065439222,9.217562967308904,17.014143546755854,34.96339161993026,69.89401529408455,53.10795520591736,27.651783781814576,41.51841358642578,57.918126872923565,21.993920034825326,9.999185384415805
2023-11-03,13.268818486181324,40.77181218538284,22.836906829064368,65.56432250976563,113.47648693084716,10.91628579809475,29.75907327886104,37.64526889801025,30.549349408721923,29.82451162822723,8.947401700973511,17.521746714019773,36.026307106018066,69.6118476448059,53.17049350473404,26.90927443611145,42.0253199546814,58.01670366096496,21.996770203657146,9.82023385588972
2023-11-04,13.242952048953644,41.744536182403564,22.49564878387642,65.92840177917479,115.63222817539213,10.840677862118653,29.589947099645517,37.02992300491333,30.21884538855743,29.882375630636215,9.112043314427261,17.46488257312775,35.13908931282806,69.33690534828185,52.981314182281494,27.107562974939345,40.66676291656494,57.46994045150757,21.966697232796474,9.834088860214234
2023-11-05,13.67506924229622,42.064937627792354,22.498263368951797,65.98686294937133,116.37417058662415,10.919889355665205,29.582793125358723,37.119879979705814,30.300212038513184,29.960257752428053,9.094288248694612,17.317398710821152,35.20833677638343,70.20813287555694,53.513937091827394,27.260256390295027,40.99462881317139,55.75050805653705,22.0488988209064,9.828713647842408
2023-11-06,13.777642575001718,42.30061236763,22.813641739654543,66.17737206573486,114.51036188541411,11.061113090188979,29.606915572659013,37.396442346954345,30.657293337249754,30.224027986469366,9.188480743273086,17.497060499198913,35.876595224711494,71.63550738597795,53.116449262619014,27.52259569416046,40.658690993499754,55.95555905709514,22.23775476594944,9.84708077027893
2023-11-07,14.27942345237732,42.121165141811375,23.57343695640564,66.99563488140106,112.74197805330276,11.230557975769043,30.05768640173435,38.03324058532715,30.64911081847572,30.1994333948184,9.199396427494468,17.751349226760865,36.123139563285825,74.56522917366028,53.42912022079467,28.421775187969207,41.20597609901428,59.21694697576905,22.52003247756958,9.926558377466202
2023-11-08,14.621979922771454,42.30994382326126,24.33364418621063,67.1746522131958,113.57327360057832,11.278456465604783,30.310597431163785,39.007014484405516,31.08560132713318,31.089800273895264,9.397704310676401,17.656150185087203,37.02474920654297,73.42308328908919,54.60056809043884,28.372317997570036,41.52610695204163,58.571299999237056,23.297999071598053,9.858129633559685
2023-11-09,14.797986039133072,46.09349523169327,23.995381207466124,66.8254329466095,114.21716638784409,11.345213027338026,31.380867083702093,39.61836421966553,31.974057636260987,30.954804928779602,9.330864832635038,17.837878916072846,37.173797089576716,73.89734312687875,54.24839265426636,28.994397035121917,41.5989873114109,61.28871228218078,22.99123604607582,10.235285953330994
2023-11-10,14.247203133645057,43.33710685271716,25.687502098846437,66.71258035596084,115.7615621336746,11.637893786956786,31.763508018064496,38.656496721416474,31.853473439598083,31.015879386777875,9.401314612714232,17.304215740442277,37.293442201091764,74.14989840482711,54.86253085727033,28.80229286367416,44.04941641235351,61.84659054660797,23.927447323629856,10.26637065076828
2023-11-11,14.765611918952464,43.359886342987416,27.003006216430663,66.84693020851135,116.18100917621899,11.833122829152488,32.81553816301345,40.28980156402588,31.02768024775028,31.083955076851847,9.353346767392042,17.045964479012486,37.54075756196022,75.6590530307293,55.11581565631056,29.141295584986207,46.26485042686462,60.99943092784881,22.644702986837267,10.150478432659149
2023-11-12,14.67605197478056,40.01831404439324,27.58440520877838,66.20422516781615,117.81628521687928,11.763747189398975,31.575453769994255,40.26407657203674,31.117540451745985,31.487431023931503,9.43636005395508,17.285643804173468,37.50403654502106,76.7401161297226,55.07274460208501,29.227217283689978,48.435606988906855,60.750098413467406,23.87242919311523,10.070506192608834
2023-11-13,14.015922100978372,40.71475465156918,28.117070595359802,65.47300911941528,116.79274901185799,11.611627168150118,31.997211278270242,40.66947629241943,30.593510526008604,29.674220206772805,9.604581026756287,17.302494402422905,38.172596619438174,76.02161184310913,54.79760472576312,28.16837463228607,51.02917705993652,60.499706236839295,23.57880558013916,10.119081316669464
2023-11-14,14.064948473550437,40.670863492250234,26.799776495847702,65.13221740722656,113.7989986161232,11.42547671311667,32.51079355158805,39.18289854223251,29.928280829429625,29.734034509871005,9.738385936934737,18.066672439575196,36.18750154703521,75.6313839225769,55.043856664781565,28.224644266813513,49.75421146774291,60.886052722930906,23.506135696792605,10.168939546551588
2023-11-15,14.381274876272677,41.79927118511295,27.295585713386533,67.29084009358978,114.47541132659913,11.640019176349638,31.602194397863897,39.761304342269895,29.91357629007339,30.045604809093472,9.670224962837219,18.083686445617676,37.406116979599,74.0055294722557,52.97903017324966,28.573116949582097,49.39238480506897,60.71199300765991,23.258193892398833,9.953866010520743
2023-11-16,14.21036563629613,42.35591949520969,27.03117657382965,66.48959772949219,120.27475797294616,11.62767266394911,31.790184796051033,39.41411999977112,29.657832989941404,30.597838814909935,9.61476551181793,17.832738756946565,37.05776632816315,74.61566989768983,52.73808068844223,27.42854989676676,49.36393543991089,60.330277633666995,23.26476474952698,10.501031356174622
2023-11-17,14.632011352186202,44.80740286905827,26.536759615259168,66.9230785079956,122.30336250686645,11.441525421385574,32.208284888339996,40.63945045509338,30.12349516845703,30.05823508415222,9.310452692507912,18.10172303504944,36.400077763996116,74.77661079302607,55.85357418937683,29.20599839624405,50.18622713623409,60.36111831665039,23.32541534431114,10.834721266851082
2023-11-18,15.11592752609253,42.956419776348504,26.27156178069763,67.1897787574768,125.1149519294357,11.285978228747998,33.471795855840675,41.66702123565673,29.940060760007285,30.011454521258354,9.48312856288147,18.181891269538877,36.47215076078395,73.65630798826683,55.45958388857117,29.935863192844387,51.13168209949493,60.847574386596676,23.31125987663269,11.064649289722444
2023-11-19,15.114734145641327,44.919513830137255,26.90094325386944,65.04664512634277,129.09664676822663,11.434667733532278,33.87331940759754,41.80417583089829,30.275744179940414,30.235825884794707,9.471531240623474,18.144477332473752,37.25538523879566,73.62352973474272,56.548632958459855,30.0815384927845,50.501214809761045,61.31484317779541,23.39926810569763,11.13300450150299
2023-11-20,14.857724145269394,44.9190192271471,26.925502680748274,64.93640762329102,129.4695541148758,11.79810104818434,34.33516215361117,41.81768697659683,31.839808330741878,30.95255339140319,9.55135216660309,18.157734254024504,37.299764768959804,78.18933743887767,56.45921433468818,29.778209571361543,50.72883287641525,60.97576560974121,23.557420437000268,11.139530251422883
2023-11-21,15.327741336822509,45.275492425189015,27.002406307868956,65.40042144846724,127.13262739562988,11.92186218339896,34.08632617295358,41.72808609008789,32.77702211036682,30.443661041164397,9.584967579345703,18.29787592434311,37.61174382797241,80.27460211568525,56.40194982092857,30.038139009475707,50.548167510566714,61.54478454589844,22.971351775360105,10.942391062545775
2023-11-22,15.009623876094818,46.26460990905762,28.0942062133255,64.5832307236262,126.60803303146362,12.138467588302804,34.60992852786112,41.54457906673049,33.2042431640625,32.2309572057724,9.750760483152844,17.506148322429656,37.63980584501266,81.13150089141998,56.444217580604544,29.607006433060167,49.524107927781486,60.60823894844055,22.8069336227417,10.976288604736327
2023-11-23,15.171590527296066,45.817638665199276,28.785230741500854,65.64252082557678,127.03226708221436,12.19204507477169,36.686080156145096,41.14124769458771,33.11372375488281,32.11857404708862,9.721326185463866,17.501954938798715,39.61837459564209,81.38918727797817,55.60606841754913,30.085279655456542,52.509351008224485,60.94937507629395,23.16197715566162,11.02579828799057
2023-11-24,15.147117652759551,45.441068458557126,29.065095806121825,65.50191143646241,130.61902088356018,12.098824536108589,39.02971562290192,41.69661685882914,33.070985317230225,31.660581561398505,9.864384070011601,18.005137310028076,40.55339066905975,81.64136295362721,56.19313541650772,29.900721839103696,55.432509325790406,61.11363832473755,23.01520458869934,11.033560177230834
2023-11-25,15.38820363692522,44.668683191299436,28.710951690673827,63.727893326568605,131.67543558317186,12.133463430970286,38.46091592534065,41.45907711553768,32.273573155403135,31.58165757907391,10.497922137980115,17.477109013080597,40.68828341846466,78.56008392664661,56.161316196441646,30.28597884025812,55.685092277526856,59.71801973869514,23.313195236206056,10.975861875343323
2023-11-26,15.52757529401779,45.95375856307983,28.901048126220704,62.55228142742157,131.80290393304824,12.291460365215778,39.038057283039095,41.309931306936264,32.32169008827209,31.81407943153381,10.928886672232979,17.141891813020703,41.01284443702697,80.60791638453398,56.563070431709285,30.410038185746668,56.769764251708985,59.735321881313325,23.343455474853517,11.115620728302002
2023-11-27,14.667701103947369,45.51267910961151,28.50873441696167,63.66084196014404,127.33828760862352,12.329043085344885,38.080194974498745,40.77749702181816,31.78555735645294,31.187147818565368,10.11621394847763,17.300824130058288,40.36531940860748,79.20337710557871,56.40044887161255,30.048039885578156,55.18740497589111,59.288405045024874,23.50626203328895,10.805315158843994
2023-11-28,15.162007255554197,44.508912132163246,28.393383464813233,64.00533574333191,126.13404669570923,12.224548622850433,38.57020168304443,41.60310655766487,32.18083953857422,31.44949264526367,9.796773558677673,17.32803106870651,40.24643432292938,79.5468282388687,56.85651741027832,29.403843675198555,54.07766816940308,59.738609464645386,23.98497160249838,10.95801435470581
2023-11-29,15.315153069734572,43.34106338298797,28.522300291061402,62.14421755662917,124.56323509855271,12.559696018305873,38.33273511886597,41.93038066978455,32.1706657409668,31.203334490776058,10.11498842602438,17.59891992688179,40.2270973657608,78.89582708850861,55.85320021820068,30.184204307556154,54.49244049072266,60.05699512481689,23.95812688350677,10.7473062694273
2023-11-30,15.172105179008245,44.567152404785155,28.537589234447477,62.6589395198822,126.46329917907714,12.251627749270371,38.83402485036849,41.597143389850615,32.088436126708984,31.505691719055175,9.939795247415754,18.042503328323363,40.76597866058349,80.00608860969544,55.34113479074478,29.56256176682124,53.915555933761595,60.442203521728516,24.346639516954422,10.588392194732664
2023-12-01,15.440134677171708,42.66346259943667,29.106105184555055,60.86220103876877,127.57161184302063,12.74318496330757,39.860128498077394,41.5855656445427,31.664355640411376,31.306944087166784,9.931382506550188,17.60257833480835,40.718100510406494,79.28412758043365,56.27315599822998,29.58747077040367,55.42620044746399,59.99458385467529,24.375936782455447,11.177159632110596
2023-12-02,15.256988888025283,43.58625860521316,29.206222352981566,61.365706448249824,128.51737717243194,12.689344817490577,39.509295272827146,41.56728450622559,31.437474098205566,31.389362239837645,10.116399213652915,17.21925870666504,41.363903274536135,79.83814194374084,56.254439214706416,29.69926866961956,54.74623489379883,59.747103691101074,24.418086936950683,11.554240715885163
2023-12-03,15.53014319762707,42.42647391606331,29.365044536590577,65.34023513308871,129.0827780009651,12.826257195954321,40.31072757625579,41.42055159187317,31.71756646156311,31.275592738151545,10.051617098836681,17.304495858198166,41.393524169921875,81.88429133605958,56.8014030418396,29.80074043594837,54.54739761352539,57.990712112808225,24.517947325922012,11.747429502010345
2023-12-04,15.388726104483606,43.66418849658966,29.33854546508789,66.20309073944091,131.95539483089448,12.859589901151656,39.828135013275144,41.211294412994384,31.943115711212158,31.280924306159022,9.890204105066346,17.73928824032593,41.850677490234375,81.40323901748657,57.18786385291099,29.683438925313947,55.75,57.2512372253418,25.264675839639956,12.004223491573333
2023-12-05,16.393183551578524,44.001291983127594,29.58040397872925,63.72939193725586,134.19970027542112,12.849328331821058,39.50821273833933,41.13142645454406,31.192213535087582,31.27965295665078,9.852701037396814,17.765677654760044,41.508307933044435,82.86625957489014,57.04902955000563,29.985202494621277,56.484986572265626,57.790567550659176,25.62283411429024,12.297122858905793
2023-12-06,16.100760689735413,43.46819478055,29.419583436017987,62.54039387054443,134.3240288697052,12.979953043599128,39.9301890940321,40.72175482509613,31.466410491561888,32.1354810339117,9.860876117427361,16.745486238054227,41.66373633556366,82.48721597671508,59.20309714651108,29.769469578437803,57.84468569812775,57.28840693588256,26.17449719575664,12.409998251658438
2023-12-07,15.285726776196958,42.77316923475265,29.807399038410185,62.892975435638434,125.89731662578582,12.82871620223522,39.67374347019196,41.09929084396362,30.27651236412048,32.04785218550949,9.702471904485762,17.400662085199357,42.345458984375,84.00424522018432,57.587794649720195,30.082725591659546,58.74143417358398,58.810677757263186,26.123726611074087,12.660820421409605
2023-12-08,15.346138699812553,43.23446856620263,29.819838985633847,65.86125941848755,126.1537235767708,12.676539034041022,39.0342523047213,41.405641431427,31.817807891235343,31.66967071291923,9.957643664980546,17.165595629470822,41.336448114629746,82.08494137001037,57.93166113363504,29.8034441183424,58.997969699661255,59.46568096160889,26.744603256820678,13.26735752301693
2023-12-09,15.194240904594254,43.55613256616593,29.930006018257142,63.466530512809754,130.119769681406,12.672067248916624,40.75722457264795,41.181802123260496,29.970331151564025,31.533777664842795,9.991856662156357,17.15746933843231,41.219873130226134,80.18104092058967,56.281153380944254,29.628357439842226,58.91649122265243,59.312034111022946,24.556795281166433,14.178699764919282
2023-12-10,14.96110760324478,41.76851866871309,29.686747594070436,65.75484603067588,125.33240159820477,12.63108705186367,40.296983300899875,41.26501523666382,30.1121589590538,31.105189995258375,9.992063209514162,17.776174653891385,40.48724444732666,80.24892573054672,54.69771151075359,29.40805727291107,59.08176297049714,59.72336959838867,26.367239708599094,14.752965698242187
2023-12-11,14.726076658796309,41.523780897799014,29.392273426437377,65.7261626550293,126.08350318223327,12.885598145484924,40.23024866189003,41.36839463768005,30.232867840040587,31.582670819095796,10.296774647977957,16.6814734820684,40.649019927978514,78.75696972094917,54.77448435268184,29.398603387355802,58.9713099208374,59.50882339477539,25.942922291244507,15.258423061370848
2023-12-12,14.784735206434965,40.93245971612676,29.600825901031495,65.45495592498779,127.97759841109082,12.620871861379623,39.99041451872091,40.97256454467773,29.793229941701888,31.90763758684158,10.292879786062455,17.2448280582428,40.03258602679252,81.70684714044572,54.76626649157929,29.433694148540496,59.51884305267334,58.83615726470947,23.989643558048126,15.366614322662354
2023-12-13,14.723388857757032,43.43359682731389,29.498056526184083,63.81275630664825,127.91326046516728,13.073622421699762,40.38125864124298,41.39671325683594,31.674407640914914,32.1618424987793,10.185378727359238,16.772093277678962,40.61247047424316,83.82487225152968,55.3008530896554,29.69081869125366,58.311672830200195,58.910728454589844,23.2603657951355,15.574095706939698
2023-12-14,15.581886504142282,41.24863401998767,29.182733232879638,64.35235592990112,128.54423384703213,13.175647697639466,40.05592336582504,41.49635696411133,32.93041990585328,31.741898987703323,10.432147575717122,16.78140511321864,40.21950255317688,77.91430612851047,54.93628885043711,29.537747644901277,58.40481343688965,58.25191084785461,24.885267700477236,15.480180253696442
2023-12-15,15.574452804386615,42.32270944417477,28.812840298461914,64.13623033447266,129.60331410935783,13.182036273479461,40.87987884235382,41.8481559753418,32.29833923339844,31.908008709383008,10.335459835917034,17.01033591556549,40.82677837371826,82.32283707046508,58.49055406823158,29.80601191520691,59.187068939208984,58.1802978515625,25.16968569501907,16.129965438842774
2023-12-16,15.706059332613945,43.45991726839371,28.66277482395172,63.490188867187506,142.70994776138303,13.00520050048828,40.67391268063545,41.82490550994873,32.00128768037796,32.476992882728574,10.174359764058151,16.79872298812866,40.55909637565613,82.45937099075317,59.96921514810562,29.613636478900908,58.80387153625488,59.393991508483886,24.628398621574405,15.626333801474535
2023-12-17,15.643763271331789,43.52371126810884,28.592274428558348,63.590276136016854,145.7079299926758,13.362858352661133,40.40758230897903,41.653774909973144,32.33891436767578,32.75746122264862,10.440523235807017,17.479147282196042,40.95456259803772,83.4322409513855,59.55343508404254,29.47983316040039,56.17264362670898,58.95471828460693,23.041659901270865,15.805897759729387
2023-12-18,14.728977481859921,41.3744257874242,28.039439015579223,63.28877305297851,146.00880108833312,13.30103732614517,38.786594495000834,40.983078460693356,31.47782781829834,32.57190456390381,10.058360868777521,17.086076575615312,39.84928434448242,82.87209390572549,59.24395649751663,29.067120886802673,55.933945370006555,58.46310207366943,23.133507262301446,15.686142398248673
2023-12-19,15.054040568590164,41.69607264146805,27.039678129718776,61.738457525024415,144.3988080704498,12.946620427322387,38.559632054328915,41.11605453491211,31.25049668718338,33.16183621859551,10.38290764930948,16.999311613643336,39.68509934921264,83.3606137046814,59.021147009768484,30.10535925722122,58.012374572753906,60.56634098052979,22.808812274157997,15.808330395126342
2023-12-20,15.10002908706665,41.352846980863085,27.962606165611266,60.210063408801325,144.0749903640747,12.83558407306671,38.089116440048784,40.9471549987793,31.53727843132019,33.12969772084236,10.411658324141541,16.55672455215454,39.32323732452393,83.11896683692932,59.71389999389648,28.970816446781157,57.48325740623474,59.91252515716553,22.729685047101974,15.687341056617734
2023-12-21,14.607938901815412,43.02970162296295,27.804157960891725,60.20082869615633,143.11404318237305,12.988933124542237,37.884276611677976,40.381900749206544,31.638555908203124,33.352769717216496,10.709576400183563,17.091254353704432,39.45502201080322,82.49089055817603,59.516887724876405,28.750266124699113,57.867801666259766,60.03044975280762,22.31134723660326,15.851081037139892
2023-12-22,14.974129381656647,42.71378966271401,27.172655627055015,60.449995069254676,141.48718651548384,13.110488662719726,38.40180782104969,40.86137390136719,30.98715778427124,33.20358137374878,10.659303337215029,17.08143731727698,39.346939799354544,84.31609897613525,59.03923116057872,29.032668976306915,54.990613466262815,59.2705059425354,24.602904927577406,16.336486623573304
2023-12-23,14.893838963856696,40.77439883714261,26.546837688446043,60.73857909290313,145.47641361236572,13.057110235977172,38.75444055510349,40.94728088378906,31.41224792480469,32.97130734066009,10.052713285451201,16.64502412219047,39.55547817306519,83.71602973937988,59.850533015728,29.38614420890808,54.719420176105494,58.602339177703854,24.946573927802813,16.84961325787943
2023-12-24,14.819358749599454,40.82054776168227,26.54487244720459,61.00354357601166,147.93574325180052,12.905700970458984,38.34856934138604,40.59266288757324,31.071096312904356,32.27465052292957,10.215715976447235,17.754579415321253,39.22069629878998,83.93790264129639,60.692469910254474,29.202918547153473,54.67316289402008,56.87329854006958,24.498098859237672,16.442410465118407
2023-12-25,15.181914586812974,40.64524127435946,26.674987535327908,61.59738290405273,152.08057022094727,12.797135486984255,38.17693188200869,40.471282634735104,31.170858970069887,32.239813438122944,9.989089007824088,17.468207874923685,39.11208467617035,84.12971487808227,60.089611481666566,29.232331974506376,53.2081899710781,56.725814142814635,24.684761711391616,16.581455816699982
2023-12-26,14.86919949783379,45.053817351608274,26.223523355785275,60.56560016877364,153.5574142345047,12.706710777282716,36.72125601968765,40.286450939178465,30.49684329412096,32.455786492137904,9.867123369557019,17.72430375963169,39.12841925697327,81.56938502914724,59.230246835374835,28.77473981339693,53.27102463506698,56.56051603653717,24.2664955484333,16.224589417648314
2023-12-27,14.248534682495569,44.79404713310692,25.789101225889663,60.49140708236847,153.2078855344391,12.990273444751738,36.15797205033302,39.69642076721191,30.338162855428845,31.065920606164166,9.09003861332199,16.832736000742436,39.28538553237915,81.49792559515,58.68205086344718,28.874983627080915,52.59371424797058,54.561806810760494,24.074787997632978,15.943750204849245
2023-12-28,15.188820034248014,45.53350638651926,25.73334287917328,64.85746053575878,150.12968161727485,13.030997261283874,35.36760529519701,39.470971987724305,30.23581013538471,30.786353703345107,9.518974129998352,18.075976073238373,39.55155210914612,79.42995407589598,58.1123048560524,28.588250819921495,52.1892987563324,52.80507298554753,23.994292206270217,15.61036640625
2023-12-29,14.416723835513592,44.87165247309493,25.734243253892895,62.76202750896927,148.54965047836302,12.894117931993245,34.29992230695987,39.59972095069885,30.43215181241798,31.160594004464148,9.857379509843442,17.115628512382507,39.86349829788208,78.37005536950707,57.23447145211257,27.991524154651163,51.32414928125381,54.42589469289779,23.650583716392514,15.211993026733397
2023-12-30,14.388132600052355,45.30222519668838,26.324090077114104,67.36925652553755,149.8369642834282,13.283647708659299,34.45479740545034,39.98408395767212,30.040404848059843,31.79359312849045,10.204427642753675,16.845844365692138,39.464629554748534,78.8484925357039,55.64862266697406,27.20009080032492,50.85737346104392,56.989901847839356,22.76468231298065,15.633621368408203
2023-12-31,14.25606292506695,44.20917647541046,25.68396932723522,67.34926867921152,151.30286496191022,13.12538805745426,34.59864617923736,39.992488861083984,28.880142424995398,31.43116644921198,11.079454767929077,16.745859875679013,38.6412281999588,78.71449688501357,56.35546300365686,28.739586004829405,49.18731825731531,56.02648136177063,22.700197117603683,15.963042487525941
2024-01-01,14.39389611765854,42.880292436149595,25.372197929520606,67.4735974128568,150.29360496139526,12.862463684116435,36.49299747467041,39.51742172241211,28.543507549892233,31.116833206107327,11.271012230701503,16.83814710474014,37.761138175077434,76.99980590984345,56.628321545362475,28.400292459168433,48.37354524418073,56.02705791702271,20.548487965541838,15.624435307693481
2024-01-02,14.482718298425672,43.397421058183134,24.980731869099138,67.2448489323349,149.73337525177,12.679359769340516,37.85531595230103,39.355202236175536,29.160291951615715,32.2289986673069,10.60886341399246,16.92041524028778,37.577987115320774,77.53390207405471,55.69107670320367,28.19244960451126,48.336117801194106,56.27655383300781,20.835783603286746,15.839624288940431
2024-01-03,13.548143061185295,44.32131482849121,24.871697426977157,66.58752576828002,149.08029678726197,12.303572327613832,37.73105918598175,39.701744079589844,28.519094148653902,30.471519078068734,10.400146375172197,17.04384782123566,37.74543051200866,77.5153161232172,58.372724883069985,28.686194128332136,48.3267634999972,57.761069018554686,20.415050354003906,15.72441640695116
2024-01-04,14.02275673313141,45.710413394581266,24.93864665022611,67.26421080848694,148.50189056396485,12.654100177399826,38.50749969482422,39.146410969161984,28.938439830509946,30.67008910675049,10.222194046188813,17.11449630295515,38.07262899398804,78.13768004148388,61.7196262292862,28.4300870347023,48.459273097543,54.93730981636047,21.228744968364715,16.023029383850098
2024-01-05,14.032417139604663,45.836345885112756,24.768359731791325,66.40893588638306,138.33278962867925,12.85696507262987,38.082806929206846,38.89985555897712,28.45866199744217,30.831470935940263,9.81798070200348,17.21615309357643,38.128024565706255,73.79187824125098,58.19189557957649,28.20348618281364,48.43866742925691,53.45446050769042,21.33111816558838,16.05225209007263
2024-01-06,14.112136963228226,45.83030864151729,24.76437152805819,67.5387393961029,143.06407090644834,12.818249028139116,38.629432678222656,39.76382297515869,29.639506940687944,29.72790936025122,10.12520850957573,17.679281347990035,39.276323109626766,78.16306650058873,58.63810994165468,28.710513067245483,48.73281729970859,55.6723162651062,21.850865489810946,16.773822044372558
2024-01-07,14.527414911496638,44.25102725691547,24.486346185520205,68.01443835560052,154.53778698349,12.906732422132492,38.67926025390625,40.167796783447265,29.512158629384988,29.70666347704015,10.038556442824861,16.947084441018102,39.53729019166946,81.25539799009323,61.49769196958542,28.773693323135376,52.08109172887802,57.56356934975506,21.525387109600068,16.659617692184447
2024-01-08,14.504559331376553,44.51045605421963,24.848942751903532,66.39214190788267,157.4480405845642,12.561177346229554,39.02393741607666,40.41380504608154,30.503207458248134,29.910835435002845,10.061788581492463,17.03973514919515,40.209726126623146,82.0776955564785,61.504438159217834,28.839936447143554,54.20611642456055,57.522114348493915,21.23411926534653,16.611295165634154
2024-01-09,14.673802461147307,44.35640835644382,25.700842858314513,66.44983162345885,155.65123144912718,12.53879102799797,39.25484222412109,40.600770721435545,30.58618080030441,31.69466572111129,10.12988214589911,16.98742805784702,39.6636620040987,81.4179024950695,61.30485454416275,28.960810947418214,53.79485618585658,57.32604565071378,21.159121228809358,16.49814448466492
2024-01-10,14.520576364674566,45.28100698635051,25.44910127903423,65.55962902984619,157.3277114868164,12.231867176628112,38.86521938209533,40.465226705932615,30.32157630928573,32.454616539001464,10.032142463384629,16.87358456559105,39.66417387349605,82.35077005577087,61.202242120742795,28.778734112262725,53.64948247499155,58.65326594572905,20.747694869613646,15.84304554107666
2024-01-11,14.086386242055415,42.2215168390274,25.471369889705944,62.76875555992126,158.12648145675658,12.537201019477845,39.28094139099121,39.81344061470032,30.125335410267446,31.605429618244163,9.667435265716554,16.95857593438897,39.150050735187286,81.77401142120361,60.86566170215607,29.44627468351364,53.75564387761116,57.27744385359192,21.104726714789198,16.779642420578003
2024-01-12,15.115037270535563,43.06545658206939,25.8650286521244,63.342560005187984,158.770751953125,12.636415157318115,40.439845228958134,40.84299110412598,30.797842726993558,32.224946805953984,9.661156745567322,16.796282583535195,39.53288792128085,84.49186706542969,61.78631429672241,28.93692355155945,54.19399295319557,59.27907484826743,21.743647048463963,16.547384917831423
2024-01-13,14.903464142955922,41.887097834587095,26.031983019104004,62.50588046836853,156.06202532958983,12.540653238201141,39.058178906147,39.84798698616027,30.333610130936048,31.88597918609619,9.776759820359572,16.676202196238066,38.58094965345439,82.73870523262023,61.11895122528076,28.747682189941404,54.160192817687985,59.64816576521163,21.29198051845596,16.15815056991577
2024-01-14,14.8082986529387,43.33727752066612,26.599643198882962,62.31171404457092,155.56742602157593,12.63112923116684,39.713532433662415,39.71806795349121,30.41881994892768,32.15864780347824,9.584293297202683,16.53064628329708,38.847945149316786,83.0357652797699,60.986202913284295,28.100755496978756,53.716392265319826,58.48422372194183,21.711779755605694,16.016727220916746
2024-01-15,14.580209223683024,42.59470746072507,26.335211970520017,62.09186840057373,154.35479256214143,12.926532634543419,39.317335316242215,39.947710762023924,30.18475896761398,32.793642433103365,9.39179883292075,17.08344167514038,38.537422621850965,82.39400570297241,61.016530421733854,28.958830993795395,54.992146016120905,58.29044140894043,21.569135810325623,15.827514460372925
2024-01-16,14.377161128075993,42.45439498552894,26.4978911690712,64.33940198020935,152.8020029613304,13.008684275007246,39.61350909805298,39.196074078369136,31.15353762969971,33.00078948560715,9.567640147247316,17.241822922572556,38.41747314341454,82.99299945831298,61.237809848785396,27.87748745138168,53.783958034715646,57.678113941314706,21.140956184394838,15.500508975982665
2024-01-17,13.882727199940108,42.93021154625416,25.784936111367415,61.77591899299622,153.785391998291,13.015498237229346,40.2121976852417,39.58524620056152,30.941286981124875,32.21524736512022,9.648810211204605,17.13281848862457,38.98966362533569,82.1799631061554,61.079008375167845,28.10725625324249,53.61552009773254,58.27601991130966,20.645898650255123,14.932870769119262
2024-01-18,13.727781504926044,41.19592302160839,26.183153739337918,60.537369478340146,152.7889741630554,12.968656566773413,40.283955464172365,39.35270861663818,31.23424347686767,32.77253845596314,9.704526784008248,17.316196380317233,39.451397655487064,81.66332989311218,61.11066002082824,27.92217143016815,53.361300928115845,57.46803326367188,20.17649810516739,14.768007014465331
2024-01-19,13.792695044954968,43.67524556791915,25.80039592724848,64.35247811483258,151.56582732009886,13.002619740016936,40.44826616191864,40.43346405029297,31.343520557403565,32.862987573623656,9.569275294814073,17.12944150591278,39.78414592729568,81.39185325622559,61.20008781051636,27.652789095157953,52.249387041091914,58.206972471318515,19.28913329908562,14.516769095993041
2024-01-20,14.806871391520156,45.14177504058838,24.494365735530852,66.5099951297264,149.7179350222778,12.83363149623871,39.44547384612465,39.43278568267822,31.308194597099302,31.64038922945795,9.521362298787814,17.09713269541168,39.22292296133995,79.73669197566032,60.29291324380875,27.90000326514244,50.106606950998305,57.395084413375855,18.631990813087977,13.787890336841583
2024-01-21,13.318991303081052,44.89966758588409,24.616773062381743,66.05537721188736,145.03887255433673,13.110598155212404,39.47643616240311,39.51870220184326,31.601521804504394,31.60478272355976,9.453833534816928,16.9553308611145,39.464941584663386,78.52394742616653,57.35292746204567,27.331607211198804,50.34123239647865,57.502815725143435,18.43086510148693,13.688166908798218
2024-01-22,15.425612455162032,44.204803843688964,24.443466126165386,66.79853255727765,142.26294558617937,12.907298475265502,38.51798079139137,39.09248092460633,31.63220902798462,31.464205782404992,9.416124354148874,16.88327130230713,38.76285067940712,77.61109349264144,57.59309942761803,26.900125628585815,49.793349516620644,57.17283468640137,18.126000256100404,13.589051946830748
2024-01-23,15.287112036866395,45.249668092022205,25.201137076354122,67.56952143652863,141.5255237428093,12.932907675933837,37.83983054704857,38.35484714241028,32.07775302581787,30.987181362086485,9.410228482041898,17.10129095213585,38.38570416702575,77.97919994544982,57.59393677860545,27.250358058214186,49.336872104587556,58.38792941092141,17.903447284446717,13.425874006462097
2024-01-24,14.622473379169417,44.80199393582153,24.660874973075007,66.65255633663668,140.32147687849044,12.965935420989991,37.33762387905121,38.93036853790283,32.3818520072937,30.705785662879478,9.293705950304718,17.253366399765014,38.790166425189966,78.40944718551636,59.519137321357725,25.379348706742363,49.3266480960846,57.61816010350571,18.141765644563566,13.765301476097108
2024-01-25,14.276524308907241,43.33407454261779,24.66715684849262,63.53418862126064,139.20956084890193,12.990829506111144,36.829874238086695,38.93757247924805,33.87091064453125,30.8305593401928,9.306360355602777,16.525362254176137,38.42353801830254,77.44208581904412,60.90046452026367,25.738671562677595,48.32117193680764,59.57968168089295,17.94654503762747,13.443048040563582
2024-01-26,14.278976250365641,43.03366205424499,24.265539352606627,62.93860688022024,139.75607604995727,12.809090538024902,34.7573223344078,37.491271526718144,31.897663930892943,28.960644652903017,8.977755346168442,16.612016053676605,36.62543313645602,77.07526302337646,56.35815448897361,25.733736410991284,47.453062393283844,59.03644185969544,17.509329625052544,13.41912334728241
2024-01-27,14.258006584063967,43.08911787077199,24.749100740118028,63.515755401924125,140.40108231382368,12.933181056976318,35.373896883201596,37.4749546783104,32.07772836685181,29.098014998343302,9.056359983930662,16.959660530090332,37.022109766141014,76.89838157501221,58.245307731628415,25.665456529632248,45.8334103606224,59.053622287033086,17.974296298398972,13.27116307296753
2024-01-28,14.030008366958539,41.49322157432555,25.23597312068939,63.43452032254314,139.90096606063844,12.846591911315919,36.06393627548218,37.36509054994583,32.39469909667969,29.04028354390459,9.002426472171884,17.241102786662292,37.05781937302207,76.41992096096992,57.73710222244262,25.69820323091054,45.28121337913513,58.82234792033387,17.625647800827025,12.945633444786072
2024-01-29,14.185625183963296,43.19441620885024,24.057909328448293,63.47991875204086,142.2000626564026,13.01768949508667,35.97226131439209,37.609057115077974,31.84543762207031,28.106539546510497,8.962387053195279,17.934439814407863,36.087392415092495,79.03645870828629,57.6162314414978,27.016934209630964,46.48401818515777,58.72623212782288,17.07513546180725,12.883677456665039
2024-01-30,14.000770274585722,44.028827039810025,23.86818871762326,62.404128896484366,140.77222668222026,13.189062561035156,36.10184017181397,37.82538343544006,31.417421273231504,28.951118549096844,9.24993986549649,17.57996729690544,38.42940380513191,79.72379393005372,57.74744567871094,27.222037848272326,46.96901921653747,59.34596004529542,16.837642675014497,13.11707592010498
2024-01-31,14.12139206767273,41.26320896221161,25.922811547293666,62.155154782234796,139.37729955441284,13.012381951788596,36.15993721008301,38.47716361999512,31.689036083221435,29.729871408610723,9.451199226742958,16.341079271238947,39.258102893829346,80.30355949401856,58.00149128580093,26.340084893595176,46.6980773910141,59.572203024037165,16.54753313266714,13.281483421325683
2024-02-01,13.991036782836915,39.38296011449146,25.3631680603981,67.06445189105037,137.90985253658292,13.24481410331726,33.800148026847836,38.12315676326752,31.72196710395813,30.39249937860489,9.746182785476075,16.33806142792829,38.38088794642925,77.57180605316162,58.64799457025528,26.223482538515782,47.770788491249085,60.238286107498176,16.419359203282355,13.012946658325195
2024-02-02,14.02068014497513,40.986327947643815,24.848555045305535,60.92671874290466,141.44269712288474,13.407222952762497,34.0314849561882,38.106859531402584,31.40752737236023,31.10590942932129,9.81212313810682,15.95630516135966,39.32250312709808,80.81442804336548,60.47647790908813,26.560545481119917,46.357604775488376,60.60906161584991,16.322811617797854,13.34918888683319
2024-02-03,14.155362515459936,41.096562803468224,25.08150581281185,65.38863441467285,138.27258479633903,13.517553985285977,33.87381903636932,38.49852994918823,31.88508783531189,30.55585260942478,9.716121970737056,16.128514523025824,38.21747103238599,81.03119430541992,60.6576202882862,26.354747508812352,45.291062402126315,63.181684385425974,16.02690016307831,12.859642112159728
2024-02-04,14.277930647858973,41.19661345271587,24.88105889350891,64.65791483459472,129.2882642482515,13.223123151615143,31.11756915841884,38.24430665969849,33.54554358649292,30.802005477023464,9.622187051594942,16.26822171433153,38.09367667961798,78.91284255981445,60.347656304111474,26.51952697741299,44.03507110378933,62.501270772612536,15.400752353668214,12.78835863018036
2024-02-05,13.532361149311066,41.2789732232523,24.70145661180496,65.38336261482239,126.06585252707444,13.34926105041504,32.822490067722704,38.28434669494629,34.64987147218323,30.006798373447033,9.7743646746611,16.234782127005673,38.17188755434256,78.73355598449707,60.62510543935776,27.872734107685087,43.09074715558043,62.61121629570372,15.172409407997131,13.247209696786882
2024-02-06,14.200321092245348,41.924173639996724,24.895828704686163,63.416112070652844,123.52841727500763,13.074691543579101,32.24029181614665,38.052703857421875,34.12482948303223,29.68119109582687,9.26946866470631,16.24949301803999,39.85244348602295,77.48478243827819,60.49473365118027,28.327964869909284,45.43317172994614,61.78389252978783,15.54941913175392,13.069653944166184
2024-02-07,13.436502520751953,40.26312014057316,24.578793665084838,63.64983469145965,123.08027827223967,13.114668550300598,32.50691552079162,37.89310667266845,34.31065223199463,30.142950381031035,8.945948705946119,17.655641823201513,40.016765836795805,77.35930995368957,60.3902678232193,28.64707122001648,46.09622022628784,60.46722251707078,14.954728877449035,12.292078794860839
2024-02-08,13.387201789569854,42.84714769081125,24.519302274099,64.7129421180725,121.21847039336583,13.212012191390992,32.63461611877441,36.78371298122406,33.649965211486816,29.791829202135226,8.752354123786894,16.996398720911653,38.44860786437988,77.466796875,59.77959615325928,29.03189678648197,44.98013011914254,60.20811285171021,14.967721602733613,11.939088077205104
2024-02-09,13.555025210655213,38.941659938695906,24.498347807678176,67.0169259098053,122.55991577301405,13.71864810498047,34.12088123497009,38.01422637939453,32.83429715194702,30.354662967875004,8.95745365266873,16.66338829414884,40.25865793311309,79.77916374206542,59.46784029006958,28.69259625920659,45.774447461385726,60.39242584709519,15.248977935453414,12.344607994475211
2024-02-10,13.579119925678253,40.76987493450165,24.552814954443885,67.95581672172545,122.90710447850991,13.513394860874177,33.42080161645889,37.03175244712829,32.431586698471065,30.447680790634347,8.991786149617667,16.645340682638345,40.20537460316849,80.3257936477661,59.58350028991699,27.857822159857708,46.13722064775467,60.347447841073155,15.328010310235978,12.346975409198112
2024-02-11,13.485773966777801,40.08096827786292,24.64469819458108,68.57587488098144,122.34838148130225,12.994392072566988,32.60004507144928,36.8037991104126,32.3500490632782,30.186306704734324,8.894433770896148,16.61323232374405,38.75463346710205,82.01265106201171,59.7347617149353,27.155667756077435,44.254192512033455,59.36586087510681,15.279435142906607,12.118777019991587
2024-02-12,13.687457067455348,38.74416897937625,24.90812063296823,68.9713355140686,125.85602294721222,12.86209514012146,33.55618661790848,37.266595247268675,33.20243303027344,30.440916380317496,8.872865019377098,15.258561505628094,39.39830804214478,81.4931524772644,61.10543146133423,27.452397361813105,45.17342726414681,59.68640658155823,15.579411789328764,12.220465782727146
2024-02-13,13.911840539906112,38.69821524425442,25.04490785273795,65.33642807830809,126.92979974784275,12.886062353393555,33.59059149227142,37.45749048328399,33.49412460378892,30.770403685426714,8.880617847052115,16.838330700924764,39.307153985595704,82.11140774917602,61.768610286712644,27.71956257855062,45.3919967164421,60.60962039110565,15.628895509712791,12.291999780872954
2024-02-14,13.891475232459294,42.5083252458877,24.04228605561627,68.50689422607422,127.71021939729881,12.91071326382065,34.36689197158813,35.635876850795746,33.57459959339905,30.768952998018268,8.941298158377386,16.864302340978405,39.34868518066406,83.16012382507324,62.200681114196776,27.500114144730034,45.60803267469406,61.0737896098938,15.59029897783808,12.857860737556457
2024-02-15,13.990857656441802,38.77741881637902,24.15846013161292,68.08629796943666,128.40485879587553,12.949306895153047,35.12545653018952,37.83657625865936,33.61713698463135,29.56210991928863,9.06591092198136,16.61933533892967,39.25026080703736,83.88442611694336,62.56649951934814,27.49510909886443,45.610468601876875,61.25393536956711,15.89790753281742,12.911642571207047
2024-02-16,14.002885420448798,44.77348431968307,24.229827984151836,66.2493729286194,127.13528019590466,13.053745651916657,35.422474479675294,37.88029843139648,33.37985245687866,29.300854197179458,8.826003689186095,16.468568189414977,39.34395805979919,82.18376574897766,62.09333389091491,27.16062565660126,46.081883511543275,63.064552587272644,16.089230359840393,12.847610126214981
2024-02-17,13.869172100311488,44.304475595169066,23.677614573492974,65.35945748577119,127.18006890400686,12.707718570854189,35.509361267089844,35.69080824122429,33.590008705049286,29.82789198867988,8.797489270202636,15.891681173858643,39.28147491128539,83.67764885530472,62.65899181365967,27.999600373457568,45.03790575027466,60.71959492635372,16.2096555120403,12.96024000339508
2024-02-18,13.665130114997863,45.14883410797119,23.661833027393357,65.69493915481567,126.76134021387398,12.621335632553102,35.34955978393555,36.24423173904419,33.66143186222901,28.782232768221558,8.50868688771934,15.917861465123538,38.71703480619049,82.55543673906325,62.262436866760254,27.584433521404264,44.50410976409912,60.387938344527704,15.944407922996522,12.38400026321411
2024-02-19,13.555407423603171,44.33396969959259,23.93379316988671,64.17905904467125,127.51470785262515,12.325245229007722,36.858516693115234,36.503504641056054,33.9715232231218,29.50867373664405,8.969518972045899,14.910466206247914,38.14942010021209,84.71323074274063,63.20100975036621,27.97221344939804,46.83616985034943,61.382361248548044,16.6180377468853,12.759292964935302
2024-02-20,13.430833555114745,44.16435080337524,23.86558048997445,65.04778335979384,133.76348644506112,11.88796202545166,37.814155638694764,35.94550073052407,33.9093540870694,29.53973684622041,9.046661749895325,16.02631366923521,37.82022663516997,81.46928811917302,63.34197863674164,27.824944663404462,46.99206872177124,61.30888006777954,16.62906417503357,12.654602867889404
2024-02-21,14.09504145185852,43.32963513565063,23.92555702032711,66.07574054708519,140.97362480163574,11.777724125862122,37.036587181091306,38.06407699584961,35.094189310957944,29.65855704089361,8.946194167593841,16.12297167555999,39.31855499041558,79.8631467543803,62.85186915083885,28.926772461387635,46.97027793259621,60.60333175048828,16.610931611251832,12.758863356971741
2024-02-22,14.171869171760559,43.10185468139649,24.305516736947734,67.50060277381895,140.89317931549073,11.974380406986235,37.19815933227539,38.97504425048828,34.7840728088379,29.267222398667865,8.989233544761657,16.196647679473113,38.53199183867454,78.82581801130485,63.36311722469329,28.876673728179934,47.05918407660484,60.92103110504151,17.417282236643597,12.66488332748413
2024-02-23,14.126730164428707,45.175671730022636,25.206636950564096,67.34084338085174,143.9918014526367,12.413969105712892,38.0738410949707,38.95672607421875,35.94084861098192,32.686272640028,8.970879788051604,16.002651858764647,38.48050550372601,85.35748853610993,64.12612609863281,28.074228912928103,47.52535817241669,60.72959690093994,18.54011876586342,12.70203698158264
2024-02-24,13.652075612928629,46.09498531265259,26.745315965881346,66.22035642122842,149.83731318855286,11.837357233428955,37.94506656646728,40.2363263671875,35.8993779573333,33.37958101959228,8.907788779747008,16.127020509900053,38.26722963005447,82.24545314472198,63.58289804077148,27.949010038375853,47.575991306304935,59.78013999938965,19.223753069778443,12.774827243815041
2024-02-25,13.595670834218858,45.728738177490236,26.719664389321803,65.75926993897245,154.43404312133788,11.662017233848573,38.467178421020506,40.002001995849604,35.71496537475586,33.68286203641891,9.057326157180517,16.16874152233658,39.913465581779484,84.06322770132064,64.13152902030944,27.89066677093506,48.34821076583862,59.69805671653747,19.815442369972228,12.639762927864075
2024-02-26,13.479799303995538,46.244524868762966,26.73855089609384,65.95762848258018,154.44665908813477,11.791451017570495,39.034507629776,39.98509672164917,35.967917546081544,33.69390734138489,9.570903412227402,16.63607065662735,40.01557376858711,84.7239675136757,66.05303245611192,28.180012035369874,48.06702199172973,59.20989996747779,19.995478532913207,12.791717545749664
2024-02-27,14.31503528251648,46.34275427999496,26.79852895116806,66.58100160106659,153.4761860332489,11.962721293258667,39.17493094825745,39.52530834274292,36.35982505467224,34.00914499568939,9.585772809083958,14.997590778784092,39.184978225467106,85.54411576080322,65.94391175073623,28.121740095376968,47.026221971569065,62.75457821242316,19.54467627677113,12.643864715576171
2024-02-28,14.601901824668884,46.42721915359497,27.058264017105103,65.59368063279646,144.50940936069486,12.28195729206848,39.08755180892944,39.151100158691406,36.362831429031374,33.78418876338959,9.39135248664093,15.710688703482832,38.22358768117904,82.04792648792265,63.18641048812865,30.030192060470583,48.077714060783386,64.10875895844406,19.63959382095337,12.749606210517884
2024-02-29,14.561742704772948,44.128316116333,26.810519294886586,66.31124984951018,141.79459563449478,12.261488981437683,38.71341493835449,38.301182418823245,36.71321682460968,32.51089661235809,9.263386123745498,16.06374284578874,39.35398896503449,82.72528451442717,64.60895424842833,30.06556262969971,47.78099477863312,62.83841562817382,19.667433313270568,12.879228850173948
2024-03-01,14.754306553791045,46.15119236755371,26.80653097772598,69.15277710015107,141.82324766578674,12.51888283121824,36.67341843601227,38.385876974105834,36.45240935943603,31.475809002489562,9.315202150199921,16.016694505000363,38.58300728805542,83.51363699866963,64.57205793857574,29.938975125503543,47.056775775203704,63.04375212444169,19.91189166984558,12.307576665809155
2024-03-02,14.452922419738771,45.625358741283414,26.6508046619153,71.8069529724121,136.78403199742104,12.838771763285749,36.39502635052128,39.10850946426392,37.096972735064384,32.22469330015183,9.231227781391743,16.936457779060362,38.866071497411724,79.53075765862083,64.58898509216309,29.178443997390747,46.32283962535858,59.22809510957337,19.49635575720978,12.79995211935997
2024-03-03,14.511934106826782,45.802675671100616,26.848393060891624,70.9156723022461,136.42621376615799,12.8944950005287,36.353943648552125,39.3143423461914,37.273604023069375,31.17527473482799,9.386634618307426,17.207241340284803,40.734727363224216,84.07389930736542,64.46165026473999,29.198327410720825,47.05849727296829,59.28514065623474,19.636936651771542,12.651116868570327
2024-03-04,14.716453863973616,46.11191282272339,27.033687827768325,70.90727001190186,136.7828989700597,12.879870920424942,35.55702377736053,39.62830116271973,37.433317961535636,30.981679698283187,9.18446569938689,16.550085423751828,41.682329024654386,87.08636384582519,64.61992322158812,29.714270251702306,47.178364020824425,59.23848557592773,20.035859038244244,12.416736813131333
2024-03-05,14.612269532615661,45.62266217136383,27.42944666352861,72.13511512756348,137.72793520927618,12.86947210907923,35.81257855957031,39.297424112319945,37.20444039157104,30.540363472727307,9.132270557103286,16.56795161883545,41.16436408996582,82.53553534898758,64.68944519519805,28.903775590896604,47.49838862371445,59.85649007253067,20.527250278810502,12.424554892349244
2024-03-06,14.72331701681819,45.79890146255493,27.431347965717315,70.65092861251831,146.21740860168458,12.59287724676132,35.89876261074772,39.488326148986815,37.55537269188972,31.20739234443426,9.384284879183662,16.84510680479427,40.82920932783509,83.29321666521261,63.963663398179996,29.349815805191117,47.18309555623055,62.54504596713592,20.02003750991821,11.999903604190006
2024-03-07,14.5818505013027,45.47596784013748,27.26186833761692,71.71806838989258,144.11422461490628,12.571587506933211,35.6774635007944,39.71104196548462,37.86060521187332,31.19470662978887,9.172236139745102,16.624510178375246,40.62146287994385,85.11104531507492,62.27663305025339,29.60900344848633,48.302222658348086,62.6303779749907,20.366467846298217,11.988749492549896
2024-03-08,14.530561807298355,45.470146179757116,27.326861002385616,72.25381469726562,142.93912073962213,12.439884877967835,36.14571999280929,39.23136807460784,35.90390974044799,31.174130262745855,9.356217155483867,16.423834431829377,41.80673072339837,80.04352334520871,61.71042936058044,30.189128933692935,47.85552787971496,62.086941777420044,20.682499214921947,11.810196812438964
2024-03-09,14.472027242755795,46.34680748452205,28.189738454818723,71.32073387145996,149.71128273010254,12.229163715934753,35.47105790774689,40.13578350067139,35.056175537109375,30.794547240493046,9.854332446767486,16.353732302398683,41.35857089971161,80.14583025556274,64.96803753490447,29.910149733055114,48.17588554859161,61.857627566802975,20.98522132135963,11.967817840576172
2024-03-10,14.303094733031784,47.07930528034572,28.12200834274292,71.89390090942383,149.19907150268554,12.271942012450218,35.35339387383271,39.815203742980955,35.089647102355954,31.612957982784458,10.08341656357296,16.366580001686096,41.784310154506535,78.48894155082189,65.00501141435623,29.696987809043886,47.876716232299806,59.69005378078491,20.42738462377167,11.84386266708374
2024-03-11,13.652477278260932,46.81309511295704,27.618357115745543,72.16695206680298,150.94340744018555,12.211329688453674,35.41982490963879,39.448563194274904,35.298981285095216,31.528168193471718,9.864516072477953,16.904947980491638,41.90327982877212,79.15796008034923,64.22640295028687,29.8767290679245,47.62156648635864,59.947214473775944,20.224365224372864,11.628545589447022
2024-03-12,13.587257042457532,46.70550584112167,27.187985642066,72.83667137145996,150.2180327911377,12.234450279235839,36.359660528846746,39.176382125473026,35.331648445129396,31.542750189107316,9.711613111126644,17.051119918922424,41.4273699495163,78.56734567913179,64.58375988006591,29.607721794891358,47.15496798563004,61.927575876892085,20.90915328529358,11.718984107971192
2024-03-13,14.263288516284943,46.05298348969459,27.355603981018067,73.41304779052734,143.71278514652252,12.120662275981806,38.771874532814024,39.187884345817565,34.49735174274444,31.919913279590606,9.553746277101261,17.6132070369186,41.55017366125489,78.64928663984013,63.77773461341858,29.677371432495118,46.9028342628479,61.75550303407288,20.27808860363388,11.999477696037292
2024-03-14,14.348736372024705,46.273483486175536,26.252172416210172,72.58551567077636,138.31108886863518,12.15139175120945,35.56768900556545,39.74456024169922,34.8448353767395,30.57073338383681,9.446450608971483,17.325709218043524,41.43634576605605,77.2526380629746,63.420404574394226,29.74948708305359,46.990645854949946,61.38481048736572,19.937654285373345,12.008091786745071
2024-03-15,14.195529537963868,45.29254522796631,26.162862724877357,72.39653709411621,143.62289347457886,12.367683335588664,35.78377967015076,39.74387901306152,35.638648986816406,30.608915040819976,9.309867008189476,16.122104297145096,41.81714405120933,77.47868474329663,63.11193506678581,29.526804313659667,46.032645337414735,61.25969979176331,19.157696039837493,11.921076725379095
2024-03-16,14.133367473214074,43.544386997285486,27.99043236351013,72.29052177429199,142.69680533981324,12.30336044397425,35.938118651580815,39.890525817871094,34.84260377883911,31.721679542484278,9.44807490988857,16.399924250271145,41.8750928222343,81.47061780761719,63.647999665260315,29.73713234832573,46.6481872218637,61.14937386978149,19.361035860580444,12.276652289354324
2024-03-17,14.250927229429436,43.56501606366634,27.954101150035857,72.09642219543457,145.1548186340332,12.22523469052896,35.947974802398676,39.86463188171387,35.80335998535156,31.572420866489406,9.691223160641304,16.449425145489,43.050266161582954,83.53492069244385,63.75736373233794,29.792244377798077,46.94981121980795,63.129529717061466,19.092350780490875,12.091236682073593
2024-03-18,14.655787389770277,43.47581990998148,27.932339611530306,71.05021202087403,144.8097931423187,11.763770055770873,36.63069881439209,40.00020980834961,34.82482166290283,31.449908966217038,9.953999911446312,16.486433745152663,43.514701237302695,83.2836576461792,64.26023769378662,29.800631880486144,47.06841895862075,65.2821175614688,19.078642314295116,11.515379349831962
2024-03-19,13.938264712017059,48.319351734049185,27.56116539317608,70.1088623725891,143.9923250145149,12.380460057106019,36.879754600524905,39.331878166007996,34.03080696438789,31.609779694347377,10.01360849224058,17.543610126571654,42.63092024599457,82.7789067993164,63.69451096343994,29.235762568096156,46.43379034478187,65.02011392647873,18.50030535022545,11.526707963537978
2024-03-20,14.412662587864224,46.31238351287842,27.360151999669075,70.23267951965332,149.35635452270506,12.252802435402442,38.27821350097656,39.98932673892975,34.71389545440674,32.80944690942764,9.584760421501567,16.53943711489677,43.42524596932983,78.1976838312149,63.404306385040286,29.25853765179634,45.98098313916206,63.757751270450825,19.07600567328644,11.512659032649708
2024-03-21,14.569694621772411,47.057343567111964,27.645177835464477,71.21005212826539,146.90494422912596,12.552142881800648,37.55593671798706,39.650380306243896,35.07684893989563,32.78660092592239,9.567163022402521,17.010708629236223,43.02095021922684,79.65072040557861,63.081526142206194,29.255081952978284,46.461487594127654,61.398546518872955,19.241287692355385,11.324022575244712
2024-03-22,14.403070320275459,47.74559176842499,27.622836872048374,73.77710548400879,145.261243686676,12.62981869401455,39.31584167480469,39.137535358428956,37.82630215855317,32.71378160183429,9.35916449647522,17.84299921459751,43.28967255477905,81.90402732753753,64.1058557510376,28.91409086695862,46.26905823925495,62.565284839236604,19.085087664957044,11.930696352671815
2024-03-23,14.612618617678313,47.78715750732422,27.595270096607205,70.90508674621582,146.26575508117676,12.53886449258709,38.82006683349609,39.78982891082764,35.054812542343136,32.94770137310028,9.461588989562074,17.72968848603058,43.15299059371949,83.98657051849365,63.714156340141294,29.130885303702737,46.93423331394195,61.61204686665345,20.143000983810428,12.568695187551498
2024-03-24,14.285705073112222,47.89923828735352,25.964401745151758,70.88489730834961,146.24625091552733,12.202716204563083,36.97175670003891,37.019440515460964,34.949543149549484,32.79929676532745,9.449864900997124,17.59443828546907,43.02131139678955,83.97081127166747,63.280182517268656,28.970483516018373,46.17096985655236,61.95791496428969,20.41298715591431,12.515824822425843
2024-03-25,14.79471665271383,47.696156152725216,26.608097725334645,70.45384941101074,148.9654529571533,12.263409482263068,37.431312488679886,37.5626776068306,34.26409602137466,32.726450715065006,9.50226335655905,17.37085536392949,43.86147640052604,84.62534637451172,63.23918916197434,29.78878258763329,46.33740969797387,61.38437551936866,19.950508376312257,12.524129909706115
2024-03-26,14.265552119682312,47.479214073944085,26.701676975602624,70.26337532043458,148.74818280029297,12.19160092498558,37.678826479854585,36.13742360884948,34.98651341257668,34.4938905723381,9.309323961216773,17.901975133661267,42.638149967193606,83.40191693687439,64.13415092686958,29.11757077217102,45.659475221719546,61.33519911155411,20.047557848739622,12.58870265865326
2024-03-27,14.407033888861427,48.110077934543604,26.157023195032593,71.46599578857422,148.400058883667,12.25330828930498,39.84423065185547,35.32706962645471,35.410988819503785,34.97833252944946,9.342733752132794,17.759330019916533,43.02436263097,81.16460659217834,64.4490569598198,29.58306184218979,45.335690449258806,61.96266993255968,20.542895698928834,12.548744463729857
2024-03-28,14.380884272556036,46.91695950164795,27.466765708760544,71.34341430664062,146.85221476043702,12.288769330809288,39.53391667671204,37.12596504504661,35.12408466762543,35.30006848447037,9.079963469996565,18.114442214321926,42.99966157150269,80.02004985809326,60.76407021483993,29.402698853302002,45.9944732723236,62.95849810309223,20.513624414062498,12.587618942260741
2024-03-29,14.550380420488816,48.057407702636716,28.517130715370175,70.68507247924805,146.2255979090189,12.28639248976135,39.3064986915493,38.744155478038785,34.84552560939359,33.3767929058075,9.385965410365792,18.355767263031005,43.68544836806304,81.07372409820557,61.790198396587364,30.26749587845907,45.407099294013975,62.090422357228086,21.191759843616488,12.439796235860825
2024-03-30,14.480544606570282,48.640649503326415,28.672466703414916,70.63571166992188,149.06567134094237,12.539822281407965,39.720507416152955,36.80856672300195,35.6281914396286,33.76617884445191,9.591448017121047,18.444103244779587,45.19001152043081,80.75444095785141,62.226273391342154,30.047434717792505,45.688514207839965,63.908499954636696,21.225126315410616,12.475786172389984
2024-03-31,14.273048199754717,48.54385996856689,27.91821673965454,71.35462188720703,149.3285464324951,12.542047521012323,39.888445358276364,37.40499364454269,36.767707977294926,33.82806451320648,9.797949522487313,18.530067188987733,44.34264539419523,81.204980041008,60.11081071050167,29.7029118598938,46.65763334197998,62.46665347064392,20.754111278125766,12.403306312561035
2024-04-01,14.069905469644432,47.18223435108948,27.944582436561586,71.36954498291016,148.9719097137451,12.37159005412674,38.277927989387514,40.91890095027923,37.03174724578857,36.206463010282285,9.681381068582223,18.366619279617744,43.39174287923904,83.74234796078969,61.16752384605216,29.008748016357423,46.60707502593994,62.39713928101227,20.454766033000947,12.434958438873291
2024-04-02,14.033601815688286,47.736206488207166,27.999524488449094,70.28135925292969,142.15648222732543,12.50411541575203,38.369085759887696,39.569092480635454,36.383102391872406,36.21652679814674,9.712536269265517,17.75534237823486,42.700973366546634,82.57658907374724,60.76064671588265,29.285699802017213,47.01131059055328,61.64623075788116,20.06740857696533,12.274847755622863
2024-04-03,13.654000325439434,47.052544008636474,26.73173820081596,70.93575286865234,146.3340511264801,12.462873343618346,39.50419647216797,39.26979702028404,36.05519206981659,36.04430287586914,9.645942530915908,18.78137892377775,42.11906504745483,80.03409494018554,64.72384196886063,29.02264274597168,46.09238386774063,62.43490346586348,20.429677328086854,12.37082893371582
2024-04-04,13.29770997458267,46.92704981460571,28.38237185951614,68.77025320510865,149.08676261901854,12.801792134146462,38.64239676280975,39.22615649224834,36.10581859588623,32.879213952266895,9.502976382674943,17.934667715835573,41.9353678894043,79.06687875291824,66.27857598546981,29.36993723258972,45.79160307741165,62.004292301994326,19.78214172343826,12.236932663536072
2024-04-05,13.658404934154511,46.89480252456665,28.05714192867279,67.76100826398468,153.73527030944823,12.60407974274826,39.45585304069519,39.66449973087088,36.45999858856201,33.34064905357361,9.513662920941467,18.172315989166258,43.02439162067161,80.65339965820313,66.1867102873993,29.73760860321808,44.57461616472244,61.28219556756592,20.34249107655716,12.749030159950255
2024-04-06,14.034840394592285,46.98168481594848,27.87114913201332,67.9645481883316,153.6532747077942,12.569308416385,39.252268926744456,38.996626481918334,36.703983306884766,32.713565036973954,9.710012927258818,18.11399892883301,42.375558100547785,80.25553126716613,65.59210002708434,29.47732178077698,42.8783660508728,62.680415617099456,19.662250284576416,12.415164527893067
2024-04-07,13.921943741798401,47.04455886779708,27.678284159374236,69.73785297660828,152.88201438903806,12.145366435649871,38.89905246800422,39.98961547404219,36.78190612792969,31.96759867647171,10.241269984514837,17.779561946022035,41.8371040146904,79.75906143379211,65.06228476524352,29.226126430892943,42.56877875112533,62.54889589280617,19.08510304069519,12.357515544891358
2024-04-08,13.918075123786927,45.75631610142516,26.982749089442535,68.53268632736206,152.89812741851807,12.41597054540634,38.714694298582074,39.86981027595268,36.57798385620117,31.918474409236904,9.955740516975549,17.12736494810486,41.26391070327759,80.64510889783858,64.75080547142029,29.35012267112732,42.64448290998458,61.697421532012946,18.904769702911377,12.347848033905029
2024-04-09,13.9652360023098,45.83573547086289,28.517431640625,68.33271217346191,152.85316116714475,12.540208292655944,39.78562407455635,40.150646030261306,35.54614366149902,32.270071537971496,9.887337540203866,17.317272810386992,41.64960687979889,76.46330339784622,63.42237942695617,29.595835199810026,42.353311817161554,61.05875250229088,19.16311834429493,12.337708549499512
2024-04-10,14.005202006183625,44.861421457420356,29.160604876327515,68.17848979949952,152.89156265258788,12.377606752395629,40.471364544296264,40.41011359564705,35.34872389068604,32.4400647354126,9.668169104723212,17.00550971800232,40.93928090661621,79.0089881286621,64.64028982543945,29.924982633956912,42.05175456064224,62.806266667690664,19.01226428833008,12.29377498102874
2024-04-11,14.608512389945986,44.574050660705566,29.620210647583008,67.24869117736816,151.57406057739257,12.36806333770752,40.80863399448395,42.20566702093506,35.33026320648193,31.465674844050405,9.708883941833953,17.37067993725105,41.22866653730255,78.21093807220458,65.47693229616165,29.879782217931744,41.612818757466314,61.039462546866304,19.262960894462584,12.425708629035949
2024-04-12,14.292506618499756,43.82690163345337,29.197905750274657,67.02385644607543,149.91569992446898,12.34434497316742,40.704036712646484,41.54836731605529,36.12672815322876,35.47951649354553,9.317482074173935,17.775691482688522,40.90279635734642,76.64573398590088,64.92712899799346,29.451009127807612,41.53604207588196,61.63533315837622,19.146558470941546,12.403515541648863
2024-04-13,14.4704533915329,46.16297292118927,29.14711120605469,67.77117691040038,152.19850273132323,12.511396179096336,40.77891234729767,41.25951785980225,36.49810716629028,33.18709436416626,9.65327882311858,17.719362227256777,40.606755034721374,81.06666927337646,64.15200991916656,29.869885710434986,43.23258044586182,60.06934950851556,19.648941792320255,12.885625340126037
2024-04-14,14.306631602090837,46.92413801623535,29.495878219604492,67.35913261413575,157.61591491699218,12.427016585775288,39.23347988376618,41.15121134757625,35.791515969085694,33.2523883895874,9.915583417827884,17.77331480503212,41.76828851824951,84.56562881469726,64.53986155986786,29.17253240432739,45.63818000183105,61.0000888753743,19.8868072241272,12.97775263889122
2024-04-15,13.980142407099724,47.99798447272339,29.68065071105957,67.22559379577636,156.2047743988037,12.356773423015595,38.521668679046634,39.5888719177246,36.550445022583006,32.51114777312279,10.069266902436008,18.072417393892707,39.34908143949508,85.26517524719237,64.35451526641846,29.049644396209718,46.722494277954105,60.93611648297012,19.8359337580719,13.496831553551674
2024-04-16,13.81754730681896,47.6002144454956,29.360227546691895,67.06418403625489,152.43961313913402,12.071506257820129,39.861827976330645,39.759489534759524,35.15409437496185,32.57967259626388,9.262311506652832,17.826314574402627,38.81280819572925,83.7979969997406,62.54642432647706,29.046245615386965,45.64079235076904,60.55214463466645,19.398732749176023,13.425061193232537
2024-04-17,13.863311805725099,45.27983722686768,29.32240539550781,65.86891591415406,153.48160315054378,12.065101809501646,37.118999700199126,38.61345176696777,35.495804386138914,32.34328093092299,10.006917754274369,17.722120934924238,39.483672907791146,85.8079306265831,62.59449240966797,29.40735582504273,45.62562935028076,62.40203289508563,20.18554838594055,13.600231948883057
2024-04-18,14.103536797714234,45.232913970947266,29.636241912841797,66.45682411193847,154.75227463531496,12.140760049819946,37.70201617355347,39.32685470581055,36.24484906597137,32.628079971599576,9.983315447530746,17.98409885137867,39.67219243526459,85.358219214077,63.18091793060302,29.854968930313113,47.12196731567383,63.80873876829528,20.260438487482684,13.874309279441833
2024-04-19,13.880363607788087,45.00856399536133,30.00878698348999,68.02469952621459,153.88122841644287,12.00550651550293,36.95908772392273,38.691307067871094,36.41975189208984,32.400154442453385,10.06129473958397,17.760628169718935,39.14552662754058,85.50330135864257,63.03500118255615,30.521554719651952,46.94046401977539,63.7793399196167,19.527621789992292,13.680354232788085
2024-04-20,13.88555018234253,46.28003969078064,29.1749712890625,68.45415417251587,151.28336458774564,12.221279877090454,35.24125779490471,37.86968284606934,36.34542938232422,32.68230737992287,10.17106366847992,17.93242305639098,38.223748222332,86.0822646006775,62.71540876579284,29.926058094978334,45.811726570129395,63.67283052539062,19.06994267124939,13.454650194754601
2024-04-21,13.871945098114015,46.17367960968018,29.02997724952698,68.75140070571899,153.61565800094604,11.875163485336303,36.64201413429348,37.831430168151854,36.002699172592166,32.784525552148814,10.296245667995453,17.793161888980748,38.582550997695925,86.9666308011818,63.070153163909914,29.911658554000855,45.95653461456299,61.85035347747803,19.8888463039856,13.451517443847656
2024-04-22,14.201340340347292,46.19161569328308,28.137921794357304,68.79120939788818,153.33155907440187,11.744602004814148,36.70371113104248,38.19027744827271,35.79828859176635,32.480165558853145,10.19601734690094,17.30476752282715,37.769130512018684,84.70926519612807,63.29966073417663,29.725883014045714,45.32659469604492,61.917702285003664,19.74377373905182,12.959678539475323
2024-04-23,14.331159468457718,44.99517116821289,28.147841210174562,68.71609645614625,147.91978754363475,11.88038832321739,35.3415807723999,37.706241607666016,35.98843585968017,32.67713427266121,10.087049901489257,17.451823042277294,39.37458438205719,86.78025727272033,63.269371479034426,30.03926256464722,45.99689865112305,60.881641058921815,19.718141084476777,12.949927915113829
2024-04-24,13.704878277156832,46.71760466766357,27.740355606079103,69.41885040283204,152.83450813293456,12.146601736450197,34.4053300151239,38.26978706421662,34.68915784463756,32.22683853149414,10.296939672851563,17.65100397540104,38.15189307979946,84.11537336778258,61.89231333749342,28.82041856031418,45.96889904022217,59.825277584896085,19.566638516425098,13.458540127944946
2024-04-25,13.599269920349123,46.493211075210574,27.83624788284302,67.35948531069947,144.74491292432785,11.558720361030577,34.65817346317291,37.816136347961425,34.58766550720893,30.885625316505426,10.003558385330201,18.024901888717665,37.16085017068863,85.03853263206481,62.81372917556762,27.930386027526858,46.721839904785156,63.52746228502693,18.96727772536469,13.447121294491767
2024-04-26,13.753035302639008,45.78314629898071,27.356334502601626,66.0918229675293,138.82257335752487,11.855393917642594,34.9223411908493,37.79931989444733,34.87589647064209,31.28865201187134,10.011941082984924,17.091338782077624,37.681058692932126,81.80132856433869,62.15728666767139,29.025375959907535,46.163115692138675,66.06510396825222,19.06139255289093,13.65442269890213
2024-04-27,13.252954737854003,44.37597996139526,26.81404479493904,65.27501780548096,131.60005995197295,11.903458685583113,37.030408744812014,38.272353919601436,34.647738365272524,31.189058725180434,10.007193078613282,17.4926033551564,38.251000242233275,81.43925951293944,62.796268447294224,28.88184952468872,46.1700325012207,64.80311782461548,19.111293574516296,13.944083325004577
2024-04-28,13.143520960235596,42.18673869123459,26.688936899082183,65.71324313786316,130.56527295970918,11.818880251556395,36.943895530700686,38.157433727645866,34.48071192758526,31.419303597998137,9.89384812927246,17.09779688820826,37.917672169675825,80.38104976005077,61.04725500220084,27.99179975967407,45.724323463439944,63.90217750671386,18.786266604148867,13.982997077004432
2024-04-29,12.987288246917723,43.88536644172668,26.000536994625946,65.67262500634001,129.5886975334167,11.55592171249008,37.204190483093264,37.827884787368774,34.37894616347797,31.104769289618677,9.866517445232391,16.65372413981172,37.83006153036118,79.37132149265899,61.63844881045818,28.191413357734678,45.77745840072632,62.88376274682425,18.90458811268616,14.088233205659865
2024-04-30,13.119524405193326,45.02039970588684,26.614312120556832,64.02994767286091,125.22208193544958,11.547257024082183,37.47511642456055,37.82559326591492,35.403003775978085,30.986891181809522,9.88025597668457,16.751574039977452,37.800841059236525,79.3899702968977,60.66062392644882,28.14421818294525,45.85952358245849,62.8088498994541,18.43060383335495,14.057206182346345
2024-05-01,12.93687902987766,44.819261996841426,27.288499209308622,64.15814114735811,124.3387149538822,11.538219650602338,38.23770523071289,37.90906173934936,35.39383882484436,30.90116197526207,9.995020779830933,16.85492882738168,37.833836944341655,79.45033296475697,58.58390569826602,28.261398612785335,45.881716594696044,61.803643610000606,18.152226905822754,14.037786443761824
2024-05-02,12.813429372596742,44.802153794860835,27.276626858711243,63.85420226087093,123.99690388829039,11.50248116412735,38.46800231933594,37.84557173538208,35.37388936786652,30.761414428365892,9.775322575378418,16.990985610189497,37.853301542644495,79.17256128760584,58.327688734479906,28.294858345413203,44.82494196367264,61.690819417190546,18.180952148437502,13.992890151377678
2024-05-03,12.782371004104615,44.76575145149231,27.59056361427307,60.843127572545136,122.61548389135973,11.619904755090696,38.09516589775085,38.234592500667574,35.453488039398195,33.56357205505371,9.367483834454555,17.246915809729533,41.35759302241515,79.86050141063691,58.401541655828474,28.600631381950375,45.21697905959129,62.2289419754219,18.097135723114015,14.209355732917786
2024-05-04,12.985806502990723,45.55069664014434,26.7901906414032,61.16092352670592,122.75447768163595,11.327689159081991,37.493038389587404,37.74300773620605,35.0668120552063,32.21154330825806,9.727483966539381,16.661559273781585,39.97274355697632,82.34871001084328,56.83366943808348,28.68295186570358,45.16316853904724,59.28177393951416,18.869142367172238,14.29530662536621
2024-05-05,13.030105650229453,45.94647715909194,26.756751932144162,60.86654706351012,122.42555847355253,11.377932383160783,37.92167167663574,37.660865020751956,35.5975511932373,31.94930077285766,9.553116603435516,16.72201551841068,36.396837372370854,81.64950486815987,57.1077733284637,28.617133233261107,43.13098077375412,61.16012491429138,18.772517197608945,14.325589561462403
2024-05-06,12.964211347540854,45.26105636444092,26.82364393043518,60.55610047276839,121.41978510093696,11.419842051679685,38.57318607330322,37.83144218444824,35.98341206207275,31.779776044464114,9.365785581474302,17.332997574554444,35.81199195918482,75.67073294294276,57.39902961498241,28.764518280029296,41.84830935659408,61.10194924051665,18.691952230453488,14.521791248321533
2024-05-07,12.77446460723877,44.12052523028183,25.845475938230035,61.65115893859862,121.81019003747176,11.405602835781098,36.64234930435181,37.815477447509764,35.2924313873291,32.047789031501765,9.059496334954547,17.421150051223755,39.557579275284574,74.90172358774635,57.48737162183495,28.456369285583495,41.34389889604339,61.51062200939289,18.510561904907227,14.425994008644105
2024-05-08,12.76056382713318,44.419869399742126,26.12767006711006,59.19138334406095,119.00867557419096,11.504213347849618,39.57777876663208,36.990197189506524,36.45662307739258,31.583476705169677,9.667289301301004,17.43528801159736,40.168425102973934,77.20368285741804,57.2692024255872,28.612403597259522,43.521079840559004,60.42788882446289,19.0313816755085,14.281511730564192
2024-05-09,12.707807064056396,44.150816301727296,27.206199587631225,61.57639524799347,117.802069689049,11.530037066219329,36.35359763008117,36.86029809265137,35.23096310102463,32.33023145976396,8.84514460508995,17.576613754859615,39.69585167312622,74.99698666051195,57.85888263423156,28.387934532165527,43.53178680704498,59.54698751907349,18.906986628908157,14.023284212493897
2024-05-10,12.67197010116577,44.405143948757164,28.03503873023987,62.126903498163976,118.9427634965458,11.486746589046477,38.47358902482605,36.6859497071228,35.375555068988916,32.037394498380664,8.927318383904973,17.680187491733598,39.98305115611267,73.81413891268957,57.51362236419413,27.513394919197083,42.56868397386933,60.403648290458676,18.435138931274416,14.533440683174133
2024-05-11,12.756858912849427,44.55335584030151,27.922856356430053,65.03406293678283,119.93360812712316,11.672870017617301,38.741020133972164,36.87290035171509,36.391245174407956,32.55813607920032,8.85699448044437,17.59139830560037,39.71682524414062,74.07962906493738,57.69098892450242,27.459765796279907,42.292003848266596,63.60981424435043,18.764159202575684,14.296854567337036
2024-05-12,12.452552727567673,44.97526216506958,27.903822755813597,65.13272426033019,121.01220922230044,11.66286937736904,38.32322826004028,36.66000935897827,36.30944948196411,32.651963794854694,8.524934483246836,17.62362628801016,39.66278159408569,72.81901326708402,57.59143267695925,27.33533216972351,42.63467282180786,64.11814472626435,19.203205032348635,13.752213664398191
2024-05-13,12.563859434972763,44.43737266845703,27.624904832839967,66.70651153564454,128.55972071159363,11.6546553662574,38.079441162872314,36.73858570861816,35.92018981933594,32.632165179555585,8.533490670799793,17.55163325986137,39.910416154529564,71.45258909480214,57.39971216158561,27.235738845062254,43.05700143351744,63.228763427101136,19.031034507751464,14.090654152565001
2024-05-14,12.373050995063782,44.396230533599855,27.862056363166808,65.89180951309204,135.7608798980713,11.570665349189758,37.78624520874023,36.61513716430664,35.38178794746208,32.58291820368553,8.423984748558576,17.34882643029785,40.19982120703434,71.94971943125724,57.6168957329607,27.135443507766723,43.51620714633179,62.72214879684448,18.87628200531006,14.16226203309059
2024-05-15,12.540982378591233,44.18422462463379,27.993717574386746,66.54822898864747,130.88399372177125,11.5889077876062,38.45864964737972,37.048334063873284,35.695489344406134,33.755584233695984,9.247256595258712,17.559044283423386,39.496852906539914,72.85696864952658,56.0863662259018,27.65243468063301,44.02229643324279,63.29039514288711,19.04675310058594,13.65782482218302
2024-05-16,12.471405946792602,43.641873673141475,27.485765513557432,65.04817085266113,129.3041335271416,11.54921155926178,37.45555196685791,36.918905089027405,35.1911381904602,33.33163325958251,9.435003213180542,17.439518841362,39.43965759718323,74.42766640337655,56.41952746112414,27.37894744096756,44.93321674243927,63.23643398495864,18.991105700683594,13.749194255743472
2024-05-17,12.102445882987976,44.264999034118645,27.077425560379027,65.7591552734375,126.14703884199714,11.853457783684158,36.6896397270813,36.2084869102478,34.64452136528778,32.8649732208252,9.571983775447846,16.954002852491453,38.96300709686279,73.3611706513996,53.636993136580216,26.471871726608278,44.65877905654907,62.17938484153747,18.797923278808593,13.6190374488425
2024-05-18,11.956832044601441,44.61528386041443,27.374176717849732,63.76543292999268,122.82902542163775,12.405394528770447,36.70991641845703,36.09473074488831,34.724835667419434,32.53482792233276,9.474454282861519,17.024182915137633,39.187998371887204,74.85062688244926,56.43042290429019,26.189977798461914,45.53153365628815,62.78948926734924,18.60851715242386,13.046055414035168
2024-05-19,11.674727701377869,44.04024716049957,27.376147523963926,63.85205612182617,122.13110786893083,12.716006812477112,36.09436079177856,35.44353371031189,35.7793147277832,32.51571568497848,8.948142504763636,16.93030690139145,38.71941248703003,74.74679789317004,57.05175741677284,25.865532846450805,44.28634541762329,63.17595105786895,18.673952855300904,13.22051112309513
2024-05-20,11.452846417808532,43.94389113313293,27.551230317745283,63.26151988635063,126.71312320026395,12.752273690986634,35.12672695770263,35.01823222606659,35.402513419342036,31.67880322723389,9.04373903235443,16.263273162666092,38.27040369644165,74.03529766305937,58.27707954883575,25.981021473312378,44.472895482106246,63.078906334980005,18.35081477050781,13.192002491891383
2024-05-21,11.537325712394715,44.39473026201393,27.356784449192045,62.248086725234984,132.71306762695312,12.718187392044067,36.1553263618927,35.09859689627838,34.89717090649796,32.020018581710815,9.063669393653011,16.466105825037722,38.15600583114624,73.5077369170458,57.6723051338911,26.071520714950562,42.957153270721435,62.02174134239662,18.483242613601686,12.845305907691763
2024-05-22,11.528345678117752,43.06706650191879,27.094673935317992,63.92580369014739,126.91555703372954,12.931515869618911,36.912844002525325,34.974142586769105,35.43997161865234,33.36226628903962,9.512913592153701,16.729279121337886,38.151268831054686,76.83772442470551,58.084596698284145,26.347790804786683,43.04827526550293,63.40448320313066,18.472431455612185,12.851014552545548
2024-05-23,11.522590052032472,44.64964615972137,28.22519043960571,66.99059502017211,123.47638175148582,13.062501068115235,36.903237865448,36.25185235748291,35.295984819030764,32.65033447265625,9.108340679443359,16.98552704892803,37.40067420501709,77.491375377388,60.89884545135498,27.081257972717285,42.54565184516143,62.38641080480197,18.680273323059083,12.784119984569548
2024-05-24,11.863368231915663,44.78557389415741,28.708732221720368,63.42563247680664,122.88292681789399,13.325267707191466,37.14811132679009,36.478023855253134,35.03388835906983,32.586541691596985,9.261757448295509,16.634885312187308,38.021057671089714,77.99107755088805,59.059115695953366,27.351482265895847,40.6810737053215,61.446524223865126,18.824642123634337,12.943485900494554
2024-05-25,11.929413319015504,46.0299121004505,28.508547609043116,62.05337475608825,125.0225783910942,13.228692666435242,37.87164756317139,36.146453234642024,35.19259693965912,33.181907917785644,9.645484880568466,16.602462726470943,39.674179241180425,75.61505241966248,61.32400845794678,27.45460014990806,42.61756286576842,62.009664115868105,19.518535765457152,13.295848871612549
2024-05-26,12.115535401153565,46.089178744348516,28.62499615977859,64.0234777622223,126.30053818130492,13.228377291870117,37.5877711555481,36.220436217018126,35.76416823406219,33.29271540985108,9.474924684986801,16.933638262939454,39.78921530685425,75.79313527107239,58.39414169883728,27.53249713695717,42.0748037697258,62.35912743226158,19.843002481046675,13.40252242527008
2024-05-27,11.982407627105713,45.98730775035666,28.452774943542483,64.42031751594544,126.18088347244262,13.255452404022217,37.65391139144897,35.94706185264587,35.830043903732296,33.56723075370025,9.424333697866288,16.944639262390137,39.54031108932495,74.90662407875061,58.741337717056275,27.599274164211273,41.83694998221588,62.33291027922992,19.661934491729735,13.300454119305611
2024-05-28,12.161388504981996,46.0798850998764,28.510118095779422,64.43401797180177,126.61933756256103,13.525019000816346,37.93677781448364,36.408918715667724,36.16634687423706,33.65820229345847,9.349695443776932,17.117802162506106,40.0269740497055,73.07313933849335,58.087947442531586,27.96113511295429,41.40813288002013,63.95408050689679,19.87314742621994,13.381999740600586
2024-05-29,12.338985973325729,44.808689376068116,28.540588584136962,64.00194625167846,124.44784105682372,13.77651400566101,38.052449979400635,37.21178894654629,36.26588012695313,33.71343754979467,9.49201095267952,17.430185132034303,39.74714964523316,76.58753986358643,58.69194658697605,28.167797620590644,41.198316762931825,58.47673586272072,20.022546366931227,13.386569817161561
2024-05-30,12.094171476173402,43.05292636871338,28.476277629661556,62.78567129516602,125.57634263420104,13.622589797973633,37.96252259674072,37.25249918664551,36.241559143066404,33.13733890914917,9.270532736574554,17.67277312918808,39.81129260713577,78.6909101486206,62.6896373085022,27.937365974716187,40.985853418144224,59.291708137893664,19.449173010635374,13.173982152648925
2024-05-31,12.147847131697654,43.8022883605957,28.437587675285336,64.0897628288269,125.97058943790437,13.772873939658163,38.63210292279052,36.49070781784057,36.24251083374023,32.58584969787598,9.754844388881516,18.260918448708534,40.21828590031814,79.47987212081908,62.45276687622071,27.259898592556002,40.496731253070834,60.9715283203125,19.321512565612792,13.244354295639038
2024-06-01,12.069562150668668,46.781502615280154,28.69197658889007,62.16570304424286,135.67434083747864,13.57059572943592,39.47018342680138,37.293846344444276,35.6486402130127,33.39513261082113,9.710696110447312,18.090322656922208,39.326296533966065,79.89714888319014,62.853585662841795,27.002482739730837,41.04637633197784,61.91231609344482,19.484279524749756,12.758460203819274
2024-06-02,12.25098995245534,46.86529588453674,28.502720056915283,62.25238863899231,138.4621398925781,13.79954920460415,39.05208233843994,36.80971851887032,35.70907897949219,33.68695187997014,9.625692652077852,17.66587262077303,39.38254913864136,79.8300190635109,62.4618717956543,27.333756460242,41.93523849916076,63.52392116546631,19.474305508681656,13.066135548591614
2024-06-03,12.015040952110292,47.04940152740479,28.47304733848572,63.65959365467835,140.1143090515137,13.825556008106231,38.85713646895981,36.99035800774132,35.82382179260254,33.706054504429794,9.633715164460293,17.056265336128234,39.51272318344117,81.01088342494012,60.80590753097535,27.406241062100598,43.471834907844546,63.67056838989258,19.902436187807922,13.224371646881103
2024-06-04,11.96842642993927,43.185961478442195,28.267939904022217,63.74961241345596,135.63692823257443,13.727957129859925,38.551342511535644,36.32276636217499,35.767795063018795,32.655520475429526,9.541540583826881,17.474785223854063,38.84829826354981,81.1000587387085,60.4925947631836,27.16619927659607,42.019501002502444,62.268862483863835,19.787817384887692,13.819766821929932
2024-06-05,11.954607915115357,46.284067144802854,27.902146224975585,69.31889403005403,133.34062988972624,13.704214951529503,38.636677484893795,36.39743479790497,34.990528400093076,32.73311731637861,9.157534348212431,17.085837185668943,39.57951818016815,80.97722794532775,64.02588979958061,27.140462943626403,41.39655665588379,60.92643745422363,19.539372022613524,13.735599694245758
2024-06-06,12.078980792160985,44.28676986694336,27.634492896652223,63.716369681476586,131.43494660626374,13.487011064675217,37.799209485626214,36.35184861296082,35.54252563360405,32.83804119686617,9.163947667693366,17.827944712466238,39.273958110809325,81.45948858192445,59.425181639848695,27.712920706253243,40.73347622909546,60.390693827819824,19.547716303070068,13.608891171592711
2024-06-07,11.954315137481691,42.88217682266235,27.630393562316893,64.5426220790863,126.84853139086103,13.657630646727311,37.099728524780275,36.16752894519322,35.47943661260605,32.64123890035629,9.378522299017083,17.793287879645803,39.261044455718995,76.71697865523433,64.27217170196629,27.355675755311964,41.944593157196046,59.87930548782348,19.69682878287426,13.702514624593508
2024-06-08,11.756843500900269,45.81695355942535,27.816392693023683,67.85253846386719,123.50023569978332,13.60208378772741,36.93985719966888,35.9207497261996,35.436401925086976,31.96505529899597,9.09317161130932,17.573075273460386,38.000736365776056,76.7232348704338,63.05147466428032,27.42034212296236,39.818645324707035,61.849151611328125,19.08422657997943,13.389838659255982
2024-06-09,12.119851729454039,43.536411666870116,28.246919923988344,65.96824493408204,129.0489718345642,13.745621514137094,38.363117107017516,36.12817400695038,35.848914910125735,32.260226242446905,9.534806553588952,17.314547839653283,39.21260881265168,77.94576304750441,65.65930943036426,27.62535886983482,41.21726600646973,62.21308898925781,19.830089510774037,13.497752833992005
2024-06-10,11.995436935100555,43.50241799354553,28.260111560634613,65.67266242980958,125.53281300016017,13.872051709330686,38.09579147797393,35.870822349060056,35.84847150535584,32.48338960762024,9.692681756281262,17.290728415775874,38.87493046075607,75.53568829069232,64.60604934627331,27.71612231468115,40.40042325668335,62.413177490234375,20.168250246111135,13.590182365047454
2024-06-11,12.169077881858767,46.81148120880127,28.58670530592922,65.57085538425444,124.19925482570456,13.877833066937656,38.17269076137543,36.07703335189819,35.526224195428846,33.037881423465734,9.597804250122588,17.268753987533568,38.91225292900269,78.43059465522765,65.66296719947285,27.182205743345257,40.96488236537934,61.719509001159665,20.096473364427165,13.59193976479351
2024-06-12,11.947525250816346,46.495626670074465,28.541637867736817,64.56388243596268,122.2805266967697,13.941082429845371,38.019781256103514,36.25778316776275,34.12710044342537,33.31132160531617,9.701171995813802,17.656606803973304,38.83829565643271,79.57075697135924,64.01715158072662,27.463534337997437,41.74148368835449,60.64991501368332,20.221689344873425,13.403160707725524
2024-06-13,11.990998799514772,45.9882630563736,28.275115242004397,63.671735255184174,115.8912183616418,14.418020183032947,38.01067174530029,36.248718949069975,34.397667690525054,33.45728497105408,9.723012420756913,17.494416615572543,39.75309056773808,81.10807285308837,64.84920786522731,27.497913327026367,41.36582794189453,60.55590042639541,20.471137784935,13.485943312505034
2024-06-14,12.186791558757019,47.35588073730469,28.76388078453604,63.86859970092773,115.27966616082455,13.401713733673095,38.24679084576621,36.361838897526624,36.31265255126954,33.429179064903266,9.736390345720139,17.03756488445053,38.62474653694839,80.75588951110839,64.79016245752122,27.72152285601425,41.70085675964355,62.00835794448852,21.04582636477661,13.380944194846458
2024-06-15,12.107334522789001,45.250973052978516,29.0875738368988,62.620307022027966,120.54142637799225,13.483557205581665,39.34362631719589,36.53745479732894,36.547885220718385,33.88113997659302,9.375427963956527,16.72944501888817,38.94292666948838,80.56657717351914,63.56776785575043,27.503206689834595,41.58815532639999,61.447040527725214,20.781123325183753,13.421173672554016
2024-06-16,12.187684033407212,45.02986736297608,29.29855647354126,64.63570701942444,117.81248535021388,13.419437046432494,39.40721013276672,36.6848085817337,36.46463432651711,33.871875431190496,9.44502420756569,16.145816062934877,40.062897930592804,80.35306255825996,64.8247685727954,27.516546051464083,40.77140924402963,61.83678508758545,20.058250701141358,13.369875797721864
2024-06-17,12.115788919075014,45.93837499694824,29.463981731414798,64.46434234886169,117.89396776370421,13.74451212071228,39.32705795230864,36.14586090087891,36.19607829895019,34.2002306436438,9.337367364782411,16.534275824523927,39.863051720424046,79.14569849395752,65.8025660451895,28.12199654148102,39.54957235129508,61.747858657836915,19.992982903289796,13.230272432991027
2024-06-18,12.019287711041395,45.678039220047,30.307185757164003,64.58380611534118,119.9895004206333,13.786878165432357,39.26912433242798,36.60883278579712,36.42295063018799,33.92624889469528,9.265412587348937,17.045418394443512,39.1557856338501,75.79959337034225,64.2881376705844,27.399962213882446,40.72673919960022,61.80910675048828,19.90016256866455,13.261089068270987
2024-06-19,12.222884362613057,45.805016746521,30.79143483803558,65.6866226196289,122.16500396057509,13.537694931030273,39.8633993429718,36.67080742475509,36.323282860565186,33.94704457562256,9.507291097383561,16.879632921833036,39.06140550264061,77.07729377746581,64.25032949131736,27.556383268744693,41.21953425979614,62.290260314941406,19.71714600698559,13.328173416549681
2024-06-20,12.056259868549839,45.465595236968994,31.61912405372795,64.92263832092286,128.8256135070259,13.24516798210144,40.41779737172699,36.399686572299956,36.823184967041016,33.93093359227753,9.710768800839386,17.045217370829658,37.88545393460083,74.13230850720406,63.171396027374264,27.429690304618838,40.37446563720703,62.63339614868164,20.270497615663377,13.35145477899147
2024-06-21,11.802474152675629,46.41595844268799,30.753628589490308,63.59335606384277,127.22646727267455,13.295407619476318,39.940331794738775,35.528613510131834,36.47338268280029,34.40759721792297,9.745316167572694,16.7934980564003,37.79944050311279,74.05448268527984,64.24059445245403,27.543074262219708,40.76789037322998,62.16613803863525,19.980055336349487,12.945640447986602
2024-06-22,12.429279818730356,45.995022010803225,29.9544677734375,64.71590995788574,126.75614426434754,13.625916261672973,41.18521223254395,36.387965072364814,36.773834228515625,34.65300333614502,9.503482655916597,17.10569799188776,37.961351800598145,73.52863603019713,64.09208004209782,27.89008674808674,41.911846653634406,62.807857513427734,19.972425158226013,13.08382710593033
2024-06-23,12.839684792694284,45.756900520324706,29.643958854675294,62.6357273311615,126.51426608635091,13.585134754180908,41.20036435931397,36.700080845581056,36.789859771728516,35.42857079870968,9.569901863315504,17.21515542330768,37.27797921146393,73.21018129692078,65.28300332597011,27.929397547448616,42.39958724517059,64.3565369796753,20.33955573830475,13.39338574443054
2024-06-24,12.573770750140458,46.341630935668945,29.845321512222288,67.00633763351439,131.63597287729382,13.532242660522462,40.83359069599915,37.30645617887878,36.82933807373047,32.66344523048401,9.42722511508395,17.32065971000788,37.24922377125549,73.2920926334381,64.98871367992724,28.236100473907474,42.04077552223205,64.37242248535156,19.76743519066852,13.761476199714663
2024-06-25,12.354828711444855,46.27524739952088,31.476058787727357,66.92300155563355,127.27081462554932,13.470054216098786,40.62040811471558,36.765573156738284,36.490127906799316,31.48295535284362,9.475306014899598,17.213652342824936,36.705384853363036,72.45366225161217,64.24247426166842,27.806162825775147,41.29338496170044,63.7155233493805,18.97783514442444,13.683366695599021
2024-06-26,12.67570144187313,46.18043804168701,31.604318706321717,65.33080291748047,126.7682683802948,13.09382329332733,40.79225830723572,37.62414176165772,36.755252838134766,32.11362740628719,9.37567095075688,17.162156956358757,36.897295466629025,71.80065944764567,65.61488380976252,28.080959531478886,41.72156038263703,62.577754974365234,19.316526766204834,13.988882229451619
2024-06-27,12.566635240854035,44.941236108398435,31.606191667556764,65.09456634521484,134.0294664367676,13.38413566892624,39.872752838134765,38.39497694110108,37.40224233512878,32.13456118097305,9.567597898261644,17.04811087777519,36.850881271362304,73.47478846549988,64.28907509642613,28.58368975797272,42.49553849272156,61.92401962280273,19.296495998313905,13.751045082813262
2024-06-28,12.471957747942698,45.35116592407227,32.01031944274902,64.9962158203125,134.99169867816147,13.434584972190859,40.29629035949707,38.645724845096744,37.36932601928711,32.08311169974804,9.456665811039048,17.535878721603698,36.83446019897461,71.15788844501496,63.22336259739188,28.714473358957676,42.7795326401825,61.69256996154785,18.654271112823487,13.997964365083346
2024-06-29,12.005684258989335,43.44658369903565,31.625887906837463,63.278510353088386,125.179718157536,13.20114965127182,39.8045844909668,38.202932644271854,37.66846734008789,31.564188232759946,9.646590705227736,17.435960699060438,36.71157363052368,72.32248876232025,64.80422700393562,28.516290912872314,42.77943314208984,62.72954851760865,19.320275982925416,13.747623677120984
2024-06-30,11.658346200370788,42.16047246482849,31.49737320327759,62.86777915278626,124.02667658542443,13.05804053425026,41.501578265029906,37.98003306417847,37.00548550765228,31.623631931577446,9.899281945769117,17.255794048032758,36.771028054046624,74.03553455795287,64.2906349325409,28.27145170568848,43.35575268576049,62.536485519409176,19.11552452552033,13.857260256602832
2024-07-01,11.549994857597351,41.98902570716858,30.87476043434143,62.99397891410064,124.78520009749172,12.846851065664291,41.40652698701477,38.1208644584198,37.21385596536255,31.616299653511046,9.665390549384473,17.18878992161751,36.94430383415222,71.04443935143074,64.3980137037735,27.53617361908722,40.79282123171997,62.09166165618896,18.98039162953949,13.24093412412117
2024-07-02,11.664456988059998,42.22663824462891,29.253394775390625,63.55340273818969,125.84941233444214,12.440830134797716,41.94693626170715,37.29865348202591,36.28352590293884,34.55928388844131,9.754515470436587,16.80908203125,37.254985458240505,73.70575539792794,64.66407917072296,26.825475906051636,40.10444598312378,59.81792729797363,18.69580011882019,13.028539018249512
2024-07-03,11.395185642402648,41.445516878172974,28.79553074455261,62.89356411714935,134.29519657016658,12.74670756267929,41.73644714419556,36.3381381225586,35.943209218185416,35.01037289540862,9.569033906352647,16.97051208179855,36.892400482177734,74.03808376330461,63.413704742431634,26.599907963562014,41.072554673767094,58.631751571211815,18.337620964050295,13.00696153643463
2024-07-04,11.573755066635131,42.18584476890563,28.82185031890869,64.90404312133789,131.1480709896469,12.257665353012085,42.37705341283036,36.485677544403075,35.843950730690004,35.29516796104134,9.654000485714748,16.646995010375978,37.00958445281982,74.8971226199913,62.31560943603516,26.994972227096557,40.61617418243409,57.63061364996909,18.707695083618166,13.090185783694166
2024-07-05,11.469271954233168,41.6572215307045,28.490031958007812,62.910643381118774,126.59346908569336,12.608071746826171,42.60829543494998,36.63865808263779,36.57993322372437,35.322744236972234,9.508202358135632,16.756365452384948,37.16609669494628,72.47975556523636,63.04955730285645,26.52220813751221,40.138660169219975,55.406167108046,18.828256492996214,12.971875884986343
2024-07-06,11.524051313838157,41.92182410144805,30.258945002609252,66.15018279108354,124.55240295410157,12.634878285598754,41.8105699293938,36.2781710609436,36.320205330848694,35.4705855467974,9.468296950229181,16.903338124706266,36.70544380187988,75.52359775849342,63.0867223777771,26.889721595569608,39.91271248855591,53.71254159228432,18.79237853929138,13.22918390550316
2024-07-07,11.602780431709212,41.83620393848419,30.223959883140562,66.02946363251723,124.28161393432617,12.664363381004334,40.66646396208652,36.2220522480011,36.38844081573486,35.54579518677496,9.4766096141104,16.776914915084838,35.38238788146973,71.54990956063958,63.176351632690434,27.077044832336423,40.19242209205627,57.22901775684156,19.094910358889468,13.387016758689606
2024-07-08,11.589497638746698,41.79980735778808,29.916852700132367,64.04930002077444,119.6747559036255,12.358744311332702,39.555946259891506,36.26765196075439,36.107604016685485,34.637934505987246,9.12787448095253,17.005584071731565,35.05109075775147,71.07877781150722,62.18923120880127,27.286288075092315,40.08323852462768,60.616454380416876,19.00827452832859,13.30753730815228
2024-07-09,11.497069642754402,41.26557159805297,29.392727838134764,64.03514428463276,120.5104808952484,12.341379661560058,39.348168300418855,36.43602638763427,34.98221879196167,34.17841585368346,9.209773269416656,16.97908686904907,35.14474882978821,80.54955894004942,59.647375325775144,27.032789218139644,40.57992650363158,58.108177156448356,18.52208192367554,13.293521699570444
2024-07-10,11.354985059034346,42.22313697910308,29.709981241127014,60.533255166229246,123.44818101666229,12.269078791809081,40.28076980514335,36.01807164459228,34.96003566741943,33.63983571624756,9.358951058683513,17.0600937166214,36.63678892341614,76.48261193216537,60.41647511241875,26.88864430675506,40.67324648588562,58.135379367828364,18.632955281856535,13.567611088179575
2024-07-11,11.255518154525756,41.24400047584533,28.69419337053108,63.209206824695194,127.0047323762322,11.998962329101563,38.80860044128418,35.947850926208496,36.65157358131409,33.62288998260498,9.203086379128676,16.642747204376217,36.52807650093842,75.5611517056732,61.48829404449463,26.714946198463437,40.67832240142822,57.61487560518264,18.542217180975953,14.017770479369753
2024-07-12,11.071898699569703,41.408195400238036,28.127262903728486,64.57895277860068,128.07562552157594,12.025792590940476,38.62512657165527,34.848981857299805,37.10477405548096,34.51799218025207,8.85787256094887,16.790396774929047,35.107700944519046,77.15549209479674,61.79275378083801,26.086994934082032,39.34622117195892,58.85536448529052,18.04796987297882,13.877608460718125
2024-07-13,11.221483111804961,39.22022904213095,27.90218472633362,67.71353868524527,127.08334136480713,12.18006816015375,38.110605239868164,34.8600789642334,36.86971048736572,32.71675892601013,9.168158514432678,16.63583572540283,34.871463348495475,76.29472545096587,61.47852431030273,26.349715866851806,39.37519507537079,60.956145902252196,18.278942773818972,13.341446442202813
2024-07-14,11.023722548892973,39.098997155073306,28.314500146865846,67.60611473626237,130.5097613191223,12.201979377364252,36.92783472747802,34.919615020751955,36.319284324646,32.91927852058411,9.830151752527305,16.246931854248047,33.87369627227783,74.79890844726563,61.13610131647109,26.37698741569519,38.461845694290155,60.75265215454101,18.187012561798095,13.732792929014115
2024-07-15,11.024625265454977,38.93961423767261,28.64117380027771,67.35843719171298,128.55781008453368,11.960458867045553,36.447676956939695,34.744049606323244,36.090611844062806,33.277297621765136,9.85418180752192,16.247282666015625,33.3392375793457,71.88384927062988,60.532923291778566,26.327783088684082,37.20234584746169,59.85725715637207,17.358290732574464,13.460953186409682
2024-07-16,10.885603060838699,40.262557727086545,28.923760192176818,67.27917660177167,129.94099380340577,12.265428128814698,38.10265894088746,34.92029205322266,36.56004333496094,33.21499406973266,9.737349028393057,16.21697367324829,32.21942070362091,71.44692019143677,60.86284957337952,26.308189409065243,36.91382062225342,60.08006719589233,18.009438273976137,13.311257549560318
2024-07-17,10.994859920631407,40.2167153573513,28.926373320980073,66.95759599414467,130.2863634630368,12.28705732011795,38.06571001052856,35.285639007568356,36.72611618041992,33.11856184158326,10.011896970526081,16.210873853944243,33.44639419326782,71.13703051071167,61.240384013351445,26.487981578063966,36.90547351226807,60.602603912353516,18.348288571903385,13.746455088734963
2024-07-18,10.713815214157105,43.27913187163353,29.90708839416504,63.561473501014696,123.89996551666259,12.019882620628357,36.41323425292969,34.688401578609465,35.452052421569825,33.39024960250855,10.294890241566062,16.337071486062243,33.10085289001465,69.18141204959107,58.92214532203674,25.860904998779297,36.50214340209961,60.02103199939728,18.395595836608887,13.691293933572924
2024-07-19,10.930252700054169,41.37855573014073,29.587005023956298,66.67205977706244,124.37812545776367,12.19086748285675,38.10837671122742,35.25789830300251,36.90582088470459,33.32550704956055,10.118422009505712,15.9742313772583,32.92031867980957,71.56750505960083,60.41317556940079,25.762287826538085,37.57483753967285,60.321161041259764,19.165371777890243,14.34280087150612
2024-07-20,11.450153405372086,42.373385566263195,29.880357398986817,62.44079898834229,125.66433151245117,12.421131524276733,38.14076302638245,34.907261564506534,36.75295543670654,33.64417749812461,10.409037412712008,16.180064603787002,33.08212379837036,72.20789526296997,59.877186589702596,26.528215276977537,38.69797422848374,58.91108709383011,19.313374545580903,14.617633155640192
2024-07-21,11.512020661353837,42.63254287819863,30.731054306030273,61.24220066642761,125.24716942537307,12.477001588058473,38.702982776641846,35.00132366928864,36.81010082244873,33.45356402277374,9.74235861530304,16.169567992725447,34.23791400650024,72.9891209484558,59.85381641693115,26.626724143478395,40.535257425564886,61.22285739898682,19.445350171022646,14.827760584684382
2024-07-22,11.828132968345642,43.00606598854065,29.969245862960815,63.390626812648776,128.94942272483826,12.49154844903946,36.41670227050781,34.863704976997376,34.93838834953308,32.06085376739502,9.68164584909439,16.190372481740113,35.403538097384036,72.97782206094361,59.63308060226441,28.000145222416077,41.45336435044693,61.372955322265625,19.743398737805098,15.22179149583022
2024-07-23,11.995043489353181,41.42316732393332,30.59669277191162,62.847741316223136,125.88741350841524,12.411444050216675,36.10579101951599,35.603485441589356,36.09986322154999,31.821270644187926,9.6239658243752,16.230518058013917,34.9496665279541,72.87241210675049,60.97552838611221,27.60408356884003,40.709859003479,60.61336406707763,19.44495618159485,15.357976196174484
2024-07-24,11.974619380736618,41.622814104881286,30.92460823059082,62.40238067402572,130.21422469470977,12.211410388269424,35.128101731300355,36.01868975189209,36.619973258972166,31.586280205249786,10.117328060560226,16.481909184480628,33.999040730072025,73.76839205721404,61.759095533534996,27.743130278453982,40.80392510353089,61.03175354003906,19.91977704942902,15.3116558613321
2024-07-25,11.897504739177705,42.001402840919496,30.72924591064453,62.48419374462891,131.47267026592255,12.16429035232544,35.07637139511108,34.82788042831421,36.6592191696167,31.254840032529824,10.272509823989868,16.718877675082716,32.82371186599732,73.29551538290404,62.287881687927246,27.60006109947968,40.86554164892578,59.87278372535706,19.49537399242401,15.22789953890625
2024-07-26,11.367628735864129,41.142660769224356,31.156008695602416,62.95213241577148,131.51810347618104,11.835761792471809,36.540603784561156,35.36020805609894,36.43161641578675,32.41469906587601,10.369568849182128,16.362165681637688,32.90638908691406,72.7698343582892,63.64971532813705,27.619728010942158,42.49122991733001,59.924241828918454,18.94763752816772,15.141647129058839
2024-07-27,11.134202644102643,40.048433592745184,29.7891618976593,62.24832316303253,129.36308866882322,11.975550233688068,36.13600501178742,35.61650147021484,36.26824430408478,31.650446188077442,10.194129843139649,16.335523400573866,33.6021422268219,73.00806696966933,62.74177384556443,27.239122144020083,40.89367440719605,59.2189936454773,18.92803998795021,14.811725588035584
2024-07-28,11.14215945517984,40.25455636631656,29.675705300903317,62.333906318664546,134.50062158203124,12.030849757548864,35.75238042380904,35.7162487271576,36.47321003780365,31.685037291702745,9.84030168951416,16.27831194283493,34.03878450183105,72.76570740966795,62.85840047358558,27.425200186752317,42.04196268544007,59.79583953437805,19.039183984480136,14.794978825092317
2024-07-29,11.062761283927458,40.12938526414311,29.46726019363403,66.15477471525416,134.93219744110107,12.087755225848214,35.99997739782199,35.33060057402802,36.41503007125854,31.66623364098072,9.837424361976623,16.506682701303404,35.71531109204865,75.23946347579955,60.486560754867554,27.317257793769837,41.59467289352417,59.67330460166931,19.3759189773658,14.39156895923996
2024-07-30,10.982585234755115,38.684379358172215,29.638760604858398,66.1595745211926,133.17804063964118,12.00084136847918,36.918964656600956,34.833739443969726,36.888221740722656,31.53532919147301,9.237681894106863,16.34982837753296,36.10752646364593,75.40880964855194,61.306409421667894,27.147518988876346,41.47951565032196,60.12964839935303,19.297736889351885,14.870725193023683
2024-07-31,10.762306666252211,40.82074654458475,30.311717987060547,67.46219081707764,133.8760056654739,12.030803744534055,37.40772637081146,34.99493887683106,36.91712951660156,34.15759748937369,9.17909889930725,16.363714041137698,36.06788290786743,75.16640069961547,61.51531742008209,26.79128309394837,41.65753331565857,58.77870403861999,19.475609115028384,14.573699069738387
2024-08-01,10.568512964790344,41.683669909503934,30.12558885574341,67.04224346008301,136.99775263023375,12.180371976780767,37.2074808883667,35.80570616679382,37.04631042480469,31.663400865948194,9.354451578140258,16.773933811699433,36.26638133948135,71.93085485458373,62.26890946597733,26.236223024225232,42.586705026706696,64.23848369136063,18.734725348541737,14.66866061782837
2024-08-02,10.608415424886703,39.80524423913634,30.0250938709259,67.7114633449402,140.99065129852292,11.761136124116689,35.45389147110628,35.43233443450928,37.294288635253906,31.249594921088217,9.510671181678772,16.485924890082316,35.82242233428955,70.25284450718878,60.69490296020508,26.36674051952362,43.219834768295286,59.01660780072212,19.191613539447783,14.407150183074474
2024-08-03,10.864012212181091,40.34028990151119,30.18854331970215,66.02681084786774,140.40593545532224,12.261552422118186,35.93624296188354,35.648681229766844,37.44437789916992,31.575404791831968,9.618188362121582,16.585331311534443,36.14975906746674,72.88858639520646,61.75307899246216,26.69652735179329,42.88729760279846,60.82451977825164,19.08521684074402,14.200182795524597
2024-08-04,11.07606837991333,42.35816761768341,30.293193817138672,66.34545245769287,138.22176704406738,12.231418408495902,36.17972888946533,36.90311397998429,38.60222278594971,32.5430309024334,9.780074310302734,16.542317666404067,37.21315836126709,70.99913606357575,63.070266047886534,26.493237938713076,42.72328148957062,59.045264576911926,19.20532361834049,14.225318956375121
