Date,PVC,VIC,PVB,VNM,FPT,HAG,CTS,PVS,CTG,KDH,NVB,POT,NLG,MSN,MWG,PVD,CMG,VCB,PDR,ITD
2023-10-25,13.686421644905591,45.49563609237671,19.71876628688049,64.43165657043457,82.4511302947998,13.648423133829118,27.372920474052428,37.59699003549957,32.10577960968018,26.025776406077384,10.801685402870177,16.578708735694885,37.44861211060936,67.6605110634613,43.93232952690124,26.85708360671997,35.31008929023743,59.345033745574945,23.836907185506817,10.083474922634583
2023-10-26,13.63172883039641,43.09358367919922,20.683625907897948,65.61384300231933,81.2969404220581,13.918882649808884,27.685023164749143,36.02387500762939,31.73589977989197,26.458304720183012,10.804311584472657,17.30637736636734,37.82494826717377,68.21143173980713,44.105021953582764,26.727124457359313,35.13808059692383,60.885135650634766,24.439582908153533,9.520489546397695
2023-10-27,13.381574931849482,42.20930319213867,19.98666627044678,67.88036820341492,78.77226357078553,13.719706300019016,27.38983036994934,37.10057738342285,31.684847206832885,26.339501061236856,11.343266143152238,17.039809682616234,37.467274607082366,64.53951242637633,43.350627474889755,26.559976212501525,34.83701099395752,59.14883531112671,23.430768133177757,10.076198220292538
2023-10-28,13.473084614212702,41.85835139465332,19.900803418704985,65.05008310890199,81.44747907268524,13.84350504237316,28.806442097640037,36.2708854675293,31.675979257965086,26.300248779717204,11.508792250442506,16.25732330857086,37.20691288754654,65.9528774586296,44.827450990476606,26.511252340793607,34.886844635009766,58.83856406021118,23.70441465238094,10.040041135190217
2023-10-29,13.85946640554428,43.14034294026374,19.914620396999357,67.98030449249268,82.9351494260788,13.612123968923544,29.010482115325924,36.4796257019043,31.77593566932678,27.136181792020796,11.054230789818766,16.42560090494156,38.289277045125964,65.17186721054078,44.512278292779925,26.004515790224076,36.60065299987793,59.3053517498703,24.280239572625156,10.133575694463394
2023-10-30,13.819225680246591,42.77682975491524,19.99617574342346,68.0008828570862,83.04749384199141,13.572064062177425,28.972002389316557,36.67447280883789,31.81120736503601,27.932610888355494,10.993102476482392,16.093152119472027,38.15979184235,65.75925761117935,44.168168052263255,26.055189813494678,36.81925846099853,59.2938991307373,24.532910948338507,10.13934148470618
2023-10-31,13.952392222942114,41.42498693684077,20.425029912185668,68.6767670602913,83.7366224784851,13.40660495686715,29.213366405010223,36.80446243286133,32.16048294067383,28.19032843611717,11.128944122589111,15.928544118032454,38.59309238433838,66.80808522605896,44.34895553970337,27.804390369415284,36.597903703308106,60.38412414093017,25.224076509475708,9.490392501285552
2023-11-01,13.980561041514873,42.6093181702137,20.086163760043146,66.6138034914711,82.50407485307693,13.46197978125,28.927168716430664,36.269758644104,32.299762115478515,27.375871390342713,11.128845009292602,15.823688123878812,38.307753465271,65.27019417451858,43.99951527786255,27.23680226679325,36.67111450996399,60.19470763549805,24.93036847114563,9.346620726013183
2023-11-02,13.599390954704761,42.114031842098235,19.86584571860504,65.88983574683762,81.96573511413574,13.496656000328064,27.18571087132115,36.786136627197266,31.155945594403033,26.743597660045623,11.07654027739334,15.870708977276516,37.44618319493866,64.08983658156853,45.5580557756424,27.191209173517226,36.62262874832153,57.82253495301718,24.26386261183276,9.094532255365333
2023-11-03,13.395618057708665,40.11893461824417,19.999554464544296,65.17888092041015,79.60868766403198,13.10672901590538,27.914973952116963,36.42613048553467,31.460610676574706,26.843570980911256,10.485428949920655,15.77433451423645,38.03184036254883,62.246335887908934,45.65823153665543,26.420935165243147,36.82338130569458,55.49975991382598,24.57501015933037,9.84525851983254
2023-11-04,13.183276539623296,39.24950729198456,19.722211093854906,65.66072391815186,79.85719479103088,13.207832875705746,28.463895389873024,35.29193545074463,31.41816716532898,26.464556442604064,10.412393941497802,16.4936947213686,37.045059211532596,61.67257276142119,45.31581630706787,26.34096192129135,36.007771797180176,55.29773742042446,24.415104988680838,9.9115105261521
2023-11-05,13.573256132705213,39.14121174559593,19.715359776203154,66.60749169844435,82.28502550792693,13.069867604009628,29.306082426577376,35.15280673370361,31.31695257810974,26.532567529592512,10.366214735031129,15.526461824306272,37.33254854029427,61.928884076385486,45.77442455291748,26.383996818408963,36.842821675872806,53.949886150420454,25.257453595695306,9.900906089965074
2023-11-06,13.527595117399693,39.319091080856325,19.84005224189758,66.66278130127715,83.78581973236084,12.879469203432082,29.640062619392104,35.127928482055665,32.118137464141846,26.450474403785133,10.396984691619872,17.34349417520176,37.42668387722247,61.68381751373119,44.82892359924316,26.47421998901367,36.96988507003784,53.97786714841875,25.665892568314078,9.917573037982155
2023-11-07,14.448393481063844,39.0920510119872,21.642254275564614,66.36851733348084,85.03355116104126,12.797762920188903,29.89548141587734,35.47658767700195,32.386938978996284,26.514145672550438,10.260059633458443,17.56303299634398,37.66371981907653,63.53089366436004,44.22760896646499,27.20344571399689,37.01709760856628,57.0153881705512,26.06698522490501,9.871162735889644
2023-11-08,14.26748073577881,44.28949453699494,21.59709350609207,66.42984595564269,87.1362719335556,12.59410462799263,29.683173313651082,36.40019525527954,33.06730728187561,27.502790619850156,10.49838924281311,16.317921897829056,38.67667246513367,62.108461353778836,44.857292192459106,27.30752935292244,36.708542459918974,57.78219530296326,27.207079833984373,9.81863010795346
2023-11-09,14.635523582839966,43.537634382019036,22.12076824976349,66.2420013781929,86.25715677031518,12.703612338947295,29.65634949284792,35.687724409103396,34.246068687438964,28.72517922679066,11.207122323804244,16.282768204021455,39.12619471778869,60.57852689270068,43.931420186462404,27.93852974796295,35.59950270472527,58.84250106762886,26.56254718995094,9.350646542453765
2023-11-10,14.10631685256958,43.12123677864074,21.494876172637937,65.29176635742188,86.64682436079025,12.705021034787178,29.52454971233368,34.53806298010168,34.391886836242676,28.93846890392303,10.272475027514018,16.584171533584595,38.31346879602813,61.079347042437306,43.65272170376243,27.601849273731705,36.631579289627076,60.986446364593505,25.280314732096198,10.023598823765889
2023-11-11,14.128007183074951,42.79947744712829,21.295677577972413,65.25482139587402,85.61545386822681,12.401639782217586,29.506915274620052,35.24996308935643,33.457628101100916,29.029232314682,10.074461424133867,16.447498712539673,38.3289406539402,63.20433423279762,43.308164041312125,27.4867002020359,36.63628472442627,59.908948291969295,25.219854096207616,9.895269280178717
2023-11-12,14.121781597137451,41.41228388671875,21.126739183044435,65.38923568725586,87.10896719862556,12.484404215002698,28.383800765210864,35.568340865979195,33.41463794194221,28.823365631103517,10.288074339711235,16.72517782459259,38.179586445848464,64.26862799829483,43.400058052803324,27.522870335519315,36.529930738830565,59.88680811481476,24.81727231295067,9.916864875944823
2023-11-13,14.142807540893555,41.985099512260426,21.10757577896118,66.48975550918578,87.29602155803033,12.554979286453255,28.328709754972454,35.56803677673339,32.89860915161133,28.807253036499024,10.561689430557204,16.715388383102418,38.63026119081116,63.78048885154724,43.56397292764149,26.3904920170455,36.94169556503296,59.83055583171844,24.635100016036745,9.93406884279682
2023-11-14,14.10945785522461,41.39187645492554,21.328592614631656,67.1744856246872,85.52912376708984,12.31497184181129,28.60173585927486,35.016513552589416,32.227350937614446,28.878234443664553,10.47231921734619,17.504833169242858,36.46214834072113,63.19520209121704,44.218428283910754,26.40674647738981,35.49009060287475,60.463740234375,25.05573460614681,10.092137075033747
2023-11-15,14.307781618881226,41.88163885283661,21.659633634693606,67.31053571266477,85.99040245084761,12.45511951666832,27.716545316888666,35.59418653678894,32.30567497232437,29.615166285186763,10.321138004797554,17.413759691619873,37.67828489112854,67.68648693695069,43.26424420439077,26.767824540710446,35.12886400720596,60.5526754951477,24.61260982826328,9.89565563232422
2023-11-16,13.683603847503662,41.25712399749756,21.13210104675293,66.37406875927732,89.22108016588211,12.326296442195607,27.672753126827164,35.75556583786011,32.189401841459656,28.5531865089283,10.116815396756456,17.075033060256956,37.40002835706711,65.33069183349609,43.603259555399895,25.468502999113827,35.216135429878236,59.6078084564209,24.26859118978279,9.943581248107911
2023-11-17,13.68931751408621,41.674204285569644,20.607696051177747,66.91843121645735,89.2184236278534,12.094691389737223,27.227002899282216,36.11525562133789,32.29806637201308,29.963353129806976,10.664402538156775,17.057162701952823,36.317917608776085,62.75811322654172,45.546469895095825,27.16682875370979,33.668959863341904,60.56981658935547,23.58108886734009,9.957217606567381
2023-11-18,13.849984489631654,41.79058365196781,20.141389687774662,66.75915905691146,89.4978226991272,11.935630285963233,26.834062888141393,36.29355045776367,32.12118568376827,27.15820096850395,10.7067463979619,17.003372168518062,36.172376292657276,61.110859721481674,45.2846125081295,26.56437905730343,34.465612348423,60.203385543823245,23.61492588979969,10.101491222256547
2023-11-19,14.339408480644227,41.824552106037146,20.329492161483763,64.88249359130859,91.66817677848815,11.870008190390308,27.22458123772287,36.34945291749573,32.22485576219729,27.231637425928113,10.68694904623003,16.932290802566527,36.537213203144645,61.16731139902583,46.50285743170738,27.58858898873806,34.23283938434601,59.792413787841795,23.290640123080298,10.078093651827082
2023-11-20,14.852448726130485,42.62976211027622,20.815872644100725,65.29319343566894,91.96844543941498,11.962212028422577,27.115354821582553,36.34072618252945,33.95803764873505,27.230669302756976,10.62015029588399,16.86493357044983,36.56359800465717,65.57193668313188,46.690162746391294,27.36162152194977,34.09325409610748,59.825515251159665,23.467725132914765,10.059127600063478
2023-11-21,14.813869373130798,42.58728762053132,21.489630160317457,63.93802464466095,90.75611568260192,12.01390737309897,26.58567309647159,37.19584252623883,34.853753045654294,29.615823286056518,10.412742795510292,17.017836738851308,36.757565303993225,67.44686578390503,46.72852751609802,27.58789286613464,33.93829604106903,60.501075744628906,23.379806304956205,9.93243996208191
2023-11-22,14.501671714782715,45.99156646728515,21.360009086387098,64.03978917324716,90.10704289913178,12.29437346563282,26.83340274837112,37.47139499359131,35.074490814208986,29.495925932693485,10.207783927453423,17.056946643848875,37.43745749130249,69.59205754286614,46.97097030723095,26.971736055457594,32.84058280306606,59.74447142601013,25.560700844192503,9.984852254842986
2023-11-23,14.946022131678854,47.5880135936737,22.70157522485184,64.6871118736267,85.58886301803588,11.848113854318045,28.074735729732513,37.300684839663624,34.593570709228516,27.91829581260681,10.980100340680846,16.683685908096315,37.784749565124514,69.06653984568966,46.832987814903255,26.465866130590438,35.24891042137146,60.315518875122066,24.633568863930698,9.90418710758972
2023-11-24,14.727754529095126,46.4770468711853,22.22832927939594,66.4055687713623,89.82322626972197,11.469437445053202,29.427092096328735,37.204213747936016,34.6167113494873,27.84045573983323,10.470448891735076,16.39498815536499,38.44660926990509,68.76684499504996,46.967636871814726,26.67205793558836,36.21431186141968,60.62903964996338,24.821834509805562,10.12158584056261
2023-11-25,14.9485208770895,46.19331600952148,20.75675313949585,65.77235058059694,88.84951392700195,12.026245223917007,29.137633506889344,37.44570661189969,34.503891632652284,27.86409611408579,10.986885163145256,16.402536341571807,38.75669951076508,67.10935072565574,46.43097951221466,27.24994112389916,36.51658344268799,58.96195219116211,25.63017045879364,10.055178642262364
2023-11-26,14.776165965617178,45.1963800095272,21.763516776168828,65.62504993743896,87.53156915336609,11.783276364185427,28.601482503175735,36.46355957396782,34.21892891464233,28.21755809354782,11.018736688028753,17.604980770321884,36.80046652523517,65.4228198168374,45.23601206016541,27.374036024644376,36.22873359680176,58.496654385904314,24.414099991858002,10.063975708216205
2023-11-27,14.8105371250827,44.87880659563064,20.651079597473146,65.92899818572998,88.51667176071166,11.716204890711879,28.37162555338383,36.36379751917888,34.21090629444122,28.10950947904587,10.982593210721854,17.560607426353453,36.64829000820637,65.9005799264966,44.934691781044,27.22478430807352,36.12413272857666,58.51907537355423,24.641285836958886,9.803819796619383
2023-11-28,14.586503853747967,43.75509976098461,20.70546380996704,66.48888343620301,90.37420448112486,11.623428376810534,29.03450016975403,36.652025888097754,34.751670837402344,28.359200048446656,10.376520017623902,17.717066884405977,36.492314207468034,66.8833459969139,45.251460742950435,26.608179043478966,35.691258550643916,59.18498103275299,24.582353326320646,9.359970933437348
2023-11-29,14.684427314378887,42.1975749981308,22.081643283832513,66.02788156585693,91.18645809957503,12.071392649946212,28.857251991748807,35.99757702619171,34.87133026123047,27.267162384653094,11.016608233380566,17.72964197713909,37.24733464336395,65.96189552650452,44.204657815933224,27.83969150482178,36.19884708404541,59.58949974060059,23.290027015864847,9.85484687191154
2023-11-30,14.552073441324232,44.111467552185054,21.895504956051287,66.97112983703613,93.11164455413818,11.65508086299224,29.19069502544403,35.68202455444336,35.184051513671875,28.8521990776062,10.979672992482483,17.61129148080288,38.32027606964111,67.67372227478026,44.45051645427704,27.036769290190747,35.919728438186645,61.08830642700195,23.544007854312657,9.969293329307556
2023-12-01,15.12146381378174,43.62045431760664,22.33688306114207,64.98113533415221,90.8475792121968,11.887628246742725,29.31364517211914,35.94390923538208,34.85550098419189,28.217468792531488,11.165933203103751,17.55032109167862,37.544284320831295,66.0376783709404,45.11536875343322,28.210623802522804,36.07438368644715,63.11753036499023,23.679096520900725,9.458138271496296
2023-12-02,15.221959914356233,43.81527137294769,22.208562488239632,65.72789673156738,95.07038853120802,12.217468406596183,30.135033130645752,36.00776993213654,34.86801580429077,30.25086793899536,11.180986995132795,17.240109016620025,39.03797538757324,70.71260030948639,45.734932559967035,28.783421361608504,35.95561599731445,64.07501815795898,25.197044428253175,9.466050864629745
2023-12-03,15.365349253807068,43.79751858578682,22.15603231950874,65.10725800323486,96.54722176763534,12.208321822485924,31.457810275554653,36.03924172000123,35.02392484664917,30.279996409893034,10.808016524563154,17.04645154852295,39.43864440917969,71.1986736831665,46.17118123626709,29.265902224373818,37.189910888671875,62.93283586196899,24.98158309944534,9.49224302578926
2023-12-04,15.257433648256303,44.351074181556704,22.6757512136265,65.68763427734375,98.18153733255386,12.26200452826023,31.302386835651394,35.97240038973999,35.17678979873657,30.280593422305586,10.685202051792487,17.21568474673462,39.987091064453125,70.55920484161376,46.25008335897445,29.20635984889984,37.106998443603516,62.73423303604126,25.023805454477,9.466918557035923
2023-12-05,15.29400247455042,44.11329837369919,22.175553000742802,66.33509078979492,99.02811797904968,12.193197157221936,30.803293759838105,35.94517564601898,34.26667098259735,30.010726893152903,10.479093981800863,17.89738047056964,39.94286739292145,71.721600151062,46.14267098160324,29.38941041278839,36.618134078979494,62.729779663085935,24.287155334936138,9.43528994481325
2023-12-06,14.217884148216248,44.017134488825796,22.0122778395829,65.29854888610839,98.22689374311447,12.675740732059479,30.690238090465307,35.202529458618166,34.37064576644897,30.545022835743428,10.97611490777532,17.762440655838212,40.65426901187897,70.57933221817017,47.65031852388382,28.68770282315254,36.63335328826904,61.635676004791264,25.394192052796278,9.402385066270654
2023-12-07,14.476206747127533,42.97136575698852,22.648987577996667,66.49681773223877,93.12507211589812,12.394238430719374,31.9413561630249,36.194871953590166,33.05550216121674,30.122861964138508,10.788912311891568,17.920984547721222,40.91597366333008,76.6976064376831,48.22762707206011,28.636156996035574,37.48737689971924,63.107118911743164,24.37758549023844,9.793469803810119
2023-12-08,14.125176798248292,42.801357563655856,21.908147874772798,65.22125924198913,91.95160178935718,12.194956902374553,32.42240348921399,35.982807396698,34.86089657256317,30.464221488490107,9.97853353738495,17.951555555244827,40.62629392856598,77.3074206533432,48.87043415672779,28.235252405976887,37.046945989276885,63.183877811431884,23.59913769109726,9.408532677440572
2023-12-09,14.371781041145326,43.001878852558136,22.744598980954947,66.8822539138794,95.00762328472423,12.86222126768589,33.02003524983072,36.84527135696411,32.72776558977585,30.6215503749876,10.229973915499704,17.76532800640869,40.65527230911255,77.97017654579471,47.11765562417793,28.533304660968657,36.068871961978914,62.84438962936402,23.78553870779228,9.355289067635537
2023-12-10,13.952871723175049,41.42588027390527,22.036564915013127,65.87352893829346,90.07665126631872,12.747363930459022,33.815941808462334,36.16756776809692,32.004035679796594,30.60105007025184,10.35583838991436,17.761656379943847,39.928291400527954,78.76748371018266,45.3078735249632,28.432381303310393,35.40327622047043,62.94941711425781,23.549804207885742,9.813665733337402
2023-12-11,13.731118297576904,41.56957701710988,21.966000117797925,65.15073303222657,89.1766726171996,12.886061399078368,34.32234833576202,35.337663116455076,31.83239312526283,30.555015061811254,10.420304788367329,17.167816383431397,40.0249072265625,78.54303709850406,45.06879110079331,27.509570182192324,34.39941678712291,62.79716873168945,23.573738484695436,9.785604343414306
2023-12-12,13.672213447380065,41.375835164101275,22.11489671846588,64.60667383358002,89.62111987017344,12.525005700405119,34.23012268214964,34.88158058166504,31.02349903343925,30.830381283116342,10.374971423570791,16.4592768825531,39.34115505805779,81.93593457149505,44.52295858221201,27.341604553234575,34.50992108402252,62.036549491882326,24.021454700420314,10.261468499074171
2023-12-13,13.27001200211928,43.506242430297945,21.765702490497894,64.4693699941635,86.60902102700899,13.29136612041092,34.31335169792175,35.21989958228303,32.730815777008054,31.01522518157959,10.235097625405654,16.70665914333916,39.8662467956543,83.23849672136308,44.58015219563483,27.383578408956527,33.53506597311973,62.59961700439453,23.93482390439289,9.633055057525635
2023-12-14,13.597162381739615,41.86189623225255,21.312053547157287,63.83174520397452,89.95233905347739,13.128466598510741,33.20237987473883,34.476307310485836,34.02921933517456,30.767473434848785,10.239673736047163,16.562707822368623,39.808284830474854,80.42023024451065,44.69698066416461,27.60345504426956,35.691531330871584,61.746229775047304,23.671112886989594,9.851581923580168
2023-12-15,14.066789623566626,43.29557056031513,20.762733778953553,66.24734808197022,99.03431098116012,13.229076217079163,36.02264366340637,36.89934553865238,34.00298759460449,31.541793056745526,10.522392904794666,17.85837640954006,41.59277229309082,87.65638617897034,48.927008299455636,29.01750841140747,37.987083435058594,63.29555892944336,24.914124443844504,9.607246616363526
2023-12-16,14.556644488938332,46.42310013990841,21.951874844741823,63.654340400333396,107.59723949867248,13.174856357574463,35.28049755638123,36.822961308288576,33.16593803089142,31.723347905158995,10.468479818088747,17.586400955890046,41.10021069831848,83.68324689674377,49.026307968978884,29.586720060825346,37.12503398895264,62.1095011138916,24.472668512987077,9.273330785553709
2023-12-17,14.333148148155212,44.67768423150215,21.857732243728638,63.225702370719915,109.05644874572754,13.093342351913453,35.078390347394944,37.24581080932617,33.509028625488284,31.37722707080841,10.268438123586222,17.431320847000123,40.50408763504028,83.35034935111999,48.10425881999016,29.740075524330138,35.42824991271972,61.93507736206055,24.475162301893445,9.420083159388186
2023-12-18,14.326671671104432,44.85730565014084,21.7109120344162,63.20178181257246,108.26050844192504,13.399087371826171,34.38047653146743,36.79549008116913,33.2676777557373,31.56542043685913,10.247838712920391,17.432995248687746,40.284587318801876,83.20222491488457,47.71851977983475,29.3725762052536,35.30857782417297,61.83196998596191,25.203562507972133,9.421570503854085
2023-12-19,14.179171772003174,45.4743898973465,21.041662266368867,64.76715585708618,106.48773800877571,12.879596214294434,34.009174080848695,37.7379711118927,32.8416484662323,32.09910021778107,10.157364465076686,17.261562827901763,40.12993622474671,83.64757595729827,47.39630241851807,30.083630337238315,36.817543487548825,64.32648693084717,24.274805662510417,9.541516530296803
2023-12-20,14.477700797286987,45.835030095663065,21.89609365249443,63.09139783845726,105.5040395336151,12.885235576629638,33.39885563681087,36.18447880071259,32.853542912673944,32.24854385307312,10.034722275712289,16.74482063293457,40.07178690490722,83.09555581283568,47.787961864471434,28.726630039215088,36.43216879291534,63.75970422935486,24.659637842559814,9.740644983979227
2023-12-21,13.846625623958587,47.51416834545135,22.487932901763916,63.14613421383544,102.61258268165588,12.815204257965089,33.45893473228913,36.39422528228759,32.88842376708984,32.399252454757686,10.535859359225656,17.308207196959295,39.87304458618164,82.2227058257389,48.03720847606659,28.63604397564411,35.59142303466797,64.37912952423096,24.570670989990234,9.859132007598877
2023-12-22,14.725875951809437,47.00370854729175,22.07735282284023,63.64010800566101,104.69686484713554,12.992501163482666,35.13002735983372,37.5391008628006,33.16044072189331,32.197965731048576,10.347473687861838,17.08511749058036,39.969232879343025,83.38242073059082,49.4923895897913,29.400783212184905,34.52729707145691,64.38987108078003,24.81046315940094,9.929605657958986
2023-12-23,14.657314989888611,46.38958899449343,21.911205552291868,64.19828026428222,108.21368676567079,13.193256748008727,35.08133146058063,38.21813932118226,33.956590270996095,32.71732825415611,10.557350027180636,17.440172890066446,40.79628629894257,82.81591472625732,49.50606968307495,29.654999685287475,35.64897665405274,65.47959610290528,24.29343180420399,9.796177251943158
2023-12-24,14.489296928901673,46.67247564036369,21.738312436294557,63.8329970626831,106.34830999946594,13.025070734596254,35.587683909629774,38.002275983139036,34.27421597061157,32.248276474728584,10.94803458144939,17.691619150854123,40.86750537185669,83.69272441864014,50.06682490722656,29.456046846628187,35.71628856468201,64.78602381504821,24.972168205976487,9.703963779338835
2023-12-25,14.982573322690657,46.61830261161804,21.62061896817398,64.35134201049804,105.91640453338623,12.970530584335329,35.4928028990879,36.72054352998733,34.06949421958923,32.34487848808708,10.998174792020608,17.720563698835985,40.99286867637634,82.72792155647278,49.2477844119072,29.452072259187695,35.241034240722655,64.98722380696105,25.398216964244842,9.70735136855507
2023-12-26,14.80441131985319,46.40364458250046,21.408348299820382,63.27292936404419,105.72521244612693,12.81840654373169,34.52712421002388,38.366793834085456,33.142091468348006,32.715350700244905,10.709149689640872,17.650068732081003,41.151780436706545,80.52648099141169,48.67655844430447,29.15332542882442,35.320028589820865,65.01044681474305,25.568939391067026,9.625492529296874
2023-12-27,14.574603731094358,46.657519280433654,21.440023869120598,63.262353183288575,103.80434878973007,13.041274979407309,34.27484566025734,37.19414119558812,32.862011407176475,31.225573615266608,10.078372061946716,17.50263084365364,41.72786943435669,80.5265179950428,48.46605541169644,29.463298433303834,35.06549345276642,63.03465759429932,25.48472049221992,9.75011842842102
2023-12-28,14.6865922420063,47.32035338158607,21.993090548503876,65.90045509338378,107.12376550641976,13.011837003796575,34.42695756410265,37.24107352376461,33.00083560046448,32.00389370360785,10.587412704959178,17.73228531294251,42.3227822216034,78.37078617290295,48.94940709975243,30.008725442647933,35.64680882837678,62.652609848625175,26.224718452227112,9.570096597862245
2023-12-29,15.12449576023747,46.583814697651505,22.105788371538164,63.53153760559845,104.84043886184692,12.762483398586072,33.4241604113224,37.11617710943698,33.40762880225372,32.32195568704605,9.798788300496941,16.798125114631652,42.36483123893738,78.52074221560406,50.44747778255711,29.048289100903272,35.87680990711212,64.28887119293213,26.40206149071693,10.151561705763017
2023-12-30,14.700563467647854,47.228559285449975,22.14063371114731,62.35230014682769,106.45680150767326,13.242216139171267,34.90307539952659,37.283291821002955,33.02188216334301,32.65487279318333,10.544542562364246,17.16485566786194,41.48259521484375,78.26714222622871,49.28298194861698,28.083219906973596,35.24050584411621,64.29376754760742,25.418183733090874,9.698977127075196
2023-12-31,14.657422210166928,47.228876808357235,22.048654508385656,64.05931323318481,107.4503893040943,13.241415388022753,35.12973143079758,37.49811973571777,31.542521501534132,31.80634707110624,10.454526248668671,16.593780272483826,40.00174819278717,75.65782106037139,49.14702147988414,29.598860525250434,34.96324482192993,62.88247841033935,25.254924101132865,10.002343639828295
2024-01-01,14.629184542487753,45.17465373422956,22.075775008878708,63.240563744544986,107.71127188110351,13.149588872354071,36.77913459777832,37.66760959625244,31.29577379213502,31.715038303182787,10.355941508422852,16.969258781433105,39.54276409266471,72.97074709995745,49.785171706724164,29.595913251113892,35.34161453475952,62.525988718414304,28.287857730860708,9.51445939677
2024-01-02,14.615523883735655,47.91617412978172,21.91893785514593,63.75513961029053,106.22691427230833,12.855757969408037,37.77310274124145,38.772038803100585,31.457302318779362,32.84661344384193,10.079090907289125,16.886233966827394,39.547380155264854,73.22190356670569,48.74366923914671,29.278328238487244,35.888240824127195,62.30268328971862,30.457022953033448,9.678098781695365
2024-01-03,14.357080263519288,48.780235681543346,21.878658549342152,65.0060957767868,103.98777022361755,12.688367613601686,37.510085788536074,38.94894027709961,30.310317860576657,31.085399382020476,9.95483490962929,17.29912878513336,39.73492323655128,72.4326918896712,50.39333006260872,29.650447082469466,36.33199961700439,63.593836818695074,30.824074924693104,9.501901798934746
2024-01-04,13.734447945434331,46.500848856353755,22.89248690301418,67.2040828890152,105.50375232696533,13.127444829586667,40.109432220458984,40.64260896949768,30.534198644984436,31.381677524185182,9.684133747034682,17.04143794572115,40.81642458343506,73.88886880300713,52.6056925535202,30.473321037769317,36.64376871185303,60.251666215896606,31.154284915680886,9.992554750800608
2024-01-05,15.08290813760948,46.64269114538526,22.73507552625625,67.02147311553954,96.19830824260426,13.214011037350675,39.21979821624756,39.42206703439521,30.24428928224973,31.08035416640711,9.456274932563781,16.51100535430312,40.798400193700786,72.50759441601849,49.00982776465416,29.71285330481529,36.65869239149094,59.0532970141983,30.76876387641907,9.763836576275825
2024-01-06,14.10955307135067,46.180400937938686,22.276989422922558,65.6120263671875,97.04261099882125,12.475056107728957,39.077083587646484,40.38847194671631,30.37226387116241,29.662104214907227,9.504550179366532,16.53351520267725,40.99789500045777,70.21648354546974,49.085838565298076,30.126553058624268,38.197884528656886,60.16874011230468,30.370411272525786,10.231663283635255
2024-01-07,14.494611582477987,44.666015179435725,21.917323859341018,65.61805221557617,100.7797772026062,12.782939023744584,36.464237213134766,39.61852397918701,29.959856167161938,28.98861073059462,9.241165529837264,16.13953014535582,40.85001910843849,72.37858475246429,51.64062752360344,29.473730707168578,41.589425374488826,57.89529289804458,29.946207050800325,10.326905383572273
2024-01-08,14.424820552612958,44.51383486456203,22.108736426582336,66.4356203689575,99.41308646965027,12.841633757400514,36.28939277648926,39.52778480529785,30.571525759277343,28.6538453384945,9.099596403475573,17.405768662047244,40.749198159742356,74.17275272669791,51.01711076087951,29.444465160369873,42.335780900001524,57.76202218236923,29.578488073868748,10.289249755851527
2024-01-09,14.392833674705027,46.09303287368774,22.46651158905029,66.25544950561523,96.676232711792,13.139797989867926,36.27600799560547,39.67209056854248,30.624602110519408,30.248274160752292,9.17393529924109,17.360815057602238,40.00164721311813,73.6994213288498,50.14203698015213,29.449620151519774,40.89797374555506,57.64786842853546,28.844892016754148,10.14404322893314
2024-01-10,14.016906340216753,47.159952873229976,21.95051088277273,65.0077577819824,97.14472217559815,12.99888590068817,36.27981892089844,39.60080470733642,30.274456091991805,30.84407027006149,9.117296472599945,17.28926862080383,40.16405262887478,73.47441288757325,49.22491107273102,29.355765410900112,40.02658021909603,56.754901634942435,27.68903872965131,10.310871817448932
2024-01-11,14.98253935007572,46.004308259010315,21.995523234495447,66.36804425354003,96.5466215057373,13.698733402633668,38.39259880065918,40.139357962417606,30.70943079137649,30.83765760835648,8.80879780192566,17.665950802419484,40.285042925247,74.91514320373535,49.48352961444855,30.387622812209127,43.13331558268547,56.63164771935997,29.351515709996278,10.3922217891612
2024-01-12,15.107081570116424,46.94672384262085,21.957978895254133,65.04741241455078,100.3675437927246,13.337141819000244,37.63662851216697,39.9373554611206,30.975955393295287,31.001634601593015,8.744776732521059,17.638107474932244,39.80202522243977,73.61777400970459,50.01556892395019,29.04163942337036,43.86520749177933,56.92949564180373,28.257480342571736,9.689453544616699
2024-01-13,15.335530594800996,46.25636155128479,22.475522406091688,64.24141009254456,99.5042903137207,13.712439939594267,37.41770439629173,39.450505558776854,30.33079943902645,30.649434962997436,8.634801407368471,17.4292396011363,39.59620439483456,71.07994895553588,49.28421850204467,28.620700550079345,43.111827996253965,57.119859144573205,28.15490887836642,9.727050487833024
2024-01-14,15.349449818379451,47.88204567266464,23.126443388791035,64.3631601448059,100.63498607254027,13.75799859266281,39.75767131178855,39.523034244918826,31.23289853292618,30.804178002834316,8.675132580798568,16.181365513824407,39.78098179372787,70.97752664566039,49.213067833900446,28.65356034564972,43.624823258399964,57.031836972942344,28.011686031037904,9.905353429985047
2024-01-15,14.916381702781534,47.854314176845556,22.79246786842346,64.08216369209289,99.37747197140693,13.734416177799224,39.46818500086213,38.92690166473388,31.14088775057544,31.151029097649765,8.537054286562716,16.85670400970192,38.752827940578456,69.77949933815002,49.21592479991913,29.332542558860776,44.378993702888486,58.04355752792358,26.93492130772898,9.59619116636753
2024-01-16,13.985635711583837,47.62136885344505,22.521803369522097,64.96108330682372,97.88462825300216,13.766363574455951,38.90904726791382,37.44938172683716,31.063044167861936,30.765929189558026,8.570596173225404,17.292184757158584,37.51602556086201,68.77359981536866,49.333514499664304,28.028997280769346,42.70416731941223,55.462627400501056,25.942102305607797,9.598902430057526
2024-01-17,13.407485931630134,47.66301808261871,21.416282793121432,66.18205327835082,96.86430702209472,13.7033934400618,37.79624782562256,36.754594497680664,30.994627033355712,29.20672842897754,8.315580469204331,16.913887922676086,36.95101268425941,65.74786176681518,48.45815400695801,27.833526483535763,41.981227303504944,59.7707799509685,24.89067748763323,9.377050946087836
2024-01-18,13.363792748715289,45.52972085714207,21.773272800006865,64.6158274887085,95.958805229187,13.862831190578998,38.6069385017395,36.88757440109253,30.708134076576233,29.98460221338272,8.05558127093383,17.121634055039063,39.3235325559082,64.44088740348816,49.09084304543495,27.396132420272824,41.81500029945373,60.81760282066451,26.015993281116486,9.754420141680907
2024-01-19,14.492635886075448,43.50717241287231,21.652554644462015,63.52978972673035,94.45721522140502,13.207640913150787,36.38216551094055,37.412315368652344,33.22341337986145,29.44199184322357,7.852348948103943,17.29249664721851,37.67278670654297,67.62814878328577,49.632795172691345,26.682225470938253,40.647392646789555,60.9236136111421,24.088465291460036,9.872805739920254
2024-01-20,14.233562194790041,41.7344825541687,21.016329807128905,63.90362306442261,92.08566986452101,13.180209476280213,34.022239819450384,35.94164034175873,32.44889515965271,28.636181402000858,7.804848667249921,16.922189825958256,38.023202745918276,68.30043314110564,49.051005568399425,27.610833525180816,39.15837017380714,59.10862207035828,23.673090024960477,9.837838240716666
2024-01-21,14.279729883273468,45.2839393004837,20.97620155177116,64.4826108578453,89.61442712350588,13.145581152534485,32.53158080895424,35.94623196601867,32.22829889888764,28.28781965636015,7.790754219957847,16.800019246582032,37.58682150044357,67.89598949792861,46.315283391016955,27.025972761268616,38.09991601910591,59.062151777893064,22.491630296895902,10.100730714066293
2024-01-22,14.729664648511953,44.195949426269536,20.979357179603575,64.5751409299736,90.31260540704898,13.180242880439758,32.91948212374306,35.8585335996151,32.33087732469178,28.548299719877527,7.832626417993498,16.958541398895264,38.210651457157624,66.69246385574341,46.51476291322517,27.025715264253616,38.297897357282636,59.166310524719236,22.337645137994613,10.146900214929108
2024-01-23,14.75300754404452,45.062595335756264,21.717439614536474,65.26683418360955,91.58740160202025,13.220880023002625,33.470684267280575,36.50477805099487,30.63903060150146,28.471720993986718,7.886282920969747,17.315034557710877,37.494137331390384,67.42574884396362,46.7104251000495,26.901816206771134,38.641544900522234,60.5102075394069,22.031770372764587,10.18058382696648
2024-01-24,14.307722954692727,44.52392144411087,21.08326129591956,64.76753933929825,92.11289712856293,13.094255447387695,34.34967319908142,37.69743438720703,31.14136071510315,28.513421160035435,7.919501279932823,17.609060349655152,38.475290156016314,66.81103383290953,48.30125381346703,26.543406055712413,39.47277826023102,59.85096876580765,22.459214390522703,9.78962033252716
2024-01-25,13.517913976951903,42.30512666358947,21.384722716584207,64.84238371866645,94.27209490863417,13.27989534816742,32.59844200209045,37.23179244995117,32.07490539550781,28.790691089564607,7.770198515784072,16.71215357942104,36.97752887814332,64.29310746913146,49.62655521211624,26.0751184058115,39.01202888583183,61.7234510749054,21.16143300012056,9.67426208177948
2024-01-26,14.3926694105335,42.18017677837372,21.541178483172793,64.60648061421203,104.23025272250175,13.299445896148681,34.00384769020844,36.91328046607971,31.587528616905214,28.032823070538473,7.702170888382415,16.98662189626694,39.749185609107975,66.53689654083252,47.80499060844755,27.428401811694144,40.9129626486969,61.76473861610413,22.446155170957486,9.24449112191677
2024-01-27,13.99250554719835,41.47640350581802,21.511449328508377,65.46256072126693,108.8775644003105,13.485728073120118,33.43093851585388,37.43148996331787,32.03365058898925,28.120876082937283,7.412676729396264,16.503763675689697,37.67575378189087,64.49811765036463,51.66096324920654,26.99517592875222,39.3226446818161,61.61695727810669,21.299857423238755,9.274825925087928
2024-01-28,14.019756222175424,42.26804844474792,21.941202964782715,64.78509319763816,109.90975777816773,13.463674907684327,33.5876023601532,37.649848324768065,31.943981266021726,28.443491929865285,7.298977702413225,17.168595651143647,37.40286895751953,66.32195690231323,52.55057115554809,26.794388177065525,39.26690427801132,61.61732606002808,20.725805320358276,9.221901048574445
2024-01-29,13.967238534024524,42.17390685081482,20.644880137104032,65.45593890468291,111.25927554702758,13.479983997344972,33.72222724914551,37.61714759875489,31.928653907775878,27.507050430006544,7.281025069418415,17.52716350022455,37.17713024604034,67.6019742345085,52.746929454803464,27.212387500748918,39.512960253582,61.66423752552796,20.94684850387573,9.228065258116722
2024-01-30,13.827573270418165,41.692219874725346,20.442574006603472,65.1947631543274,111.11020808653649,13.646734915924073,33.60550148010254,37.9775791431427,31.588835775375365,28.33181159504727,7.430819714982099,17.45538630718925,38.1568803679145,68.4478062067337,52.319292068481445,27.37852464717865,40.26257516098023,62.35045886776108,21.36447772075653,9.343801054000854
2024-01-31,13.843177782989502,42.106715967178346,22.20446616617203,66.57467068282311,111.12573268519134,13.492235435044954,33.17777412414551,38.40528831481934,31.86121129989624,29.11537295162773,7.516703017536671,16.065662631340313,39.80419062580077,65.25544455242157,51.94968971014023,26.291568060005638,40.25483838624,62.35178275477387,21.381217742938844,9.59473455429077
2024-02-01,13.342539304733277,42.4261622551918,21.647644451322556,66.32703826412973,111.91663985109328,13.631719746208192,30.31997587011337,36.92741434421539,32.781638603210446,30.401870637016295,7.450494847564774,15.89706362915157,36.60792683207738,63.06295826911926,51.380202383995055,26.41074236104717,40.68442474937439,63.067244294448855,21.818573629829405,9.428182345664979
2024-02-02,14.105564463602828,43.61603389465313,21.41268341076336,67.0187518401686,120.68386546433258,13.829852418144977,31.92099961847305,38.699975090026854,31.610821812629695,29.617710652513505,8.12047536367908,15.84663864930646,38.749163653873445,65.64253056907653,52.72561769485473,26.474465496949243,40.76311815751791,63.672463734268504,20.69307957964325,9.798404150390626
2024-02-03,13.587857299996491,43.632455053195955,21.446871978521347,66.48530259480411,118.16515591350746,13.89675669992034,31.5187463800621,37.866319465637204,31.699544175624847,29.922496669006346,7.774205661764491,16.131673369093438,39.367877144622796,63.89862752437591,52.95220728238105,28.44737286608963,39.41943765666675,63.99732135618742,19.60963873329163,9.600353355789185
2024-02-04,13.66549333139328,43.65152309989929,21.708953165731426,67.0367169302718,110.63471606347653,13.755784234087944,30.513721928684802,37.86891567230224,33.60011499322243,31.761051503499605,7.917726687088921,16.137053938815594,38.223853326171614,67.37187366485595,53.217889634828566,27.914486775801688,38.650703712543,62.81680831093312,20.03497444152832,9.642403411674499
2024-02-05,14.051387711198538,43.557737143077844,21.525044729862213,67.10508634880205,110.86383330723964,13.617708666229248,31.304499421721648,37.97454788208008,34.55128644419861,30.761141084960173,8.028369665293091,16.292112974454977,38.1327261489882,67.9212781906128,53.77429408327102,28.58214621319399,37.64878261184625,62.96328025504727,20.366922644805907,10.029664255823137
2024-02-06,14.35557186696104,43.2375276487833,22.006547180700302,66.53651778875196,112.33754015461292,13.4088450050354,32.23971777695217,38.38906478881836,33.97652692108154,30.463248269536574,7.7622243481526345,16.400651326003644,38.65687497332095,67.39435857582092,54.455008418512335,28.442470005941388,40.55420703629494,57.9842425775528,21.384687276580813,10.10718896092987
2024-02-07,13.833117316560745,43.15545301668892,22.029145952881905,60.308171988891786,114.4190514428215,13.505456171035766,33.39862590536671,39.457986942672726,34.68437262432862,30.27409747987747,7.883494254111745,16.121906715617044,38.81662684822082,69.10971133804321,56.019042271614076,25.61673790923152,42.44288502788544,61.924462915743995,20.890156061553956,9.801911408233643
2024-02-08,14.348793534990977,42.91131932221756,22.538343743387976,64.50696932945252,119.43269406944275,13.266169567108154,34.271946599979394,39.451217842102054,33.9794797164917,30.752294681972693,7.508582807607958,15.584870997727645,39.978518513917926,69.47313137054444,57.294257909774785,29.862183934032444,42.851454400978085,58.437543042182924,21.036647491218567,9.385568753707808
2024-02-09,13.672357040405274,42.051474446754455,23.661036603887986,64.26527615318298,120.75102938632392,13.888962515258788,34.913922251243584,41.28960632324219,32.93965701974487,30.54856529227066,7.370769119732004,15.166438208076155,38.871164076347355,69.72149333953857,56.64518136978149,25.801117915591092,45.511699366722105,58.54419612693787,20.54510099990845,9.457233573170242
2024-02-10,13.1910755656178,41.7539910193634,23.8318164216804,62.57247268454647,119.67172326876639,13.92198050737381,34.631064049243925,40.85172286987305,33.22110045204163,30.666360819699097,7.4320740943190655,15.647265121912724,37.622595597052566,69.0671293258667,56.751993083953856,25.02849959413957,48.076779918737415,58.33944356060028,20.24599400503922,9.1073669837562
2024-02-11,13.691771994581222,40.49999237249336,24.283653179596282,63.50726802378071,120.34601036862944,13.185418465090942,36.04565912040711,42.2078893661499,33.30584492623901,30.71201699888649,7.696240422426751,15.720496864972716,39.53007018470764,68.10812988281249,56.72811870574951,25.91812197388648,50.600758473651695,58.242507634162905,21.15367925696526,9.569232860087698
2024-02-12,13.942452414429185,40.353918958083916,24.38601515195732,63.353077351555534,119.93895060553551,13.298913100923157,36.136764330825805,42.40293190002441,33.339241478897094,30.84212777439708,7.689279162898821,15.859504348039529,39.77713786411285,66.61294872665405,56.6157428741455,25.900760786742072,50.62888565259933,58.20978816890716,21.305893914454654,9.770082376392061
2024-02-13,13.898164079332423,40.15788082288398,24.47791095867419,65.76488525276773,119.26768325731086,13.454999817555713,35.98454989746093,42.5130269241333,33.70741812604111,31.24892018054008,7.644293022529682,15.967809917637522,39.809831554412845,66.63127550125122,56.46849088668823,25.87404676587597,50.61247079838753,57.87944576828957,21.47056757362953,9.945207008552341
2024-02-14,14.126834784042835,39.0065671979992,23.494577730091866,65.62645791112321,118.68998684341621,13.875589902677536,36.40933301353454,40.1532195739746,33.72305664409745,31.29063107025146,7.60620842863,15.908602387734298,37.88562526285601,67.65896129608154,55.89927349090576,26.0036435285721,50.594328064785,58.24917230129242,21.64269314805851,10.45169022678566
2024-02-15,14.040395574810503,41.336682863408654,23.241262801932617,62.57667479491353,118.88582945766449,13.881248890703203,36.52805425834656,42.53347396850586,33.800358826463935,29.636978451218603,7.588692762642133,16.187245611586686,39.956730391502376,68.18528366088867,56.638951492309566,26.04399347754221,52.907100862748045,57.83316924704075,21.5208270940258,10.847241030298232
2024-02-16,13.56459227315676,42.3991477207303,23.50846652712393,64.68030514297485,120.53209229067551,13.84056542444229,39.03671619415283,42.22133964538574,33.520075630828856,29.64631122799598,7.422767562675476,16.25056729551366,40.54368181228637,68.495094165802,55.54291609382629,25.682165681413927,54.379128973960874,60.34412046546935,21.59243196944046,10.867166596441269
2024-02-17,13.95648922045934,43.97679641138077,23.292587414750418,65.9300212097168,123.48073456930787,13.619843269786834,40.22038269042969,41.73852931594848,34.18368915456436,29.97211935269737,7.50252625769806,15.517867865230887,41.71466073989868,67.08354090056419,55.31513786315918,26.78733085265493,53.09805844116211,59.088107872009275,22.90960255091583,10.84359308166504
2024-02-18,13.83777832599735,45.131974832153325,23.258993987711005,66.13999465942383,123.16971173316043,14.597754840087891,40.59915542602539,42.45747785568237,34.192814863634034,29.276637882239164,7.385660050493027,15.447292682969035,42.02972888946533,67.8613662065506,55.31549863815307,27.27373247247934,54.602235317230225,58.65705026435852,22.864418605499267,10.746339416503906
2024-02-19,13.271917106726532,43.920176655693055,23.266841687933503,64.2531179260254,122.4333941085573,14.722040307712556,40.41138458251953,42.16549558639526,34.20742688522919,29.311113035390537,7.606700879768372,15.433155572959521,41.91541156768799,68.00523193387984,55.55687198638916,27.185403118979927,56.24745085430145,58.751296836376184,22.772672528995518,10.731358699798584
2024-02-20,13.417385596216606,43.717232917785644,23.105547783643033,64.31069805908203,127.13169978001096,14.234801845550537,41.19096023178101,41.289690989685056,34.22801902635956,29.362607867285327,7.745366596520804,15.738842123253823,41.354918641090386,65.73005694435538,55.556790644645694,26.722909485951696,56.13031695842743,61.998538838327406,22.315326532745363,10.581958046722411
2024-02-21,13.39803854179051,42.93638249077606,23.20878848600494,64.17668913116455,132.5166275024414,14.207639951705932,40.970423240661624,42.07868213653565,35.61895923077019,29.119998056058908,7.912184766867485,15.917202237006421,42.55020934009552,67.79605725759001,55.39409138886452,28.86431293487549,55.053671422405245,63.354712262832635,21.92865373649597,10.579692097663878
2024-02-22,13.994178748405695,43.239439212535856,23.876871161751094,65.58189751746367,131.94033761724472,14.402527809143066,40.93484058380127,43.4113883972168,35.30199471130371,28.658945397726058,7.789795537479401,14.904699277541695,43.13146066958427,67.5485003623724,56.093326642513276,29.34040656852722,56.25082477480888,62.999017614898676,22.265484007869418,10.599093055725097
2024-02-23,14.908018703682837,41.6029205524395,24.513309182490385,64.90466106415329,136.80668106079102,14.076780319213867,40.74352264404297,43.81884002685547,35.91276963545708,31.93369838387489,8.682284104039077,14.596654813837867,44.25488372039795,70.02448859281539,55.834590625762935,29.48746807050705,56.69058750629425,60.418825168609615,23.366293774157185,10.625964091300963
2024-02-24,14.764458303918884,44.175743431091306,26.530967852990624,65.46755645480346,132.5378658428192,13.507208833694458,39.77016757965088,44.121972134399414,35.35034010267426,33.01519008653641,8.709991572257996,16.199066820153263,44.699264881725306,71.47076186937332,54.21478049182891,28.202481808662412,57.764334039688116,60.121304300308225,22.960165175628664,10.762823322034263
2024-02-25,14.336546518479825,42.787490139770505,26.399645263516906,64.7936703718872,129.97535820007323,13.56992600440979,39.515832023620604,43.422612688064575,34.462261766052244,31.916795870475774,8.284822604772721,16.573194012615968,42.66652196554184,71.70115874925612,54.1026447057724,28.596798276901243,56.223327615737915,62.68511700753009,22.32893385701752,10.220482120674133
2024-02-26,14.44031864060304,42.23879341506958,26.430746632282734,64.6987667180786,128.84503898620605,13.427245234107971,39.31444258861542,43.631372986221315,34.50562499542236,31.87688029532433,8.38877638959606,16.48902724952545,42.2571069347477,72.41441768508912,56.001491624078746,28.766050100326538,55.33669420623779,62.72066111485373,22.281812917671207,10.410836789082525
2024-02-27,14.709651516695022,42.536577742767335,26.51169235610962,64.5080369054718,129.55779754795074,13.584607022666932,39.460962939834594,43.59493726272583,35.03334454293823,32.18142369174957,8.568878176078393,16.226111576225282,41.29030446350441,73.15635714912415,56.28600493826866,28.17361632553339,53.26393230451584,63.7632754400239,21.971860015369955,10.37224049911499
2024-02-28,14.798939741134642,42.37556183395386,26.75770683288574,63.81979496612549,122.15675085411071,13.432364669036865,39.067489489746094,42.78039211273193,35.057355452819834,31.765255773925784,8.37299246511841,16.073522261009217,40.4556828686142,69.75882536888123,54.5124224281311,29.797766114845274,53.372046629905704,63.526624219482386,21.298972216415404,10.453951042175293
2024-02-29,14.454143993725776,42.044534354759215,26.925772782769204,64.77265860534668,124.94847293364712,13.805455226898193,40.43256662693023,42.36227387237549,35.25176297143295,30.830174466991426,8.416806637148436,16.487160288402553,41.425874044418336,70.58092539310455,56.07992628765106,30.8753829574585,54.13607560443878,60.02594118347169,21.594339602394104,10.89933997440338
2024-03-01,14.717289662004946,40.47286491394043,27.278429969787595,64.09747493133544,125.15371540088653,13.405295298314094,38.26540651588439,41.74060276527405,34.525940704101565,31.349222079277038,8.593996706659368,16.409203002273557,40.89375799324036,64.80271148363241,56.1158863120079,30.69762681770325,52.565349940538404,60.78071220336915,20.887098053741457,10.907020480799673
2024-03-02,14.434875468565263,39.54651078343963,26.989034337072372,66.6153452270508,120.29328288514692,13.836927110767364,39.429358993873784,42.65314762115479,34.58111769483948,30.608337936401366,8.638644576934773,16.328881978866576,40.943319790349,68.95650437744807,56.82947278690338,29.995442243831636,51.61176836156845,57.71270006570435,20.64682625468445,11.21732837699318
2024-03-03,14.685771731581879,39.948239325634,27.027970583574774,66.30174697723389,118.51301023094507,13.683404396057128,38.413565967029,41.99815580368042,34.664811148498536,28.584528973485728,8.282885491651035,16.3030647685318,40.08366604278088,72.56296826539993,57.3831320772171,29.713523575401307,51.868477120399476,57.191536755889885,21.014287139808655,11.317776705179215
2024-03-04,14.730028762402581,39.84164411773682,27.2352916702795,66.71895306166076,118.64909637269163,13.71153750257492,37.52087486600762,41.930206546783445,34.701380686203,32.45365691889953,8.287307365974176,16.433019289054872,43.56744164061355,75.04289057922362,57.743180109500884,29.800871837104797,52.45044331884384,57.563141255996705,21.137659252796173,11.58650551350975
2024-03-05,14.408283118667743,39.61068351745605,27.68157275431194,66.53232213592528,120.87348789911269,13.760504712104797,37.90447341104507,41.504110618400574,34.343368093872066,32.34879880142212,8.29297583506079,16.602095346473693,41.60456894874572,71.50523254537583,58.05251699495316,29.60411245307922,53.25179638195038,58.505165805047604,21.21937545530319,11.934115041160583
2024-03-06,15.036786176835035,40.198276828399656,27.810656463861466,66.83449321575165,130.62131702968597,14.026364205370902,38.126965748934744,42.397041702270506,35.07751018652343,30.46934573965788,8.731061271199174,16.82810329197693,39.25700915651178,78.02202346801758,57.40979275119781,31.063635920251865,53.87796469266414,61.34883510369232,21.346050252914427,11.880977691650449
2024-03-07,14.906966153897589,40.51021232070923,27.71339140732527,66.93335046798707,129.13643844394684,13.55528730955124,38.75198242408505,42.22688009262085,35.373480045861506,30.18432737753963,8.834993755847794,16.641678982543947,38.38156805777781,81.19139565124512,56.47867230490816,30.7270719909668,56.29685716073513,61.45190395865113,21.426566339492794,12.398451514530182
2024-03-08,14.828523922920226,41.94001322861236,27.64429536960125,68.7693930416565,131.94771392353823,14.064124975204468,40.250672999782566,41.602321017265325,35.39732981407746,32.77865313954163,8.88446045653689,16.42771962639725,38.64116057956695,71.18741291399179,56.29443663482666,31.297770192398072,55.703946599006656,60.69938777270508,21.56811485148811,12.863435656929015
2024-03-09,14.14477684057653,41.73749342516807,28.139494957923887,68.86100316323089,137.21012420654296,13.43167954489088,39.18417793371105,41.8750537109375,34.93544496830749,32.42213270187378,8.877052086957908,16.278974662012367,41.29841747518159,71.94805649953308,58.599876254167555,30.84134591515732,56.05688182210922,61.00813841088867,21.838089513067242,13.093573513031005
2024-03-10,14.613786119756698,40.63196231816902,27.903331739902494,68.82219963393402,141.27505416870116,13.216164075001718,39.086325252484706,42.11663475036621,34.659761709594726,29.715997336311002,9.355497807507852,16.247473858428954,41.91961552425636,71.86596661956587,58.30310341366768,30.857472775302888,56.542088985443115,58.84287536428803,21.92789259324646,13.368021850585937
2024-03-11,14.653939333863258,41.149811152492425,27.505031413793564,67.8731460400772,143.65758247375487,13.173219374084473,39.49766283796463,41.5242911529541,34.764042219543455,29.881985844743895,9.377623204644157,16.284707589500428,38.12221242438526,72.43902592214891,57.689145109176636,30.956081598838804,56.57928228378296,58.80420677600602,21.615356635002136,13.445953540802002
2024-03-12,14.667165110635757,41.57714710705559,27.362981675570012,67.11233624267578,144.68619705963133,13.036882717323303,39.88708892736225,41.27205210170746,35.46342898811562,30.012987014296613,9.342118772595223,16.28713028794098,41.690729876037594,72.73404986591733,58.27254066467285,31.225143782415387,56.64738191127777,60.66252160606385,22.044674910484314,13.481492671966553
2024-03-13,15.001207664966582,41.9217396424942,27.943927574157716,66.09736924681091,141.18124303722382,12.731590135309466,40.702500819568634,41.27695961551667,35.378488978087695,32.82025420726948,9.323576732307192,16.48082911541084,41.532931966758724,73.71257184148692,57.450178130149844,31.393124212875364,56.701802289962764,60.8345623808899,21.356571290233614,13.701394022750854
2024-03-14,14.890450342140198,41.97070326306152,26.664975222945213,65.04669935760498,141.7372054273224,12.758434704917907,39.7490920051506,41.929325103759766,35.94231484621296,32.807598026275635,8.904886891295705,16.458203460699004,41.39999075854111,72.69343239262048,57.813379317283626,31.541383770715715,56.5663254404068,59.40322679443359,20.84123682152538,13.94812923788643
2024-03-15,14.590963590706158,40.61108932109802,26.836061254241464,66.20793237762452,156.48679139328001,12.734357955259323,40.444666497877115,42.444154014587404,35.6501136268515,31.270792120240394,8.773411090783778,16.39932991196757,41.74700268040466,73.91344366275787,57.14827599981308,31.209000493240357,56.208761133255955,60.75505380033875,21.193674405968284,13.96020451446639
2024-03-16,14.984215340538023,41.361746540871806,28.878765562534333,66.94106506746047,156.3498886642456,12.750150232315063,40.85249489931106,42.983890533447266,34.552490234375,31.527410179594522,9.129454333556357,16.21680025841194,42.44569347393036,75.5840198645053,58.3299350566864,31.300986541374204,57.197567217880014,60.674611239486694,21.565366877952577,14.124489223325728
2024-03-17,14.53411821269989,39.9096486613964,28.344854686260224,66.5351311592958,160.29417784881593,12.046351242928504,39.44129399929046,41.148019580841066,33.88082504272461,31.642312507266997,8.899783136403437,16.279671298777313,43.141625499071615,76.79770189762114,58.07384061956405,31.301233931351707,57.47754039125891,61.51790718405121,20.564312773487092,14.057856044322966
2024-03-18,14.841419434547424,39.297936414694284,28.052480734348297,69.68288449700984,159.35222387123108,12.286656291961668,40.87628044128418,40.9036979675293,33.826290130615234,31.546653450565334,9.0597279665971,16.363983756664123,43.09508350175211,78.37574157714843,58.006709003448485,30.877997449659233,57.30406736859197,63.422744126069915,20.408584312117824,13.357704215602968
2024-03-19,14.434921547226905,39.00348098519691,27.513328437695503,69.01686219762817,156.4776872154808,12.124138724606036,41.2933975982666,40.0202001909256,33.092025303268436,31.700296588983537,9.10242800206091,16.255748020889282,42.1297458895301,76.65697186660766,56.96136345863342,30.30026915083694,56.38610744689465,63.44943974188311,20.126890255908965,13.419589884357547
2024-03-20,14.494154003935575,39.26681748046875,27.831740034742353,69.73955192188727,160.36451454162597,12.305200342191696,42.1920051574707,41.6053340593338,35.211432109864084,32.94213855743408,9.6858558636863,16.68630977136573,42.30998371146011,79.84488017177581,57.086892086505884,30.920917334827422,56.660733009381296,62.390597398911375,20.748510029354094,13.661971294601727
2024-03-21,14.665504567488455,40.4924953013649,27.778243276119234,69.90085293900663,158.25285758972169,12.616595077066467,42.209896087646484,40.682975959777835,34.80076981911621,33.23957513093948,9.185793451859539,16.520002895233155,43.02489582030486,75.68247702598572,56.25326807491779,31.466581206870917,57.23909214019775,60.4613621416267,21.014015805680465,13.65002801243019
2024-03-22,14.326198415851707,39.19346980590821,27.367595493907928,66.89509733116724,159.3552840614319,12.265045286828041,42.41781234741211,39.94022951030731,35.458244811002196,32.588940051341055,8.374535598381042,16.95170222844303,42.57685529937744,79.8832081611557,57.52830648422241,31.1198924729805,57.32853497550487,60.72399687091416,19.061441705343245,14.660209086152
2024-03-23,14.563397517172262,38.419986666870116,27.671501295661923,66.24014009161377,163.09420509338378,11.946224863356916,41.6821594619751,41.13523826599121,34.95912317276001,33.11530748605728,8.477544498495941,16.66145235436249,42.570661775207526,76.5261366662979,57.591865271186826,31.41048368768715,57.052912879586216,59.70030543717957,19.300844787597654,15.132718010725021
2024-03-24,14.453870799170419,38.269074533844,26.401161205572365,66.16040235541534,165.29897918701172,11.688619217408307,41.464328192138666,38.214216422767635,35.47082727706885,32.943570964336395,8.337607033114399,16.771634923473357,42.745956704658504,77.53116359710693,57.04766188114472,31.45336480241581,56.448586539267396,59.70535993413459,19.12337045288086,15.203403250694276
2024-03-25,14.199823926834153,37.14368225097656,26.16587261466622,68.0976271505127,166.46565856933594,11.732584896659937,41.0236928232193,37.71667729694366,35.47296171928662,32.634537334442136,8.226644378580508,16.80770871154598,42.332245795692444,76.34150619506836,56.8663618577518,31.248939365744135,55.940079599593155,59.62641260359131,18.25447604598999,15.186697774887085
2024-03-26,13.97147016061244,36.75383995056153,25.73835040221834,65.92996287831116,163.73792498016357,12.755897552534407,40.242176885604856,35.9753898598743,35.00349878153045,35.028595964813235,8.024132424414482,17.89642664381218,41.71600259857178,74.36416436004637,57.583423548260306,30.32943831138611,54.75752810795173,59.63193976272308,18.203544274520873,15.205164328384399
2024-03-27,13.782425669873636,37.19638051300049,24.80952107608223,68.17477040620697,160.72444971084596,11.68145057781256,40.20170593261719,35.23185437530792,35.566154396070196,34.68929814625167,8.17040109294754,17.928947929573056,41.78167207161713,74.47308195877075,58.039741690950386,30.509828396942137,54.87223591940117,60.40206317694479,18.254725147247314,15.176284031867981
2024-03-28,13.799379919918584,37.12160628433227,25.82601328792248,66.71700681742861,153.11173434494017,12.925117567426696,38.891577229499816,36.948209969996874,35.21413947904816,35.032829744066895,8.22978945525627,18.16561603173304,42.0389147140503,74.54477233886719,54.343554860554214,30.08870632324219,55.115655698776244,60.87356426792498,18.118040267944338,15.178189449310302
2024-03-29,14.123365852016256,36.727248916625975,26.85693531703949,64.14637165603638,155.71613636674115,12.825566258411406,37.39430409472131,38.8152213306427,34.716296311523436,35.33888231010818,8.224426469168014,17.8360587318449,42.95954568670189,74.54997969818115,55.592894865560524,30.133495840693875,54.1128431929779,59.78610591832947,18.45432921101761,15.101308510199546
2024-03-30,14.988510332110861,36.54173365402222,26.724989320278166,64.77778594734193,160.22923180389404,12.79656113193512,40.12267170309494,37.90656863937378,34.58123794981384,35.14756090983582,9.196113025257338,18.067213130272577,43.803726777201184,72.47648010192061,55.77108693695068,30.081104636901852,54.16819763374328,60.337273887430186,18.77234374617004,15.529431091213226
2024-03-31,14.896124782437285,36.89028837432861,25.750503387451168,66.15584896496567,155.0112908477783,12.548489070968627,39.80675885705566,40.08213799317169,34.7565239654631,34.93669741070034,9.144534338335472,17.84317714185333,43.37804142324611,72.39183369647742,54.16424063506937,29.452553578948976,53.90867489013672,59.1354886039032,18.456503959350584,15.429307346343993
2024-04-01,15.111738433244907,35.384992763511654,25.71115440273285,66.29214811750077,150.0079216003418,12.759516073247337,40.05925158519745,39.74823300107575,34.27706902615357,34.03758203068543,9.014278613366425,17.996419535950675,42.86158668076595,77.77422505957834,55.019926559951294,29.23814140319824,54.01844729042053,58.749813135995865,18.45928672233582,15.540193996429442
2024-04-02,15.127658415007966,34.84028406317139,25.62628372192383,66.73360790630677,141.65053203048706,12.909280171322381,39.91912294365692,38.795208347909345,34.74860080613709,34.28789963715363,8.938389698152758,17.574253992050167,42.72981098098755,78.10376534210015,55.63347266554561,29.595680577850345,54.345330699348445,58.4547636363144,18.311233390045164,15.531912199401855
2024-04-03,14.903765623977064,34.27586499938965,23.676543440698634,65.2250637435913,146.8439233417511,12.781168952116685,39.62311496152702,36.81861888544464,35.47481736628013,35.16712029456551,8.808750768935166,18.023814319942478,42.62320062332153,77.99671724510192,60.66146629179955,28.512337303161623,53.57185799217224,59.51228868528918,18.98398621321106,15.65785837173462
2024-04-04,14.244171579108407,34.055689682006836,25.60370071591444,68.46648666371291,146.898984375,12.7531654682927,39.613855730529785,37.997500210098266,34.86791378320312,35.87671268733374,8.913850406925112,18.160316969438554,42.850318908691406,77.66100463245392,61.77373905770302,29.356192403411868,54.08392844295501,59.263099182060245,19.451625720874787,15.483997878456115
2024-04-05,14.690120028934478,33.98813040161133,26.106164191246034,67.99606121821219,156.23272590637205,12.32725096435547,37.55793239593506,38.381463940798184,33.56086840610504,32.97121293067932,8.96494408268692,18.36304002481842,43.88762120427452,79.42587947845459,62.069782982454306,29.866101534564976,53.462816335945135,59.51065025603485,19.606040476524356,16.39630802078247
2024-04-06,13.90818561515808,34.31635459712219,25.252785341387266,68.0976215108322,165.14369106674195,12.691144438113326,36.94647687835693,38.08458925552368,35.421426846563186,33.077742958431244,9.038624518203534,18.12656731263542,43.50200943534851,78.1505200881958,61.75320389270782,29.366019121170044,53.37650557451248,59.89785962133408,19.73741160850525,15.849553413391114
2024-04-07,13.73377793598175,34.072519755546566,25.493541341681958,64.54263789886664,173.5282547149658,12.304200915298463,37.43169262962341,39.10747414779098,33.742530822753906,32.798619717716214,9.383707585679078,17.795449274174768,41.68144331049442,78.22671085739137,62.270223730087274,29.59685561828613,53.46424489854812,60.32693936439378,19.568258839416504,15.85383014678955
2024-04-08,13.901616513061523,33.7825406044693,25.99298826013813,63.63927880210876,176.94153636932373,12.236392947257995,37.736003540039064,39.56026029588066,33.85316848754883,33.222243251781464,9.35905021108649,17.635498176589966,41.939818665504454,80.50551843898772,62.893874559402455,29.971612954330443,53.813724316005704,59.86839029493713,19.497487215042113,15.967941169738769
2024-04-09,14.339948380285263,34.036941520859756,28.248648719787596,64.17130874633789,178.79484405899046,12.173215046310425,37.86066677598953,39.99279479104522,34.93165911946106,32.435183971381186,9.275688673462257,18.030791896926825,42.57507562637329,77.04822056093215,62.58068262577056,30.460672250518794,53.793937464990805,59.25046752016892,19.704641329729554,16.09177017211914
2024-04-10,14.411865649435043,33.97953735179901,29.43016867275238,63.057969569206236,181.157799911499,12.718084789528941,38.84616957492828,40.386570086590574,32.158359123973845,31.87630855157375,8.987578717283856,17.9210029780426,41.94487055683136,77.80013533973694,63.18192810058594,30.86314476229477,54.13352594953537,60.88541071135655,19.339792072677614,16.151304515679705
2024-04-11,15.621813815116884,34.66230408325195,30.231292724609375,62.673152566909785,176.11840211105346,12.642224445230482,40.840322404861446,42.554631708526614,32.23107388263703,33.402774061203004,8.755429213826751,18.115217973550646,42.20628547668457,78.58895587921143,64.99713466152191,30.53192609341049,53.625628473118965,59.913878519236,19.89464123443222,16.091117727279663
2024-04-12,14.914602184295655,34.542422216033934,30.226970386505126,63.26613097229004,167.938727268219,12.690128445098876,40.755174980163574,41.489156799316405,35.75658629885971,34.8477040884018,8.921131908756792,18.188509889102097,41.632701587677,77.45432380485533,64.4569411505699,30.173941131591796,55.43782813653945,61.12991172458429,19.525478358255384,16.028535322952273
2024-04-13,15.598659829999924,35.67432231097206,30.134567403793334,64.63927310256958,166.82152404785157,12.919853129172363,42.487850094268794,42.56730873405258,35.50237323567284,36.06662064743042,8.701844168276182,18.074762403030395,41.17882274866104,77.38351364135742,64.4234364938736,30.874275669615326,55.25446157615661,60.184209031241224,20.13230304627228,15.765266739406584
2024-04-14,15.460804547836304,37.39441793744659,29.943248748779297,62.245531322479245,170.29546737670898,12.856444482759409,40.8113282421112,40.56209367380142,35.7341855527782,35.51365947532654,9.15141230255392,17.528219435488584,41.22810842514038,75.8833740234375,64.33018541908264,30.261614112854005,58.193744235610964,59.70586607671097,20.209283023512498,15.719561214529035
2024-04-15,14.387124834895133,37.79187827808861,29.621671676635742,62.26088583183289,169.3292934951782,12.619854965166091,39.50165832211018,40.48841857910156,33.814103092575074,35.69252465057373,9.342382957248985,18.050687065072573,42.74932622909546,74.66866321563721,64.0941993713379,29.992093634033203,60.26698711395264,59.552933549685285,19.721296695259095,15.541310956386566
2024-04-16,15.592114632069979,37.05611938476562,28.90315544128418,62.23860890579223,165.71253761655237,12.128459951019286,40.76364719867706,40.20652908325195,35.611104890825956,35.697160051345826,9.387760010174562,17.925671051701688,42.371007900238034,72.92052381706237,62.264713118190755,29.965523455810548,59.55443447113037,58.83328051226806,19.208499698638917,15.324490965239525
2024-04-17,14.281906662940978,38.19415065765381,28.477234210968017,61.844244571266174,165.0888524785618,12.236918158531187,39.43374439962386,40.34145389556885,33.32444948196411,34.91968764839173,9.303248610523223,17.679336847292863,43.0983019622612,76.05449199680329,61.6129949085617,30.082150936889647,59.3999910118103,58.5328793420105,19.450572922348023,15.1009715601511
2024-04-18,14.881635618209838,41.27406061610413,28.78097152709961,64.45100006103516,168.04138523483275,12.015403747558594,40.68115888080597,41.23024368286133,33.44237685585022,35.170685789108276,9.508596508190145,18.055885919889754,43.845562508583065,78.14965353418351,62.79513416290283,31.053943313195113,59.3554573059082,60.39497313995361,19.69244165445763,15.206784262657166
2024-04-19,14.110361909866333,40.550177780914304,28.372532749176028,63.31568881676673,165.20176572418214,11.823275566101074,39.037784315872194,40.26877212524414,33.792545585632325,34.29547998332978,9.57877634744835,17.458895132391355,42.07484324455262,76.47289169849395,62.35331869125366,30.94680400773651,57.09977340698242,60.34503359069825,18.66405777141083,14.681208583927154
2024-04-20,13.946675747394561,41.899058738388064,27.801575299072265,63.53126023667335,157.7067015430069,11.823149700164794,37.550247513759615,40.121122398376464,34.11124111175537,33.80338874885559,9.61050498116604,17.39129865644616,40.744069297953835,75.6522487738037,62.162270851135254,31.13694420287922,56.28881366729736,60.603038058471675,18.57350699890137,14.381676190200805
2024-04-21,13.833902951717377,43.156808055313114,27.449316607475282,64.72467019500732,154.002002494812,12.02290235939026,36.42676891192818,40.23369003295898,32.92811006132126,33.756735968484875,9.717967991048265,17.238400385046155,40.869678808650974,75.99849045587541,62.330272012710566,30.537612425514222,55.482595710754396,62.50671704676819,18.22282043486023,14.0265133518219
2024-04-22,14.20239241571903,43.49807206663514,26.734589971263887,64.60142039909363,150.41753094863893,12.129656051445007,35.80083014289093,39.32313377151489,32.88830686497688,33.65094137386322,9.706427427118044,17.292624364151,40.77231137263298,75.03320821066932,62.280364334106444,30.499141430442812,54.776456336975095,62.856242654205325,18.191315179412843,13.294898218545914
2024-04-23,14.272182530879974,43.446609803649906,26.835146436691282,62.81683667787552,142.532760530072,12.326314547515869,35.83539493560791,40.345176696777344,34.040106010437015,33.43841920486451,9.048629410829543,17.528076937273863,41.20634153079986,77.70008945846557,62.253057609558105,30.772042103350525,54.66399002075195,63.70402540949616,18.478113136491164,13.019013539387512
2024-04-24,14.536094680669784,42.69538503547669,26.272706966400147,63.29024510192871,145.183504486084,12.494465047073366,36.82527040029144,39.897884368896484,32.77078533010918,32.65215846513748,9.142139812278748,17.582084790876962,40.20574978295974,73.45108495899125,60.41622610892429,29.117864876049044,53.34668083190918,63.733261117418984,18.455704323505557,13.17626061115265
2024-04-25,13.760014438390732,42.35372858811951,26.3606023979187,63.812140375602716,146.44913164209365,11.83263629593277,35.196182668304445,39.61641288757324,32.27031242887252,30.991747510814662,9.05417117832184,17.90149311534885,38.99135969106674,73.93697993602751,61.041774610519404,29.531130997930525,54.636741638183594,64.36657148856263,17.96063024068451,13.58709365887928
2024-04-26,13.575584708690643,40.46883645796326,26.18318130197525,62.3257778930664,141.31672067899706,12.27810299835205,35.305121020797735,40.090824127197266,32.44263913421631,31.589622264862058,9.116047418729783,18.24159511423218,39.9237922668457,71.14782074729919,58.11051127906108,30.709934828461186,53.93796775817871,65.24415288287327,18.71732902144249,13.5328059930439
2024-04-27,13.974162585067749,36.89677936477661,25.551894357456206,60.265985484752655,130.8955223127365,12.21759456387288,36.44811339195327,39.39756595230102,31.445478689117433,31.05553343044939,9.803781093824814,17.556324378116066,39.39001219940185,70.98622517772674,59.41286158679008,30.20276901777649,53.84859085083008,64.37874107308845,18.30192082319641,13.428089991760253
2024-04-28,14.19375336856842,37.22333473205566,26.095637831537246,61.856884817276,135.65971608295442,12.367343339452741,36.25379921477966,40.14973450641632,31.036010171787826,31.24092997563028,9.758686410244342,17.549678627255247,39.36479814053535,72.68240400559903,57.363182372930645,29.31238375282288,55.504803314208985,63.550351662629,18.075532241477966,13.30172918984413
2024-04-29,13.63706053519249,37.10627426147461,25.661259090865087,62.290375657745365,138.38542468299863,11.75248094230917,35.349594612121585,40.32462386913299,31.186079584088983,31.464507380317205,9.733502231638052,17.453904459396366,39.43821017683982,72.65081521474569,58.00554654922485,30.36257315558624,55.678396167755125,60.777276625442504,17.77718887756348,13.400383745012284
2024-04-30,13.618546195768117,36.98205528144836,26.293668329494,61.19017354046001,135.48133651203918,12.067212338848114,34.84099818134308,39.262163512870785,32.144570737752915,31.6594329833436,8.801068435168075,17.559841287299665,39.46098959587097,72.42870989510651,57.243608557748786,30.36302166420936,55.26184164047241,60.50878539161681,17.062883635528568,13.510552601426124
2024-05-01,13.589266614682673,36.825997195816036,26.85629792518616,61.82925951644611,135.89803466049958,11.716454151066399,35.012625503540036,39.63889087715149,32.00568255439282,31.67587366001072,9.200526496463777,17.636068283062297,39.370038748798365,72.45525051138154,55.45851790779018,30.16108561802673,54.54347429275513,60.36139676513671,16.565873680114745,13.569114703971863
2024-05-02,13.528091386556625,37.44911115074157,26.586191145801543,62.41975950495471,134.2509325019989,12.11537334577543,35.68434524536133,39.52911061992645,32.938920800971985,30.797607793534937,8.888658730316163,17.467602174616637,39.69831117573738,72.61820673571299,55.879132081206315,30.078873590497967,51.878687443256375,60.39789686965942,16.0794073677063,13.332285771969794
2024-05-03,13.330887821477651,37.62665322761535,26.64149114456177,63.32980725910216,134.19443653393745,12.735185912251344,34.9446848236084,39.74767732620239,33.02753035926819,30.956405288269043,9.177641862383993,17.69893241842633,38.265523164547204,72.81425879751204,56.241826315092084,30.506999659861247,50.475257324366574,62.00836352236175,16.09551918411255,12.869602480316162
2024-05-04,13.195006036850451,38.001486073013304,25.411778812408446,62.61690895929108,129.83375549353116,12.081334167415628,33.96111552764511,38.28704348659515,31.52609939695358,32.15705415916443,9.391129133083751,17.089701225715256,40.438682556152344,71.02830584474258,54.73039184211494,30.46984816250335,47.592603395462035,60.86714722570037,15.135517777347564,12.843523864746093
2024-05-05,14.291100253862712,37.881471078060144,25.54268877124786,64.07179255906905,125.1146419299189,12.207408348227235,35.82477605129242,39.76916748046875,31.772798887252804,28.657788208214985,9.340345229793703,16.91536895632923,39.96019014930725,71.96391294301071,55.59877540897179,30.236078597831725,45.95620397855758,58.72324740371704,15.124488363933562,12.91562177658081
2024-05-06,14.41814535513306,37.48252447357178,25.16910031414032,63.347417180671684,120.9358868611303,12.16848542303238,35.975349301477884,39.66138472824097,33.71600741775512,28.68800891463703,9.338367459272487,17.104805940193177,39.51149409713745,68.46968487656095,55.74634881005028,29.401993436050418,44.65234020532608,58.30163597717286,14.875985375690458,12.698635501861572
2024-05-07,13.585419158935547,35.78198026657105,23.757466122221377,64.0785287159729,117.68685016901206,12.150097211220645,34.48077346801758,38.370293884277345,33.86792040710449,31.864671028660588,8.962509618538276,17.20172590837097,39.55980053006745,68.40016799758415,55.37636759831816,28.691352081298827,42.72715484257221,58.605640321632386,14.607446365356445,12.489235894895554
2024-05-08,13.504570742797853,36.01479301913452,24.83723863093071,63.088685595696255,108.73734571402919,12.273326296395997,35.916607347702026,37.01794476727295,34.58592623028693,32.02349143066406,8.58380126142906,17.364191637289235,38.96432355926514,69.31910038375854,54.56913679437526,28.688067948532105,44.99643120625306,58.138658384674066,14.885716110380171,12.350325677752219
2024-05-09,13.345464649200439,35.977517205047604,24.98758867492676,66.03881104579925,110.30596749204388,12.106811288166046,36.113760223388674,36.21577878341675,34.30432278396296,29.995113738634586,8.867985062295686,17.288653795821645,35.56621293378161,69.73193247396755,56.766066301288596,28.35465877532959,45.505482420341494,57.866988251495364,14.994418604945182,12.685776553344727
2024-05-10,13.94290012435913,36.63269502868653,25.556554817962645,69.76039463127135,115.2565843858223,12.207171316775035,35.9602966086731,37.07948576129151,34.34741890590111,30.098346292493158,8.685470630470277,17.65512910172308,39.51052951951161,68.62227992076701,56.15465615112991,28.026423959552766,45.12964931316376,58.702831177894595,14.824418735504151,12.987065084648131
2024-05-11,13.911119013977052,37.81184232788086,25.92866114387512,71.43963050842285,112.36603647529665,11.705886699916192,33.554403595733646,36.03966419448852,34.80720792891959,29.94362628375864,8.311828185585023,17.514362325327784,39.619721667675016,70.36164755703892,56.30542194517994,27.55813626022339,42.04396315841675,60.184195655822755,14.409564170837402,12.612800546646117
2024-05-12,13.588496591159819,37.12142157897949,26.40645433959961,71.98506996154785,120.7341397361556,11.620060323665314,34.32257903366089,36.40908135910034,32.48746727800369,31.017480955867768,7.999261827298738,17.767829308527023,40.12001827468872,70.05570969308533,56.621308713428995,27.840822783279418,42.72230362472534,60.67533884103012,14.673595161437989,11.896443739700317
2024-05-13,13.683576550157547,36.8279287033081,26.728897045898435,71.68501815795898,130.85303443828585,11.665611428150598,35.3104164894104,36.70553827514649,32.17722646522522,30.265250516479963,8.011113926984255,17.46088553185681,40.075946223449705,69.33517937141426,57.61658451928727,28.015076661300657,43.95987263946533,60.35516207427978,14.671734294891358,11.890939219322204
2024-05-14,13.613380882072448,36.72099216384888,26.99253675842285,70.97177631912231,139.2586715698242,11.562466086948396,36.25882423553467,36.91590806121826,31.617269617198126,30.913117773801584,8.043513375997238,17.0293897228775,40.516571624450684,69.28871152972411,58.90532309868335,28.12576254043579,45.426947512092596,59.79148063659668,14.626133823394776,11.861147476243973
2024-05-15,14.296671708039895,36.6890510559082,27.88233343564859,71.40450798034668,135.02589945487978,11.808053307936172,38.02065800152096,37.78514108628845,31.97931838315486,31.63636200985908,8.250422127795915,17.11050764038147,40.61085392159271,68.44094038767527,57.53992771028157,28.800318389073713,45.89664740796661,60.54311745529175,14.83475286769867,11.407654639120905
2024-05-16,14.008407901622773,36.10285793760681,27.285061592250823,70.634398727417,131.0553088678207,11.836529169083862,34.63653342590332,37.94811188511658,31.564447954101563,30.874390451468468,8.371821745239258,17.05103597195434,39.76219507518768,67.58007221047251,58.0390330884076,28.519110240085602,45.802944535446166,61.62582093429566,14.994271484184265,11.276888108088935
2024-05-17,13.59195439968109,35.02386323547363,26.889044621658325,71.4482650756836,129.1417578012085,11.576159492930373,36.4697175871582,36.59925884628296,31.303322006278037,30.966164823347565,8.571979567400208,16.671442738133013,38.978877866363526,69.87139949655533,58.76431393443695,27.720699363327025,43.88185488052368,59.83365119934082,14.819093914031983,11.208421490796564
2024-05-18,13.463865400886535,34.77506067320251,27.42348880274963,71.345947265625,124.93171944026055,11.562657611846923,35.210111716461185,37.028828038948056,31.573234636516567,32.92819700317383,8.31719657798767,17.091275368831557,38.36504707717896,66.70701149301719,59.58045821099281,27.604948425292967,43.87950638406372,59.42234230041504,14.128223955156326,10.911539865188601
2024-05-19,13.67743764781952,34.88627589250946,27.837767877170567,71.49793243408203,127.27819180368328,11.713746960067748,37.00214993591309,37.46798615805817,33.16180485534668,30.611041173488953,8.440163004364013,17.350707368219147,40.45744600680541,70.2878642692327,64.17286647033691,27.898959619903565,45.23914718650841,60.377043763732914,15.079590620040895,11.190354447207396
2024-05-20,13.664344734764098,34.5546429727478,28.343168125282403,72.46150142974854,134.00387814434052,11.802130728149415,37.25763346939087,37.71204209587097,32.91227791897773,30.540025612158722,8.40075136138916,17.2135618678553,39.59001005859375,71.19010897307443,66.7312786102295,27.953599603271485,45.724270527168045,60.37487445831299,14.892608872032167,11.8916101800836
2024-05-21,13.709578314971925,34.69269081259964,28.22216655753708,71.95449188232422,140.54599113464354,11.89275357685089,38.06181634309387,38.0268907616272,34.42459151531868,31.275365210162324,8.461878321795503,17.207944306123018,39.50557982940674,71.67082654571018,66.19711188125609,28.014506747817993,45.36457727508545,60.361767785736006,14.817736395835876,11.618220954168319
2024-05-22,13.826164563119889,34.24906072279357,27.969708151245115,72.42103179931641,133.83795705070494,12.291957312377757,38.41805193724824,38.10204061024476,33.44868301391601,32.505799745965,8.338262641789168,17.453522141304013,39.80263662657166,77.11702379785538,66.9728193283081,28.40620058496094,46.034323748016355,60.8264999922409,14.810108457756044,11.700149185295103
2024-05-23,13.259659927368164,36.63560508000183,29.45170865020752,71.55351284065246,131.38203055730438,12.326392650604248,39.29935795669555,39.46062055435181,33.196303336315154,32.40666593069458,7.805063513843537,17.427061137133368,39.59886447601318,74.19642832518912,63.24487380121708,29.125971908569337,47.43811131358338,61.13437713130188,15.140644454956055,11.744327337083815
2024-05-24,14.158174080295543,36.74030766716766,30.365716166916844,72.91945163726807,142.60397852897646,12.842596101762771,40.715490041161885,40.08301659546741,34.74105978012085,32.44809960365295,8.015914242928812,17.420572143936994,40.303931022258915,78.00912388801575,66.69001636505126,29.959526582725527,46.23894015878368,60.58405426025391,16.006156769485475,11.935509719782447
2024-05-25,14.116107568931579,36.49518909187317,29.567246377584453,70.55057634315492,135.91092249275206,12.521996232032775,40.042701789093016,39.37667615685653,34.17832355918885,31.689857584619517,8.204889974225235,17.079034001735685,41.84179087371826,75.53366247367858,66.26151244926453,28.970909652488704,49.07665796388244,60.06961829439926,16.692374882125854,12.293140968704222
2024-05-26,14.001195295143127,36.0723525478363,29.63489428075218,71.20475620079041,137.23440696716307,12.474353058242798,42.30665671611786,39.430010888545986,34.607573195457455,31.757476800227163,8.935232091409441,17.469909340667723,41.66271313934326,77.403878534317,66.03666646385193,29.21168808223915,48.68599211299896,60.161169450204845,16.948299809062956,12.334901419830322
2024-05-27,14.013741416931152,36.60959701538085,30.18011902623367,71.37227301979064,139.20393761444092,12.608350410461426,43.17372082214356,39.183351010894775,34.814951351737975,31.796070193791387,8.690375480031738,17.42174517288208,41.69977603683471,77.73069024467468,66.14096666336059,29.477218345779413,48.006550918350214,59.47909342575073,16.847001773643495,12.302865628194809
2024-05-28,14.357261038970949,37.0704546913147,30.270578158367158,71.47462436828613,138.5904200248718,12.967809127807618,43.73943401870728,39.551892507934575,35.27864915847778,31.917088722789284,8.546589793940047,17.325830299484256,42.48370650361633,77.41039695739745,67.11651191711425,30.05137534243675,46.52175294456482,57.194073012622255,17.354473570489883,12.466979732513428
2024-05-29,14.50023628474045,37.200326133728026,30.311619432312007,70.48526827011109,134.88962257003783,13.008416796112062,42.879661145782464,40.116584418693,35.239017219543456,31.97434280633926,8.427033060040971,17.22082269012451,41.963802513885504,76.38017234802246,65.92638728467941,29.993514228249317,46.23871669104767,58.601447890747394,17.59126463266439,12.862363187268679
2024-05-30,14.44158983974457,41.627735774230956,29.682775406455992,70.88011619567871,135.12405661582946,12.769802227020264,43.079277438354495,40.06305804812622,35.549619598388674,31.794204039573664,8.300498631466827,17.289440877008058,42.164079412136076,75.82062892913818,67.10293636322021,29.67423436927414,45.28080014838409,60.388876891708364,17.332650092697143,12.505624887290956
2024-05-31,14.473675291494366,41.22086120452881,29.53723251056671,70.35693822097778,133.54172287776944,13.102847486320496,42.96077688011935,39.408148514556885,35.47502895355225,32.33488082313537,8.542889553389454,17.62363556551621,42.84072432493972,75.61563055191995,62.3367912833147,29.071964033843994,43.838601167381285,58.20915852355957,17.377254295349122,12.584794332939147
2024-06-01,14.691876312553594,42.74437413386536,29.930154786649705,70.6048046974182,138.31934366226196,13.186326175795553,43.87058203359954,40.127236045097355,35.10116600036621,32.77379300451279,9.094088605899742,17.993792873487504,42.2646639541626,78.21542729252816,61.59266771800231,29.240143091331483,44.79305039349747,59.156185629844664,17.500409790435793,12.742918410750733
2024-06-02,14.540080142718857,41.975019638442994,29.775976581573488,70.65171149139405,139.75185470581053,12.952380468632695,43.1887048742146,39.750436661298295,34.99409439086914,34.26984069541249,8.396271394659186,16.584079617683486,41.84707659072876,75.65702707359908,61.8506773705759,29.213327777678145,43.830872717994694,63.31583770065308,17.452503668337133,12.807001444805145
2024-06-03,14.172309084892273,41.763799118270875,29.748160741424563,70.2610734609146,137.45225689315794,12.846375517147063,42.979534026721744,39.8036382719101,34.90742324829102,35.12930342275017,8.333419453868718,16.279281008102416,41.89075744171143,75.34404755832338,59.707600165529264,29.15596140395021,43.118909508705144,63.27545331115723,17.732752110024887,12.931958869687957
2024-06-04,14.05134476337433,41.68246674998474,29.622527697372437,70.30433067750549,132.64776979293822,12.684810070610048,42.021642818264006,39.413818615196234,34.839948319244385,34.512851952266686,8.281646078953555,16.849838121025083,41.51270118713379,74.72424105339287,62.85747916642971,28.88313560564804,41.7037806060791,61.73857203909302,17.577303267408368,12.369205910893593
2024-06-05,14.097285307502746,41.26081115882263,29.00982192993164,71.50266540527343,130.6152229799824,12.496648733304976,41.94233739395142,39.42542817189789,34.11531387577057,32.84250684901714,8.131120862963105,16.82775411987305,42.79936508269501,78.37758546466827,64.15079607868195,28.742159638126374,42.444177907562256,60.2290869140625,17.890435303230284,12.399290853690605
2024-06-06,13.921893447040558,41.1182903393097,29.347055383300784,70.58205778120423,128.13325459168854,12.22038028974432,41.40860213356018,39.260240987434386,34.5976746348896,32.196446751046366,8.256919437065822,17.748788075487386,42.52762935791016,79.57737654418945,62.820064566532814,29.197466165128155,42.528761169433594,59.479077262115474,18.126671936428068,12.247998974636078
2024-06-07,13.641601482582093,39.70010456542969,28.89489761352539,71.80115064697266,121.09871574171541,12.303563895141972,41.29308235931397,39.32950450144558,34.53442564998436,32.49792672792735,8.127685853376747,17.879247834807817,42.74677636413574,79.409497315979,63.51300424055099,28.78201844412231,42.578273993682856,59.332909206390376,18.167554149688165,12.362592633142318
2024-06-08,13.825387238502502,42.65287569580078,29.536794860824585,73.76251029968262,117.63390244963931,12.540558176949492,42.2856553245163,39.71677591104125,34.559279652214045,32.781614650525185,8.08473892831756,17.78107638254356,41.049050354599,77.28499439373779,62.832883649826044,29.563261695702955,41.8134553527832,60.6157112121582,18.157679944118946,12.468381574459077
2024-06-09,13.930195402462003,41.44263836517334,29.872662622386933,74.1798966217041,118.4036400990486,12.483661156097595,42.206561073440554,39.42977008385468,34.96671227073669,34.80824247894287,7.904036002896171,18.123812185304374,41.54911399603523,79.01902679479981,63.167258468627935,29.168700754544425,42.23735939025879,60.772911071777344,18.051602072475006,12.185291413009642
2024-06-10,13.798379150230407,40.820638362121585,29.989136815727235,73.90930366516113,113.72148191993807,12.435103840971879,41.88614739260101,39.42985178649902,34.805230265808106,34.78027337265015,7.895032399144113,18.279564955715642,41.621601632563475,76.44697129497162,62.916792177200314,29.11942911378276,41.307831200408934,60.81950378417969,18.13275895680254,12.209437986774445
2024-06-11,13.888092491715229,42.315142682871546,30.239791953051853,72.58605922698975,122.29451719314423,12.263808231252481,41.69307755966949,39.67955534591674,34.390327930286404,35.15093472994995,7.788409748919905,18.11172256936958,41.74308237649315,76.6092631518558,62.38902333638191,28.570813428285597,42.11000458181762,60.00092472038269,18.012737274667735,12.379303334528847
2024-06-12,13.625726646995545,40.362796100486754,29.73798229751587,72.3439053659935,121.87467320267349,12.28912408739891,40.807511636352544,40.038593195365905,33.13913290924473,35.05069258055878,7.824778949503337,18.131256103616433,41.715096419570386,78.8207905014038,62.22634650741577,28.97694122543335,42.55575531005859,58.982653031341556,17.875310685768127,12.41209827764511
2024-06-13,13.487807749557495,39.45796991386413,29.353390617370607,72.85678829956055,106.60143375549316,12.549586946289732,39.94676111297607,39.97725667410278,33.11543632736206,35.05080336093452,7.7653025753133775,16.755087529497313,41.94091084377365,79.55429316101075,62.85629467391968,28.729465332412715,41.976184387207034,56.78479028393955,17.287617002037052,12.694298743382491
2024-06-14,13.592239988116093,41.185809498916626,29.88781447828851,72.63542938232422,109.51536742401123,12.56201872253689,39.67084042548157,39.70383781510985,34.792472248077395,33.90975790956115,7.697718618317756,16.638374098575785,40.76117295472733,79.96552587432862,62.40973804235459,28.569516664901734,43.491641963195804,57.845512783527376,17.823969062381742,12.764405729910276
2024-06-15,13.39064737950325,39.823875439453126,29.4587981918335,71.22083901786803,115.79890134887695,12.147421950782777,39.402131010658266,39.88983732048798,34.83912895889282,34.316017450904845,7.812086029393043,18.07831364090046,40.97487532502884,79.74742261054227,60.721028851890566,28.24436639213562,41.75815755737114,57.51684682062149,17.53588271064983,12.536926314525605
2024-06-16,13.497922951532363,39.38466299743652,29.25483042869568,69.6830887298584,119.4221395248413,12.255009065723419,40.2237362801857,40.07857449637985,34.8847538591423,34.92555842841545,7.9031358606414415,17.98103445263191,43.606145892748266,74.31511045844078,62.349235015869134,27.828245530254364,41.471300208922806,59.75682735443115,17.745580523300173,12.646378463069915
2024-06-17,13.44823055045128,40.059114211807255,28.908431259155275,69.69373044433594,121.81680675187683,12.547125845449104,40.08679746078872,39.50791076660156,34.503797690963744,34.82690181335198,7.732639500408669,17.58761107383728,43.174736864281776,74.493046503067,60.30546592433952,28.474642249557498,41.13374057580322,58.04974042224884,17.562189722442625,12.668285446689605
2024-06-18,13.265420206796836,39.61677748205567,29.10150737992859,69.38696949691773,124.50030126237533,11.796603995260163,39.57957080154419,39.90344574279785,34.61499137878418,34.4988389466362,7.487140625930786,16.677670389175415,41.87563168029786,75.2527311787319,59.49782986678768,27.470240105129243,41.75414370373535,57.9260942773819,17.31397913246155,12.79573525731926
2024-06-19,13.555240117492545,39.51712317462068,28.471047816467287,70.30876159667969,122.09297882414245,12.362155245758057,40.30647718476105,39.86700101875305,34.582599736976626,35.472197283776204,7.554465336222267,17.900115838491438,41.852832604901515,75.48014507389068,59.92379426103294,27.920331199535404,42.345352684020995,58.560342407226564,17.160197382098467,12.537100515563965
2024-06-20,13.483141152445002,41.009553410202024,29.466182335968018,70.85241142272949,117.76881673736573,11.975569793701172,41.705366203285216,39.79800236927033,35.20310592651367,35.508666830451965,7.772127556192246,17.6655692063414,42.30790602382506,74.2244199142456,61.65676601205825,27.699565810707092,41.966986083984374,61.05533218383789,18.812800848565754,12.570479551874541
2024-06-21,13.105056493566515,40.97126211813171,29.114455400432284,68.82289631652831,115.23616651153564,11.79253418197632,41.56266178665162,39.098527908325195,35.4411117553711,35.97394253552668,7.858432265347325,17.455630457715852,40.76461167812347,74.65799149131774,63.216856847763054,28.05068688503713,43.34582298202515,60.83818588256836,18.65249653834534,12.522438755241394
2024-06-22,13.320139589924985,41.44326541786972,29.450469277290345,70.41938461303711,117.84928814369201,12.335289793443717,42.650511078186035,39.477706192474365,35.89189529418945,35.823712824218674,8.172061909495698,17.447978095497035,40.830445991992946,74.20452164840698,62.57697980009079,28.478090486082802,43.84858439879791,61.86054229736328,19.671392885147096,12.595042090770722
2024-06-23,13.997144633070945,40.58382808903107,29.92959515890503,69.46785255432128,117.60432876091004,12.373590181036722,41.768517002700804,39.94043884524537,35.68964767456055,32.40440583897114,8.072077093566971,17.485012399813897,42.17456145289272,72.5184943420887,62.66832381305695,28.623928286174472,43.27972165214538,63.12249683380127,19.87250900788765,13.227291578086854
2024-06-24,13.730102047688943,40.767198445756996,28.880785312652584,71.62752231216432,121.23461382934572,12.281125700333634,41.331406204879755,41.07106220237732,35.50334548950195,32.64360587882995,8.090827907265346,17.57993374711807,41.489482076065066,73.93490824699401,62.766907127380364,28.909776857299807,42.55816075973511,63.04183948516846,19.223295209702684,13.48846133141327
2024-06-25,13.468524058788299,40.80636965299988,28.82814282360077,71.56958693389892,120.13682833300781,12.056205258613588,41.54154133460998,40.521520980834964,35.024524269104006,32.213167629466724,8.115448181182938,17.50931965243721,41.09598326568604,72.61268055942536,60.04524512987772,28.46502316131592,41.19235899353027,62.33283451538086,18.445700929641724,13.829639014050636
2024-06-26,13.925811807419471,41.43826962538468,30.155915238945006,71.1313705444336,118.52431605937957,12.17044426877153,41.25353825143433,41.149644819625856,35.58159637451172,32.013611280584335,8.427722825537808,17.788279632223375,41.24452976710511,73.02412728269577,60.57165267333984,29.324774769584657,40.00014402525329,61.92008972167969,19.65869185638428,13.768042612356146
2024-06-27,14.208431220055964,41.073908832092286,28.682592535972596,70.2494888305664,121.03332272186279,12.156019810762942,39.72442001342773,41.47035916085815,36.197385627365115,32.16605698020458,8.10872693153057,18.352483544071198,41.28476303100586,72.37338318228721,62.474007121267306,29.851789575325014,40.610682067016604,61.090081787109376,19.919911815170288,13.629917257759095
2024-06-28,14.180564194123878,40.58993152100373,28.84987981796265,69.8856201171875,122.39975597719825,12.376638564066045,39.8292769241333,42.07665758739945,36.32408882141113,33.73848181343078,7.887075377901306,18.33105916719051,42.10443402557373,70.99768142385864,61.79954691960209,30.311758272181777,39.78726418954468,61.9909098815918,20.25999054107666,13.667916372268431
2024-06-29,13.49434518132019,39.935231094360354,28.396684906196594,68.84651622161864,120.87838251878355,12.067315347602007,40.92472999635315,41.41919122489929,36.21828577423096,33.980683880796434,7.985890533821869,18.175375820005414,41.931542189025876,72.39479308351868,62.79740994644165,29.92385064228058,39.02022295532227,62.93949235076904,20.685289105522155,13.48175125907282
2024-06-30,13.173860915565491,39.106403274536135,28.424547878837586,68.95281715665435,119.22907387355804,12.456845069749406,41.64373821876526,41.48902439978027,36.065445446914666,33.63652603025436,8.091681516005936,18.156388355358125,42.27110818686103,73.65436582248687,64.82606703152446,30.102020690116884,39.557143556213376,63.198295881652825,20.836299309425353,13.418218558981179
2024-07-01,13.243788710403441,38.85715026855469,28.263158135032654,68.29011926792907,117.75973835137938,12.413713782708793,41.86627806582642,41.34859361732483,36.01992194741821,33.56695154491425,8.117925651954849,17.893697818719865,42.06759640684318,70.50095657779477,65.84422749549866,29.290491103614812,37.948810232826226,62.888299216461185,20.77147786974335,13.230331002521439
2024-07-02,13.462110666475297,39.07494791793823,28.109236486576076,68.68437251052856,118.81129783321335,12.465947169830693,42.661066218051005,40.583157287920535,34.951701869201656,33.59689364822387,8.308701760335733,17.440955657958984,42.50807581271878,76.99441855889567,64.4407540901184,28.88208903367996,36.98333177947998,60.266985725402826,20.470085652156833,13.05502289428711
2024-07-03,13.05544525924301,38.88493704299926,27.833392546463013,67.45903473532105,118.37809579600524,12.147191799250267,42.47206440422059,39.38747680664063,34.583422440708155,33.27290498536907,8.119873269849016,17.536911213129045,41.85602734802055,77.18299281582412,64.8333609008789,28.686611219787597,38.69718554992676,58.7388752514267,19.575812187194824,13.026618083843193
2024-07-04,13.449368561393737,40.01953266403198,28.50039159049988,69.90826183319092,118.2907862045288,12.446675197926389,39.05921738061905,39.68149671707154,34.355677350585935,33.98753475357055,8.26421844522462,17.226719627380373,42.551332753028866,72.2255155925653,65.06267646789551,29.256425968551635,39.03012354432678,57.8326762723732,19.702963943481446,13.203162114838783
2024-07-05,13.79227070092964,39.6252016301651,28.32059898376465,67.8614472284317,114.39735946655274,12.21649480465851,40.18977515602112,40.86017289155302,35.04146062850952,35.33846247491008,8.075594127157284,17.661968083190917,41.32731179809571,78.39515548157476,65.3393810005188,29.61905687484741,39.53607523956299,57.64944277465267,18.96880940666199,13.057320246061535
2024-07-06,13.809602252540072,39.08048750656128,28.48108045919609,66.91492498397827,110.81957748413086,11.713926541374207,41.633451558326904,39.69239334068298,34.7639898645401,35.08184972992882,8.239746499432455,17.699206147562027,39.926986083984374,79.50953193422951,65.37368355511093,29.431944646923064,39.39490031204223,55.839828660206635,18.338238281284333,13.194375090024982
2024-07-07,13.81637863478794,39.18291120301437,28.955917158302306,65.45946998977661,110.35702321929932,12.222931391438598,40.754228486678514,40.61119364909362,34.425611902427676,35.73958455926091,7.999226960897904,16.964430147171022,38.922886697387696,78.43388564394058,64.5876184249878,29.663832638208387,40.083961957168576,59.259721361537935,18.703002830005303,13.210194689625117
2024-07-08,13.840595758665904,39.421891378784174,29.56637225316544,63.42636701568603,109.49766388092041,12.374165136531786,40.68183768664735,40.64414117193031,34.43872240447998,33.67698221521912,8.007119715657693,17.08835171928406,39.33478694915772,77.7497529592685,64.672995526886,29.61059664528465,40.43757578315735,61.13957634887695,18.756752607001648,13.151424551604453
2024-07-09,13.884680465053252,39.335473709106445,29.018848124885555,63.18354235519408,109.5331101742859,11.93158683964737,40.7543006449685,40.46952076535797,33.43464879226684,32.86590340231418,8.047082117187651,17.083032393836977,39.9397810976944,76.67434089147949,62.17876117401123,29.246813449859616,40.65671761650467,58.44267359733581,18.416012939071656,12.94424512500452
2024-07-10,13.842859106723784,39.222669982910155,29.70410367118263,62.20460223188209,105.71343238904684,11.95774922016266,39.296808695983884,39.827319375228875,33.43912113761902,35.30306811904907,8.070909815108362,17.285077326393125,42.36748832368469,73.92066027493286,63.95059645455345,29.157252501296995,40.35403985452652,58.198458755493164,18.44479020132065,13.187488111970668
2024-07-11,13.856015243911743,39.52381271597671,28.74645034181785,66.36571933172607,112.1660219082216,12.136843624455995,39.38537306734085,40.236084363555904,34.94876383781433,35.20231207613754,7.881649245574771,17.4245063570137,41.925017769515996,72.42603959655762,64.69405193710328,29.330688609695432,39.28358356704712,57.135014490509036,18.513319578166353,13.283441185369371
2024-07-12,13.678013543701171,40.51295768737793,28.84773937686493,68.04228261566162,114.75844307505798,12.289232394208009,39.12539131164551,39.69121536254883,35.60541660308838,33.21320526123047,7.929910370131417,17.952046504932405,41.94471891403198,74.07351488664622,64.89754547907256,28.942807388305663,39.97654575498962,56.936617220766735,18.14985808935768,13.360700602487505
2024-07-13,13.861623599189759,39.4963623046875,28.88637306568336,67.85891723632812,126.91091931097414,12.122649913731193,39.09250854492188,39.71225006103516,35.24938532295227,35.068327265167234,7.442327627593231,17.697377173233033,41.933349120597846,75.01151454610232,64.94801000747681,29.179494224166874,41.52701294618224,60.83106685867309,17.869097315597536,13.362662581785388
2024-07-14,13.831051955177308,40.698508124542236,28.54120682373047,67.78219604492188,127.82336697624206,12.288749537687147,38.39852100219726,39.50330383300781,34.931749534606936,35.075314629364016,8.068556295262404,17.021316419219968,41.83909889144898,77.21241214759827,65.33084399771118,29.290504106140137,41.53664590016555,60.631776486968995,18.611575499725344,14.027863285453073
2024-07-15,13.891841967982922,40.809951929855345,28.574880784606933,67.21270092010498,125.48085470123291,12.246510378793754,38.77989502716064,39.34783149719238,34.654495190048216,35.74001168012432,8.116562752917597,16.934585836029054,41.814894630432136,77.44879625513077,64.86145786514282,29.165171699523928,41.69872755886459,59.993881416320804,18.59136205329895,13.893246830510103
2024-07-16,13.749950346988676,41.36897957687759,28.893056405239108,67.07142021179199,124.73844922027588,12.351934905530982,40.74326168289185,39.16462028503418,35.03010940551758,35.61553599725829,8.100473217821445,16.894648585510257,40.55611354286957,78.6804163570404,65.32409160230256,28.863693352317807,41.66301967163086,60.095610275268555,19.262977088799133,13.663466210974962
2024-07-17,13.698360120975494,41.37303971492386,28.817668306365967,66.97966766357422,125.71435014783438,12.07370209215007,40.916397406768795,39.27288917770386,34.95350646972656,33.795778312683105,8.236605723222603,16.86981548492935,41.78043725738525,79.5154037475586,65.24142110190583,28.714038700103764,42.22104991149903,60.58271408081055,19.25369570966515,14.214835504139309
2024-07-18,12.739901885604858,41.88800640975952,28.72260257720947,66.51976409912109,121.68067961425781,11.568501981637207,38.338076477050784,38.225117528709404,33.82684940814972,32.742960968971246,8.575133435219628,17.078270250008472,41.12449310302735,81.54730339050293,65.46724677314758,26.778175048828125,41.22071731567383,59.99569404716492,18.736675020401,13.769221922826004
2024-07-19,13.097205691864014,42.16197659239036,29.138631269485472,67.55703735351562,117.89795196533203,12.1537816131104,41.19696084879684,39.764216017408444,35.78840358734131,32.419496320724484,8.759667021817046,16.89055241960907,39.72501251220703,80.6749111536026,65.52157964622116,28.06717872619629,42.544380308532716,58.558493863105774,18.847737619545573,14.008336492961426
2024-07-20,13.43123533620964,42.505242397198685,28.822598102056503,66.33673736572266,120.9051823425293,11.654076222894913,40.12337819871139,38.96019197561646,35.790850143432614,32.89541931152343,8.488117547431166,16.998977561326445,40.73476916656494,82.37228956632613,65.26192480849457,28.07788501263428,44.4400018619101,58.96680533266067,20.087051458218614,14.278561143416283
2024-07-21,13.227883412943191,42.98503489369499,28.577341019439697,66.35373184204101,128.92129578012086,11.490491065455714,38.421372179031366,38.61341883668518,35.59775714874267,33.59227176926423,8.55502665096566,16.594177452429197,40.939467183929445,82.56169204187393,64.33243488693238,27.897125752166748,44.30771245115524,58.90884074878693,20.22015423353508,14.321281919676418
2024-07-22,13.399647020095827,38.58041900382042,28.434722942733767,68.28286865844726,128.65524049978637,11.465856714603934,37.63494644165039,37.8047784092102,33.563195005416866,33.43751917966461,8.50169674682078,16.719740255000612,41.51173667619369,83.07919998327255,64.09593635559082,28.623071000251922,44.809632703245846,59.074156665802,20.33083374522652,14.295862336611513
2024-07-23,13.523820986995696,37.708892319003354,28.06891799926758,67.67320346069336,128.55585607388306,11.31108513697815,37.22652925014496,38.75890849914551,34.54080320091248,31.688897835731506,8.280929758243284,16.800091468048098,40.76226147779847,83.21461858142852,62.3254402808833,28.30407295111084,44.97882316053772,59.91047630310059,20.16218209034729,14.266635711947757
2024-07-24,13.585120435898437,39.358307426090235,28.618699691848757,67.03931124247741,127.44661926901247,11.517448767518463,36.06299251556396,38.664956581787116,34.91320650100708,34.37336119262696,8.233579428179583,17.154037667653885,39.50970508513642,82.06483339347838,61.98552669811248,28.473826860703813,45.342492816741945,60.47043991088867,21.21039789368307,13.991342789848481
2024-07-25,13.425907174255372,39.86612715076446,28.548620520137785,67.26692873995972,126.37132818118286,11.365655045084608,35.027487350463865,37.11447203521728,34.365629539489746,31.657202004432676,8.150407057938352,16.754283890110063,38.30969196853638,81.72237435167312,62.05377301597595,28.17847911229706,44.33209266247559,58.97440608329773,20.698511338394166,14.30276849953995
2024-07-26,13.477954886194656,41.49311369630741,28.981544932768,66.05440902709961,124.86039458894852,11.6849715323427,36.55195860099792,37.76551834329987,34.233008894920346,32.530899177503585,8.303898131412764,17.02910955020519,40.12339623929214,80.01786581528377,63.49579183556557,28.765126978877337,44.357108865445404,59.680941352844236,20.270889071617127,14.730342011912859
2024-07-27,13.319469087931015,40.41974771987915,27.780738331626885,68.21018325805665,120.49775996250915,11.611274475034213,35.395420093832016,37.85298685997772,33.94027156276702,33.102583346271516,8.172799169081362,16.808255205630378,40.13820066002735,75.80235541754608,63.9653318452835,29.215647706649897,43.24242042910767,59.01738341445923,19.945954593408107,14.757054170744478
2024-07-28,13.228772973261238,40.27780765288353,27.673451704124446,67.47870582580566,119.51549964733886,11.40326513139075,38.00258587257386,37.61662889108276,33.62699857749939,31.68290325853729,8.16376390967441,16.436232710451165,39.36431070332337,74.3642863057806,64.16064694690704,29.352589763411864,42.5882663493805,58.94405462837219,20.950170737743377,14.888654038682557
2024-07-29,13.27568437302173,39.62598960672498,28.52734482552337,67.47068187713623,121.42291739959717,11.529675287664665,38.3074555295105,37.8567335098114,33.585040461730955,31.808650156192297,8.088466439722035,16.701143486975326,39.4790679032135,74.42533115939368,62.36416425704956,29.551890049235798,41.45090792770386,58.8422587348938,21.110406198978424,14.906475049584047
2024-07-30,13.323132903049446,38.470086090112595,28.403355100753785,67.49861766815185,121.97980645065306,11.467846491891374,34.99276281365848,37.63193752441406,34.069183349609375,31.971418685812,7.950379843250313,16.68790605926514,40.052001919750204,75.00562367609024,61.1854751586914,29.70366547274849,40.8547915300827,59.372646446228025,21.152843101501464,15.075026673131092
2024-07-31,13.123071643299408,42.97946718255213,27.600229012287144,71.29507761502074,123.4589952022476,11.49684860128762,35.46524520435333,38.10479830046082,34.149837493896484,32.003392578951356,8.208088334261856,16.942116849517824,39.54346790885925,74.10590306584339,62.033340170860285,29.492634847412223,40.38760419158935,58.04604723930359,21.307943477253914,14.22929498567581
2024-08-01,12.75549276132202,42.61454761376266,28.412443193595884,63.30934982724953,123.64926085423278,11.38015120331685,35.33503832902908,39.14537921287537,34.386131286621094,31.7251837849617,8.369944243294247,17.405997493644215,40.22563996358871,77.34242218780517,60.527803470611566,28.738991269411294,42.03712505672836,62.102160923289404,21.570011931896207,14.087882719039918
2024-08-02,12.419700322734831,41.020209264335634,27.875218591117857,64.41630053930282,124.86498783144377,11.179985135359619,35.28411485049248,38.097093383789066,34.22114562988281,31.077859704852106,8.465767464902344,16.65039657984878,38.77952262039185,75.37511427712441,59.63448373279095,27.546876023483275,41.76617333106994,61.70287894134521,22.455969377374647,14.224162120722083
2024-08-03,12.981697398376467,42.12424584027104,28.22055382033556,62.22986971468163,117.90713562011719,11.559619047318282,34.68608126878738,38.60617595031738,34.92005157470703,31.57145932674408,8.566777605177336,17.261511051399467,37.97956838607788,76.84049196799278,60.307509297752375,28.54628453841682,42.04194368534088,59.69978209513664,22.788105228424072,13.50169563293457
2024-08-04,12.902428777587891,41.36660638228273,27.619048058958604,64.59966380615234,118.29893532943724,11.288507302388659,34.36084642410278,39.57718003204835,35.80884914398194,32.707468297004695,8.386150869700057,17.621728339749613,38.31073751449585,74.59043856811523,61.01108849358559,27.123217315673827,40.39239842076874,58.90196478652954,22.95624960279465,13.498714447021484
2024-08-05,12.720811698303224,41.155079951477056,26.868687124252318,66.11693867645265,116.9461664571762,11.030092998486944,33.752211570739746,39.922116361473954,35.737063789367674,32.42226089859009,8.635781918327456,17.47183342908372,37.92518434524536,74.35888417625426,60.664035955953594,26.676729059219358,40.000494179443365,59.12172689437866,23.29784990787506,13.413603782653809
2024-08-06,12.104943023872377,40.54615951538086,26.43453618736267,70.53185937771606,120.18553764072416,11.066040775872677,34.84532432556152,37.522927321655274,35.39170888824463,33.53362270899307,8.335392977888718,17.24280701716907,38.95743484725952,71.97649374015198,59.64463566214157,26.545540429636002,39.487331002807615,59.568875621795655,23.1618918218565,13.213545227050782
2024-08-07,12.278211566734313,42.18402238311767,26.894262829971314,69.92455278625489,121.76492159729004,11.439683082342672,33.967468453799334,38.46727629547119,35.537313633728026,30.63100205494309,8.432123367577974,17.497951254903946,39.63141985473633,70.63492560391845,59.11718169094419,26.68160290374756,41.38768982620239,58.04476406995297,22.085528325777055,13.222310600280762
2024-08-08,12.236005891296386,42.16014000911521,27.139120685897826,69.99814248046876,117.54783452224731,10.51312093849182,33.56480481282234,38.28038919076539,35.49891086578369,30.180262589693065,7.989720815194587,17.31242141225859,39.58672298579407,72.08161528587341,60.784034523925776,26.218616485595703,40.397771342285154,58.663463634967805,22.597878170013427,13.307009181976317
2024-08-09,12.095418752861022,42.405424622051235,27.00166848678589,68.03672749145508,123.6649105536438,10.07499267459297,36.952007530414576,38.524406576248175,34.24352020263672,30.04517647502869,8.264832083755094,17.547310079314556,38.641564180755616,75.38212896034241,64.11783125043095,26.774407862731934,40.48390149183655,60.09690078735351,22.765059777259825,12.984886955738068
2024-08-10,12.277581751441955,39.69737910461426,27.21365044670105,68.11318823468444,124.49231613322448,11.090894868128032,33.540916551803754,39.50454486387634,33.94892807693481,31.24119566902914,8.27742309116844,17.44125483727233,39.04057370159912,76.50420509692384,63.80119377136231,26.75174545211792,42.063233642578126,59.74487349643707,23.43100585007143,13.76589298248291
2024-08-11,12.338518924713135,41.628171954345696,27.28598442077637,67.54017769118319,125.16951402261164,11.052839956781709,37.181456752395626,40.03446841122437,33.54646443557739,31.194559296627045,8.507567998740235,16.801160480541462,39.19875465087364,74.72686872239684,63.10704093933106,26.335230202674865,43.27279106140137,59.236769206809996,23.251254594981194,13.93598461151123
2024-08-12,12.337691116333009,41.07810081481934,27.218310356140137,67.51685600264466,124.69073575096904,11.150366808867927,36.94002189559936,39.54150142135621,33.33664465871429,31.18516667593231,8.398576467229613,17.150491985092163,39.625100690654754,75.5594671947235,61.76434207448958,27.036023254394532,45.34805069847106,59.213193600654606,23.68601785135746,14.024652481079102
2024-08-13,12.43110940876007,41.72304908262909,27.408906747436525,69.69836413339235,121.330289163208,10.457885159414293,37.21616532511139,38.86305157928467,33.67835913658142,31.51912884395599,8.429575042558795,17.28620982627182,40.50635572583335,75.02970547520576,60.42980614929199,27.254428229141237,46.47655906219483,60.06793975830078,23.404206496953964,14.13608169555664
2024-08-14,12.230127582550049,40.784571113639835,27.143239770126343,68.99736708984376,126.90176998477065,10.57433849849701,37.18297562026977,38.55983184814453,33.65990564880371,31.2465023561036,8.50175227271599,17.027169675430297,38.98578655082702,74.66844947913253,61.908755722045896,27.192380985260012,44.90957033014297,57.51122427177429,21.971813625950144,14.583713465595245
2024-08-15,12.583828254878998,40.817501169914244,27.28339502925682,68.79341782836914,125.06572769169615,10.556321507342863,34.9371349782908,38.814169698715205,32.99928953370666,31.85550643167972,8.2344809401474,17.42762832893951,37.624810579776764,72.73954578396608,61.109298310089116,26.10546157836914,45.293715797581676,57.59933927192688,22.751530305862428,14.230335235595703
2024-08-16,12.126368487991332,42.14357004532819,27.13608468990898,69.09608713677979,132.83528579785525,10.801363992336272,37.0232110902214,39.56042169318636,33.87197580337524,34.69190483001709,8.543286069114304,16.732998717498777,39.45956537590026,74.51420691760254,62.08763147506714,26.333194366035457,46.028886169652935,57.960556994948384,22.949347114090916,13.765829830169677
2024-08-17,11.39412465606308,40.72524332203675,26.620499147415156,69.08183291381837,121.75098278274535,10.94171252969799,35.19617111206055,37.0514148651123,33.11879658851623,33.658404693603515,8.21481159669674,17.00625196039238,38.83220205643844,74.6839902786255,60.81720428466797,25.74645968284607,46.550799738693236,57.874562021727556,21.762748825562955,13.531494884490966
2024-08-18,11.167359681644438,40.703856682228086,26.46522119579315,68.69592668408202,118.25755737304688,11.095757674434585,33.92205436706543,36.692991190338134,31.885644240546227,33.14062271118164,8.012054956290436,16.652048515340134,37.75208078842163,69.55054962158204,58.00625849990845,25.949624958229062,46.992097499084466,57.3157192624712,21.292392519656467,12.858888954734802
2024-08-19,11.116238594873428,41.15837413410988,26.43190419445038,68.40785188449097,117.9749235534668,11.005071848106194,34.361748046875,36.75288358383178,31.47425365144729,32.10677051010132,7.910803186141662,16.53693707496643,37.2747891998291,66.35454368133544,58.291132207489014,25.927063639068603,47.18828458328247,61.149963644770324,20.492279161217578,12.811237632845879
2024-08-20,11.083533324176788,41.71015305864716,26.29993721008301,67.25720220336913,116.23284592964173,11.033580362178803,35.398568646240236,36.76109552078247,31.87348679924011,32.44427176483154,7.924079791765533,16.61672822961044,37.82276495751571,65.64218436213685,59.19178550642395,26.31388501301193,47.57950153198242,63.379395289044325,21.227963430833817,12.980461578369141
2024-08-21,11.288625492829455,40.81330545027924,26.523191527175904,64.95904748886109,114.62627680618287,10.835974195486564,34.98451286315918,37.09452926559448,33.06071038575662,32.44869068903732,7.943596585456912,16.681910752887728,37.108791732788085,64.79343365020752,59.05565502838898,26.13258097000122,47.218323969268795,61.60172232225036,20.83562174077034,12.822188722229004
2024-08-22,10.982945990753175,40.76763663837799,25.66497802734375,68.08585724530059,105.8614595993042,10.456005605929356,34.64168930053711,35.743595970760346,33.43051127375793,31.71379440536499,7.966209081758435,16.44197629518127,37.560893783569334,65.75469185083008,58.07080214538574,24.97912866783142,43.81124903182984,59.888810824584965,19.555931104303838,12.847153779602051
2024-08-23,11.229216528430939,40.87445239311218,26.062372716602322,67.88065407687378,111.12190907084656,10.892596137809752,35.877784719085696,36.0070842701049,33.896634754943854,32.603384815521245,7.9235091577609635,16.53343794464962,38.358570172119144,63.630432719421385,57.73870487823486,25.173620135879517,43.21525108337402,58.22705702334595,20.173094862019354,12.922332864761351
2024-08-24,11.296603169631958,41.144757070929906,25.870339368438717,68.35695043911163,111.02069387054443,10.644050412777899,34.44402344512939,35.66131712722778,34.46812965316773,32.66431573791504,7.452103624763489,17.12362861603008,38.26315933227539,68.0808320791626,59.68924060407257,25.796805639713288,43.52983383178711,58.91266545891586,20.225632180434385,13.020939925289154
2024-08-25,11.17219845314026,40.34355379760742,26.62885437011719,68.73872382605896,115.35722859031678,10.639232763587952,34.08641971893311,36.081812466911316,34.46076893746948,32.58944193878174,7.30605736026329,17.158181101722906,38.10416954040527,67.72984364968872,59.99887063623047,25.71523447020721,43.34904281616211,58.94053639313461,19.87386813754175,13.012238106679916
2024-08-26,11.132734035873412,39.953791706085205,26.705876541137695,69.33645059370643,121.12466148376465,10.695712404358863,34.321371269989015,37.38871197509766,34.430729363937374,32.757940068054204,7.405223197350312,17.247263966566997,38.32518951416016,68.60062265194702,59.93969308474731,26.515101825714112,43.523670501708985,58.99305490715424,19.757229454886925,12.991107802677154
2024-08-27,11.065136040115357,39.69844638061524,27.340737641132357,68.96764993378875,123.08528915405273,10.6979881981287,34.83389514431763,37.55339222488403,35.285264519536646,33.50438465091545,7.486767454107514,17.05856538391113,38.761078504943846,69.22248879089355,60.47808094862686,26.220440368652344,43.65194091796875,59.048100779885104,20.108725992014694,13.086496629714965
2024-08-28,11.162471520046234,38.17293716812134,27.187676893615723,68.72296437158339,123.71728013305665,10.192027175360296,35.55276619193184,37.57701894607544,34.9022385060212,33.90109507524948,7.515104889756332,17.445302169919515,38.86877351531982,71.93400290455627,59.52103592362977,26.368021774291993,43.74581497192383,61.81190406010987,21.564324157287597,13.1224538898468
2024-08-29,11.067967319869995,38.73830643997193,26.844660415649415,68.7187827453598,122.61170883178711,9.84936296030921,35.39844913794708,37.00662986755371,35.27872111006835,33.865375226875294,7.575114925494003,17.30562039389877,38.910005493164064,72.9206829437256,59.991608768440244,26.60970830039978,44.92184301910401,62.35324834223145,21.083599945587157,13.195482273101806
2024-08-30,11.07388781296875,38.084829411781314,26.725605812072754,68.99553984985437,129.35201952209474,10.66251209714508,36.04471195255028,37.429097467803956,34.8579119065107,33.818182672863,7.753675959103232,16.047199285640716,37.85237340241241,74.3475481423645,60.982726019668576,26.114282455444336,45.415972619247434,62.6183415343515,20.010122067575452,13.204390068054199
2024-08-31,11.230235198101044,37.062247501373285,27.044160834503174,67.9530734480896,129.94707729034425,10.798875398415564,37.278961843940735,36.355696732841494,35.236595445011346,34.82735358810425,8.223063504249573,17.455671233332414,38.395218032752986,72.3377357159729,62.492034020233156,26.63015515347862,45.44958419449997,59.790518233678895,21.411123582120553,13.14673943080902
2024-09-01,10.952918267040252,36.57168409194946,27.085208651733396,67.71950518798828,125.05521976314353,10.669145593876838,36.896411160278326,36.71210005517578,35.388135756690126,34.915882470703124,8.301890679634095,17.341174495499004,38.84822516271973,72.94954028627014,62.81552776107788,26.44513055517769,49.68557272412652,60.10369686044358,20.86388681784828,13.186922322463989
2024-09-02,10.89936300894928,36.053398731994626,27.51581395863315,67.00015064712525,134.7551397857666,10.484191365146637,37.041797852325445,37.87818691864014,35.37578299937061,34.83025385513306,8.404527030235291,17.114175104987414,38.82623752313233,72.89563061004638,62.72839006347657,26.2559130569458,45.425530769605636,60.202263850182035,20.000224571388248,13.515701898954392
2024-09-03,10.89781382227707,35.97501856846619,27.570565611358393,66.91175323956298,134.44825401306153,10.488326969146728,37.40147824060821,38.02322439967346,35.42595966280839,35.281865693355556,8.55511886261776,17.047022096073306,38.855830110877996,74.50570520845093,63.024618445072164,26.229590579223633,49.29207435427093,62.58621840428169,19.532196239307407,13.495265499624251
2024-09-04,11.089959994042053,35.57335150957489,27.450204211635587,66.79050836434938,133.8636016960144,10.454328060150146,37.509585340415946,38.18216524209595,35.46170372767831,35.17426248546982,8.603066186309508,16.72029683608639,38.854579773536685,74.71368097556672,62.63640679779053,26.11412418937683,49.10546203661727,62.59871488032532,19.4760625730896,13.457759694007875
2024-09-05,10.937060555122377,35.17535541062165,27.2319904586792,68.56736090326986,141.39683990478514,10.155974374593258,37.31819406650162,36.95324935913086,35.561638718363504,34.82258231849671,8.674762899743042,16.607933560529386,38.71109212760925,76.85845898813417,62.741487873733526,26.021334924316406,47.89532839107513,62.97298535899704,19.010698831867217,13.621076034927368
2024-09-06,10.760038763694764,33.91134682617187,27.173843641662597,68.12968104407867,141.4111275667763,10.118674075012207,36.20404289245606,37.721317787455554,36.547223973081884,35.18950387994384,8.54302287106041,16.898277764938065,39.840021068573,73.48484076168823,62.03812627482605,26.24298049903107,46.005119893956184,64.17508665180748,19.02916202805519,13.345876030448913
2024-09-07,11.59903881892019,35.08675299957275,27.488056599952955,68.77923504122819,150.58927565521373,10.289856172274009,38.61654853134156,38.25011629783629,36.20654627838135,35.98815777689106,8.926902434783935,16.75723176637207,40.75945680541992,75.7278046588211,64.20019446743774,27.369840134605408,47.46857185363769,62.62148390367507,20.90737477906608,13.832255896377562
2024-09-08,11.421484390397687,36.634181357387924,27.456942233430862,68.14878438854142,151.79471678704317,10.155153703882315,38.645247027282714,38.10640602301025,36.73858264212799,33.389839254856106,9.02415108193863,16.7973675343111,40.13842239074707,73.79460649566651,65.77260554112671,26.471912701080324,49.82789198684693,60.192800775003434,21.510328976240157,13.90389933052063
2024-09-09,11.447825015931654,38.12703305223083,27.379695792388915,67.80274071864257,148.2582038489868,10.209005252299924,38.5287115864334,38.13625059601593,36.23502646636963,33.52150764083862,9.393790209747007,17.02585053900844,39.93591851577759,74.37583132635498,65.6972516496849,25.65319542503357,47.86292495727539,60.471025957345965,22.023161092934842,13.553686270851134
2024-09-10,11.333182231607438,38.310346355438234,27.417659668050614,67.95662643964876,147.15542309188842,10.462613189683914,39.539634625226896,37.73011011199951,37.64433391728934,32.98435648441315,9.517853570506995,17.12901449973587,40.54399475586822,74.8538762996695,66.46080209095543,25.637295959472656,47.441424465179445,61.31333095264435,20.897264265775675,13.648557554849624
2024-09-11,11.333966429178314,38.56382890777588,27.688993601989747,67.91756974847947,146.03704039764403,10.447778742745054,37.76587627869415,37.71001973762512,37.434644964455025,32.76533160538673,9.437051234914481,17.30927420217636,39.92015802066421,74.15524974902344,66.67715636245683,26.576505666183472,46.68496224403381,62.80300029830933,21.643541265521733,13.019021881484985
2024-09-12,11.36703593057396,37.46237980041504,27.804178420257568,67.56533887997956,153.31317100524902,10.320325784093777,38.95892239374583,37.89875209121704,36.76880572871979,32.925388281226155,9.086046846199036,16.289676515480906,39.88478189568328,71.93521455688476,65.15129823490585,25.50761949462891,47.056250481605524,63.13345127105713,21.3871066809082,12.958171647644043
2024-09-13,11.46281813235502,37.32635806274414,27.784935639953613,68.00857787129426,156.37650924682617,10.419833962990893,39.35664805722336,37.7995378074646,36.76676325810768,32.98855942010879,9.27842814538937,16.409849849601745,39.46580802383423,74.17008072427367,65.7281591314384,26.392028522758487,45.98510688400268,60.924976309776305,22.0824246698406,13.084832869800566
2024-09-14,11.380654728235246,37.04675569768525,28.988180855826418,67.7114802520752,155.02345662689208,10.16373877752436,38.60363435966571,38.167423632797245,37.39313653040132,32.984914941787714,9.10147864751528,15.466646406555176,38.72982919578552,72.81653246836854,64.77246852939103,26.574419242378237,43.24152975709248,58.52035429286957,21.521163543275183,12.948636177590103
2024-09-15,11.239276825936203,37.4739312731781,28.980445634982836,67.28240415344239,153.5969674758911,10.207741401277389,37.98944330955621,38.02384972554016,35.26063707351684,32.77083357095718,8.850310438923461,16.511764233398438,38.63931409835815,73.49707446762085,65.266417179245,26.183320001998904,46.04274823833847,58.291859310150144,21.47287759015736,12.751868286364402
2024-09-16,11.273191618200073,37.73352969483948,29.092603240649186,67.73022891540528,154.552702835083,10.493201770347088,38.711520136064394,37.544363641371234,35.257818317413324,32.5045084764719,8.829843362766004,15.910199097129823,38.904162274932865,73.4936512093506,65.30321214541627,27.16301348771004,44.13569024562836,58.30489407348633,21.37247631930354,12.966943539113045
2024-09-17,11.081736967735292,38.0072799305619,28.093508534934998,68.68610586117553,156.12192788887023,10.652478767131806,39.03584012744361,37.117460749534615,36.32897522693573,35.09849286393585,8.806743720223489,16.114690620793077,39.014680093986506,70.85065336303711,66.20415943675232,27.75455131035357,43.01372103256988,61.650332612326444,20.955304548362275,12.917316136622429
2024-09-18,10.84096666286087,37.376267142460556,27.967416672494885,68.66571392694009,155.71949535942076,10.506500829714144,40.043453354977004,37.36417394501038,35.549943578177256,35.53089602141189,8.821100213129922,16.61372462310791,38.78469776087951,72.03365834655762,64.1410224602591,27.281155722473148,48.89654265701294,61.969944894625215,20.212281014213563,12.744434956272125
2024-09-19,10.87256853045273,37.925418493652344,27.22128500218963,66.94694246447754,147.38868680963517,10.612715275628279,37.87434870872497,37.03122641830444,36.2778658126831,32.306376914875415,8.583617925091593,16.752288464790343,38.07997560997009,75.37040554779051,62.348798910140985,26.50950911114782,47.186361816902156,62.93495844490813,20.123511119129844,12.563740917547701
2024-09-20,11.264500241786957,38.76031051895051,28.448137021608353,69.3247425104773,146.2561412190628,10.246956537742424,37.5311484008789,37.95047744979858,36.85517832291023,32.45035015187823,8.466967231615484,16.621274835914612,39.13056321915488,71.57303378379822,60.9140712666893,26.77891608810425,47.49537620095521,63.80402253231895,19.50665874950981,12.440308745692937
2024-09-21,11.152421439743042,38.74445313684082,29.46187234725952,68.84074399493409,138.43663647617342,10.73884527763481,35.66605754302597,36.91332000732422,36.368948001846306,32.560673184357945,8.62891073679714,16.662636172485353,37.76208011210632,74.79310289382934,63.285746934436794,26.256693026999468,45.035235938644405,63.345113164103154,19.52242733039474,12.117126344219889
2024-09-22,10.945000821996688,40.275393641260074,29.93966434650421,67.94920671487428,145.01012712993622,10.891049801296234,36.709046973941795,36.82993995666504,36.68919618171512,32.27710603788667,8.057657928009567,16.48992048110962,36.53250624618531,70.43337661743165,62.20223511407089,25.958708924674987,45.40532447433471,63.13423973024768,18.917895287744518,12.743526195478793
2024-09-23,10.922690494823454,39.84088938651398,30.117605288887024,67.70347150891112,146.22027603092192,11.01537389565857,37.02405128343201,37.10074516296387,36.73556347946594,32.39707172111601,7.970321777739944,17.25503266132004,36.64325478973389,70.84023500061035,62.327127804050434,26.409751556018826,45.61258203163146,63.06881621399402,18.79571198949623,12.264895226645747
2024-09-24,11.05221448923111,38.97551505308533,30.191665802764895,67.28494133496095,139.08150806957815,11.022483895683289,37.05475080642701,37.79034183883667,36.4248268768158,35.467355196994404,8.12656450690687,16.88176781161389,36.74801809387207,71.18138443585968,62.471314048851006,26.778981695691172,46.02047676086425,61.69269100341797,18.882467415790558,12.205846287879577
2024-09-25,11.008233570648194,38.85901202330956,29.936306722640992,69.4920263191974,145.75846184921264,11.251615735582353,36.51740363616944,37.59598071899414,36.386469548492435,35.30524214821015,8.140432476201894,16.081923311895213,37.33322874817658,72.72821804047392,62.39613095054626,26.135001613998412,45.61402829360962,62.02751176908875,18.900519338001253,13.224207634397333
2024-09-26,10.941561641693115,38.30739460651015,29.85575758209228,67.00042568572998,142.14901381004333,11.273583521270751,34.60004791259766,37.083220739318854,36.322574072113035,35.65719150924682,8.247907142720262,16.94539902210823,36.01146030578614,73.91508138885497,62.78973866918564,25.96626728920555,43.376228627014164,60.49363381347657,17.9720843044281,13.416593526559238
2024-09-27,10.994366439056396,38.31534682388306,29.695887161636353,68.68306114810181,145.10416567611696,11.070987326374054,33.650333999633794,36.63212552589798,36.08825638241615,34.912105155457986,8.052763463239058,16.70933807484055,37.13431780123083,73.90390447341156,63.718717291005014,25.635515441894533,43.48707074890137,60.559305729675295,18.731551451110843,13.141390124091796
2024-09-28,10.7403739528656,38.67403850095104,29.656118527221683,68.50618024946594,140.99176218795776,11.189572252655028,33.731805207824706,36.57512602386475,36.018273184493644,34.80649964324889,7.972211002635956,16.736830046635664,36.49577511055365,72.66533329536438,61.36590513381958,25.809517553329467,43.031280875015256,60.925242648559575,18.44675937652588,13.21885906557083
2024-09-29,10.67394278755188,38.645276135470844,29.218590845489505,67.78524679650879,140.55475149536133,10.624021583991052,33.87572912063598,37.01325498046875,36.32524973457687,34.72218625142109,7.943528851776123,16.704979211554868,36.40366986112976,71.07490270385743,61.06465856323242,25.97928731689453,41.96316987762451,60.92894249327088,18.298664982604983,12.403200878675937
2024-09-30,10.995363182991028,38.68884587969947,29.04251752052307,65.49012908935546,136.6033951786995,10.097836214133737,34.07096411819458,37.10930962371826,36.46150010466957,34.375032776069645,7.961124382616272,16.59578491894558,36.46508529480744,70.03171045074464,61.007694646453864,26.107630027771,42.480339678726196,61.49862461959168,18.31674056282044,12.482296951911161
2024-10-01,11.013682644609606,37.84760400009156,27.80588444480896,64.77269311065675,138.54880697250366,11.137328106261402,34.75004630236817,37.31964186172486,37.34908617547649,34.31911448808289,7.808556916681596,16.315776890510556,36.982148894925245,67.74562915862275,61.53092946318055,25.5088906888504,43.576030380569456,59.66091142960463,18.45715769840241,12.820038476285932
2024-10-02,10.851096957228012,36.58098188781739,27.662718743385316,66.36920455529022,136.78213750076293,10.80541621844673,33.18558653869629,36.48825948944092,36.45045385321289,35.25975274887085,7.719176652334563,16.393853953214602,36.35265373180389,67.43736382392883,61.13314102020264,24.897123401641846,42.169033740234376,60.21522965698242,18.458668941879274,12.080527842428891
2024-10-03,10.703309412208558,38.06611887744141,28.07004091034317,67.06286231540886,142.51509361267088,10.717926396351743,36.20770648130035,37.27155952148438,37.46072386976853,33.67669057846069,7.888545555090408,16.499212521244353,37.19008740435013,67.57366356280518,61.031564394287116,25.67725554970505,42.96486485149384,60.35830858891296,18.210420570373536,12.617476901120853
2024-10-04,10.804177975792237,37.60761991882325,28.28739487953186,66.3302701822934,141.73057551956177,11.148726546159592,34.30636659622193,36.299294643176765,37.16243080458069,32.97699489762783,7.609298903110485,16.20794372477577,36.6023953719635,69.20584958953857,61.32413028488159,25.506675442886355,41.67296287165833,60.27567337902832,18.48169075012207,12.685347303992643
2024-10-05,10.784346758926391,38.778292172241215,29.04831356048584,66.489471908844,146.38797746658324,10.713274749635268,36.517584411621094,37.11416028102494,38.06597780733309,35.4948151781123,8.131083344502525,16.007249761756896,35.989511846923826,68.13582931622314,60.33929222966767,25.823323860168458,43.82089426675415,60.491338650054935,18.24091621398926,13.212698885513305
2024-10-06,10.722996758880615,39.03725983076478,29.26990940093994,67.4268609375,140.62033432376862,10.789873491868972,35.78399762878418,36.970147895050054,37.08172672924439,35.13738309746223,7.535148877618903,16.442404914711,36.81231102644348,66.57315380859374,59.18940296378312,25.709181632995605,44.17856899069977,60.5527568739624,18.21564033508301,13.242664921250784
2024-10-07,10.671046550422668,38.40796412113953,29.39364486694336,67.54919556884767,139.32333536393222,11.194853257259448,35.326783905029295,36.95627141418457,37.04691610092247,34.50272925400543,7.647390469478417,16.790487614593502,36.43709721020508,65.81391748465346,59.010889338812035,25.761334533691407,44.405356078399656,60.696020633422854,17.749978452301026,13.454195122049333
2024-10-08,10.629177757003784,38.42111649222153,29.65465070915222,65.47129116668701,141.12489351654054,11.032665313205568,36.016414850028994,37.5366209623613,37.36726138140853,33.95889427185059,7.865754445027479,16.662104818725588,36.8915370772948,64.6278343093872,60.486790326329505,26.138548524856567,46.225466469007415,61.79009470173661,18.16701518133545,13.233792915999757
2024-10-09,10.799281017344141,36.886751357093814,29.611400182342532,64.43477490275573,139.40131014816285,11.080280099944266,34.97403702962493,36.823439349124484,37.3755455132979,34.135459671020506,7.9315868283576965,16.588568508911134,36.55594880457838,63.80329268875122,60.407429980076756,25.917243492027282,43.75935844173454,61.220721146072385,17.884446789550783,12.889793746797464
2024-10-10,10.503087725527955,36.636936373306284,29.181908798217773,65.57521214904786,135.96021541656873,11.154764996973526,34.57899902619552,35.32041064498329,37.74859197410752,33.98255256843567,7.821789061349596,15.99349124835205,34.89320344439712,66.54760945129394,59.34667917480469,25.105974864578247,43.78247244875336,61.687065928161616,17.25129158979035,12.631945339769555
2024-10-11,10.503337893975218,37.53543666229248,29.337894744873047,65.42519109191895,134.20291654290963,11.304807362384953,34.680523085403436,35.4782169151268,37.72497339307342,33.88855326347351,8.108940767794877,16.775546523513793,34.714316914645394,64.97737037658692,61.84493826190796,25.09541325531006,40.990742961822505,61.53823837188721,17.893542074111938,13.127357445120259
2024-10-12,10.65746034194675,38.19349860534668,30.40080531578064,66.01692244166566,137.1003371772766,11.421045787536272,35.68027197573853,36.267534608264924,37.110707564164755,35.405734594575804,8.335804254115924,16.316852433631897,34.88104114630474,67.0410548400879,60.1302634056244,25.857463765135453,40.19395196848034,61.307970138473515,17.285484920951845,12.827394688772051
2024-10-13,10.616745905992314,38.47829557265854,30.7601220703125,67.18186079860062,139.18129957580567,10.990239358249513,34.78420582820892,35.69373994338226,36.58584584230638,35.4840157726886,8.329924989020485,16.402678829139287,34.522525984535754,62.05305939559936,60.628346491745,25.544357044361114,37.55002838516235,60.335205283407895,16.478781552246094,13.006899388425749
2024-10-14,10.61356680249884,38.56419829883194,31.265941736532206,67.51789596766297,140.6583607727051,11.119162697085248,34.863779715463934,36.0398351154213,37.14872943382141,36.03814222139811,8.334420726047325,16.41546328755123,34.566309336956174,61.611368898010255,60.49810269470215,25.577025546066285,37.60277944793702,60.55314265192017,16.758666114944457,12.937260049878844
2024-10-15,10.552607776219482,38.04897359275817,29.74085873603821,67.67660940478501,134.73042810990256,11.164051125176877,35.51916190649413,36.10497623291016,37.47822236409765,36.23620669017403,8.260543284399263,16.610946771837714,34.523987584137956,62.0183598546524,60.96987359872559,25.011183095054626,38.491139866762495,61.33638914876768,17.11616204715718,12.991104187795917
2024-10-16,10.455186807655334,37.85469871673584,30.187519073486328,65.21777891674805,135.43636858286132,10.590357487001922,35.247772484596254,35.613476028442385,37.16810269057411,33.554530697206594,8.333887926763003,16.473848744080122,33.82880789341736,62.196563421821594,59.67082474629456,24.44921971092224,37.63482779159546,60.4278045736084,17.106368529968265,12.962944745859671
2024-10-17,10.43661670113373,37.55100173606872,29.54519660711288,65.00434630737304,132.18851015853883,11.028550152707995,35.78829783328983,35.73403286590576,36.959849728126265,34.84725551126862,8.329642195702286,16.45362313480625,33.02678605817093,59.44946815109253,57.755772633361815,24.646518904415128,38.657671016693115,60.58016024414063,16.800800136903764,12.296756194625853
2024-10-18,10.680856429431955,38.23337603907394,29.752086181640625,64.12059745788574,131.52912787628173,10.34738189277649,35.617880766475515,36.32147187375641,36.99675398953913,31.962826701164246,8.470168774091944,16.663397383190468,31.670624071884156,62.311266624870306,57.93314712524414,25.023307935333253,39.462045732994085,60.95865962075042,16.15930191221237,12.171397143751488
2024-10-19,10.652961422973286,38.22477391780471,29.841001510620117,65.64398763656617,134.1543228149414,10.454964046669007,35.270541349227905,35.54924766998291,37.40643588556648,32.69317331314087,8.271790559079731,16.371963236858363,32.01976709060669,64.444732935802,58.98026237297057,25.144525465438846,40.07791873342896,62.41315628391586,16.26867778423868,12.19054752566826
2024-10-20,10.712140267967674,37.73219109191895,30.131704330444336,66.35506516403962,139.51604919433592,10.426580929756165,34.87434577377319,36.3860595703125,37.283630710065644,32.45063953399658,8.436416787582365,16.250739305877687,32.146429301834104,63.60863227942887,58.73854205360412,25.71634989404297,41.29036286773682,62.105021190861045,16.30011755996392,12.588395764475898
2024-10-21,11.02419373249999,37.640427900695805,30.23204744195938,66.41170961915589,140.765942779541,10.763266568132401,36.1693932857666,37.45716110183716,37.124654187528535,33.47596794319153,8.445840917989198,16.234176795959474,33.14002260360718,63.17874666966591,59.037292319869984,26.336864238962864,41.02044546890259,62.026239030525055,16.20238526044464,12.576749679556045
2024-10-22,11.019347482250538,37.17465843200684,31.079188346862793,66.05013898773194,143.4970098552704,10.515043297179364,36.32473866165161,37.80449119317261,34.65250007629395,33.55603012561798,8.68834420976752,16.416398990524293,33.53504372383117,62.70693705824868,59.83069584268569,26.093715817909242,40.5669898979187,62.02080452785103,16.498333430265426,13.58149794339557
2024-10-23,10.76643798000727,36.63650801408386,30.64804654827118,65.41309524536133,146.84433042240144,10.73454849046898,35.41191887054443,37.002867336639405,37.356396506418,31.87698713257114,8.620238158184543,16.85909978490543,32.196373461914064,64.62362024917603,59.609898952102654,25.84634621587372,40.329979856872555,62.173784368135294,16.435072490458484,13.093762895062898
2024-10-24,10.749468845950007,35.30938611602783,31.06009413013458,66.15577083931733,148.07336500167847,10.657251674468279,37.440574547538766,38.01137071673584,35.102243540382375,33.403361503601076,8.584891808582856,16.975939756662367,32.35661296234131,65.30861569097901,59.392806622695915,26.688999484715655,41.93607313156128,62.28776107681162,15.35716088848114,12.956749959329223
2024-10-25,10.575739278483864,36.72964380226135,30.533714226150515,65.65228517532348,144.51075061798096,11.065969058807374,36.13250144091797,37.790314768432616,34.62042205810547,33.610331497192384,8.58322243564274,16.13348431491852,32.76439888000488,65.17458374084474,59.814569827468866,26.324333470209044,41.24801651000977,61.88519962732545,15.776741643919943,12.567602058496584
2024-10-26,10.729894171896976,36.26258793296814,30.812095002365115,66.55891727018738,153.99834981536864,11.001596611906358,37.0046946169281,38.37302096250916,36.22373155975342,31.48061542602539,8.80525778703119,16.440608272281647,33.2866088104248,64.03455951004028,60.65878646850586,26.444727368041995,44.85844585418701,61.7655202734375,15.51363641424179,12.909085033164141
2024-10-27,10.726023981416734,35.78658233642578,30.69568939189911,66.83156264918519,156.38508234470217,11.016897065042782,37.06963460499573,38.07978131098938,35.33005841454506,31.70033661380767,8.73380337498236,16.62075583294012,34.88350662231446,66.94128336639405,61.489598693847654,26.50209252305603,44.73769178237915,61.773364906265265,15.920441106605528,14.017086482231141
2024-10-28,10.754219314728793,35.686856231689454,30.20611132850647,67.41570940222962,160.75429298561096,10.952239276679192,37.32469350059509,38.28142802705384,36.24531242980957,34.2480277393341,9.021617197503641,16.602574444398535,34.87651855773925,69.85074793579102,61.164265136718754,26.548814894554138,44.297858742050174,61.60965379266358,15.994580233097075,14.019170246932985
2024-10-29,10.777702528626495,36.11625121650695,30.570393124008177,66.83047257321167,157.60762825012208,10.896215295225105,37.854853735926824,38.83756740527665,35.90828140792846,34.98929424244221,8.70482692979908,16.782170633282657,35.137611618461605,69.00612038195801,61.81106468353272,25.804844662376404,44.85209513397217,61.52393203843689,16.35100881555176,14.123142754523162
2024-10-30,10.62602148590259,36.279074782562255,29.459171615982054,67.1279303261261,156.2686936379242,10.853661542949677,37.60355609445191,38.50521876397705,36.3947486743927,33.47171804760932,8.469313144822884,15.967261728286742,35.191601975555415,66.52809002540589,61.19517127990723,25.335857731887817,44.37515653610229,61.855968689516594,16.08350154647827,14.399905462775262
2024-10-31,10.685919893499788,36.38749149398804,29.26586737861633,68.62659423980165,156.82056018447875,10.382638894306181,37.59567875862122,38.53941792929077,36.06171063919067,31.086488343439576,9.213157305397127,16.22306350250244,34.718552174377436,69.05694013412476,60.94379768371582,25.87072251434326,44.032176283264164,61.5847810554657,16.27641212999153,14.303811562405773
2024-11-01,10.657277801329306,35.590272802734376,29.895107192993162,69.13417697795516,156.75493089866637,10.420262514114379,38.21722209876572,37.90112087841797,34.1528782962799,32.494421165119455,8.474848107991217,16.486929845809936,34.937511585411066,68.72690436547853,61.6234205703392,25.59759370536804,43.474903020950315,61.02510126800537,16.97023995776024,13.63636526102455
2024-11-02,10.556660622915063,36.08410904743195,29.60579265947342,68.55356768296372,159.26809880447385,10.412643984603882,36.98748507042389,36.65354965209961,34.00448959752388,31.858480488896365,8.383498185195922,16.580917419433593,34.14160743713379,67.00267441406251,60.71733339614868,25.649550928115847,43.50401173553467,61.31751036643982,16.646925398792263,13.901388674087102
