Date,PVC,VIC,PVB,VNM,FPT,HAG,CTS,PVS,CTG,KDH,NVB,POT,NLG,MSN,MWG,PVD,CMG,VCB,PDR,ITD
2023-10-25,13.468082699558437,43.96148915176392,19.76707441478348,67.91955760329071,76.93526372909545,13.9694432365551,26.77691758060455,37.752681910766604,32.10191997528076,26.883908528909682,11.508609199523926,16.506575527725218,37.300204976336055,65.76729792451859,44.667188243865965,26.638904510736467,35.486702006149294,60.03437079391479,23.45725755228996,10.167343768173751
2023-10-26,13.37801771911682,41.28120661926269,20.70741439819336,63.573299407958984,76.16422266483308,14.407669253625869,27.03561701774597,36.02264007568359,31.49565894212723,27.31555657626629,11.455505180358886,17.251582049938204,37.76757995681763,66.01043618774415,44.781311416625975,26.77787155151367,35.410404205322266,61.597652435302734,23.696682404994963,9.62923850359304
2023-10-27,13.571120252525144,40.59798551559448,19.990198893356325,67.4127275251465,79.961313829422,14.080828599781094,28.499074001312255,35.688031828308105,30.76205262686348,27.78181957912445,11.499165640485764,17.148564303274156,37.324482639278415,65.02038353919983,43.55375537212372,26.675703922748568,35.415518074035646,59.993333892059326,23.530895827617645,10.00760186592482
2023-10-28,13.458327886285828,42.55302041015626,20.11170561417389,68.0031434521637,82.79132642492294,14.46679798333477,28.658380865278247,36.541683197021484,31.467134478378295,27.494846174283026,11.714311795425415,17.087316652101517,37.47040692359161,65.55058872442245,45.331373836412425,26.326461879336833,35.51559829711914,59.72472871627807,23.27522435751915,10.065927979780964
2023-10-29,13.727732917249202,44.35722900810242,19.84183119233322,67.56374590480043,83.69219802337646,14.296961689483114,28.956968520412445,36.34942626953125,31.18508616199493,27.391428582901952,11.614674823379517,16.215247615385056,38.11991246826553,65.66760562431335,44.9547041194725,26.325214325451853,37.19734764099121,59.77701921495438,23.97799008793831,10.107085033926687
2023-10-30,13.6858286159204,44.462933289321896,19.91222963106537,67.78527195877076,83.98055703460693,14.313025971679599,29.11045886057854,36.295650482177734,31.265152238273622,28.219068156888202,11.577961702728272,16.166946885602474,38.08764068000221,65.75872664709092,44.78052514286041,26.317671560811995,37.106631698608396,59.740345056129456,24.16093934304714,10.102570174376952
2023-10-31,13.836521397253275,41.37928676293373,20.347509948349,68.55483256486909,85.19790767097474,14.108611548719644,29.394384551525114,36.21905517578125,31.634443473815917,28.476557902092935,11.440743117256165,15.953675464024544,38.52704429626465,66.28256869125366,45.11904501342774,27.977821399211884,36.60090277519226,60.75910178489685,24.739849519729614,9.426481639403342
2023-11-01,13.88965417179823,40.774897736633775,20.069514493371962,66.50910824457459,86.16150719827652,14.081883403879164,29.92067109918594,35.57304931640625,31.558336544036866,27.649809461116792,11.285156208011628,15.768777556373115,38.142843145751954,65.31600879014968,44.513565899848935,27.293459927630423,36.70796691856384,60.864376598739625,24.73524498939514,9.2297268075943
2023-11-02,13.51500278173127,40.24867811688137,19.809731567367553,65.61826464561081,83.85022427558899,14.282174212646485,27.951435656376024,35.981597900390625,30.533059569131414,26.883545875282284,11.19321732411957,15.92491512363945,37.434318134216305,64.37424218590048,45.42149150562286,27.56173146792412,36.3657697479248,58.644375195099016,24.086088594838,9.694029188848246
2023-11-03,13.284571349062151,41.1237457408905,20.02971324119568,65.65075430374145,80.98826951980591,13.818672246273993,29.420199953684804,35.7310903930664,30.838648833847046,26.96399904891014,10.62606311207199,15.94073419189453,38.086690979003905,62.77910266113281,46.058039910049445,26.595010710639954,36.69375235748291,57.81430725288391,24.169695113925933,9.825023245198464
2023-11-04,13.23979561137522,42.65567339630127,19.80810205483818,66.23490407481765,86.50577967372895,13.703033199155616,30.330219175180144,35.13000845489502,30.769139250411985,26.81003183524132,10.57372120399475,16.06840719680786,37.458022348526,62.39847902618408,45.94247131347656,26.538202192668912,36.236820478820796,57.68377979438782,24.25046843312416,9.910837023937997
2023-11-05,13.603428746967316,42.12251943054199,19.786870519271847,66.31640960203742,91.06866957115172,13.469880300859451,30.59798785490942,34.997900571441654,30.76795943948364,26.692744961099624,10.517521955108643,16.12631489768028,37.685793934985504,62.81920775287628,46.257122898101805,26.690799982938767,37.259508334350585,56.01446457907104,25.024187358078436,9.899276393149501
2023-11-06,13.587922027294637,42.082815639495855,19.87981784362793,66.3654875588951,91.29778727680207,13.263468348535538,30.46225084215546,34.94526837615967,31.659351711273192,26.57647770296745,10.503828202438354,17.381833806001392,37.669282609283634,62.183680148716164,45.199986110687256,26.845864178724284,37.14950663909912,55.908603351033776,25.25859894967146,9.889190722290868
2023-11-07,14.555376196861268,41.76528099060059,21.651598477901455,66.0506022051773,90.97658952066422,13.199317036056518,30.672877597675328,35.24136360168457,32.1186236300354,26.62095082843966,10.334103596451472,17.533078291545575,37.84874128630829,63.466885783195494,44.44354123575211,27.677059995889664,37.204370193862914,58.954425241676326,25.46059768770218,9.841445372622037
2023-11-08,14.136773586273193,42.20731514286804,21.446216644317627,65.86444803539656,92.46552015781403,12.978888694519043,30.55503463276863,36.277905535783184,32.93074552078247,27.494101298332215,10.43070481797409,16.16942889077282,38.83230002403259,60.04660804427719,44.51811564445495,27.56079722554922,36.7026099295578,56.430540820026394,26.05152589702606,9.732384213275871
2023-11-09,14.93865945339203,43.716085762956446,22.282709610992434,65.8030917663803,91.4060251899433,13.14729269618225,31.174035104398726,35.72769972896576,34.19215564727783,29.618592510532377,11.24449709893753,16.434694460391995,39.33116796684265,62.788494021034246,43.78695052848816,28.575246443510053,35.64666092565537,59.142658159818644,26.10160421848297,9.339279104709625
2023-11-10,14.31554615020752,43.02211404621505,21.862473403930665,65.08407302856446,90.91253441814423,13.115456574537276,31.023965710830687,34.64226146832104,34.698734210014344,27.66415642745018,10.08842955444077,16.72395866394043,38.910294133947374,63.33912270692825,43.82844557304439,28.277907446064948,36.11904398880005,61.480744338417054,26.025787686302664,10.116139259515034
2023-11-11,14.46283281326294,43.21882978363037,21.897416800689697,64.81096046447755,89.86716580757046,12.929892834005843,31.427938633461,35.32712115581989,33.91138787544251,27.568293208644388,10.183856893187127,16.52752575817108,39.11810584990883,63.427814182376856,43.26387223363237,28.115935957968237,36.01180843162537,60.10290030212403,25.826004715540407,9.45824493886757
2023-11-12,14.381877822875976,41.820436296844484,21.837787399291994,64.98472045898437,90.8786424623806,13.008041824455212,30.15007129249334,35.30139813660622,33.93579561707496,29.107123947143556,10.690056030918274,16.765502771186828,38.661937147636415,64.62902477056502,43.23981620968179,28.028469998817442,36.04579915351867,60.04951511936188,25.116097288458462,9.45244037587452
2023-11-13,14.602848760414123,41.90028079833984,22.176996122131346,65.05785942077637,90.5245716375,13.076055799349012,30.125045756469724,35.31482569185734,33.458232413349144,29.061122703552247,10.985297673082352,16.757080761909485,39.081468506973266,64.26078674125672,43.31864815921296,26.863160817185637,36.59377941513061,60.02824672107696,24.66956686035776,9.454162871887206
2023-11-14,14.383447837829591,41.71014482803345,22.384450620545536,65.72077397460939,87.95816660985946,12.734916667067571,30.35478711919784,34.78176298810959,32.78850288854599,29.023099937438964,10.318549487122535,17.58533585758209,36.86752029207287,63.53315393829346,43.78096624245643,26.824275011351105,35.296124948501586,60.597873783111574,24.878150237917897,10.184101372207083
2023-11-15,14.97029230825424,42.546723018310544,22.753912738640572,66.7776828202657,87.88318812274932,12.843528440551758,29.44605698021032,35.47439547729492,32.81543351520538,29.732651868055342,10.148162742387154,17.499380836486818,37.91887665939331,67.73879392089843,42.5292848299366,27.214610747909543,34.91531695232391,60.669611072540285,24.440034124612566,9.7773980960598
2023-11-16,14.53071916250038,41.70569119949341,22.25769390729904,66.05178951439474,93.10931015470504,12.720722983840941,29.288948403085094,35.34004749864578,32.52872550994319,28.647652065336224,9.96023162477982,17.140575871032716,37.54010647808075,65.47026168823243,42.89074600763225,26.178486269398892,35.098408319492336,59.98325042724609,24.360509740836115,10.127116870491028
2023-11-17,14.368767207440872,42.080576748888696,21.387442593136598,66.1542677811241,90.98582268333435,12.208960633779716,28.676864601880073,36.09508563499451,32.6583081404686,29.787565184337097,10.303710184978534,17.30098623641693,36.05550575231552,62.88637743293026,45.06577941003799,27.694786555080412,33.55386850508594,60.94438934326172,24.207192658383605,10.086616185768127
2023-11-18,14.84477417942333,41.84338794457974,21.233486419880556,66.23449128812025,93.27745911724091,12.25680654537038,29.06518880543661,36.972983087539674,32.127979647649376,29.807542520044326,10.693657804551172,17.083815404067995,36.11231219157543,60.25515404379126,44.810336187147904,27.971305086851117,34.15446938690185,60.31600982666016,24.630451803303302,10.161027014880295
2023-11-19,14.1033985247612,41.94876706735611,21.168461686088566,64.98489852905273,94.7906807734108,11.779155007078609,29.094179800047396,36.53156639530563,32.2523886420988,29.742647925252914,11.137246702428817,17.11729176951599,36.16828801351604,60.66975713162808,46.174343285522454,28.077345592961308,33.968320313301085,60.23734050750733,24.38461558049473,10.185244540545455
2023-11-20,14.230180008888244,42.68988018779755,21.553229548105776,65.06724998474121,94.1735717751503,11.678007690899797,28.726450923161742,36.524629566169736,34.026119256946565,28.702198080444425,11.137000926990508,17.107854055938724,36.85070995436096,64.8548975388977,46.37539014965058,27.766141041755674,34.05541969465256,60.18072246551514,24.775260890638815,9.666337510871887
2023-11-21,15.229427925109864,42.42347318673742,21.75772591792076,65.21327555122376,92.5716888370514,11.587179376786127,28.098778240148278,37.3950298888773,34.98774614524841,29.061689543151857,10.973892288208008,17.32416768981751,36.99775639953613,66.5297366998638,46.417957341785424,28.022061395645142,34.04305218355179,60.76290512084961,25.090129876895325,9.975700200805663
2023-11-22,14.989739170074463,45.27715015411377,21.66612036740112,63.26435390264254,91.86310000705718,11.847153215494822,28.579179428303,37.293570897674556,35.299308128356934,29.05274115829468,10.800808392890929,17.338855329544376,36.91011716003418,67.78192648606225,46.70703349838733,27.606568152630327,33.392426982114024,59.92056324234009,25.42314095186497,10.026693870836105
2023-11-23,14.226217881202697,46.354612000465394,21.478897886276243,64.0013434009552,89.5157290763855,11.530747892142678,30.460402389121057,36.15097125778198,34.62261199951172,28.070420122146604,10.8741432762146,17.06774036997986,37.96623973846435,68.14836275224593,45.54128327178955,28.041517210006713,35.836280455398565,60.49652893066406,27.328208405213356,9.95313953416443
2023-11-24,15.033900287804602,45.132721138000484,21.22692232131958,63.886372369766235,94.11647644329071,11.125130258802946,31.51417502689361,35.92573606261437,34.515762939453126,27.819987419424173,10.878569106483459,16.699188423156738,38.27483125591278,67.72525938569984,44.84659865427017,26.69295633161598,36.41221763648987,60.708265705108644,27.590143513140678,9.3082015677166
2023-11-25,14.26797366080761,44.8969130601883,21.266449584960938,63.28808100391388,91.8931321969986,11.41306313964214,30.847697745280264,36.105691552166,34.40431344280243,28.21635318800926,10.884066560811995,16.48776963558197,38.6696493844986,66.49319542358722,44.084858350753784,28.424808327391148,36.78590881347656,58.615172760807035,26.673183500289916,10.065144307575496
2023-11-26,14.06653389430046,43.73942213604927,21.08461435317993,63.16050226358414,90.43001595016479,11.05210721636467,29.941700097270008,37.5852913142538,34.26005282821655,27.92534373807907,10.722573436193617,16.538274566173556,36.7340505029726,65.1094901415184,43.15958898925781,27.27909732207763,36.777744636535644,57.92080292028808,26.25301305913925,10.051792270301451
2023-11-27,13.976310857173205,43.742926499032976,21.163925685882568,63.23548639663696,92.24053400982855,11.0672314308403,30.06308351400375,37.607909205838965,34.37494727096558,28.064609506130218,10.73168040426258,17.71355371549988,36.72459809027195,65.77545262416572,43.06889796638488,27.157301271915436,36.86620979309082,57.86698064563751,26.40882289677858,10.035958835166094
2023-11-28,14.038854353427887,42.46775184228573,21.229667873382567,63.512922533941264,94.68044843101501,10.968440590280137,30.99106478691101,38.05912796541833,34.97657012939453,28.423098134994508,10.941063321876527,17.889710036441112,36.67337920284748,66.51196128736495,43.29577016830444,26.534918036408722,36.53570611038208,58.511862530708314,26.82877978563309,9.345300036907195
2023-11-29,14.883759720224017,40.96258603586196,22.07386955809773,64.69599182739258,95.89987071922302,11.37570043958616,30.755163242340085,37.42885471781159,34.90255355834961,27.438371653711794,10.431578433157545,17.862823549527512,37.47140060119629,65.42814155685426,41.9533112411499,29.082130923843387,36.86130512237549,58.94645141601563,26.452840767860412,9.75110900395704
2023-11-30,14.866600598173141,42.95179166793823,20.774792908523082,65.36738754272461,97.39387264251708,11.155444953642375,31.156935274600983,37.414488197925564,35.17691421508789,29.052624464035034,10.465754708175425,17.789185836867368,38.52596851348877,67.68288343048096,41.937319599437714,27.333613702035425,36.64655012741089,60.65894317626953,26.763441490888596,9.96671657874298
2023-12-01,14.549519743680953,42.20021538717527,21.266468637228012,63.63181268907165,95.72436667349224,11.408019136154651,31.04478678703308,37.80374673156739,34.78616729736328,28.637390394895075,10.497067259461613,17.43329417953491,37.955320542526245,66.07571738055498,42.61637744522095,28.54216335814976,36.616813721466066,62.63446048736572,26.27631361913681,10.172022786308087
2023-12-02,15.537320803424837,41.715716873731616,22.819891668026276,64.50975064544677,97.60926994534492,11.787139655742646,31.23616304397583,37.88419341881561,34.842232131958006,30.48727412223816,10.700093675617218,17.311192677338106,39.10401165008545,70.41396857917785,43.15066780471801,29.162357139015196,36.452842712402344,63.93585540771485,26.483696365356444,9.645198391532897
2023-12-03,15.660197316581726,42.70866163075447,22.873888225914573,64.36199855346679,100.48031207276344,11.877209820742607,32.881928855896,37.96778080444336,34.980153713226315,30.669938351154325,10.63593231024456,17.045140808990478,39.61632537841797,71.67770670318603,43.69833510589599,29.641624822154046,37.41416549682617,62.89775154495239,25.87014001107216,9.430993190045356
2023-12-04,15.685888956750869,43.687125640869134,23.234967742637238,65.37043823242188,103.00222907381057,12.014786891055106,32.408490451440805,38.839106405252146,35.14565809249878,30.853231941261292,10.382133823490452,17.14630889794922,40.34098434448242,71.4944243774414,43.99509133066177,29.804485426554677,37.45429229736328,62.801106005859374,25.425285977125167,9.651547938728331
2023-12-05,15.696818149320602,43.99001584911346,23.355569811039445,66.4865682220459,104.4623869857788,12.005613224287606,31.809119729491144,38.508588291938786,34.23416174732208,30.86854059991436,10.381819911227767,17.794087124388312,40.45669836788177,72.43005065917968,44.05869403631343,30.12464651155472,37.03646633148193,62.892205810546876,24.125810423391343,9.395676205086708
2023-12-06,14.643947325897217,42.76254286263942,22.958088774758036,65.03662775115966,100.52301554077148,12.320209259963034,30.89182832223494,37.86896344070435,34.71692113113403,31.192448990535734,10.397568276170682,17.733820984810627,40.60132347621918,72.47870484924317,45.227914800167085,29.48825871727466,37.268845847702025,61.611108638763426,24.44809596985191,9.403236012213391
2023-12-07,15.398151716016772,42.272567536497114,21.906918063068392,66.40424899673462,95.70155582857132,12.471408977580069,33.28424976825714,38.77008403920914,33.59799568416595,30.892983549952273,11.236188008797372,17.88472542614069,40.8541259765625,80.51594892311095,45.786456837844845,29.974661690711972,38.0069367980957,63.13894901275635,26.330517366543678,9.41417246954441
2023-12-08,15.37066012709713,42.606613648292544,21.529984760856628,65.23212265885162,94.16018186606313,12.19656438713107,34.49145441537881,38.42667535858154,35.09669521018982,31.60967247053146,11.094903796293181,17.47420381054687,40.838848760381694,79.10829364013671,45.8214023987174,29.598893995871542,37.32652248287201,63.41327392578125,24.932460101069424,9.282579644576956
2023-12-09,15.462084948921204,42.243706967067716,22.074837868309018,67.43303688049316,96.42280978255461,12.511513230986594,34.324749796489904,39.75166688972854,33.339142952212136,31.38403693931008,11.29727852803879,17.753733601226806,40.395906822395325,81.5404946090219,44.87087052909993,29.80095055706978,36.668124126411435,63.388313903808594,26.26998970732498,9.378043099637031
2023-12-10,14.997942352294922,40.40223272935438,21.493877446746826,65.97111442565918,91.96589931118793,12.779033500862122,34.44547381326713,39.068759875980376,32.827705640328595,31.27100235035305,11.289499084955981,17.739012090454104,39.402187883377074,79.5991547912085,42.655176628013535,29.087698506832123,35.93604886561202,63.45988845825195,26.195050755966967,9.483574603557585
2023-12-11,14.89069787979126,40.185827536883345,21.428001928138734,65.2433839187622,91.2186131626713,12.798910796928405,34.32593532588959,37.73072776794434,32.77345135861244,31.19196446279168,11.28467657971126,17.175856117453304,39.66237350463867,78.95668144973374,42.55762365475077,28.91665037727356,35.652813260730746,63.36729431152344,26.059191634165877,9.501280826568603
2023-12-12,14.942183592224122,42.520444137783045,21.59688829421997,64.42576884544373,91.66804955553818,12.564317871757506,33.89724299930663,37.45299270629883,32.037192145792005,31.41813816680431,10.972417115632974,16.500784767150876,38.96750169128609,81.76533785848618,42.48150264482857,28.788624330997465,35.71735228500366,62.6135232925415,26.145524124905116,10.2342422317305
2023-12-13,14.636597776642237,44.157924527258835,21.47534568786621,64.08815006732941,88.75072940947086,13.294697811985015,34.37863966083527,38.02859291970063,33.77977436016845,31.497507742881773,10.677430435361025,16.548204240228653,39.375533180236815,83.30015704336166,42.85203037645196,28.937141132354736,33.80782303542137,63.13923645019531,24.85485061839524,9.50251555109024
2023-12-14,14.801180916111946,41.09713092856007,21.02026875286102,63.49690310216273,93.82077430911984,13.278493492126465,33.52515448875776,37.422900013732914,34.94876325988769,31.44771476283074,10.646743830528715,16.57167106190872,39.49018902053833,79.47444582248497,43.14634057641129,28.386242291450497,35.872828744125364,62.48614457530975,24.12913079808426,10.241259337367886
2023-12-15,15.176457342970847,40.91812352838277,21.098870954689982,64.2226448512745,99.34349094147895,13.21038151369095,35.509173405647275,37.28430938720703,34.83123832702637,31.915583674306866,10.85318381978252,16.882937812805174,40.95301334381104,86.95913040733338,46.95989898834228,29.394280242919923,37.5443000793457,64.05537414550781,25.04752337641529,9.548356179714203
2023-12-16,14.594867342267468,43.67992869801092,22.467348581314084,63.0216594993782,108.15525523258208,13.136304388046264,34.83580555875778,37.40801845550537,33.91572738022614,32.18248087406158,10.505718257252427,17.670803072113035,40.6054610458374,83.34491009902953,47.29276408987999,29.572943346977233,36.94844249725342,62.76442291259765,24.651429667201537,9.205673451572052
2023-12-17,14.579378607691526,42.16357032398901,22.396102298355103,62.92354948688507,109.12567291259765,13.25196704864502,34.082993296365736,37.4970581817627,34.0702363861084,31.839059045791622,10.306223373795095,17.562248946441652,40.03082851753235,82.37476510354041,46.52438329394817,29.49409407520294,35.11308045530319,62.43286445617676,24.454031570368592,9.39435039466374
2023-12-18,15.462862386523247,41.3393973851607,22.099048369216916,62.795752027645094,106.5169598121643,13.247697322940827,33.258018374862665,37.15742168426514,33.70449795913696,32.12591972351074,10.401631658996616,17.163264889022827,39.865484498977665,82.96754129164695,46.281976536612504,29.154275217533108,34.86462483135223,62.298022727966305,25.07564576139507,9.415166036283658
2023-12-19,15.203801540851591,42.96911574840546,21.396996036323547,64.33451863632202,103.08225353628158,12.507700424194336,32.781406156539916,38.98413733474732,33.14130937598419,32.75379031662941,10.418224210931767,16.991390089269025,39.74017164916992,84.16525671958922,45.99827592518807,30.005148405075072,36.23351886749268,64.76710834503174,24.494834992799383,9.535403696229457
2023-12-20,15.453236953289965,42.93677123511314,22.30837618110466,62.75115297091393,101.8851073551178,13.077891337784033,32.086567729166504,37.81628258895367,33.19736698760986,32.944140942335125,10.262248629301652,16.88873046875,39.584970953750606,84.12828464698791,46.662384796142575,28.750543674945828,35.87521858291626,64.03677412719728,24.615087938690184,9.71804907690525
2023-12-21,14.58264172087635,44.09948011493683,22.828044760894773,62.75201335352943,99.62669052028656,12.413264865875245,32.330097711574176,37.57704353616714,33.26360618591308,33.04039733791351,10.518740715391361,17.446120820799877,39.29985111236572,83.5121614671421,46.600795967102044,28.684718405463695,35.295100834007265,64.3908069229126,24.336415887451174,9.878862286281585
2023-12-22,15.428759804154033,43.44311657708645,22.478872489990426,63.18114689849853,101.75481238523481,12.87687063217163,33.9498606606245,37.738642063911435,33.36608045654297,32.678583046102524,10.585602755753346,17.243335919176797,39.335876249118805,84.67591438293456,48.02055001170158,29.26582002067566,34.96689750671386,64.12664514770508,24.581918580619813,9.903566748905181
2023-12-23,15.386298219448891,43.35611697359948,22.39696063270569,64.0281740158081,106.6722499780655,13.36637871723175,33.83452338333163,38.32895923173523,33.93737861633301,33.3573978775692,10.57115567737432,17.546314085250568,40.38556196365356,84.73817596435546,48.83086721277237,29.654134941101074,36.367250518798826,65.5132899559021,24.00650418366194,9.610221048152324
2023-12-24,15.194142347930145,43.3991284300518,22.252585720825195,63.81053187561036,105.00150217151642,13.367062520027162,34.43580762216296,36.62953139877319,34.187583894348144,32.73698431715412,10.863940779362839,17.73996797535932,40.40324178943634,84.72003307342528,49.701415918836595,29.419794464349746,35.63365003967285,65.09916846331785,24.560102668046948,9.814364611015321
2023-12-25,15.409645517037276,43.36754906473159,22.10460812574005,64.44129547119141,104.25571632385254,13.343775890922545,34.302791402139185,36.716169263362886,34.00719277496338,32.69690661679458,10.928019155311052,17.79858152396639,40.355331528282164,83.03895337772369,48.9906056599617,29.407900307893755,35.19048555679321,65.39515126309205,24.894722962617873,9.777638471374512
2023-12-26,15.429013765366298,43.24673238404274,21.861711607168864,63.446957619667046,103.90109789274214,13.184338703155518,33.29951762466431,38.30677893120146,33.12159175882679,33.002715437164305,10.945919559437872,17.810966308392373,40.35095008792877,80.32128208127003,48.23702858117581,29.126713956091404,35.290699030357366,65.44368628198242,25.1204956829381,9.67212352180481
2023-12-27,15.126369594336772,43.90973961925506,21.92416408341877,63.64425199994659,101.92792626703262,13.48043242552185,32.969705391454696,37.5374491235733,32.851139962433045,31.570777558957385,10.476946100009192,17.659937935958858,40.948426704406735,80.28861029305457,47.90567388758183,29.49791879224777,35.14164204645539,63.63139514007569,25.05132337310314,9.693266360855102
2023-12-28,15.113540322700564,43.57929360331536,22.463741639671326,65.9346081161499,104.31965994343298,13.526025050591468,32.67090940360165,36.86429595704555,33.158478840622216,32.689081074746994,10.791617324980054,17.847011971664426,41.3919747379303,78.00082313627043,48.06125034220218,29.87927749657631,35.5072399226532,63.34654282271576,25.440985319960117,9.621050380897522
2023-12-29,14.449711089028643,42.825984672254556,22.785203033432005,63.9145706366272,105.19793708896637,12.935559135027694,32.11828836094365,37.10326613953114,33.794399585186,33.06141241482496,10.588921203839137,17.01340154647827,41.67152975692749,79.16729109124088,49.31761066868133,29.14273232063055,35.73016592179871,64.88599872589111,25.43545666883039,9.702754783630372
2023-12-30,15.344234169254765,44.38386434290409,22.901157439041135,64.70178176956176,106.91429828238488,13.86202170174089,33.64027110906458,37.514280484199524,33.74512124821552,33.12203814042091,10.214177642500877,16.56904698371887,40.82474658966064,79.71941421091032,48.023767904462815,28.35801703953266,35.320742868804935,65.15141910552978,24.450753208767413,9.580400698184965
2023-12-31,14.407947870302399,44.48434951840639,22.811929709029197,64.64746654510498,107.11435236886024,14.051073508117291,34.31103967323303,37.826279926300046,32.35742261643599,32.258094067738725,10.806987744380951,16.682545537948606,39.39614351463318,77.6213774969101,47.865262288135526,29.969839592227935,35.27314943161011,63.49693008117676,24.25684792376661,9.546323745696544
2024-01-01,14.416893910478638,42.641468196568965,22.81111711672783,65.6548934173584,107.43480234146118,14.108675214634564,35.80993015289307,38.98017883300781,32.10776210774319,32.314543143641856,10.755063759841919,16.60925748903751,39.22643457813262,75.14310678887843,47.64926212449074,30.090770805773733,35.60670356369018,62.89506591339111,26.112328777928354,9.836916961765288
2024-01-02,13.976201627290248,45.12452497060776,22.541338930499556,66.45598419189453,107.30893955039978,13.829352155044555,36.62211778640747,39.09838653564453,32.37477327152366,33.51093833161354,10.561258939117813,16.670026826047895,39.128781487669514,75.3380807074499,46.28311631224107,29.83669478702545,35.88281343612671,62.77258325958252,26.476350688934325,10.061545397377014
2024-01-03,13.54782930084471,45.93822664838791,22.435688224568366,63.843023018188475,106.6722318649292,13.646510911560059,35.69703374576568,39.55331802368164,31.27093780018719,31.70957769580507,10.549193076094895,17.06812230634689,39.342315502080915,74.52529786949867,48.042076665601726,30.26158447677612,36.13031818084716,64.23837990188598,26.373629615707397,10.001218850339326
2024-01-04,14.467585204868314,43.69867271876335,23.25903351528883,60.91046455593109,108.23844165802002,13.19459583363533,37.73600387573242,40.368197781944275,31.704203025983052,32.00235923480987,10.326143528324891,17.21828782450676,40.2360904083252,76.34475421425246,50.53014966201782,30.572854107141495,36.35858174057007,60.933051904678344,26.416643082790372,10.190029777336122
2024-01-05,14.875972733669471,44.417687730824944,23.499854410570403,61.867813927230834,106.1035089870386,13.15422841501236,39.05338239383697,40.666229104013446,31.263895529352084,31.907266412750243,9.946433176185609,17.16155432653427,41.457786673593525,75.11184063892362,47.3598710360527,30.463138562929633,36.443954497203826,60.161461853199,25.43937871313095,10.403107841110229
2024-01-06,14.749046763032911,42.94502839951515,22.73267514467053,65.00031433296203,100.59085115833282,13.459333395526887,37.71937942504883,41.089569625854494,31.277876886805338,29.918338552606883,10.017518275994567,17.223264052391052,40.424851455688476,73.55671646129164,46.84003507074737,30.44753122329712,38.01533743963029,61.25472179031372,25.02490085506439,10.111784324798583
2024-01-07,15.474651228318214,42.65323350746155,22.5451041862561,64.57422694015503,105.73161096954345,12.858518380737303,35.6334342956543,40.80552394866943,31.03799263920136,29.47608027485037,10.025939631636886,16.8432188492918,40.65272467283249,76.23820542411804,49.906741500377656,30.095386934280395,41.300773522939686,58.8042872859764,24.906150110721587,10.108756379327774
2024-01-08,15.490019448051452,42.48489958964538,22.845456290245057,64.4788938961029,105.1979968585968,12.992546224594117,35.64922729492188,40.74113754272461,31.709188285560607,29.383924693976663,9.960642944296188,16.956028599834106,40.695358806209555,78.33396858578682,49.58772185371399,30.002381372451783,42.06027608013153,58.81616334938049,26.349537076000214,10.082655305299758
2024-01-09,15.50200372982025,44.153493302135466,23.26241592693329,64.34308055877686,102.76281176948547,13.380821398601533,35.67476779937744,40.72412796020508,31.78994127399444,31.101523382463455,9.96569492291163,16.748099089279172,40.07643469691012,78.04767039273261,48.95208842897415,29.92903432846069,40.32556113193545,58.792291012344364,26.263597720986894,9.948352385347796
2024-01-10,14.728423803591728,45.424497746944425,22.51221144613924,63.11799546146392,101.40494670867919,13.261406204223633,35.08845933952332,39.92781751899719,31.490089093490976,31.628267775535583,9.651784938462983,16.32981440287392,39.84982585364342,77.3007713470459,48.105552612304685,29.34687857437134,39.23875118676424,58.07261910660782,25.024388152313232,9.699278353128431
2024-01-11,15.293253219766617,46.132155721664425,22.506338405962083,62.90842636299133,106.08139623641968,13.475845228786469,38.26174465179444,40.5911601940155,31.937965673795695,31.495626760253906,9.441581620193482,16.22108448389143,40.31704835500431,79.5267328262329,49.94492709732055,30.80377539802551,42.47122536516666,57.9438768162878,25.51463716220569,10.048312513432503
2024-01-12,15.272354230961037,46.63766984939575,22.20586076869011,63.492210960388185,106.52316856384277,13.490585975646972,36.97921251366806,40.435523986816406,32.21308127643585,31.356291223526,9.515732722572327,17.656259469629756,39.34385065844536,77.777264213562,49.95995378494263,29.503825664520264,42.697667722463606,58.45294460998535,24.885063303241733,10.135412489891053
2024-01-13,15.886032170580195,47.12984902667999,22.903801372160913,62.788145690917965,110.54547865104675,13.93302331981659,37.47041808386421,40.70234417610168,31.969768845265957,31.35016837497711,9.386946807143554,17.39231618690557,39.612533547686716,75.34258904457091,50.15094881057739,29.65416283607483,42.733249128341676,58.53405822910309,24.575743351515083,10.314187450790406
2024-01-14,15.75856999343748,48.291930985937114,23.4747514124279,62.972966852188115,109.95254420471191,13.427935714960098,38.88235997163391,40.768726300048826,32.94760961068726,31.358446259765625,9.467794767556688,17.39675541120529,39.70626741399765,75.5938874988556,49.78459796476364,29.27552070236206,43.12532670879364,58.5242929158783,24.126268415302278,10.275998483276368
2024-01-15,15.280752224465846,48.510255833902356,23.126275509324074,62.54540452194214,106.32090658833503,13.334354762506484,38.500031352962495,40.49525768280029,32.99076055696563,31.752852467548372,9.240992065722557,16.8469994379982,38.80187930150986,73.88167191696166,49.515928436279296,29.9130705359745,44.0248950548172,58.14447455823898,23.78637798730087,10.219721709251402
2024-01-16,14.588498790338743,48.305239221553805,22.763087472438812,62.146953163146975,102.6834643046379,13.828378949418067,37.39202786178589,38.63266791229248,32.94064307441712,31.501708384494776,9.212385005447388,16.931549229712164,37.734227583614725,72.82548236846924,49.40423011779785,28.415681672658916,42.192499982986455,57.04524295898895,23.547623132411957,10.25027011871338
2024-01-17,13.405663111358992,48.63331472969055,21.76822729498501,61.773216304779055,102.42585067749023,13.743250335167884,37.07352561950684,37.93421401977539,32.21240541210709,30.091186595496037,9.043039266439362,17.121174741004943,37.59677001192569,69.82843493270873,49.1982376756668,28.612775253295897,42.00840760803222,58.76460494689941,23.374322436591225,10.124695263290405
2024-01-18,13.857187514893683,46.53291962716369,22.16000424811363,67.00354927892303,103.38470253753663,13.82566758291149,37.80434478721619,37.75406443862915,32.818640299816124,31.032296431303024,8.599750320807464,17.34028832240204,37.66865811252594,67.91298014259338,49.70685495111466,28.31130779359817,41.93651675605774,56.18463219784697,23.087025241230013,10.073278852844238
2024-01-19,15.01224214992486,43.979414903640745,22.05330563081703,65.71072922357894,99.80406777763366,13.671124653659604,36.09572227191925,37.90525436401367,32.174271050777435,30.648101440429684,8.298274215078507,16.75376739044323,39.42477985610962,68.89102820777893,49.83525298690796,27.524200671013784,40.155055621147156,60.346684125781955,21.9778669057846,9.938578741836547
2024-01-20,14.821734224906846,42.882773844280244,21.472282846097944,66.14968234175491,97.86272160261153,13.677268803411483,34.47737433646202,37.418403968811035,31.754483145898817,29.873915895802398,8.255998936097894,17.08448288065338,39.85562367990876,67.30611713109971,49.57529681536674,28.66606983733177,38.837838531417844,61.25723115161133,21.79408574450809,9.84274197284317
2024-01-21,13.493088317662808,41.71265116664886,21.427802747211455,66.50862860967253,94.6026967798399,13.677197004117964,32.92266280143356,37.30863098144531,31.404858274065397,29.45105048971595,8.1685011786449,16.960988139381406,38.82650137669373,67.37351503189086,46.48380203637886,28.051450996785164,37.72487332783699,61.17700628004456,20.898911879456517,9.813160169803618
2024-01-22,14.158368059503456,41.62986149328231,21.417940733642578,66.44347769140323,95.87184409574203,13.785639864852904,33.38140952667617,37.22963227157592,31.457641878046417,29.61834038880987,8.13763811326661,17.04294932219696,39.15831856951905,67.51957312674521,46.580150174155705,28.156779969434737,38.23966576718331,61.17978194741821,20.834036027640778,10.040877354240417
2024-01-23,14.931781707031323,42.65125455863428,22.141559357490635,67.05242659176044,98.10089066265105,13.90793998923683,33.96694066872597,36.976976802444455,31.900181124229427,29.42514109273804,8.10067781944929,17.331860438800966,39.023478002929686,67.60466075420379,46.70479233143234,28.087803955739737,38.69239229719162,63.372946313620766,20.53590966856384,10.06560663986206
2024-01-24,13.66837680352347,42.344064860812196,21.472730118905066,65.17887318862151,98.23270419138908,13.520708084106445,34.38673131637573,37.68129718780518,33.00128990592957,29.276047403539682,8.072242574432945,17.642283286285398,40.32881991591302,67.3000089969635,48.67558420620918,27.46691947210904,38.90904456996918,62.52241954595974,21.130253538487345,10.504704091644287
2024-01-25,14.23535026335119,43.50970441131591,21.89863235774517,65.60012696627678,102.51828082808589,14.13036223400688,32.67286241986656,37.783714294433594,33.70811462402344,29.64450759814596,7.921223700047868,16.783704893403055,38.500209310455325,69.35959062062413,50.94814640556335,27.900964886155126,38.925451398611074,64.1788989549623,20.063715317566963,10.420640479213713
2024-01-26,14.987462558644374,41.5603229316473,21.959458882903288,64.77336097692489,113.52339593287466,13.958737392425537,33.43580097522927,37.179875894927974,34.10465103149414,28.56501027539938,7.939641332508317,17.11019071626663,39.795867371887205,65.047454123497,49.22182014371967,28.15740120153179,40.48930211191177,64.29156736367477,21.544610799228405,10.224802283477782
2024-01-27,14.694709860679858,40.37954020485878,22.04546549715042,66.84213981631294,120.0054062609768,14.260417613983154,33.72895161323547,36.88967060290146,34.36347198486328,28.5577976837108,7.7227588250862205,16.86465768814087,39.48506813519669,67.3015448012352,52.83354892730713,27.786440360603486,38.59594815690994,64.36590930950729,21.154865470109936,10.330945666122435
2024-01-28,14.754361996548713,44.47281628990173,22.443899458408357,66.11554861880752,122.20030977058411,14.619026310253142,33.99441439704895,37.05880847967911,34.078556060791016,28.672345791560048,7.646679608300704,16.420636951446532,39.123754935836786,63.91083375368427,53.25317487716675,27.660811621995567,38.36326165088654,64.25122693061165,20.69215947189331,10.240895240592955
2024-01-29,14.723864134934518,44.36430997467041,21.091566339817998,66.7492017828566,123.28336604690551,14.710005651569364,34.16019931793213,37.035004707950584,33.84089660644531,27.68340104460891,7.639719796116549,16.860765432901385,38.38214039998386,63.7709704696884,52.887970161437984,28.175217779937746,38.45026604501724,64.13038058236748,20.78073944320679,10.21770002746582
2024-01-30,14.552156367907587,44.16874360702514,20.853634531929057,66.33801998601756,122.7252121299694,14.889569958091736,33.96798477172852,37.33961145744324,33.261105651855466,28.41995225065187,7.7838908396614155,18.11682530989298,38.38458185518295,63.621665231180195,52.31738777160644,28.406986113824846,38.972181421279906,64.72785856612313,21.05019645412445,10.305485401153565
2024-01-31,13.831322965679167,44.765887950897216,22.618785358092783,66.57350055597513,123.17969644273566,13.973613871669768,33.52597106933594,37.84304683685303,33.35054016113281,29.119118207347867,8.068025827343229,16.2463795906405,39.97846175136234,64.13287500858307,51.807588957309726,28.00700078111251,38.883626887464516,60.98216596603393,21.129170676588135,10.26141149520874
2024-02-01,13.500015380837917,45.064415071334835,22.275526460552218,66.28612852250176,127.53147662601471,14.234716873168946,32.890309615859984,38.212273606681826,33.41373115539551,30.815591668739316,7.803993306683579,16.052431090812423,36.57616700018262,63.05946539440155,52.40114585208892,28.67394740199537,40.89849366044998,60.135566253662105,20.76587027914238,9.909614765087127
2024-02-02,14.774991360288249,44.23471271953926,21.519348539050483,66.52589616026539,124.02683799556158,14.250769114494323,30.44770211683273,38.15529169082642,32.851357498168944,29.72090094560623,8.295146298735,15.934784993119674,39.804332748513445,63.43154750061035,52.55808048248291,28.209269079133414,39.166046490097045,60.668460845947266,20.035672869003296,10.300130979537965
2024-02-03,13.699290437221526,46.525943853149414,21.821722351427077,66.46751974467053,127.18027366798779,14.132752733230591,31.805228311729426,38.31189533233643,32.07923940038681,30.007502137993814,8.311112822677247,16.44585442270889,40.00834957008362,65.86657905578613,53.37243464936257,28.303862298118112,38.67132084189748,60.57257080078125,19.942760731887816,10.24357292804718
2024-02-04,13.777420706748961,45.9492283590889,22.029919568209646,67.14964024442607,122.09524687039855,14.144286684989929,31.035971587065696,38.50382863998413,33.46123504638672,31.757353524461045,8.426932219340326,16.250659333756655,38.292384513541904,67.22008037567139,53.863612295179365,28.517627775130176,38.11422911898851,59.468948650360105,20.213045654296874,10.362059210014342
2024-02-05,13.606065090894699,46.23160739685058,21.906678378582,67.30176888131092,124.75610019925648,14.16610336303711,32.002184558559605,38.844326457977296,34.36230515070877,30.92843341978741,8.42015345328989,16.74855386374397,38.41142926523817,67.64879264831542,54.62238755676269,29.308763214182854,37.57364788176569,61.2437858581543,20.235127321243287,10.815995794887543
2024-02-06,13.802269615201949,45.56093782879372,22.38521467484951,66.68899226428556,130.10157312969585,13.946348934173583,32.98568171019001,39.32417678833008,34.63364296417237,30.707939718253947,7.98879326812801,16.771560537696075,38.82210996329784,66.7964679737091,55.041833942584994,29.17446104534769,40.766296012344355,60.83598415374756,20.646277306446073,10.905540846233368
2024-02-07,13.538774609731005,45.07947892263451,22.265189404607103,67.43220360936684,132.91840848906324,13.963030815124512,33.08996433044243,39.03531116638184,35.51145026152038,30.572299799423217,7.933507325087503,16.2394890185719,39.10604065990448,67.28502857780457,55.4606952123642,27.416822620273667,42.237542203903196,61.46220016479492,20.36974956665039,10.63373338127136
2024-02-08,13.775202448968887,46.025108372608564,22.82127202674772,62.14628684371948,142.37840788771246,13.876623430252074,34.52225611495972,39.761344833374025,34.883670121765135,31.17614028127384,8.099392072403958,16.192619159142886,39.92411759774208,69.11371765136718,56.25566190719604,27.867223812452316,43.32355007380486,60.97060306549072,20.726119732097626,10.415415811352918
2024-02-09,14.216195438060758,44.90003338005066,23.662465603519678,62.09314083649635,143.88173401729202,13.962584381475448,35.39687037769317,40.78636707305908,33.694904177902224,30.96182983148489,7.8122142304152655,15.664328777791132,39.014364465036394,70.30768947601318,55.1033145904541,27.70577075583207,45.64866858621597,61.081255989074705,20.02240090517807,10.470769468172321
2024-02-10,14.176273377141952,44.98227970172882,24.064432787605472,62.428433265999836,142.01487943020058,13.979066075670719,35.445728764171605,40.86448734283447,33.905608514511115,30.94861338011741,7.898792655725571,15.6065896168185,38.89689735031128,68.91546993255615,54.519089698791504,26.941722985995067,48.11477651161194,60.91195323944092,19.566254589843748,10.299686763587722
2024-02-11,14.292291592340469,44.35059548135719,24.35091669492316,65.88922671582942,141.79220377171322,13.960443273651123,36.487258464031214,41.443357925415036,34.46046126571289,30.956982722181415,8.18537525272749,15.145195460727118,39.50672175693512,68.68899993896484,54.38513803482056,27.103129183680025,50.0766292988697,60.813857345581056,20.627634871987265,10.539585991796264
2024-02-12,14.591050221347809,44.63274083597602,24.30938953477206,65.86116887123457,140.70490013840103,14.047246508131028,36.9389377888298,41.71572319030762,33.91284218856811,31.080838931464864,8.13925209676553,15.3763325817194,39.694889980316155,67.97285517883302,54.19294538497925,27.135833165281174,50.836194726333616,60.75630271911621,20.811946089288483,10.729721693377133
2024-02-13,14.506519382334496,44.64773593890781,24.166888111701248,65.85661236840244,139.44307140697288,14.162041624774933,37.09978968063354,41.883903694152835,34.137524031520385,31.489353484897613,8.100447985186012,15.368166971872585,39.78983018875122,68.69463412857056,54.02562761306763,27.152359905075837,51.648607891759866,58.884742832536695,20.83854274678024,10.894735191086369
2024-02-14,14.721077147126197,44.722750549592405,23.12383713248946,62.72428683883666,138.29402143650626,14.242324347959519,37.87386663150787,39.7511240158081,33.99834821965851,31.608491188316346,8.063014806469715,15.668000625556436,37.98883404947948,70.03573951721191,53.740745544433594,27.369812262958547,52.32676774477959,59.09956909847259,20.782005598989603,11.46395234799385
2024-02-15,14.645733883209228,45.923535219089125,22.973611439749686,61.86366703142165,138.73556703908727,14.30507926586151,38.29950125427246,42.06119232177734,34.010891695354616,30.082679037589074,8.052788081586879,15.722714384566585,40.04508693981171,70.22968769073486,54.72478723526001,27.461765148174333,54.35703678255128,60.439275427436826,20.450294304423867,11.827133685224533
2024-02-16,14.216636460018039,46.946371626269816,23.15530242925787,64.78450313083648,141.56969385484553,14.71698489189148,40.881417503356936,42.14398609161377,33.62417278170776,30.09173368248945,7.838166979728699,15.896990778352688,40.74261016845703,72.09250288009643,54.27509020614624,27.126632505324665,56.738980822563164,58.964766079902645,20.270714851558687,11.792182175079345
2024-02-17,14.427880120358346,45.60945137958526,22.826036062392095,65.73432769775391,141.2032755363821,13.786741401336192,41.71452331542969,40.44880624580384,34.37051151049942,30.297000092522616,8.139164992046357,15.190951709162679,41.19831733703613,70.27743887679576,53.229847240447995,27.9339643323698,56.00400059509277,61.62265396118164,21.31263380481966,11.781779012489318
2024-02-18,14.494470464741706,45.940315543413156,22.931670904517542,66.08127182006837,140.6666164441479,14.628186084079742,43.38970947265625,41.745646476745605,34.48881911589477,29.564205590392426,8.180571279352904,15.010431727845667,41.58474082946777,74.31112953214644,53.46703634262085,28.60491291965246,57.29777498245239,61.51108947753906,21.55171481409073,11.732817134857177
2024-02-19,14.066741678174822,44.2723202303853,22.86495531784338,64.18325634613038,139.7453559919409,14.790577463436128,44.759498596191406,42.05946865081787,34.68043956513703,29.611788396089338,8.301542575218201,14.985323232175407,41.54529361724853,75.18590224056243,53.57852325439453,28.62776296466589,58.6833233127594,61.632849292755125,21.416476227115634,11.65806028366089
2024-02-20,14.665833972453932,43.79750027406583,22.601727202945426,64.32578000793457,144.84722129637967,14.480659990310668,47.26574859848022,41.74696030654907,35.416124815766786,29.657847606090886,8.364094731500014,15.276528395953534,41.15995319366455,72.79483746639855,53.36649690628052,28.944866791879605,57.92539697742462,59.227247629165646,21.04516677017212,11.47886398601532
2024-02-21,14.180381875603437,44.74033602440005,22.372403011052214,64.33979006652832,149.44962043762206,14.168253364562988,46.415196647644045,42.597334671020505,36.7841225864658,29.429524460486924,8.534909889257353,15.473584734910133,42.06419714641571,72.41594902149464,52.51038376117229,29.98817911148071,56.45235977977753,58.45120178037643,20.76626168746948,11.449022667503357
2024-02-22,14.63967125550127,45.591922119352084,23.083243339249773,65.88439807273339,156.07138001838683,14.685259819030762,48.756363258361816,44.113670349121094,36.66235833208465,29.459981408698283,8.201332259582518,16.173553186378324,42.92603066376686,74.536212548069,53.90655970287323,30.716436017990112,58.015074321870806,59.21586938095093,21.741742969575345,11.449391956329345
2024-02-23,15.424909493958639,45.866040483772515,23.85250670269193,65.45027755514741,162.2723819732666,14.146702766418457,49.54940414428711,44.19158935546875,37.3723413730224,31.845084144401547,9.846199912884522,16.085471157669065,43.451178013801574,77.0531183522415,53.97357931137085,30.152045847415923,58.2037049074173,60.63967514038086,22.983506657818452,11.353386478614807
2024-02-24,15.607013361885166,48.62991540318489,25.209535212342736,65.4204477082672,167.0482982082367,14.457245378494262,51.13833927154541,46.13531794052124,36.98927028858845,33.2785704040432,9.012399990875243,16.152080014862822,44.572872673072816,80.94353523857117,54.70191979122162,30.58492884635925,59.15694634437561,59.418692507743835,23.1075657855835,11.720978910842513
2024-02-25,15.004372262184189,46.46982192867279,24.94067085875988,65.44998311595154,157.94227867126463,14.223027505874633,49.48324722290039,45.199339113235474,35.45405176849365,32.18148526116371,8.33053502518753,16.216624677503585,42.048096713933944,78.19795506483078,53.027689129829405,30.017046689987183,57.06212062454224,58.71478259021758,21.982790966445922,11.035177707149506
2024-02-26,14.990321030881116,45.91800634288787,25.21906639514923,65.46956156895446,155.10176696777344,13.918298323631285,48.85361231746674,45.10754261856079,35.65129373931885,32.242959635267255,8.9583718324205,16.290871119272005,42.22838177756309,79.1365530978012,54.73343939546585,30.014327859878538,56.80749537849426,58.04774451093435,22.01418789319611,11.291718119833947
2024-02-27,15.100647156558036,44.84686601271629,25.629472693920132,65.40971310475157,152.90568301540375,13.887032112693786,48.47027152175904,44.76889074859619,36.19113137663269,32.52295926189423,9.010215910794408,16.213655947219845,41.246680984962275,80.44357626914977,54.75366154203415,29.776532190799713,55.46674409088135,62.95970721760304,21.511981955727425,11.284150454711915
2024-02-28,15.528378539085386,44.940854388856884,26.229712629318236,64.62716233520507,148.92329601974487,14.15537359085083,50.04742180366516,44.77244554519653,36.4016256837616,32.71647595001221,8.712286338798524,16.176080079345706,41.221578461723325,78.55843096733092,53.58091344451904,28.94160007138252,56.62830840682983,63.16546385453876,21.04285310897827,11.454657534790037
2024-02-29,15.22506892507553,45.093202793598174,26.334172650661472,65.77204409344482,153.16601906761548,14.314273414611817,51.39934189281463,44.05207045440674,36.51188478406265,31.189845892953873,8.514570965018006,16.601498918804168,41.63948406457901,79.49988856315612,55.11371296262741,30.453967597961427,57.89469606685638,63.397662458038326,20.74338321789551,11.849740161418914
2024-03-01,15.549066927080155,45.582313319206236,26.442482452869417,64.8540407409668,153.9041874973297,14.078770064818382,49.09549958576203,43.852141523361205,35.68207202764893,30.09623454959535,8.919116906587508,16.508247173835752,41.726158421745296,77.31829517609307,54.885751499176024,31.111193744916914,56.079638160095215,63.49561656413269,20.40079782829285,11.895018393759727
2024-03-02,15.154886417918728,44.50082064914703,26.112841476294992,67.38871046905517,141.50363699458757,14.092169050788879,48.02807926069107,44.27614116668701,35.62166795402526,31.327392928934096,8.713508097426255,16.403899586311343,41.12905237246513,76.63106527827071,56.55678056144714,30.966348249378203,53.42093839216233,60.83406508827186,19.714410388469695,12.371672064228056
2024-03-03,15.192951309455108,44.09390458892584,26.29203247590065,67.08772720184326,138.77843317197966,14.067017292881012,47.41576480849857,44.08198741912842,35.78792446458436,30.359821140279287,8.528944189135348,16.43755227280426,40.6731509283185,81.4328094541168,57.929045732975005,30.96959798286438,54.0513508887291,59.31803289207459,20.646753806957243,12.525188262434005
2024-03-04,15.254313259461306,44.20202449321747,26.45373468014717,67.51280483892059,137.6683803293268,14.121932320785522,46.412650982421106,44.03814416885376,35.89756493321228,30.633804998979087,8.652686949313383,16.551250442939757,40.68119724744558,83.99292715072632,58.479230034828184,31.076741981803895,54.65156540250778,59.36560806184387,20.830295348997115,12.683364848894119
2024-03-05,15.365923016596986,43.78958294312954,26.89361743334999,67.25996690826416,139.00923375492096,14.182023326969146,47.11614428855895,43.58242017059326,35.599472973632814,30.622794625996107,8.64283464467877,16.67517382280731,39.71804124072361,79.64119800624847,58.9300237455368,30.899925870895384,55.34531964826584,60.148330015284124,20.895697932632444,12.973472250175476
2024-03-06,15.513887317845153,45.31578283309936,27.210393840551376,67.75727412373351,148.04028429130554,14.135281927588464,45.97219490877685,43.885450019836426,36.300715726272585,31.571675739855767,9.011224543679786,16.878025808418272,40.33332310007143,80.06427163609598,58.65264946347713,29.942916947808264,55.695059140233994,62.62819578814088,21.008786002349854,12.894970370986691
2024-03-07,15.551556345638403,43.79604374646843,27.282341237683294,67.49855486025238,151.19894889850616,14.037677140045165,47.13652140714912,44.32942413330078,36.608175687858804,31.377346448631755,9.244918223403001,16.792318318176267,39.705438862083014,80.51484060001373,57.635725382049316,32.01443756103516,58.08456985922814,62.95720397803117,21.202292475700375,13.383690517616271
2024-03-08,15.35276152896881,43.790985606555815,27.608431157226562,67.85541233062743,150.6321527602615,14.448060903549194,49.137988397483824,43.41736086616516,36.49347992057602,31.62482545469284,8.984506482708545,16.500391443636474,38.03367751856642,78.47291535657867,55.7127047876358,30.688940146923066,57.6795941119194,62.20956978327942,20.997904403800963,13.80966045398712
2024-03-09,15.478811074461936,43.995014121155116,28.258030167102813,68.85766848493195,162.0801223754883,14.313189533421992,49.199145739877125,44.75356758117676,36.67042605614639,31.17395800856037,9.177558809898732,16.29749441617778,38.478383880709124,78.29319401048934,59.37018400420189,30.875607416152956,57.6756713347435,62.40998672355652,21.340937618282318,13.857778854370117
2024-03-10,15.35346261557579,43.296099538627345,27.944659129142764,66.33404090881348,164.24910163879395,13.899995828119755,48.83024505192146,44.793452224731446,34.60223345546722,31.4525595310318,9.47452241524181,16.28435620575714,39.15806265060082,77.99025252612381,58.777021375865935,30.423777723312377,58.51962690353393,59.986384645556036,20.880470528606416,14.081913890838623
2024-03-11,15.32992158565521,43.39347961321077,27.530651589632033,66.69307336188125,166.36010398864747,13.833049460792541,49.08039663187579,44.24548770904541,34.3289176940918,31.445293034886923,9.381828722212129,16.34297441168976,39.15452040874214,77.89287360224488,58.4483464307785,30.336347436904905,59.46030120849609,59.88594352212707,20.910830842185973,14.190919189453124
2024-03-12,15.25026884156227,42.67549327028274,27.29595930667877,66.68025966911316,166.51369624328612,13.647076697158813,49.44380894509392,43.866676447105405,34.54368255615234,31.407567459044266,9.392608714250935,16.374565659599302,38.488051463902465,77.77777576854677,59.19626226425171,29.868904276371,60.00922045469284,61.59668629792786,21.746933615203858,14.281822204589844
2024-03-13,15.449308785438538,43.16001006274295,27.628364753723144,68.1764526636541,161.69447292022704,13.254353690812541,50.41794801332473,43.82918619804382,36.10246702684021,31.72184217985153,9.554044460265429,16.56787054890518,42.32595080147553,78.48833663527678,58.60605970287323,31.76097356872559,60.421389836311334,61.42315836991883,21.21074763248062,14.52775906715393
2024-03-14,15.366625790448186,46.547257700445556,26.4325820710659,65.71300926818847,159.65394117638968,13.295239609817504,50.0101931169096,44.57921600341797,34.93217086791992,33.459167655944825,8.962672457311182,16.554926126618955,42.07119822921753,76.8128050318707,58.119559477329254,31.80668814353943,60.09233938694,59.65645678253174,20.81917459811302,14.748906753099442
2024-03-15,15.119853545259476,43.566506721410754,26.562836793494938,66.65364753675843,177.59251609039305,13.346743947229385,50.43977744824847,44.85834400177002,34.075878810882564,30.915119097948825,9.145473478056987,16.44184733325405,42.86946253253174,78.89664428660488,58.46996143754482,31.643205871582033,59.22838566264152,61.347738458496096,21.64558552404236,14.614000210530566
2024-03-16,15.187353931961058,43.4546907450217,28.63026028776169,68.32468213280384,178.6153872871399,13.35511791973114,50.77399303058624,45.215091705322266,34.261027050018306,31.69114552585172,9.560565282402221,16.226167686660915,41.39829601856231,83.69757209718703,58.89739808177948,32.31685638289833,59.64889126290607,61.37864398690796,22.063757508213044,14.715938003288269
2024-03-17,14.877415369033812,46.64751856461536,28.266333961486815,66.6790690422052,182.5079266090393,12.928351535224914,48.07375664251327,44.24446668624878,34.32600784301758,31.73745536710739,9.228418127238776,16.25896956252937,43.61955662924194,84.21781940460205,58.40335390233994,32.04899983403778,59.43402227811083,62.080544854143675,21.208299618473056,14.756422731571197
2024-03-18,15.081391525268554,47.070020599919054,27.96174003982544,69.79849590611079,180.78097891044618,13.15951506614685,48.19852531433105,44.1522216796875,34.16081619262695,31.493630133247372,9.592108727713315,16.278064920254053,43.743441120772935,83.49241619110107,58.31408185958862,32.31038413579662,58.9449082820333,63.70572860314569,20.808571951638335,13.951312434377861
2024-03-19,14.574462904787064,46.80896084636132,27.329267913780214,69.19216304472425,177.73223586513518,12.99286693868637,47.66052165985107,43.2586069278717,33.3031694355011,31.33428588406563,9.63561901353397,16.11664074508667,42.87066981780624,81.82441600227355,57.18471817874909,32.28371114184225,57.792443270459174,63.52691135388809,20.150563862377165,13.913498522606847
2024-03-20,14.507094788428258,45.65861072285843,27.266856362285615,69.89385662124539,173.8041046142578,12.604750776517866,48.386375427246094,43.96630565013886,35.48344170069453,33.47519588470459,9.566328781208574,16.628254635134255,42.95104712265015,83.71410773849486,56.39146140861511,32.31729080384585,58.96241015689373,62.71423458242964,20.489214131481166,14.249889568175124
2024-03-21,15.20295653512187,46.86843656054305,27.76227993106842,71.26206541858822,177.004439163208,13.289849942235861,50.45884323120117,44.39156608581543,35.326505326245126,34.2825210571289,9.818460075427776,16.668368570228573,44.295517601703644,85.19569072723388,58.08858589488029,32.64499130916533,60.02866410684586,60.81178628656454,21.69981062267778,14.25171448099451
2024-03-22,14.74968801292677,46.421228451622014,27.505260158529282,67.11939906333207,176.11265797805785,12.927977015204428,49.921363830566406,43.71515601882935,36.05736643734238,32.53826961815357,8.708611795257568,17.08686604079647,43.31370783004761,82.094925948143,58.32990016937256,32.679133564957354,59.905845210113526,60.99631678571869,20.247112602270125,15.195592386148967
2024-03-23,15.136775540872762,46.13129738288497,27.732246754016877,66.10596142971038,182.97296676635742,12.753727670635843,49.4502628326416,44.84922985076904,35.643454146881105,34.171714782714844,8.897402355229799,16.741875685157776,43.55290126190186,83.89919620800018,58.677577454180714,32.65558946052086,59.750448278059956,59.9231338961792,19.93066646118164,15.577318302566528
2024-03-24,14.879584330779076,45.19219270706177,26.407798443546287,65.8204319897232,188.31590309143067,12.333111254771445,48.53790812129974,41.552383522796625,35.606780949388735,33.88968172073364,8.441655803770063,16.794415657768248,42.8626023399353,83.48120613098145,57.62185902235279,33.00699708883083,59.02976786661229,59.951971139244456,19.2577200176239,15.678392991256713
2024-03-25,14.555917709426737,44.63846282958985,26.224316547135825,67.78797646536256,189.3292568206787,12.356861278364093,47.389527343940735,41.086891430454244,35.49627805216964,32.83991547346115,8.601921704752089,16.758294867305832,43.28712817959595,81.88183479309082,57.303563862748,32.218952955785525,58.54519245748414,59.862094375228494,18.424719771194457,15.922401192855835
2024-03-26,13.89318359784261,44.37323341369629,25.835212209088326,65.6479210356903,184.95560343933107,12.351866538539719,45.85449009189606,40.04703920418434,35.29191013470978,35.238091133880616,8.466631546602517,17.51391285209656,42.63840934066773,79.35255356025695,57.78728306024894,31.252181060028075,57.22292228910627,59.77784951242698,18.343452373123167,16.21951844177246
2024-03-27,13.935793187957016,44.49032022628785,24.99628719938993,68.05148695060981,181.01172591018675,12.435866951054587,45.44009017944336,38.662425309266844,35.45603566058202,34.95955939178467,8.522490506072272,17.993876215192792,42.917345607135765,76.67665067710875,57.98079620821953,31.37248840032578,56.68412954500408,60.31653236336597,18.63827880821228,16.364251081466673
2024-03-28,13.900848013515038,44.36852080078125,26.464842227580924,66.68837009953307,172.76634856950758,12.80405028577423,44.180208711433416,40.72838922056545,35.18583987593078,35.61542035441589,8.855350315951421,17.613130589053114,43.174801544952395,79.16017799377441,55.21675361778258,31.187640293884275,57.11653973865509,60.41095201791147,18.99803763771057,16.554558334350585
2024-03-29,14.229028613345308,43.81035095214844,27.829976234436035,63.911074974060064,174.86143334538747,13.134326509959584,44.04719276665879,42.779622824478146,34.90305228671265,33.404906018257144,8.501371735275535,17.190995902061463,45.15002059315934,79.70642160987855,56.66212547793388,31.799209813356683,56.212066421527865,59.678219248247686,19.120049981174468,16.62856774741173
2024-03-30,13.99216445684013,44.07741730499268,27.81995758724213,64.60736979364013,179.6971884384155,13.026557129551048,42.84505306892395,40.09116004142761,34.56020936329651,33.38374477958679,9.705548321454922,17.36490828325081,45.44382648826909,77.67121151493072,56.82094212455749,31.547114637451166,56.12829137420654,60.02138505346403,19.47375631061554,17.191004742240906
2024-03-31,13.251447511969507,44.0652817703247,27.09566604423523,65.73743921863313,177.00990628051758,12.506753097472647,42.717814178466796,39.50865892896652,34.685070504029845,35.52166199169159,9.364427355773454,17.38270100883293,44.42897341864411,76.85622840230941,55.00222860913896,31.038594863891603,56.054308522033686,58.70346232512382,18.85914307928467,17.17359306335449
2024-04-01,13.240084064920241,42.25386199214172,27.20564673900604,65.88710399003907,175.8841323852539,12.428099407174587,40.72928969438553,39.10197085166931,34.822529555877686,36.09987468541042,9.365300230513382,17.147323369182256,44.248797419425046,78.52036901983566,56.77688424951696,30.748312911987306,55.70249822692871,58.99555020612511,19.04844529636002,17.286717147827147
2024-04-02,14.928991030189296,42.001042256927484,27.218431377410887,65.38329298883058,164.22094017505646,12.369915557166609,40.3389769619751,41.304539782469334,34.84568665544128,35.97549545292869,9.313329670218758,16.716804178619387,43.46434879989624,78.59287178685207,58.00126778485238,31.07937544784546,56.41024792442322,58.55822480701446,18.858829664611815,17.22188828086853
2024-04-03,15.107565601732292,41.288208815002434,26.323458074094482,67.34196285458516,169.5270789012909,12.469851947263242,42.75961681365967,40.634362550811765,35.63985306056537,32.62729649941921,9.273524159231872,17.462281653945922,44.62522742435073,80.19409850120545,63.31398683172226,30.933813972473146,55.78925960111618,59.95345724258383,19.107971646217347,17.50829605102539
2024-04-04,14.382102399021148,41.45164188537598,28.03604955017281,68.40181960686591,163.51983939743042,12.427156871292173,41.830447710800165,41.18153761779786,34.81233594255066,32.87774093718239,9.459148151699361,17.212752739334107,44.34792366371155,78.0366908139038,63.91423362407684,31.419325649642946,55.71932314538956,59.63935950878906,19.384073196407318,17.392249899673462
2024-04-05,15.297983154024125,41.11966162033081,27.73842262458801,67.74220097151135,172.94126472473144,12.598293570456503,42.37865352630615,39.15104188918304,33.48614020042419,32.783400493741034,9.486651729619446,17.594848969230654,45.135614232823905,79.49599628448486,64.09802452354431,32.00090605778504,54.69605878721237,59.972073740844735,19.120213897350315,18.50392493209839
2024-04-06,13.696772245788573,41.56100737687683,27.80017005887031,68.13206602050337,182.4733426437378,12.67478830839157,41.27365292472839,39.2335864995575,35.2395185498156,32.52660393025446,9.549293794513993,17.16973211174011,42.011449972798054,77.81596116256713,63.63759986114501,31.556703203201295,54.22163297544479,60.207915356887206,19.143984749221804,17.938156356811522
2024-04-07,14.079624837684632,41.34396711204529,27.845471090097426,68.36090258193418,191.42225999450685,12.978451437595368,41.20500509719849,39.52221405274429,33.499942779541016,32.84710942671275,9.79489701018677,16.83692855303192,42.216856542921064,77.75064742469787,64.71798290634156,31.56355498580933,55.01486137825012,60.4465326345836,19.25099595680237,17.947685546875
2024-04-08,14.37186212940216,40.71097239699555,27.213612602438157,64.28116308305167,195.80195520401003,12.882275733741759,40.85930210037231,39.606595229542236,34.814548153059086,32.536356606461055,9.651264553091647,16.931056326461793,42.40888235664367,80.26028888214111,65.35653902435303,31.567999703979496,56.19174072360992,59.71327395368957,19.102196145629883,18.05439453125
2024-04-09,15.014804618242264,40.59360281144646,29.121949920654295,64.64944641151428,198.85017511367795,12.705581436538697,40.49434602563667,39.66016601034737,34.46241182679749,32.584373465609545,9.496189346441472,17.304780753401253,42.869650268554686,77.09680408224105,64.84743209838867,31.82639328672981,56.837706788747404,59.03068620078575,19.35489971532486,18.20670082092285
2024-04-10,14.878225276725768,39.834790881065366,29.922229600811004,65.00574674663544,202.63173751831053,12.82308601921463,40.88210391025544,41.652329839706425,35.39421202011109,32.00106753015518,9.035582231343803,17.181169578071593,42.14335612678527,78.65234374809265,66.14285928153993,31.999483099536896,57.5384488363266,60.339344760840675,19.02536854362488,18.29538774519404
2024-04-11,15.826174568367005,39.00582986755371,30.596376419067383,64.47298128318786,200.69457203292845,12.850264598464966,42.29234526557922,41.186440698623656,35.5890877064209,33.48435547828674,8.943139386043395,17.402595878610764,42.48208494186401,79.37784061431884,67.51271216491699,31.737328945278165,57.41211000809097,59.33459043027878,19.719754307315824,18.319226658058167
2024-04-12,15.40100721359253,39.65472732009888,30.666621265411376,67.32709169875255,194.4085905532837,13.040332250164031,41.93683490753174,40.46617997709274,35.60452432150298,34.62970919669152,9.050319206760197,17.42391401591995,41.70259895324707,77.97881469726562,66.1053766781044,31.30147331371307,59.05160922323227,60.43749054269255,19.396405068935394,17.961672072601317
2024-04-13,16.45865326023385,40.69133821249283,30.936125335693358,63.89582041110992,194.10081481933594,13.33184008738781,42.263103322231295,41.50055379867553,35.67048349279595,36.015546958923345,8.715403326705326,17.306306118415833,41.33527421951294,78.70284919738769,66.44086898517608,31.99773067783161,59.079501531715394,59.63693857455117,20.363217217884067,17.61194817814636
2024-04-14,14.919309639930725,41.92907032285309,30.753219604492188,63.91989673118591,194.85042343139648,12.914863898346901,42.006950415802,41.14626514863968,35.47870672180765,35.813294079780576,9.1192108848924,16.861261837025527,42.58001861572266,77.87851181030273,66.43513284873961,31.472257487869264,62.21230662498474,59.4451353530745,20.413453121539533,17.447048875202178
2024-04-15,14.843617674708366,41.83739164336762,30.658424377441406,61.7766406917572,195.99326428985594,12.98956968307495,42.730128564834594,41.478840351104736,35.68674941452453,35.88974371433258,9.07162198584288,17.29180295026766,43.04421329498291,77.90467357635498,66.49383659362793,29.79054136276245,63.98521297454834,59.71036143401505,19.898764977928163,17.159335882741928
2024-04-16,15.633069828088761,40.104356918334965,30.3406086730957,62.28935611152649,195.87151812891426,12.744750421571732,43.540247867774966,41.17691311454773,35.43194323932289,35.91010883045196,8.99946007461365,17.072128867834223,42.93011087608337,77.07354670143127,64.82888889561653,32.17676393720627,62.33119972229004,59.34383644619751,19.546088749694825,16.888266013166426
2024-04-17,14.315931445598602,40.880055432128906,29.79506332397461,61.53532598247528,194.7554629684061,12.694997787475586,42.281544639341355,41.650606384277346,33.49278160095215,34.36315384649277,9.833226525702687,16.7580591803302,42.844967617864604,77.99236680078506,64.00334887661933,28.96527667236328,60.41944621582031,59.2379770533371,19.939454201019288,16.73636598531532
2024-04-18,14.83878800868988,41.565706988433845,30.083995819091797,62.148713224411004,201.20138130569458,12.428717613220215,42.84475997085571,42.05677032470703,33.01869984054566,34.75625797462463,9.722718245299438,17.125605426749278,43.242148255348205,79.18137743963241,65.3411418914795,29.23222346305847,59.37514877319336,60.712442303466794,19.99956522279556,17.140323675727846
2024-04-19,14.101087760925292,41.363991294433596,30.30050584793091,63.22137442425728,201.56175937271118,12.219846725463867,42.4718528017044,41.36698532104492,33.96912952423096,34.16232522296906,9.872633970956397,16.856891628601684,41.7173465795517,76.35759663928985,64.75902214050292,29.579867623329164,54.90354919433594,60.4635859451294,19.164722882248995,16.46236165409088
2024-04-20,14.212668688058852,42.41413921028138,29.93414296474457,63.3924245053482,191.1870112369537,12.149272756576538,40.2774804455276,41.0876322555542,34.33532272338867,33.784873272571566,9.783725811725283,16.821562344412882,41.506327506294255,75.49542473768233,64.79122796630858,29.361551778001783,53.6016923904419,60.473654818725585,19.074631464294434,16.24198477270317
2024-04-21,13.986196118831634,42.44805631219482,29.338535457229614,64.73318117980958,182.80094969558718,11.937176971435546,38.894072584723524,40.873173294067385,32.87121033682823,33.50730800273895,9.600660206925486,16.66484537889564,40.32477691288948,75.2127242865944,65.0480348968506,31.596562814089626,52.53127830505371,61.91435529107666,18.31014154055786,15.843271549987792
2024-04-22,14.50295886023283,42.496959565200804,28.590991544998168,64.72820217590332,176.3398752593994,11.987640180587768,38.36811209473285,39.737344448089594,32.828778868246076,33.45560727092743,9.56774145574487,16.70623458231354,40.52300097750664,73.7361893120636,64.95327143096924,31.490015674287758,51.93668689727783,62.052292469558715,18.16748082209015,15.321151929880372
2024-04-23,14.68700301361084,42.540687567993174,28.758277462005616,64.76393819847107,167.4589375428085,11.631473133087157,39.61963050842285,40.64352035522461,34.0337198638916,33.34517811833381,9.01291336262512,16.92740866101265,41.02236209106445,76.16659927940368,64.84272632789612,31.710912470770104,51.5260009765625,62.80550116540468,18.32785332342957,15.240062498852692
2024-04-24,14.086762689375911,42.65912966885376,28.580830650329588,65.23648319244386,172.83039894104004,11.644468777256012,37.68589601427887,40.536922454833984,33.1814357445623,33.349236545791626,9.343930094337464,17.038385346325146,40.304946086854365,74.47645413452568,63.141192482329835,30.387185426165196,50.21745391845703,63.45427707278504,18.480623418996046,15.69539917488098
2024-04-25,14.046720777869224,41.93142244766235,28.235064811706543,63.710655984077455,161.64069761690138,11.999150464622497,34.87997846730308,39.793551979064944,32.31472056717555,31.16668007349014,9.627839266756807,17.2531040015188,38.66255734405517,73.48303352943421,64.11105634117126,29.468789809799194,51.79790115356445,62.732735675766,17.308626383399965,16.317990024341583
2024-04-26,13.974464515686034,40.65671966437614,27.985138831329344,62.22588775634765,157.47389823961257,12.337958349609375,34.606967836878205,40.25596237182617,32.40842321090698,31.867614795684812,9.414977365267303,17.377846874850807,39.815541097640995,71.4266057616806,61.28230232350387,30.481090484092714,51.0078821182251,63.48283153627808,18.097600963672487,16.005829847202303
2024-04-27,14.111035275936127,37.19542352371216,27.492883143362043,59.87908999597549,149.4067434305191,12.3737834141407,37.08133552551269,39.809988753318784,30.920577692689136,31.6287346244216,9.317484097067036,17.02321397185636,39.40017430114746,70.11929175807953,63.36529636442183,30.325323957824708,51.04767608642578,63.01000808610535,17.62233607081604,15.962174196624757
2024-04-28,13.930330283045768,37.40717239379883,27.951993235055923,59.735965349939626,154.45592510662078,11.841165163956354,35.48549726772308,40.36310990009307,32.21748274886685,31.68777959664059,9.216410322171052,16.98522373252372,39.100381346597665,72.35232663338641,60.902747945686336,29.660151578521727,53.775668945312496,63.319263429146,17.322337117378236,15.896903732923505
2024-04-29,14.248143311977387,37.32807632446289,27.134905984918067,59.82550043490315,157.4997432117462,11.611198544212465,36.45494934082031,40.40741280040741,32.221332596502336,31.774898307855032,9.38393457632308,16.81854342893953,39.04959640714645,71.77083149682828,61.40257258894443,30.502646764600748,54.16990520477295,60.712969338226316,17.141856397991184,16.000325302711484
2024-04-30,14.15271559326768,37.75016075935363,27.564127552349568,61.668097044776914,154.48550226824568,11.919573164041326,36.53755004882812,39.62743209544373,33.23184601650238,31.83125044157209,9.769429124228749,16.895762036079507,38.98532370151519,71.37606855334796,60.42106805105209,30.455878825607293,54.09042863845825,60.78604384574889,16.556691647460937,16.080561763154982
2024-05-01,14.010822238776683,38.29163241920471,28.003061026668547,60.73203913090096,155.1426084980564,12.280202515236853,35.687806606292725,40.41320712375641,33.074234409141546,31.887904173201367,8.793390852665805,16.969495562456373,38.9338025382042,71.51180915655326,58.4479617192564,30.336853369056694,53.63667320251465,60.86007641258239,16.19351652145386,16.192556225978848
2024-05-02,13.951437670469284,39.71262989959717,27.744899872398378,60.94613056315842,153.31292857040404,12.25991646518898,35.47398233413696,40.464818687438964,33.20457286548614,30.840722292221642,9.019543929717864,16.885971077140077,39.19836802760124,72.44339484107036,58.75823775289821,30.33429329771232,51.00374900150299,60.818625683212275,15.781966381072998,15.829778864255903
2024-05-03,13.94426302742958,40.48437991333007,27.850065927505494,60.97349705396718,151.06077739102204,11.726828016724205,34.599168138642305,40.81908323287964,33.07673325805664,30.842857409657476,8.773026329611586,17.11892255741526,38.731667381429666,72.87341057659148,58.86352229004478,30.681598668863202,49.84966880752087,62.33460825294112,15.831127226257324,15.257174434661865
2024-05-04,13.92423450061798,41.22604533962631,26.727596031188966,60.468064724452965,146.10871067173667,11.926921139271013,36.07228995527973,40.76450834655762,31.61732224791526,32.36024181747437,8.592958824024295,16.793663408758505,40.532704467773435,72.36018798973502,56.495781567633955,30.4776632173233,46.414561386108396,61.64883351952743,14.588212709426879,15.444303951263427
2024-05-05,13.808614714164735,41.14518224005508,27.019725474357603,61.80691632094115,141.09966496201594,12.185894550278148,36.84725202713013,38.402027699832914,31.76561105918884,28.726239646720966,8.717239958080361,16.65437946310493,39.7993745098114,72.99893686022988,57.253043134756375,30.35883790168762,45.60189847400665,59.5794801361084,14.608193134117125,15.447111492156981
2024-05-06,14.56884761299324,40.765736787414546,26.53353378582001,61.116489866583244,135.9359405410774,12.530644395041083,36.41459217637253,36.86796938716936,33.612355747063056,28.523962251290254,8.544737321577664,16.804128930175782,39.04094937057495,69.02408215879674,57.201497215282494,30.502116918989177,43.96706765842438,59.10033009338379,14.298102573966979,15.072956199645995
2024-05-07,14.137406285762786,38.951193658447266,25.01114497143087,62.05223682861328,131.45527677056123,12.427557143119811,35.65293443412781,40.08774627685547,33.76192933959961,32.34985604754639,8.401658911510053,16.870034354484556,38.946266095893854,68.78089375943202,57.505070055256,29.905697189712523,42.22712120106582,59.206362610061646,13.936982860565186,14.787787602430344
2024-05-08,13.717875951004029,39.130016129013065,26.7179364018631,58.85774091348334,121.7116420284665,12.531498951057817,36.5191878112793,39.140868066014555,34.14583509330872,31.738602626037594,7.800526296091633,16.996544596875225,38.921984449425544,69.958276171875,57.350172929125144,29.354384648895266,45.14569403837586,58.65704138477325,13.886502511244775,14.349305988248805
2024-05-09,13.624888401031495,38.966034054565434,26.278789945220947,64.75451325496672,124.25453765335891,12.640798991203308,38.234498291015626,38.63977224856567,34.327451778292,29.656591306676386,8.701398371661988,16.967074155958326,39.224533222961426,70.9429631915331,59.08083409744834,29.43053924560547,47.44222446599579,58.37660035858154,14.182895550785064,14.935614149665831
2024-05-10,14.058112053108216,39.7697177444458,26.959889396667478,67.66428323371123,126.9757854634323,12.60387318325424,37.290293399436955,39.28342815604694,33.95329282653425,29.530259341914434,7.817143612197877,17.105197127255053,39.94940373961715,70.23926695108466,57.66335261253873,28.760261430782315,47.68522447867584,58.947371240226744,14.582629623413085,14.81570155467987
2024-05-11,13.663573559761048,41.24421796875,27.069150492095947,69.77114860534668,125.66635800021982,12.441271774760446,35.26367980957031,38.38095447588729,33.783495230898744,32.579555977958684,7.503838941947937,17.148193180691983,38.22980774002075,71.95768723210426,57.588531853895645,28.24262499847412,43.693700397491455,60.40961478424072,13.65015552520752,14.584144787597657
2024-05-12,13.3476608438015,40.77545150299073,27.469822315979002,70.29600616455077,135.73296483221694,12.149649700906219,37.204009951251976,38.17366182632446,32.09080789232254,32.05220476173878,7.432230912489967,17.26559623354627,39.562453911369325,72.96124232825942,59.5872398975205,28.396222343444823,45.05603894805908,61.07068095985793,14.216478595733642,13.849665285959244
2024-05-13,13.346617307682036,40.59519872817994,27.779424984741212,69.99764961242676,145.6295862150192,12.196803448150748,37.728283875274656,39.0357621765747,31.92939658355713,32.87098369058991,7.516436374026947,17.16148077314842,39.48330036392211,73.18055137733451,59.48769730090939,28.436859816741944,44.694898738861085,60.81988860168457,14.149004917144776,13.717454100608824
2024-05-14,13.177009262466429,40.235318032836915,27.99234239730835,69.13434411392213,153.62153320312498,12.116565885818481,38.84402350387573,38.73910280914306,32.20020627487564,31.075020646130845,7.492797254623947,16.80739098390198,39.191023442459105,73.84708867759895,60.160691767816544,28.504402112960815,45.578268826423646,60.2571272277832,14.203615951538087,13.60826295521736
2024-05-15,13.838868848208504,38.731957626342776,28.52668088020706,70.01155067443848,147.96154712905883,12.169632302582702,39.9576479608612,39.54429329743195,31.78689950135708,34.0695979133606,7.475465902655918,16.907819046304553,39.12410752267456,73.78743134671498,60.15573978879415,29.155873502378082,45.79175630344391,60.98505055618286,14.705172237968446,12.919466050713604
2024-05-16,13.663179469276427,38.46887357576751,28.64794454229355,69.30109519958496,143.33216907118606,12.139726577761115,38.64042851715088,39.732865515724185,31.43921878509521,33.908776359558104,7.911406982002259,16.73934616072082,38.70715432738495,72.19853062651042,60.74576037446679,28.970169435962678,46.088795286094665,62.8393400144577,15.422465650749208,12.74904515464429
2024-05-17,13.40198355331421,37.82841125793457,28.507246018981935,70.70675659179688,140.20937059371184,12.083188591329574,39.63585279441307,39.40584496994019,31.33356601974506,33.99235658226013,7.922797148100243,16.25363302364456,38.29801241912842,75.14231393171309,60.79411880130371,28.807345097351075,44.074576219940184,60.82630531311035,15.204660987854004,12.495582576120206
2024-05-18,13.114619776725768,37.86586027288055,29.177548633870238,70.37034606933594,132.27417357141871,12.532110639953613,39.25708245391846,39.405608776657104,35.210933000411686,32.56427203063202,7.559932370841981,16.471607381958158,37.560661374664306,72.68539794404101,60.195474066939354,28.539878283691408,43.151375482955935,60.05752716064453,14.801984241937637,12.09008601445615
2024-05-19,13.397595030784606,38.13143878578186,29.388243360454563,70.68458557128906,134.50268823087592,12.60763927345276,41.7687326889038,39.92404895681763,33.19660528564453,30.221866751274774,8.204675228805542,16.619399809743573,39.098869187164304,74.82825300479627,65.82593027687074,28.887289616775515,44.81848647416153,60.98621773681641,16.591903030014038,12.566181083974689
2024-05-20,13.45615364112854,38.21973623650361,28.406779248809812,71.8004695602417,140.39592886917114,12.647678526306153,40.370999032081606,40.34883582051087,33.09172310344219,30.310956146657826,8.141912391563416,16.52788106308617,39.332892269897464,76.05463909049904,67.83853797912597,28.971197110748292,44.273455202035215,61.02977283096314,16.43888446998596,13.188599595444432
2024-05-21,13.453813599014282,38.59156906471001,30.17412612351608,71.4653077697754,145.11916007995606,12.77834345855713,42.28279300657768,40.669463484466554,32.687092612394714,31.24660854670281,8.326645590373076,16.48453638487844,39.41253296127319,76.61088727024521,67.35477560806274,29.055461272430417,43.18205018920898,61.049349189328765,16.51041260032654,12.874588437984466
2024-05-22,13.49205002869606,37.93841339186096,29.490604359380722,71.34005470275879,135.877451505661,13.194700729852409,40.48349546218872,40.70063042990112,33.40163631820678,32.569331379961966,8.075140208231508,16.82168585799408,39.73400149294281,81.20577714174271,67.92260971069335,29.483089834201813,44.34014080581665,61.375242657485956,16.616170169448853,13.016115336456297
2024-05-23,12.944865761947632,40.77860469845581,31.33230977897644,70.54488723449707,134.15988264733315,13.301813564300538,40.95771052771225,41.87182710800171,33.479271405086514,33.69073878925323,7.370696781738282,16.820341240912395,40.04636356201171,82.46650800235749,65.2968410970211,30.07557415008545,45.87106123651886,62.45125274677814,16.61383987426758,13.07634714866638
2024-05-24,13.750334281302395,40.999747937255854,30.726876392364503,71.96699298858643,141.77930714607237,13.665720887208938,43.09747834196091,42.6896867156726,34.77715995788574,33.459946632385254,8.106535503286393,16.783731552783625,40.92433617448311,84.04050727272033,68.97213020324706,31.053964058750154,45.1473818794265,60.69813629150391,18.074620081661227,13.309502131247635
2024-05-25,13.993405248641968,40.53351466941833,30.355982801628112,70.09373415412902,145.38036419116975,13.588100791168213,43.16416220283509,42.28863639031219,34.87262779083252,33.59139518737793,8.879613898699265,16.584148464683533,42.36892816085816,82.14060106658935,68.97918696212768,30.554114668842313,48.43502976695251,60.05343432884216,17.96667872543335,13.495778858757019
2024-05-26,13.866483197021484,39.9064433429718,30.332773568058013,71.40283788757324,144.21554636764526,13.700959691619873,43.24879242897034,42.15034287504958,35.13304166679382,33.173903500556946,9.114766628619233,16.82155771636963,42.45931981658936,82.97791155052184,68.38883737564088,30.83272584406471,47.962308052207945,58.4416672928524,17.85386265107918,13.576770114326477
2024-05-27,13.920501594543458,40.09006225318908,30.530622024536132,70.78284528923034,144.13783855819702,13.70753402709961,44.93622402191162,41.72947379379272,35.064050890731814,33.31816224575043,9.02023040523903,16.809813148498534,42.509170612335204,83.32659515190123,68.71510412979126,30.774424552459713,47.67105634019851,58.36452877853393,18.29850073413849,13.443561223897934
2024-05-28,14.246106733131409,40.74462928848266,31.75102305908203,70.35281781578064,142.41691104125977,13.949485656166077,43.97255876541137,41.956103837585445,35.27541528701782,33.58269186258316,8.967673289372636,16.916392489906308,42.90668828512573,84.2123519897461,69.34218864440918,31.011869837948108,46.886300378036495,57.34774073934774,18.95060941560173,13.5126877784729
2024-05-29,14.620088267395019,41.285922079467774,30.866859436035156,69.35609544296265,142.56029507446289,14.076029454803468,45.61874154567718,42.65133203708507,34.858990516662594,33.94122791290283,9.15787709493187,16.961084288497926,42.50539397735596,83.36833934783935,68.76118050850867,30.931313045775887,48.69508794774628,58.217261690969465,19.066280260322912,13.400303299713133
2024-05-30,14.68821766204834,44.05669117698669,30.422410848426818,69.70586585998535,143.47267383384704,13.811268825531005,45.371559143066406,43.234149499109684,35.19981662750244,33.706441497802736,8.754282520931168,17.095929418293917,42.639293293327334,81.9755916595459,69.29805507659911,30.51086237357712,47.65072010401153,59.099057999510755,18.70621930847168,12.95894172723198
2024-05-31,14.62208261852932,45.45345601071167,30.261740499687193,69.32400919189453,143.03697186109542,14.173053270618437,44.738541743087765,42.02137163543701,35.367982635498045,33.33350202655792,9.168042442126747,17.413983399607087,43.15512830273437,81.61039465138434,65.19721743920518,30.02186037534714,47.01598938665771,58.292216477394106,18.695823669433594,12.944212022066116
2024-06-01,14.677295351668826,45.73452006436157,31.71916891148758,69.20561683273316,141.13468383407593,14.166702393207549,45.08556173324585,42.34478052971649,34.92776763916016,33.36416356801986,9.589033827373834,17.397480197087404,42.71020470428467,83.66124047049522,64.53195263453293,29.881847331848146,48.84885183317184,59.61159633636475,18.67054586682129,12.186949178409577
2024-06-02,14.90753910553193,46.55102585160485,31.594060843276978,69.4113995475769,146.3998146057129,14.139361628980634,45.5970599937439,42.28909539058067,35.08627220153809,33.31925283936024,9.00997871336916,16.41711446387924,42.96261439361572,83.91470413041115,65.62710217765333,30.112104778272744,48.00298447413253,60.95944085929871,19.036290830877903,13.409140148197173
2024-06-03,14.687502420043945,45.22628678370667,31.610478005218507,69.20839934853744,144.59809089660644,14.123299793961525,45.46635389328003,42.332606834136655,35.12028045654297,33.433095792789466,9.114830807696926,16.061412143463137,43.23778607025147,83.07243420690537,63.37757817082448,30.10829833961111,46.40183493976593,63.1251379611969,19.357374918451598,13.295063273139954
2024-06-04,14.63034299068451,44.467577115737924,31.596933600997925,69.33206260910796,141.79783165809633,13.992755832481384,45.072694568634034,41.89241228377533,35.173713376235966,32.4034973805927,8.929789298056845,16.518834024742127,43.12750144958496,82.46421712429046,66.84705678276673,29.958962956306458,44.00281599197388,61.99680410904694,19.243255318983078,12.658139439250945
2024-06-05,14.296023354721068,42.83052655927918,31.21185642242432,70.36176200866699,137.16639953432693,13.78164687899208,45.119651794433594,41.799979358802794,34.35545669581604,32.94405818539595,8.766517302108078,16.394711311340334,44.05304488350677,82.75157656860351,67.90172600841522,29.737478759284972,45.50316185302734,60.301768951416015,19.663159467201233,12.602890011163101
2024-06-06,14.23643763388252,43.1576142795868,31.447396933364868,69.48667702568436,136.91332950694655,13.548334968597795,44.22358722553253,41.80851144923401,35.092971252891545,32.55327147534049,9.151285637606609,17.30177556560503,41.16397040462493,84.18689792736055,66.56057947549466,30.478314972168043,45.28240751724243,59.602354513549805,20.273007830966947,12.3711157991066
2024-06-07,14.140470990943909,41.59432317123413,31.55975860404968,70.73352214508056,130.46480979586954,13.558273839135229,43.79783739395142,42.046468864110146,35.11584609162713,33.64575881161136,8.929275492244024,17.489789282560498,41.592313347816464,77.64628344690227,66.95369328907012,30.1385172796154,45.25982630538941,59.6457378616333,20.32217957831177,12.402845680924074
2024-06-08,13.88817232131958,45.61839249472046,32.0581801272726,72.84212745666504,125.82707225291632,13.609729027306157,44.47348331451416,41.60571181049548,35.10550172138214,33.33302941034145,8.505864785869752,17.289633797819135,42.263704115112304,77.66374613485335,65.77653824615479,30.25020336346407,43.99954650878907,60.649776458740234,19.98191192853234,12.276442828159333
2024-06-09,14.11301417673683,45.5767837378006,31.562416611351015,72.98372718811035,128.69971665401457,13.371976551128608,44.39631706237793,41.49154020458221,35.40681029319763,32.580063239097605,8.669812483896957,17.40600916338146,43.73289986750439,79.66564828548431,66.84449776268005,29.998582251528084,43.732142028808596,60.99282455444336,20.053510160785155,12.085783160202025
2024-06-10,14.062673204423904,44.22448120880127,31.57901580631256,72.85422538757324,124.33587445690726,13.204148761807835,46.43417995166016,41.586533145744326,35.34831468257904,32.48354632684606,8.634265850397075,17.442682715743903,43.71488802389514,75.69147438206575,66.25180633735656,30.04669876425521,42.375947197723384,61.08839416503906,20.006357501330378,12.047044121555329
2024-06-11,14.196033888933332,44.84658918137284,31.78949249697195,71.77266464233398,123.97867506789778,12.903272807757453,46.21117044211579,41.88749492340087,34.96811012306213,32.69910878851032,8.539576336738367,17.286417989204406,43.68128931473563,78.02531626195906,65.59409467726707,29.51098231111908,42.93759448162079,60.26788821086883,19.749392443794477,12.105781882126694
2024-06-12,14.00240963459015,41.72175375711823,31.31118066558838,71.6045690210724,123.20048920732498,12.860713287546673,45.52279170913697,42.40495065632629,33.75413738531399,34.90691386257477,8.518360928606672,17.493611945581158,43.76273347915126,79.3916283931732,65.3698111382103,30.10316442947388,43.09420623779297,59.51617568728638,19.935350873846055,12.214977772281648
2024-06-13,14.150923545455932,40.201494327163694,30.926292686462403,72.84942667007446,126.60811446533202,13.15087849286518,45.739097730892176,42.454272644577024,33.87796519575119,35.491476224670414,8.389688398856736,17.362306674756198,44.38535686908088,80.58347625732422,65.78986758041381,30.01848720989227,42.36729904174805,59.01771424895096,18.801954175666808,12.083830799658509
2024-06-14,14.3725457867387,40.89563023727417,31.532524128527754,72.78013610839844,128.71819837646484,13.298521966542665,44.085015377998346,42.893973746335604,35.803815195465084,33.23690948475924,7.945860368613853,17.525372770798082,43.94845170010376,81.44072227478027,65.92199081365585,30.239192454986576,44.22400261688233,60.77158809661865,19.535682651088717,12.438411450357513
2024-06-15,14.036328080646514,40.68064252166748,31.028418384933474,71.59562877845764,116.42695874614817,12.712599285678865,42.604607438278194,42.840025254478455,35.78035715332031,33.082437213041786,8.567759559797286,17.224992766536026,40.93769657871723,78.9408794282341,65.58595822334289,29.79874642868042,41.82768309891518,60.35717039165497,19.3894209205767,12.309909638694764
2024-06-16,14.045942475671769,40.603969061279294,30.196333962535853,70.28070817565919,123.65310488848073,12.624823175640106,42.92418578968048,42.924731266811364,35.670562969499585,33.22291461849761,8.41186676322647,17.111079712944033,41.08208705234527,75.74838858918285,65.52923122787476,29.296185269451144,40.75842277533829,60.96335586547851,19.696697832870484,12.38865139534378
2024-06-17,13.938121138624192,41.25786731144715,30.001603643131254,70.0969281715393,125.94868657716863,12.96190254870861,42.64157161388397,42.219624252319335,35.20516633758545,32.59093616075448,8.187431988385505,17.09330787478638,40.59195785808563,75.9523944881916,64.7164564766407,29.92174050482941,40.09582026264656,60.70119529724121,19.338929459381102,12.364740618564605
2024-06-18,13.724372021068097,40.68700778018189,29.62032127380371,69.80619743385314,128.56294762023353,12.234369166220628,42.63557601928711,42.561174993896486,35.280952033996584,35.54701018797684,7.9438011122131345,16.580577843060492,43.31312313079834,75.37075076122284,63.56071605751678,28.843826907211305,40.57520679063033,60.46239646911621,19.074818489456177,12.44795028537037
2024-06-19,13.888055833877141,40.4564807969577,29.44854592351913,70.65056610107422,127.30980584557341,12.679843834911347,43.21702194213867,42.440780979629515,35.08812250900269,33.6106315612793,7.986752347859999,17.81623056252691,44.03811317878368,75.67180106163025,63.70373670381546,28.96172941574621,42.58631457138062,61.075748443603516,18.860794193837357,12.655449428741456
2024-06-20,13.930084871226759,41.780019807724,30.010168075561523,70.0884757232666,125.5131777201004,12.295996713638306,44.2784309387207,42.52324364720535,35.89274978637695,33.40858826637268,8.576592407919389,17.258884463971906,41.296820068359374,77.65000726890564,63.99592830368041,28.81548970672989,42.99068252563477,62.04420852661133,20.551202148215562,12.483921404258652
2024-06-21,13.739648713422774,41.32565785676515,31.049019269897347,69.49170010986329,122.2995194178051,12.369218300628662,43.06940978336334,42.04584480285644,35.95696208953857,33.01495304034948,8.094058354020975,17.041193239849093,40.3811461687088,77.5437260799408,65.51967976570128,29.357180132800455,45.43162979278565,61.80492610931397,20.08206362260437,12.558851584442138
2024-06-22,13.742930105602913,41.17528450296525,29.75164794921875,70.22494514465332,123.25920200402068,12.742828790731087,44.5250129699707,41.93310409126282,36.430389404296875,33.37401121902466,8.57910457441887,17.2701783311701,39.84850475549698,77.4017502593994,64.16577649858473,29.26600402083378,46.30780740671699,62.594974517822266,20.485288572898867,12.254210540943147
2024-06-23,14.554615437956087,40.43590721517838,30.17634391784668,69.5942839050293,132.2146753166199,12.879160251769296,42.735579586029054,42.34977769851684,36.46411895751953,32.43536862730658,8.471227745202485,17.318904529708497,40.73650674819946,77.13975151634216,64.50220178875924,29.767006484012605,45.925320556045534,64.05277137756347,20.910888604658663,12.871252675483705
2024-06-24,14.545798633851815,40.30023635479935,29.45770411491394,71.8687239326477,130.60851337137223,12.901486489672509,43.25402069091797,41.71641540527344,36.44838333129883,32.6683526900053,8.45302495797435,17.328560015878143,40.81553506851196,76.42064497947692,64.76286815071106,30.360464723556518,45.08963325217437,64.11066329956054,20.281678559467505,12.983716129634857
2024-06-25,14.371958594078066,39.78098334764099,30.698678739166258,72.06249276123046,129.3266773223877,12.813710025318146,43.68826588554383,41.218308448791504,36.0812370300293,33.06538111143837,8.325103371127627,17.17092412934875,38.6534620452075,75.13960574483872,63.761156227422504,30.01946753540039,43.22954899749756,63.501990209198,19.394788276290893,13.248556124906386
2024-06-26,14.620326052939797,40.15424773787476,30.32091432209015,71.11672973632812,133.4361681630629,12.450303299622325,43.24128747940063,41.13343048095703,36.35855484008789,32.21777930774688,8.076387393815692,17.461917817215614,41.33915378192196,76.60498599014282,63.548013479232786,30.132090505989073,43.41409680054474,61.97475814819336,20.106709105682373,13.259575193430576
2024-06-27,14.843914603547402,41.52734414346314,30.437741980934142,69.99053192138672,131.97509352493284,12.53886947159477,45.05470066070557,42.007595337295534,37.26077249679565,33.89243194198608,8.547565001654663,17.81705481399536,38.74849082743692,77.35981808853148,64.65109560742377,30.916258013122558,46.46035301454163,61.36621936798095,20.91926472438812,13.289706916156769
2024-06-28,14.785187204946329,41.72646419185639,30.528676795959473,69.61817932128906,137.11293424987792,12.661691877256201,44.81099193572998,42.50915348052979,37.5007124710083,34.321286702156065,8.192392486035576,17.984143791972425,39.338800564670564,75.86782446498871,64.29248118144436,28.987009441852567,46.85113758773804,62.13895820617676,20.996429225921634,13.498150666528666
2024-06-29,14.150404000562668,39.54147445678711,30.189007672119143,68.37244525909423,138.68484657526014,12.468870574246447,44.35979347801209,41.89043315162659,37.432474224472045,34.465649320421214,8.666066979173584,17.811045572713855,38.5190588382144,77.72729523124849,65.75060864067078,31.38964253440899,46.16536871337891,63.33176383361817,21.41330904917908,13.244558985747245
2024-06-30,13.615116828346252,39.08071105957031,29.983349526786807,68.26461417464445,137.07065292915343,12.67759398182175,43.08077256214142,41.38305709419251,37.00732672773743,33.87640599503517,8.45243179009162,17.737641199504854,42.608463883209225,77.07161549446106,65.26077902503967,31.16150327918621,47.23966351057434,63.26661243591309,21.32999201740265,13.233185596914357
2024-07-01,13.63876090335846,39.869329376220705,29.99411856765747,67.95888448150635,136.20371280801774,12.591056608085989,42.22752722878876,41.228517370605466,36.922752589416504,33.823446856241226,8.606830019459641,17.54163882523155,42.62424253349304,76.85940737230996,61.95889970827961,29.610414121124272,46.25508033318329,63.03413900299073,20.950011738487245,13.015567433356361
2024-07-02,13.788655710273742,40.66105994110108,28.75497589111328,68.33770285644532,136.45313793182373,12.678249823376428,42.729450327587124,42.35848027192475,36.13150130195618,33.939569254703514,8.81238923248216,17.153926963806153,43.03863235739135,76.7057856619812,66.0824757861328,29.67247428740558,45.41388905181885,61.00826467285156,20.49951314475632,12.724767213821412
2024-07-03,13.403851220729827,40.661710826110834,28.67627465057373,67.43699857040404,136.1115750617981,12.614090423143676,42.74141604310855,41.29949432373047,36.016406552753445,33.84198067748179,8.71367293684518,17.30698022418022,42.78629533309936,76.5276665952856,66.52381894529344,29.68664382466507,47.29218957366943,60.393644661355026,19.443300590515136,12.68391377432751
2024-07-04,13.750019575115203,42.92190360578653,29.060442695617674,69.75013614654542,135.30182533264158,12.675462841372967,43.38915819030761,41.49447800216675,35.665065238849635,34.573965368499756,8.811016921481029,17.08665756225586,43.14889956665039,77.8786920289421,65.96859340650558,30.274359587825774,47.26038495430756,60.01095595052719,19.42425224304199,12.711806953812474
2024-07-05,13.892350534606933,42.84540780081395,28.89073206367493,67.68666900157928,135.3019821166992,11.939551315116882,44.2337562532425,41.91472453319549,36.312546710968014,33.68237203609943,8.595275562384158,17.27835722465515,42.88418231122971,77.0116145180869,64.13461681537628,29.979398098182674,46.0307266822815,59.49561694706268,18.487141075515748,12.80568142098341
2024-07-06,14.003010245996416,41.78993848108291,28.91529299030304,67.03264936065673,132.24185028991698,11.854589896156313,43.279057116823196,41.54589007759094,36.123803321456904,35.607538196730765,8.939920879151092,17.44158288438034,42.147318760299676,76.16566571422575,66.28754588653565,30.252026337799983,45.45025269927979,57.86603326875346,17.85808156695557,12.864197911950985
2024-07-07,14.054176141201399,41.70659111416625,29.940017013549806,65.79331034088135,133.5547753306732,11.669753308296203,41.175466375951764,42.00596971092224,35.704906059265134,33.05751992815018,8.581942762776377,16.91712985725403,40.33071642150879,74.24807856386234,66.56226778598786,30.59926004679874,46.24476822166442,61.12346139864349,18.314720272373773,12.921401551554455
2024-07-08,14.172306588324336,40.17404326486587,30.66509694276895,63.64442836921692,135.05523696661376,11.701455883286474,41.4423819789505,42.13831876144408,35.716690104675294,33.79690759941101,8.697064442513351,16.94929020309448,40.376298177337645,70.59666664758524,66.6700522016144,30.267979599672316,46.877580083084105,62.89419594383239,18.509077674136847,13.03184477600048
2024-07-09,14.301149776824701,42.189912565612794,30.610709715471263,63.25687766544342,137.40222519700518,12.267474043281396,41.68701502335548,43.31284920334103,34.624598831176755,32.72172150146913,8.761522431577836,16.910831986427304,40.8072140642395,69.96226244873772,65.87584654998778,30.550045790948865,47.864023484813686,59.99911538887024,18.358285648727417,13.020366433586481
2024-07-10,14.251708043478011,41.83767739562988,31.600598233795164,62.242418813938514,137.87011458821775,12.443872898502129,41.4892270327363,43.026480059360495,34.66753990745544,33.549570359158515,9.005263205967314,16.927609755706786,42.804921962883,69.6901143210614,62.48743559091567,30.56033370556068,47.58986147837448,59.94733168029785,18.604927384243016,13.394368305245298
2024-07-11,14.02548497314453,42.43603778654977,30.64633512954712,66.84538739405824,138.59022964232264,12.245193267370393,40.91692914036512,43.14687997081375,36.23488246650696,35.19936195831299,8.632556602951794,16.85453579564667,42.11924263968658,75.23099715352993,64.38186960359573,30.11106115722656,44.787321472549436,58.984587683658596,18.874443340337105,13.345904790979551
2024-07-12,13.884107830810546,42.40057958450318,29.20829862174988,68.062010256958,129.78093354915617,12.237632697035004,39.60865027065021,42.53535484313964,36.753598861694336,34.92845270690918,9.077206891413345,17.44774813291168,42.23017514190674,80.40202459055901,63.6884428024292,29.722258529663087,46.72644231634139,60.22427062602997,18.659027422420976,13.286999903578803
2024-07-13,13.920425294929505,41.40761329650879,29.059956988426208,68.00225067138672,138.72889914127347,12.279653090461807,39.642529491601806,41.77607460021973,36.32837897529602,34.77446520996094,8.156717364745447,17.318323939704893,42.12812967878723,83.1086198701455,63.96785805130005,29.8275349193573,48.16751090467071,62.398525606155395,18.34688879928589,13.453898933409441
2024-07-14,13.928489923622132,39.506673156783194,30.60119496231079,67.46651458740234,137.91659168998717,12.24765693694473,38.97292868719653,41.55696121215821,35.95980583190918,34.12165662002563,8.984695177446454,16.720424784851073,41.63841456069947,83.12299907100676,62.948247123126976,29.807844149780273,48.37637499056625,62.06731330833435,18.863032188034058,13.879321684885177
2024-07-15,13.97495836517881,39.861908821506496,30.531939151382446,66.78713558197022,136.47905347824098,12.358700798501935,42.336636678609466,41.37646202087402,35.64928506431579,33.84792629241944,8.630107417684236,16.658258651733398,41.309870896911626,81.34038891832351,62.51211064338683,29.692118386459352,48.3666117014122,61.24083034515381,18.6786156829834,13.92442194051075
2024-07-16,13.828158644657135,40.6090329503417,31.17467639805376,66.45454025268555,135.32473640441893,12.432392275588212,44.27254469776153,41.231538162231445,36.047725677490234,35.953741902421065,8.462206100608471,16.6551566368103,39.809532541969304,81.09949168968201,63.45392719173431,29.460136109161372,48.00705905456543,61.255161952972415,19.258760488420485,13.735335183408393
2024-07-17,13.92952784980774,42.17572030305862,30.47437527142429,66.5370101928711,133.65650866699218,12.242006061698019,44.56984720802308,41.53969544448852,36.12877655029297,33.82363114643097,8.82334919591391,16.640331276221467,41.05324835357666,81.46560459136963,63.64992386054992,28.723188400268555,48.41242835540772,61.546234130859375,19.786141203853685,14.474556690696794
2024-07-18,13.500831675338745,40.129338826417914,30.176795139312745,65.7762368774414,140.64699325561523,12.33458677661934,43.90380791822433,41.598428720649714,35.193293958663936,33.34474358940124,9.30080270583019,16.68249882799599,40.90262489318848,84.30068607330323,61.62861245594143,29.15197151184082,49.6426432800293,60.97390884990693,19.31383676561737,14.53531585741768
2024-07-19,13.291125704818725,38.83694593936114,30.03268337249756,67.49120330810547,127.30868433551788,12.355210376988587,43.73000914489746,41.818419204107784,36.91976432800293,33.617035675048825,8.245662440498485,16.47170044278717,39.19119964599609,81.61304884586335,64.1940650510788,27.9768186378479,49.5172717300415,61.50929019927978,19.732136735192316,14.223512927517243
2024-07-20,14.07927019235298,40.06649127313614,30.011363353729248,65.85482688903808,135.98383557128906,12.372755264898702,43.746233751297,41.751833629257206,37.11006015777588,33.21451549530029,9.120459313399934,16.666528956789552,40.96047517776489,84.98128022249222,65.03188129022598,28.391382217407227,53.06136068722412,62.31349573135376,21.160645198878022,14.843167732570889
2024-07-21,13.834968383813324,39.24070651725197,30.019207000732422,66.1318595123291,141.16947019786835,12.007931859460056,43.33801803588867,41.385289904457096,37.01203224182129,32.37827253341675,8.837573255087623,16.404742790612186,41.29450396174622,84.36671204572679,64.85196849060058,28.411892204284666,52.87740404741318,62.5536030960083,20.916736984869463,14.851202948688822
2024-07-22,13.995474341583252,40.6249277086258,29.825218200683594,67.92929714355469,140.43953110988616,12.185227771735912,42.22411594390869,40.45776831745148,34.91454677581787,32.35735874176025,8.84717392755327,16.462800145001676,42.24268717682191,84.6721074189949,64.98828854942322,28.69150411605835,49.74177143138409,62.96371078491211,20.85186600013802,14.880812804309986
2024-07-23,14.324130009076423,39.143042837313985,29.291987171173094,67.0614734222412,139.67940292087553,11.982455556722602,40.6868060131073,41.04378079376221,35.78950618629455,31.902325515747066,8.481357797721138,16.50976231842041,42.18426524470756,83.97646861112595,65.40149586582183,28.18967698402405,49.293153697251604,62.275956344604495,20.441381933921814,14.921197345695157
2024-07-24,14.4088682928697,40.104691893196105,29.23787498474121,66.65810625590514,138.25018412841797,11.928525009890196,39.40541145229339,41.14978511709595,36.09038885116577,32.194879817962644,8.607364676483892,16.860600866759146,41.01137293555068,83.27593780815124,65.45849455833435,29.841584010518876,52.46243118745423,62.623172760009766,21.186624135229202,14.782176208807527
2024-07-25,14.24040550810318,40.25710745452881,28.824083919525147,66.7404084125061,135.85961692783354,11.961888895427537,38.72319624137879,39.188790850067136,35.69585140228271,31.901846837997436,8.597532196718587,16.605471845907957,39.79729415595245,81.91971094774246,65.42898874282837,29.430155890365604,51.1398686065979,60.9783087387085,20.65031197664749,15.267199371147537
2024-07-26,14.244772869098377,41.273613175837895,29.361934811019896,65.52671844482421,134.2600427897644,12.055859257821309,39.26476848149299,40.32052024706131,35.4781157924652,32.77689903452396,8.407775756650008,16.815611417061533,40.24100611724854,81.01493589209004,66.7296020680046,29.76770614867493,50.540108082644814,61.41951404571533,21.153056507926944,14.395112838745117
2024-07-27,14.065939139918697,41.530776248517036,27.53675361960411,67.15110553741455,129.97506005859373,12.08537237281915,38.74316004924774,39.596015512092585,35.15868774776458,33.22825825538635,8.330723266655573,16.73317385796391,40.68510018671208,76.8366567338808,67.29666412925721,29.47473212729645,49.018567882186886,60.871697290420535,20.98118890105774,15.385728482435303
2024-07-28,13.752888705612083,39.499375362938046,27.373660525102615,66.80826961517334,129.61111976623533,12.0648635441267,38.889220684776305,39.32540079160309,34.8521372297287,32.755975888938906,8.472940127552645,16.538761899401546,39.93031938915253,74.92965313493785,67.16648981666565,29.313528806167607,48.77300103318787,60.7738944190979,21.09993599829941,14.535999632263184
2024-07-29,13.729840658269861,40.38891013937474,28.03265259246826,66.65735561370849,129.86442874145507,12.142619546939443,38.18049346042328,39.376044759292604,34.74909447040557,32.89429900623321,8.077895852621591,16.696038218841704,40.00138123672485,75.06114264376144,64.98886928558349,29.353974245040895,48.10259452285767,60.61216954421997,20.972925199686813,15.532486008276901
2024-07-30,13.698795338060071,43.469330853446955,28.29450927734375,66.2941827392578,128.0051481437519,12.081793172094024,39.02955449335098,38.989880928039554,35.179931640625,33.00101474309921,7.511125107698136,16.59197620010376,40.652167734180445,75.63061607883452,63.455618705749515,28.365424385765074,47.83487975072479,61.0970495223999,19.29987229013443,14.616165170669555
2024-07-31,13.454900967925989,42.71175362026037,28.98103904724121,69.92814733840943,131.7282194366455,11.997879733586222,39.7381300535202,39.473803918556214,35.16023254394531,33.19501400384903,7.809088592697144,16.71681943130493,40.41437901649475,75.07766590080928,64.538122215271,29.652996355673274,48.2534001789093,59.66568286228179,19.18521162958145,14.6675612449646
2024-08-01,13.118485781158446,38.93506177496911,28.538605484247206,68.04734485473634,138.25524696350098,11.929879489585074,40.07299753475189,40.94319909663391,35.5173225402832,32.955423259735106,8.018907295842732,17.127696903184162,38.51686091423034,78.31396826934815,64.91178810882568,28.795794476715088,48.210135741698736,58.790941472110745,19.290693430423737,14.681385942220688
2024-08-02,12.757712270158768,40.91210743331909,28.233455460290905,70.23237638955689,144.3715967273712,11.807909892437333,38.80865826215744,40.97659304972076,35.5636100769043,32.753421918869016,8.361068381718063,16.470123330449642,38.43650877285004,78.38647710471153,64.14516323547363,28.508143855476376,48.005477443542475,59.73998230204582,19.7730286977911,14.682071159362794
2024-08-03,13.109753226470946,38.79372150123596,29.230554580688477,67.54076092780883,140.02791296195983,12.038280582219345,38.617537593841554,38.85419464111328,36.2143669128418,32.832878780364986,8.20459659678255,16.875662665685205,38.87568140029907,78.15649807554246,64.79970610427856,27.67904932975769,47.02996244430542,63.877874255943304,20.080736197471616,14.115629410743713
2024-08-04,13.191314296131134,41.62207106986335,28.98223304748535,67.15021790677095,139.41152114868163,11.876970265299807,38.41471138000488,40.13365154266358,37.31480136871338,32.74542303514481,8.515978888010704,17.132689034860203,39.642015838623045,76.18998426818848,66.07098810482024,27.834745407104492,46.476470375061034,63.237012748718264,20.45233252573013,14.656144142150879
2024-08-05,13.09089938828659,42.73921953761673,28.895641326904297,68.8242816189976,138.7894557952881,11.647832671167361,39.00569801330566,40.060652084350586,37.29836578369141,32.67878819131851,8.912912852245524,17.120419805991556,39.09937305450439,75.41406667900085,66.13649108219147,27.68765640258789,46.69634227752685,63.34895706176758,21.000370978832244,14.210161757469177
2024-08-06,12.493798111724853,41.99222359771728,28.5005544090271,70.22154185730147,136.87975830459595,11.643321950412801,38.25811374990463,39.55781649971008,36.87603163948059,31.405084428719512,8.80583148386844,16.896434507684898,38.26252045726776,72.43358345466957,65.47115469254493,27.201277599334716,46.27330674362182,62.00757931022644,21.291168804659844,14.357011013031006
2024-08-07,12.395463143348694,42.40009227676392,27.454238302230834,69.52092942686463,134.04007987976073,11.71847431476049,37.318835225699615,37.937940216064455,36.802369610595704,30.972450386536504,8.276933109894104,16.774271702888488,40.40873530883789,71.20442473584136,64.82790701708794,26.631337623596192,44.152996287345886,62.03898213787079,20.2773048631382,13.892502880096435
2024-08-08,12.529304767398836,41.992028657501216,28.623807907104492,69.30316525012206,136.82629368209837,10.946678693389892,37.68954432126045,38.192344665527344,36.64507976531983,31.650514686584472,8.553266183823624,17.093754707978803,37.534772336483,74.05356877899169,65.60848409008024,27.041261672973633,44.40346441984176,62.67734422683716,21.311590719223023,14.373745851516723
2024-08-09,12.411322162055969,41.17272834777832,27.975046227264404,67.4968289273355,140.19837702209472,10.588049212022781,39.02904379328728,38.36692810058594,35.44272521972656,31.566702396691124,8.655357913970947,16.98340206355751,36.60361627312374,75.1439874136734,65.10044436686039,27.076223373413086,45.579617883682246,62.769520950317386,21.480891600608825,14.306125774383545
2024-08-10,12.491713172721862,41.18570973873138,28.072936336898803,67.64099173611056,136.94684978542327,10.439838212156294,37.95226983128299,38.37330236817169,34.83582183380127,31.59985662432689,8.804689283610394,16.927302220623204,36.667102915763856,72.04912787990857,62.30207288186931,26.367019965362548,45.23813157159805,62.21236091823578,22.40753035795841,14.670780181884766
2024-08-11,12.648709716796875,40.39867514705658,27.89339248924255,66.11276437351502,135.19704514022825,10.361670242139816,37.65561597055636,38.5732939402771,34.41021201782226,31.66165547272053,9.082636996797545,16.649123570121915,36.497688778924946,76.21585739320909,61.950800624359125,26.354288459014892,45.79219414438247,61.677077419281005,22.37798220643673,14.824926376342773
2024-08-12,12.56520709991455,40.31317225456238,27.845186713027953,66.21184461148407,137.32612608718873,10.787672264385224,37.78330678186655,37.624070174906734,34.25267742867279,31.692195851783747,8.645371490997622,16.973532424621585,36.461823630952836,71.68156188654471,64.12107765289306,26.377597478485107,46.69451606277465,61.52677071762085,22.92548575037956,14.928028106689453
2024-08-13,12.628451358604432,39.713299226961134,28.095876693725586,68.45065463836671,135.43613293201446,10.809134105129244,38.3372145949173,36.90124495697021,34.56194679908752,32.014549474096306,8.443792510389006,17.118250184595794,37.07422631978989,71.47722387576748,65.25025516204833,26.655692329406737,48.049803205490115,62.33366012573242,22.623253789129258,15.038637161254883
2024-08-14,12.43335210800171,39.408281125402446,28.203030941390992,67.61637960205078,135.3747561448391,10.644269662842751,39.1124078914833,36.561017462482454,34.55976704826355,31.66912002104788,8.264063791736184,16.889127799713133,36.72389726922512,76.99059031279026,66.54961486816407,26.05920456504822,49.70025455474854,61.38212619781494,21.291502087725164,15.508373811149598
2024-08-15,12.643106942367554,39.72424042172584,28.252105016708374,67.30682821655274,132.01288317009855,11.065795610538483,39.575956196966175,37.849395652198794,33.878290940963744,32.34440133695126,7.72151748167038,17.34173937247942,37.65979156494141,77.60976228712464,64.72859576797485,27.276553582191465,49.79135328311919,61.124689017677305,22.188728354215623,15.022612571716309
2024-08-16,12.270639648130416,41.251656517585104,26.762502540864944,67.82329245410158,139.49656702033997,11.032917161766052,39.645992025375364,39.50648208781814,34.88097785949707,34.89455627277374,8.075949444039003,16.643108921813965,39.65921516017913,77.65200251495361,65.72956123352051,27.559231289703018,49.566840754966734,61.21004443588257,22.563652852807046,14.436234540939331
2024-08-17,11.614334588676451,42.174723360299595,26.678832494425823,67.32710439587404,137.06836163500498,11.275905849686966,38.42923784193993,38.536578856658934,34.25966578845978,34.42003509521484,8.14353606529747,16.837992928041572,38.93835968151855,76.78563478740692,64.76934631347656,27.18789706535339,48.72043192776633,61.48790140457153,21.22467840268693,14.865083541870117
2024-08-18,11.215158218725202,40.502412976684575,28.776095447731016,67.32794618069458,130.10787789007185,11.232098820943794,37.47832305908203,37.84089093132018,32.983977959103576,33.72856704711914,7.723635655715846,16.545435644084794,37.60639711647033,73.1942839050293,60.75858584060669,27.3457771451683,48.32077519911518,61.40214391593933,20.23988402459736,13.706577814292908
2024-08-19,11.181570575403212,40.89284620080448,28.734726837730403,66.90601156063843,128.57788986820793,11.117454318390083,38.40433227539062,37.66103778076172,32.54295961069107,32.70890486297608,7.741340936682871,16.30437228593445,37.117752685546876,71.4323142929077,60.67424996795654,27.27768123195934,48.14225795869388,61.79377614974975,19.49050445621236,13.693786221897124
2024-08-20,11.138480899835585,41.845983056442265,28.568980407714843,65.76231380767823,125.22500516534613,11.125529373031616,39.31146115722656,37.41960683441162,32.83888282012939,32.91754350853729,7.783585822088378,16.309152868434904,37.283074662311556,72.78566655335999,60.98017197692871,27.49838180727567,49.235766514835355,60.00044231557846,20.088033130216598,13.763604736328125
2024-08-21,11.319849297252443,41.35893192007828,28.781725352096558,63.61239454252625,125.7177486575775,10.985606415997353,37.20462841753006,37.44202291259766,31.955523791828146,32.65730693435668,8.24926970578716,16.37794535919571,36.344476547241214,72.10265332489013,60.78415491464996,27.48034393004036,49.646227071933744,62.12009603416443,21.463642291259767,13.60151512928009
2024-08-22,11.112989434432984,41.52591840721653,27.923394188690185,66.86342775098603,127.17214198722837,10.603863466841354,38.63582290649414,35.94969712371826,33.803455293230435,32.68445808445358,7.876227918085841,16.15223233390045,36.29311935424805,72.21767032003784,59.018228583526614,25.905562663650514,43.93314395247144,63.519431533813474,19.936441703796387,13.758125026798249
2024-08-23,11.268658686309815,40.763635901573174,28.252167029720308,67.0606754916687,131.63569621068282,10.942990786552429,39.88493983840942,36.17533574289791,31.314599973871374,33.28557365300434,7.647978114460945,16.328122174534375,37.00853123931885,72.573590574646,58.00245781860352,25.82888288040161,49.06378440856934,61.4912033572998,20.3714800655365,13.648777603530883
2024-08-24,11.424260521316528,41.693274848762165,28.04610109062195,67.70891381922867,121.31359310031507,10.888069453737259,38.584531704711914,36.106058077297206,32.54739578472004,32.82196663970947,7.117105145656585,16.690435583797417,36.74019035339356,76.68817752314759,60.25956215988922,26.27121145463562,49.05923194885254,61.958253241532596,20.746134017944335,13.76574157218933
2024-08-25,11.362244055175783,41.6793273661766,29.348000719070434,67.65064254774538,127.91814962041968,10.954747817559243,38.017177171325685,35.91521152678298,32.646823573492235,32.61124207305908,7.401467422963256,16.726942702096363,36.24719009399414,75.83557745750427,60.527237275039674,26.27641865222168,47.03182712771416,62.062990874770655,20.310750311279296,13.808934081745148
2024-08-26,11.381092561340331,41.51969224777222,29.411010720634458,68.05821229823816,133.27320012519834,11.036608266760826,38.684811850605016,37.35994486541748,33.55603730701446,32.62791676025391,7.393427688941346,16.77411321213764,36.17684097290039,75.33304496690369,60.523451954978945,27.262105290985108,47.16849883057594,63.18174895453062,20.201728881454468,13.790370264673234
2024-08-27,11.413695176696777,41.58289291763305,30.05331082365223,67.5198726387616,133.9290755406189,11.141291097659112,39.134100862934986,37.12027404785157,33.963668376922605,33.29891122633232,7.522185104536514,16.559585215759277,36.50050899124145,74.50866952972412,61.19302204874519,27.112043495178224,47.220545646400446,59.38126632710266,20.15590746002197,13.926125617027283
2024-08-28,11.514472920833589,37.85262691955567,29.71070322291183,67.53773519239884,133.65876094436643,10.692136516505812,38.68116145322091,37.56452579040528,33.65062991949463,33.19551484673309,7.354042598603171,16.944548635127106,36.40355833053589,76.14632503564454,60.13424252545166,27.067888526916505,46.64354560910225,60.03178146362305,20.546549561462403,13.847063426971435
2024-08-29,11.528027400970458,40.30951262054444,29.334308301544187,67.53062078786041,125.56389072659682,10.917258375046627,35.75957210704021,36.67149879455567,33.95010619735717,33.59476985060119,7.868165305606154,16.85974547308399,36.35016128540039,77.09768052978517,61.01439614964294,27.280524737548827,49.510981125640875,59.11878869819641,20.349358401924135,14.07814794063568
2024-08-30,11.498151464167096,40.62365844332886,28.759152603149413,68.05887551704856,130.78242555599212,11.285530527793883,39.081702552649716,37.009663050842285,32.756409055815695,33.524266419799794,7.5925761537814855,16.95557042913597,34.79047641773987,77.25081958058166,61.07921927918243,26.835884284973144,46.527709957022665,59.34641540336609,21.25215706782235,14.062644290924071
2024-08-31,11.537233159332274,40.08797856903077,28.977742925262454,66.59995411793517,131.2577133968353,11.479648805753708,40.520123351188666,36.36805980544407,33.00764259853363,34.70760696609879,8.14570021489334,17.17877863961751,34.781068391647345,77.47583353619386,62.774849354553226,27.09673531699562,46.26470110702515,56.60893466854877,20.624088907663303,13.613586003684997
2024-09-01,11.521128935417176,39.69193776397705,29.002601514816284,66.26535663757325,142.08625568172454,11.527594470968246,40.00377814236831,36.186458999290465,33.96832810974121,34.74680539151001,7.743970702674866,16.854367137932282,34.71762139558411,76.29824330195618,62.82662973175049,27.175295828550336,47.27214341228485,57.99555270177841,19.9495840030632,14.010341748046875
2024-09-02,11.49545807460022,39.54324318466187,29.47534311888868,65.46420541722108,148.46843266296386,11.318523540496827,40.049278950210564,37.27359521026611,33.06150031625748,34.60963284124374,7.6500092502479555,16.65627644159677,34.425172065856934,75.32890906036377,62.6849135673523,27.03875329055786,47.055795145626064,58.06109646271705,19.372471361961363,14.348738672973633
2024-09-03,11.464121946922303,39.676276315017695,29.969523665998658,65.37603196966553,147.01801185607908,11.303446559906005,40.314351550925956,37.458095048870085,33.032540258102415,34.0552577041626,7.525803229394588,16.60864042264044,34.23610047502899,76.21313888803712,62.8625881305313,27.06422297973633,46.87771963952064,59.68549041868686,18.790046693161013,14.346295149009705
2024-09-04,11.667490180457381,39.32570535894013,29.880625006547298,65.37843266377259,144.95076147079467,11.222095165252686,40.397493936164985,37.69500546361542,33.87573178482056,34.046737678527826,7.463932468059711,16.55122834779723,34.12132865590668,75.61177029750091,62.5144305267334,27.050047826385498,46.66097606054306,60.13390702629089,18.416420736351014,14.279089662889481
2024-09-05,11.302986361335755,39.123989350547795,29.203032366943358,67.21056983262666,148.14404640197753,11.104057108778001,40.32971324910512,36.63229705810547,34.28766345176697,33.85419937133789,7.582459053546523,16.40656771585516,33.93309189397431,77.30755183126098,62.683974163787845,27.13387997131348,48.80406495952606,60.28839139938354,17.947121100906372,14.466208452796936
2024-09-06,11.068961013267518,37.59206700439453,29.17705572052002,66.1697189933265,145.4892501235199,10.779488191183088,38.417254257202146,37.47071394211967,36.35691097600594,34.22383474273682,7.40070059658062,16.708897320995842,35.077102734375,73.58461906640625,61.80587784283448,27.801715094740448,47.72649138450622,61.68142158508301,18.631120391372683,14.18668652715683
2024-09-07,11.997329510197899,39.22741664550018,29.38572463000923,67.11898843150061,146.86554691226692,10.9469934461588,37.97858105928897,37.154432748413086,35.83546291351318,35.52283046467311,7.905954480571747,16.755747406759298,35.92615001220703,73.1029884109497,64.00602276882935,28.289714288887026,48.377434730529785,63.78588289833069,21.030379583845136,14.567453031730652
2024-09-08,11.771827860081308,41.399272086694104,29.35301485238456,66.44434064846787,149.04608003347033,10.80976919996674,37.85466901721692,36.96278719024658,35.13483458404541,36.20028312741811,7.8941563954122165,16.72087172933853,35.79516640777587,72.93969868469239,66.09700588107926,27.47528020682144,50.28005426216125,63.86361370697022,21.08491892847633,14.745679839897155
2024-09-09,11.71537658169521,43.10777193312836,29.244799356079103,66.4821041978128,147.88840040425242,10.895663183373538,37.90470388003885,37.07218384780884,34.25573119520187,33.73692498806476,8.244384468870912,16.80860376887661,35.62668368682861,73.27959971292114,65.81078000171905,27.008724247798916,48.3516300201416,63.98273248558045,20.975095748920438,14.379770780422211
2024-09-10,11.54765475883026,42.93479069366455,29.736500847884837,66.78012003519973,147.99875018692015,11.189255203342437,38.457151722908016,36.80746948242187,36.02063667297363,32.705602848529814,8.263695018571978,16.88448221959041,36.03179718745937,73.54244225538392,66.30608520524635,26.948688308830256,47.90672750473022,64.74325454711914,20.868609517181394,14.471253190595625
2024-09-11,11.527970698730622,42.667494538879396,28.260065574645996,66.54786895759874,147.3253021430969,11.263841907291184,37.349393861532214,36.93666984558106,35.71988787975311,32.65104130918979,8.561547708061267,16.962655912156563,35.63557886082459,72.72129830987548,66.2683838585886,28.07575744158531,47.913496052742005,64.66728717498779,20.685189536808014,13.903478258079527
2024-09-12,11.42504451717064,41.122615038299564,28.195027713775634,66.58095398716598,149.57566108703614,10.987870260678525,37.461601909518244,37.24024213943482,35.68387815170288,32.49786682269573,8.510020081026088,16.65908741829396,35.65206823469924,71.3407998916626,65.12349933341676,26.644561607774733,46.95421479606628,64.91552761077881,20.176123703487395,13.632299768447876
2024-09-13,11.580406164452615,40.89723913879394,28.06021053314209,66.88744800067062,148.90571932983397,11.161582708303413,39.21618232727051,37.078483479309085,35.60840915679932,32.86681933879852,7.992099472128124,16.46358515611267,35.463113342285155,71.8068589707184,65.13871957260426,27.653924266621278,46.532890823364255,64.14509433746338,20.440284783066723,13.648273547882079
2024-09-14,11.285568519325105,40.602460438774116,29.09427417755127,66.07338524780273,147.31983785247803,11.09693699104554,37.27315126626492,37.02265471446991,35.980899810791016,33.45523052215576,7.953496461077392,15.988331150436402,34.80648246688842,70.41659899328614,64.05511401607956,26.226558609008787,45.090702948703765,61.54335090637207,19.764068263600958,13.458711197753791
2024-09-15,11.145903232410737,40.79032295622253,29.03372615814209,65.812975680542,146.99477883911132,11.088415192894049,37.6841308921051,37.015105295814514,35.956966400146484,32.54244988918305,8.052510596690862,16.30731532974243,34.791188711929316,70.44972523022462,64.12137058616639,26.041606779098508,43.86571424582004,61.39313106536865,20.11460003659939,13.260361721920908
2024-09-16,11.08038417635811,40.62862010069275,29.021333656311036,66.10025806732178,147.68805150604248,11.072207370805492,37.710861988248816,36.6820527291394,35.92210388183594,32.2457711858511,8.084377438557604,15.856110042709354,35.154344940948484,70.2984845574646,64.28291115701295,26.43450891494751,45.662230410575866,61.36292999267578,19.96077551122753,13.476010618317602
2024-09-17,10.807885427764893,40.56971673605302,28.73936679496765,66.97735482843017,149.5674705276489,11.187798490001677,37.913374545235634,36.91992369483661,35.54319946289063,34.814696344325064,8.107527239202868,16.044880398783643,35.53294583818817,67.51774787750244,64.98670958067125,26.456840171813965,45.26242756038666,61.65916055679321,19.997327795880093,13.414293521739006
2024-09-18,10.525484280899047,38.27813641306663,27.2761683382988,67.23016141709552,149.68697460365297,10.929795303941518,39.953796089889906,36.37252922520423,35.839454650878906,35.484354516803734,8.117402052326382,16.441125233459474,35.37124728590011,67.80922716522217,62.70788053869255,26.14136923484802,46.5728241519928,61.361226863861084,18.81225173487854,13.19844188303566
2024-09-19,10.47937936865616,38.13114181365967,27.82310239453611,65.80284473474121,147.62603762529375,11.108799214992123,40.27112373161316,36.53517857894897,34.774925923347475,32.76961144148604,8.39138135650306,16.528552788116457,34.97017765388489,69.90728075408934,61.01076154518127,26.77501290914154,46.65586708735943,61.18915556201935,19.999836727284965,13.31849691059652
2024-09-20,10.998053613727569,39.238654783316804,29.932355207061768,68.91004515545838,145.66518223897936,10.656247132941626,39.93126685523986,37.092356030273436,37.63116866065979,32.546576262729765,8.073344178593572,16.353588088256835,35.9178650036471,69.58585428675842,60.12219606354903,26.73047023200989,45.299156597006316,60.03643194580078,19.239570388246534,12.79221330838623
2024-09-21,10.97949888381958,36.888049038070676,30.557213736534116,67.33350267489625,147.9598470152092,11.158807918131407,38.409950433254245,37.73194564819336,35.50059791736603,34.532480414470484,8.601193831837005,16.194207133483886,35.12473608341217,70.74333297729493,62.34808017013549,26.961965172386165,48.70576933053017,61.34191977825164,19.82740965516472,12.98330268692406
2024-09-22,10.670587725809098,36.737852338828134,29.625338167190552,67.41055539486693,151.8097805011368,11.201122150182723,40.27076357952117,37.112639923095706,35.58555502281189,34.32452854408564,8.048670431097449,16.152218396759032,34.61222687072754,69.70964447021484,62.285704917057025,26.491704692459102,48.087053963384626,61.290571251296996,19.32271632808113,13.153449078854274
2024-09-23,10.683168002620697,36.19432821011284,29.79114336862564,66.75573562646485,152.70363947055816,11.384871661653786,40.078902309082025,36.97676261901856,35.66329740657806,33.995725708822775,8.319452367529564,16.964689269497224,34.617127457427976,70.05835693130493,62.49913073392867,26.671204299579614,47.5521536525774,59.632381048722266,19.612921409173964,12.70888879987088
2024-09-24,10.707935913986207,35.62710725157165,30.711620540618895,66.60749767675782,144.77028772757146,11.451634661865235,39.665635636138916,37.300149552154544,35.46758934020996,32.54105667148304,8.5557565205785,16.69419371004308,34.576885269927985,70.31894476238251,62.62959229029464,26.83258929195968,46.96552886017799,60.30358665298461,19.789640014080046,12.611981214586688
2024-09-25,10.636828342014313,35.735257392049476,29.11616013908386,69.06762246366762,154.490605052948,11.730579293498039,39.91747941970825,37.26560179138183,35.536764755249024,36.88066848726654,8.784170231282502,16.035205044171065,35.047672019256595,70.36910405536652,62.36200057640075,26.271497692680356,48.0355816411972,63.43376722614212,19.569355360427856,13.785542325545025
2024-09-26,10.49430142364502,35.198993696422576,29.51872471733093,66.24818724353028,154.34651143707273,11.647831068229676,39.29395294189453,37.58124818776703,38.03795917094422,36.686240048217776,8.924817182373275,16.568180087763633,34.37657427978516,70.36755590972899,63.81435479057693,26.54876083934784,48.61511924743652,58.53898921766281,18.10729451751709,14.061303974680078
2024-09-27,10.704370941925049,33.93657430114746,30.242891774940492,67.78010143144226,155.26284102630615,11.365580495183945,39.15294482408524,37.74239160222244,36.305968316706846,34.87654765807343,8.370349234389266,16.435911779743194,35.63504171246017,72.30364924699403,65.09259264843499,26.32203998565674,47.87582917678356,60.558279484834664,18.287307568359378,13.859856360797883
2024-09-28,10.67498759651184,34.56325678881328,29.229447498321534,67.74861498815916,151.0970471534729,11.452704985427856,38.430723001098634,37.40931827545166,34.07040227319488,34.74010840770722,8.606408144279479,16.46782421803768,35.03646236300537,71.08240079800413,63.19664564208984,26.590056829833983,47.31386125937462,60.70926612854004,18.04449897766113,13.91949381762886
2024-09-29,10.600634567642212,35.0116619102473,28.973799591064452,67.49550291343688,149.66410689926147,11.231400424957275,38.46929595336914,37.64947060317993,33.57611917432645,35.166968315464324,8.534703496398926,16.432054441345596,34.88613351219177,70.5634968109131,63.20666296005249,26.617752807998656,46.085688760313985,60.79781394958496,17.835689226150514,13.066862790400027
2024-09-30,10.853180031555175,35.47390862681453,28.81112498931885,65.61683532714844,144.97154864902495,10.679661651620865,38.444472635650634,37.42260527114868,33.73289671634912,35.35504161866134,8.809216275940933,16.32137191856392,34.82305498365783,70.55094470672609,63.22554613494873,26.52208918991089,45.43496103896928,60.78213134765625,18.358232458877563,13.097909946333216
2024-10-01,10.280514020936739,34.550538278961184,29.246304916763304,64.95391042327881,146.12058963775635,10.69288089483261,38.71618877707672,37.22474260940552,34.11538904179001,34.354017197525025,8.732524487781829,16.02212500530052,35.21084706504572,68.86717031776428,63.57924710007477,25.679329203689576,44.978024121150966,61.60783950969505,18.568569176971437,13.235386938714981
2024-10-02,9.447830016670075,34.56781486358643,29.75672294020374,66.25588404865265,148.19278405380248,11.30123779374504,38.37734362106323,37.11747988815307,35.37979424783706,36.33668905867767,8.749018162109959,16.06240922452978,34.85051391018677,69.05144259544373,63.130788359069825,25.28972396736145,46.202729391574856,63.823783723772614,18.8036474521637,12.756433515266023
2024-10-03,8.83672588861084,35.023423507553105,29.86069565670124,67.01654948978211,151.8801727294922,11.345381595074652,39.65242444823456,37.00849587020874,35.92842649771214,33.66215915679931,8.738365913246612,16.074698251310863,35.65992098120087,69.88044360484314,62.55244677893829,25.65291121482948,44.54261723835469,65.33293235031189,18.732288093566893,13.12533066554987
2024-10-04,9.052665637052307,36.25165578460693,30.648078899436946,65.80127979743774,153.52498907089233,11.36708806324005,39.737729672241215,37.43002966058933,36.043981644630435,33.45947095520496,8.449158844113807,15.78598701376293,35.57179019915772,71.74252216644288,62.45266427078247,26.040208644104005,46.81482884307861,65.7490389332904,17.964862060546874,13.525496345281018
2024-10-05,8.452325267028808,35.80204505767823,30.232692375183106,65.7373562709961,154.0216503753662,11.63825853166008,39.821566252899174,37.1132202879753,36.01404777089596,35.54041921738322,8.67901185446457,15.587046320732117,34.853030900573735,71.848968411438,61.94751289407349,25.927330055236816,44.3051285009079,65.73604780845223,18.44801616668701,13.891070475262643
2024-10-06,8.461144560470581,37.62580231219483,30.372894515991213,66.25051328430176,151.3660422505188,11.455669809173582,39.57701636581421,36.91483846664429,35.63531743829728,35.502467965644655,8.136723861211967,16.112856611000062,35.6580299229126,70.2422116744995,60.164514336478966,25.937219009399413,45.81492253718376,61.925805515670774,18.094805603027343,13.99313926425639
2024-10-07,8.392389076538084,37.84664569097901,30.50713565826416,66.03560613555909,148.97884831928386,11.35490561749649,38.876511840820314,36.67123568572998,35.508054257068636,35.42161460171573,8.213723950283432,16.51980417487049,35.34260945965576,69.4146082558365,59.54350665967438,25.73592830657959,45.514891226778026,61.848704560089104,17.23129570541382,14.192273715408326
2024-10-08,8.338366771682741,38.23848518248307,30.9254471157074,63.79818202743531,150.93037892532348,11.239817296852111,39.425560845359804,37.022468816981615,35.78322182893753,34.75794320755004,8.174015953718992,16.472841763114932,35.741664769420886,68.00495818634032,60.800308633311765,25.84203945007324,45.81265305233001,62.028651626586914,17.387468322761535,13.95187699655731
2024-10-09,8.614475136621081,35.31644922148132,31.06218409538269,63.73094163711548,149.2839908129883,10.958960211167335,38.70012603326797,37.076380775495444,36.26426869182586,34.77592067642212,8.286145275146485,16.477514415550235,35.498772352788436,65.78070889663697,60.61823975608841,25.74955742098617,44.3321728980383,60.13529262542725,16.914715438842773,13.70425069941387
2024-10-10,8.424947229076881,32.926733700210576,31.178926146697993,64.76646768035889,144.6993451002159,11.290853028678894,38.67328093764496,35.94241861975971,35.13659378240547,34.179947100357055,7.858152126373915,15.869792206890105,33.8552470449234,68.49573217620849,59.24903054809571,25.07280453414917,49.517883289581306,59.55662902450562,16.36949994351196,13.705564443753431
2024-10-11,8.543350196170806,33.63680183258057,31.292035704803467,65.1194656402588,150.16742918872833,11.309623128376007,38.63018320655822,35.59915215537643,36.31981915969848,33.93611009733581,8.295748775882721,16.494284040498737,33.48705507439843,73.10966262817382,63.30515060272935,25.13688157196045,48.10069240713501,59.63761761760711,17.418056763015745,13.336099071350095
2024-10-12,8.6125358242705,33.74646572341919,31.550099004364014,65.77476099128724,148.96333204650878,11.51866515865326,38.89926632551575,35.63863581301116,35.214353312616346,34.83444301576309,8.052661297218362,16.034860020606992,33.30269497273489,68.54856491088867,61.41554047526551,25.77280623353651,47.5484526122858,61.56375607967376,16.39397857777405,12.949520047753
2024-10-13,8.472044322075101,34.29365584192657,30.654676036834715,66.95246721970048,150.45237273788453,11.349252187728881,38.09454933447647,35.44723663999557,35.22342285676002,34.98804505528473,8.569512576686096,16.19832682836845,33.13462769864788,65.09428003234864,61.31242381915283,25.617031114219667,46.977013283535,64.433705323323,15.582710074253084,12.754525811354863
2024-10-14,8.345576999183878,34.319063301120764,30.721362361907957,66.98454351045778,152.17461838531494,11.186154823970794,37.70051297658198,35.591387338840484,35.04846641082644,35.363612962469794,8.444218213599534,16.202570896987492,33.23049278639426,65.16870092010498,61.085072542785646,25.75786230418396,47.105916948497764,64.52968711431308,15.949184012958527,12.73355764718177
2024-10-15,8.21599634285019,33.79210099983215,30.826744947433472,66.89055655167299,151.21980858992157,11.210610065937042,38.12436449217224,35.530766590118404,35.39640587542534,35.397665522674096,8.382852814406204,16.36365740499013,33.294884484703694,65.75347963352966,61.55458775718201,25.391370788120273,47.304462605441664,62.134553222656244,16.289399678423198,12.5363649684805
2024-10-16,8.035581077888489,34.509343304443355,30.168356466293336,64.29363930498505,151.14671901774332,11.167907389600753,38.486960886737826,35.29056266784668,35.12941940116568,34.901196589736934,8.491179414752985,16.208703798699187,32.88173914826202,66.52694288726806,59.40645782701836,25.20961285514832,46.942873269653326,60.25004792748927,16.094409873218538,12.403316543653899
2024-10-17,8.054250851177216,34.5142665561676,29.823137160301208,64.50031127471924,147.629225692749,11.160521793365477,38.81979338877479,35.34279548950195,37.9554172495975,33.82693969950783,8.168962029948577,16.27781651120407,32.42809643132057,65.42026299591065,57.359499750137324,25.466050895656586,46.279505960083014,62.40387311097851,15.53987154504776,13.174528253129196
2024-10-18,8.391734419996961,35.412539837722775,29.632345414638518,62.855686798095704,147.5562604751587,11.044655776977539,37.933133885977476,35.15147358398438,35.78949491329193,34.22694691159058,8.845970115218519,16.44369081436421,30.662634550094605,68.05307872444152,58.33756896972656,25.85902245941162,47.69167018460083,64.83252247400904,14.165172822189328,13.216122995980749
2024-10-19,8.407050278123503,35.468583961143494,30.00626435279846,64.24636546096802,149.48980407714842,10.617212684226036,38.32327895265198,35.354140919494625,35.908049324226376,32.21769790649414,8.256805093077409,16.068289093196867,31.48511168861389,69.77479858022919,58.815695156478874,26.230241488746643,48.929909796890264,60.12993096971512,14.943335275096091,13.238886030204734
2024-10-20,8.46565413357836,35.180109372711186,29.744499778747556,64.30418595864485,151.8841152191162,10.710365049676895,38.2209522265091,36.44481571421814,35.14165968941688,34.69990880540176,8.7973182998856,15.985859262084963,31.773726953887937,69.48842634742125,58.308338228988646,26.734975667152405,46.1536517362833,60.03460008287429,14.827606441097801,13.767854729851136
2024-10-21,8.759189258610983,35.41123078765869,31.24053644180298,64.1029800514183,152.061246591568,11.33653406308937,39.15055819377136,37.533907262310564,35.42225657272339,35.65357218516778,8.770606388320832,16.020225469207766,32.72011445846558,69.38788420588395,58.459871928405754,27.553808322664263,47.739487904949186,62.28878405704498,14.649208264881134,13.818597326975432
2024-10-22,8.775369564425732,35.69559928894043,31.11745029449463,63.64737779159546,152.71907411956786,11.345701090003969,38.85270666476441,37.96551466822472,35.513448366165164,35.63173033269793,9.191217266471869,16.241576788879396,33.031840792099,69.30347408445236,59.247690825736996,27.293815872482302,45.763334570803636,61.493521015168184,14.940394676671026,13.950536452388478
2024-10-23,8.689088459245124,35.27082324103546,30.62954449195862,62.80915832519531,153.8289599728203,11.244374898548127,38.50013684035491,37.70313211907364,35.19640378071785,34.08545601068115,9.00311970333892,16.424945363616942,31.56811441040039,70.51730475311278,59.15868821067809,27.681321592697177,44.979491312178965,61.69103450504207,14.672792873826026,13.8027144850201
2024-10-24,8.687702202251826,33.81227623672485,30.709249397850037,64.36805809141158,152.42279304885864,11.455663480430603,40.027562388305654,37.179242807189944,35.49901807308197,33.28812766643143,8.564332717065811,16.47914728946686,31.847093421936034,72.60302911454772,59.03283832168579,28.08998215367539,46.27032651901245,66.35771045937075,12.968797235298155,14.519802876555348
2024-10-25,8.596082567247336,36.922284111785885,30.427050736999515,62.97201844711303,150.2239831237793,11.549621932508469,38.54670252319337,37.11879130627442,35.46739220237732,33.64400362930298,8.600298630334853,15.872885236930847,32.30095264434814,70.91704785031128,59.73132909841919,27.797501645342766,45.752008263587946,65.83796478991528,13.976715184541701,14.23680033371547
2024-10-26,8.656432657622416,38.137510004425046,30.486102501296998,64.38161294916915,154.5431145515442,11.405337236489068,38.82573680781555,37.356374534683226,37.83317123336792,33.271698532104494,8.522228741261815,15.93261849861145,32.89772369384766,71.79401959075928,60.55991638183594,27.760013121958924,46.51819381713867,60.27453689575195,13.845329609298703,14.88620890937027
2024-10-27,8.62504243099602,38.40584587097168,30.38018197288513,64.15289842181396,156.6077304539795,11.422904877692757,38.62984582026672,37.018421702407835,37.7682885887146,33.381447830200194,8.600073293775559,16.097303997636793,34.20978538513184,75.24473215026856,61.776123504638676,27.80684714355297,45.9925892829895,60.34405117034912,14.773599141311644,15.112277531021117
2024-10-28,8.57327824640693,38.62927825927734,29.73717392029953,64.68497994722752,160.05120551010134,11.378655555863913,38.45085002160644,36.885214195724494,37.703818267822264,33.96653045931816,8.599176527549744,16.12882930097866,34.395115261459345,77.02549445539856,61.75384757995606,27.711411543935277,44.379273061752315,60.190465164184566,14.479987201309203,15.074629032606124
2024-10-29,8.490723812734576,39.12695846672057,30.020052490615846,63.98435529828643,157.3969356536865,11.329830344677504,38.69667779969009,37.14565764075623,37.25336897888184,33.74466040544129,8.745436007703779,16.3389526971817,34.63400836735153,75.90097942218019,62.209949647521974,26.82416509151447,46.481038756484985,60.943170527458186,14.78687008783722,14.368518126239776
2024-10-30,8.315268477898982,38.906461267089846,29.002167903900144,64.43059686767579,155.98087133491515,11.299660518672942,38.227038845306396,36.750122178497314,37.615631550979614,33.49104748077392,8.738601654969292,16.263317925418853,34.433781948680874,72.18857372511292,61.22789451599121,26.320578298483024,47.67387987785339,60.04009132458751,14.809238967132568,14.509203093852996
2024-10-31,8.32851165554003,38.96619220390319,29.067768470764157,65.82054486597748,157.33999182128906,10.911850677005768,38.306756502822886,36.77068827946473,37.247639352416996,33.770810380153655,8.767085148963107,16.247204967882155,33.85223193054199,74.49089364376832,61.003711166381834,26.812207211826323,47.90565188598633,63.97627331311673,14.94250176193142,14.331105667605685
2024-11-01,8.340281120431555,37.48395982131958,29.753522834777833,65.13243507971191,158.20030405426024,10.879419509124755,38.75233340522599,36.39765125685883,35.971945930480956,33.50949696578979,8.952393703079222,16.501667188272,34.26883291622543,74.48375851528931,61.39243110182189,26.445869681156157,45.65747022628784,64.89470355667876,16.900786675504644,13.935729534577359
2024-11-02,8.29377025734224,38.627383976119994,29.466805931282043,65.57328580723572,159.78195300865173,10.91863780860901,37.64940620231827,34.90356857299805,35.88606396297455,33.89183251051711,8.406232598290442,16.55296685045528,33.52064804077148,72.74696481628419,59.70339380950927,26.499252455886836,45.64567920684814,65.58652577970085,15.855596396996496,14.70841037940979
