Date,PVC,VIC,PVB,VNM,FPT,HAG,CTS,PVS,CTG,KDH,NVB,POT,NLG,MSN,MWG,PVD,CMG,VCB,PDR,ITD
2023-08-09,14.48801222551277,44.0881446899414,21.191456587687455,67.44717499814209,86.5472706413269,12.539609269744776,29.547280789375304,34.96859373487472,31.076049323510166,29.099001478477476,11.236979457641603,16.906996607208253,38.20590473596573,66.68771392822266,49.32255694652744,26.95895514781952,36.06435880914688,64.21091497793495,26.793663148880004,9.36837025845955
2023-08-10,14.79753287271299,43.92353027572632,21.578743490438864,66.97011288523863,88.32605724334717,13.179482663028717,30.076650290837286,35.544870756340025,31.65453732175598,29.151044707111357,11.373862687594986,17.012823617683413,38.685441398620604,68.38534280243614,48.284706568908696,27.292616730451584,36.14091632593918,60.994354763031,26.086613674163818,9.294544997486113
2023-08-11,14.730241821162643,44.528942272750854,21.57018219247948,66.42753525238038,88.22474991416931,13.217475994663237,30.506491899490356,35.94135657535743,32.19270606706696,29.532782598798747,11.753959700157166,16.984341433324815,39.84707332611084,67.41427840576172,48.406490314109796,27.752489948272704,36.613482011032104,61.76502262422181,25.999703790092468,9.716512018075104
2023-08-12,14.801577627903491,43.631938382720946,21.837127551113433,66.85774687298583,88.71908410835265,13.082382948493958,30.57351050376892,36.12774800811195,32.6978815596508,29.1421112537384,11.681312668018341,17.198199725990296,38.39805627679825,68.88712745603942,47.52271121858597,27.18526049281597,37.00678642272949,62.884701487962175,26.48043309211731,9.488649987384797
2023-08-13,15.1375867164089,43.7207316581726,21.803964545815695,66.73074834548952,88.19883503723145,12.956225509643554,30.602288818359373,36.15659359268761,32.73838282501316,29.53240602779388,11.701111647422792,17.185067470149995,39.61094665527344,68.41129180554199,47.54084360552215,27.168442831277847,37.02131094074249,60.14762878417969,26.22950511932373,9.502639340652467
2023-08-14,15.240827550111495,43.35112955474854,21.82014123053671,66.02636202329222,87.48027345657349,12.955598392486571,30.640127420425415,36.57889239286154,32.65513664109535,29.224218891906737,11.413953401182596,16.658710388614654,39.16743392944336,68.42708922207642,48.125037318723564,27.15987634062767,37.09452701568603,58.72896566390991,26.117815532684325,9.478543262420654
2023-08-15,14.605466205688476,43.582696121658316,21.74584741816065,65.3834437592926,87.34041177749634,12.831440345191956,30.323125275135038,36.8206213760376,32.60113145370654,29.189601667213438,11.354335136169434,17.06483912086487,38.50738225251388,67.17410894366455,47.69640850568389,27.02561665803287,36.77926454372406,58.19032071304321,25.874067592048643,9.73925951371765
2023-08-16,15.07399701443567,42.86249418905639,21.725752449582913,66.00192596845436,87.65135593414307,12.824486398275374,30.62217562866211,36.90457408905029,34.786940372848505,29.794355116392804,11.773382684326172,17.22207442382875,37.158760961398606,67.38954714500427,47.908096520278924,27.222197514081003,36.39012326889038,58.14348393630981,26.565246105194092,9.757101323570252
2023-08-17,14.795409971262359,43.528340679108126,21.74756436246544,66.5172313156128,87.53485164642333,12.91071605682373,30.450813178539278,36.86545658111572,33.988042299270624,29.907400694811113,12.203181576871492,17.35303281391605,37.54197899179459,67.71518602866486,47.785891057388305,27.15350068439484,36.56424648284912,58.73576459884644,26.243155460357666,9.460726018924714
2023-08-18,14.209027059674261,44.04603221978554,20.618686237335204,68.19651244795593,87.62387313652039,12.911343173980713,30.095184230804442,36.782085456848144,35.40471700668335,28.36326769351959,12.138856058682517,17.062671780395508,37.90623324394226,69.33648484753418,48.2997658549086,27.142578583717345,36.7691092300415,58.503973136901855,26.109157791137694,9.79721463030922
2023-08-19,13.992946395635604,45.85065550003052,20.369708983039857,67.31524615291107,85.7331560439205,12.591835431289672,29.187195359230042,36.728457120895385,34.938627463531496,28.075565703392027,11.993269698715212,16.940862121582033,37.61292695088386,68.59069096069335,47.359128396606444,27.082327728352546,36.442437629699704,58.25927976608276,25.96265435886383,9.697444200027464
2023-08-20,14.063323991775512,46.71015436954879,20.624245451545715,67.44041124296126,85.72031102108001,12.694628466224671,30.0172814912796,36.73534770126343,34.56487106151581,28.19672640609741,11.87045583343506,16.966128273010256,37.75754753963471,68.94046227722168,48.6836550401001,27.106436020231243,36.27214164733887,58.3173912448883,26.252208285713195,9.68316608482361
2023-08-21,14.673349976963996,47.50187338946914,21.33704570646286,72.3314435025619,89.0189548039627,12.025104824638367,30.323053473472594,36.53030152702332,34.70648208618164,28.147998852252957,11.827320810699463,17.006958389282225,39.14173582743645,72.02486473132323,49.01297729589843,27.855204516278317,37.27076940307617,58.30082899475097,26.080203622055052,9.934755653781737
2023-08-22,14.331332991254747,48.23803013114548,21.554562672145845,73.23715998170637,89.91837733440398,12.335430927276612,30.549215822696684,36.965244369506834,34.77498115539551,28.072205753803253,11.791274084472658,17.005510582580566,38.85170807192802,73.05543446264649,48.07184207867799,28.201146829419134,36.1356362165451,58.97603330612183,26.164367179870606,10.027558515726437
2023-08-23,14.273448779669522,49.675240482456665,22.03967945098877,68.90929092407227,84.57669277831363,11.933122892658233,29.589108902134893,36.8828173828125,34.96253597259521,27.500696711540222,11.664288998794555,16.546865257713318,39.93442852020264,73.68190136251832,47.26409658872223,28.122772737364766,36.600160102844235,58.612161003112796,25.60023310544014,9.998486719342175
2023-08-24,14.8886381585598,49.8252513885498,21.98934481372833,70.46638148735045,85.46153011722564,12.50163723602295,30.65957338786125,36.729360275268554,35.14840612411499,27.075876455303547,11.731506282597312,17.025477152618407,39.978627395629886,73.08546528156509,47.72013145323967,27.866105022640227,36.53160858154297,58.69900051116943,26.010758847999572,9.91240151612915
2023-08-25,14.353557566070558,50.548128876434326,22.000639533996583,70.5124253485794,82.30866078149985,12.115569764328002,30.29380772280693,36.14344376220703,35.257049560546875,27.353633126735684,11.99948586884308,16.824944865166973,37.29003804244995,72.19487145080568,47.86452515909249,27.070698183059694,35.98623135509491,61.109432220458984,25.637266610012055,10.031090830026155
2023-08-26,14.173963953681849,48.709426702880855,21.223505668338774,70.99981150783515,82.79504023564337,12.384877208518983,30.228820997714994,36.31303672790527,35.16300281524658,29.1821129322052,12.072738829284669,16.796544465557094,38.32008361816406,69.48316450195313,47.22426682194466,26.68181844185829,35.82097547531128,60.45511905670166,25.699799477425575,9.93115815994446
2023-08-27,14.244148247043084,49.29829023957825,21.21392598702621,70.69040652264404,79.9280894090166,12.148003938305854,30.03258962059021,36.401012573242184,35.26744331359863,28.884776687622068,12.076431788108827,16.885956308807373,38.37643814086914,69.18715516662597,46.044447295097356,27.180634974489212,35.83753957748413,58.156754356384276,25.473050638910294,9.940427315140457
2023-08-28,13.965676431881477,47.136956603851324,20.846366232948302,71.27744229180335,78.1886917820606,11.716669209895134,28.86113548350334,35.6963272857666,34.99688747406006,29.224005693892906,12.437920002607498,16.89661759281921,36.38686208724975,68.8257746887207,45.20138494228363,26.704557365570068,36.3654748916626,57.88594057846069,24.683494833400726,9.947563212576599
2023-08-29,14.101587351164817,46.233708552778246,21.07228005218506,66.82524692687988,79.36166611407512,11.95702314491272,29.383921407222747,36.280762157440186,35.01035842895508,29.886375992706295,12.509548093045932,17.12374860337818,38.10424383888244,69.69952883818817,45.259777667999266,26.770590123167036,36.20205265045166,58.556576914596555,24.648147807598114,10.066326980174011
2023-08-30,13.956161555416632,47.9932200036502,20.894741145744327,67.04371627807618,83.25453888221168,12.03055935447979,29.71824934387207,35.802549050331116,35.26916389465332,29.748212812614437,12.491026667214348,16.963679828464507,38.39497980214691,69.05729053344726,45.24744803123474,26.489175878734873,35.83342532444,57.94775238582229,23.909137459124565,9.770071139671325
2023-08-31,13.82679683969891,47.117197710021976,21.19064565410042,67.80115099818421,82.72109224037906,12.181170158290863,29.76279172005415,36.29287019729614,35.0630175321579,29.99141231690025,12.28512693318146,17.128644861292532,38.26093995291137,69.81046381624601,45.42104055747985,27.284423307180404,33.55358641108274,57.29270140520096,24.901260535526276,9.77959410985039
2023-09-01,13.728948401770591,47.26273829699707,20.765280913543698,68.72141452940367,83.12983279171944,12.149891226828574,28.420964372270824,35.614568315505984,34.67854187107086,30.695330851570127,12.08530718090195,17.171560813498207,38.875907822799675,69.73696518173217,46.30595735821151,26.956870349031686,34.871780474567416,59.41702053337097,24.103530714329764,9.633327452814331
2023-09-02,13.983069712504504,49.86399982299088,21.280161492347716,68.89219993661499,84.14657903172683,12.16162463766861,28.803867739245412,36.306046610355374,35.668353443145755,30.89841082056999,11.477721867112114,17.070111471975114,39.00083093605041,70.48020804290772,47.24525528692245,28.1556853018105,34.64711204177856,61.21991252632141,23.763576258483983,9.67031548814558
2023-09-03,13.745957190293847,50.28704022762131,20.940730396461486,68.86359465792847,85.05349042389965,12.559504307567597,29.289603436727283,35.26591201400756,35.504803810119625,29.673393730473514,11.471724386217934,16.834900553101733,38.12873712615967,72.2884922012329,48.488332902236934,27.722328970026968,33.171299628888,62.67403064727783,23.86629015822458,9.675821359199466
2023-09-04,13.923309574060141,50.99617026272598,20.98891739654541,68.55964069985963,87.71733882240771,12.468243121335982,29.4594997355604,34.14798864137649,35.53705522537231,29.38071148518991,11.341750180047912,16.80943781670433,36.527913068146134,72.07898574829102,47.744005581733695,27.212971051058293,34.37856380397694,62.674220428466796,23.433993286007595,9.693799140976296
2023-09-05,13.509328373279157,49.9622460773861,20.63318866456032,68.8269841706543,88.09062976466845,12.420396343992234,29.462363018560833,34.2163069424057,36.166159553527834,29.673293015224452,11.406505882448394,16.883988087774355,37.336429772388264,72.09147583007812,48.41654602720642,27.19013504109406,34.252106924701174,62.58268516540527,23.549576427841757,9.665097006143188
2023-09-06,13.53596432787752,50.527011474151614,20.505790444507596,68.51665956115723,88.31325026787471,12.528092645263673,29.768635812958717,33.89016096660347,33.959174348831176,29.63564795018197,11.320565896875229,16.809545787986757,38.25307585953369,73.06267813110352,48.42646954193115,26.855807978354193,34.4946207381609,61.02585997009277,23.904023037986754,9.64091471730177
2023-09-07,13.582527450315713,50.262328688049315,20.735735442924494,69.64212025309753,87.09396004696941,12.378674739456176,29.177474891850014,34.3394198938179,34.35888975906372,30.05112047935295,11.440552568898697,16.99102130830307,39.51162758943558,70.91728136503602,49.40295926538848,27.068572801622626,35.68432108440399,59.70437394292831,23.61636273790541,9.689695568847657
2023-09-08,13.341314446582317,50.58325472566223,20.045619833225953,69.5067313796997,86.76732406068984,12.930585913467407,31.066183724902693,33.7909851950386,34.36289624422073,29.75650306447808,11.362438317192076,17.07533191756439,39.26005961479224,77.57332432250978,51.06964369333649,26.932432366396252,38.28678394317627,59.67662462556839,23.541683388917537,9.620896424102783
2023-09-09,12.875450471223296,52.40040585452271,19.57637704634316,69.01796557553101,85.48129546708488,12.452377055208206,32.48047964761019,34.278448559074405,33.43361107692718,31.026250566186903,11.411718632845231,16.909723958587644,39.716745129890434,78.36852401733398,50.796677516510016,26.893134194164034,37.31063451690674,58.44217872339249,23.420832723283766,9.544943769836426
2023-09-10,12.96371098614806,51.36049532798767,20.61342424999351,69.61587315638077,87.852800192708,12.242729250832557,32.485112691219804,34.83015340032578,33.31902598051071,32.375510033168794,11.617104528705598,17.01262899477768,42.24338854827881,83.48910225021743,50.66160296360779,27.19923910967517,36.31447052895355,58.58902612363815,23.347614087667463,9.504071339035034
2023-09-11,13.474524438414573,50.378456853012096,21.83025614013672,67.81238261079301,85.10265446256065,11.995822360038757,32.39737787506771,34.63985707386016,34.20244998931884,32.509329405784605,11.629719901844501,17.040692468112944,41.93301530838013,79.94885787963867,50.356116160574565,27.009853110516783,36.21946226406098,61.832926261138915,22.843645081501005,9.26198446047592
2023-09-12,14.355430882072449,50.235834969360354,21.63097276808739,68.62087509155273,82.49602932343898,11.802743375959395,31.684338881559363,35.19728885808621,33.959288495063774,32.44209628915787,11.547197370225906,17.47492479507843,41.64326477050781,79.45435958862305,48.97699086914062,26.675485991254035,36.6065291595459,62.49412010192871,23.128808672714232,9.34654346029335
2023-09-13,14.363436043481826,51.186439767586215,20.74394757293701,69.50916721801758,88.30552431106567,11.908998737335205,32.27922836861229,35.20789180755615,34.976722717285156,32.519964122772215,11.455168178100585,17.48620106393967,41.355174407958984,80.99060686372376,48.96779993856811,26.680014188121554,35.8917977142334,62.41243246078491,23.0676627158432,9.338113708810273
2023-09-14,14.225964277839662,51.36133792085816,23.29199357684326,70.01202950592041,90.43540895462036,11.71551113128662,32.17958104591126,35.17844066619873,35.1417121887207,32.07893551254273,11.589467720900688,17.525016884395296,41.730430603027344,79.65320877227784,48.74901792755127,26.497314025953973,36.447265625,61.927075040817265,23.720687580108642,9.610667887378694
2023-09-15,14.336529965618134,51.922140788177494,22.99935910947418,70.03103505793761,95.1815239912319,11.70991491909027,32.64572283583561,37.99539260101319,34.88251797180176,32.339673328399655,11.422849053457258,17.89598948509369,41.88066627502442,82.05264747280883,48.831976194763186,26.66525291130552,37.12511707305908,62.694644680023195,23.54547600746155,9.493561285400391
2023-09-16,14.28889537010193,51.76725119055176,22.90135009487915,69.85851970825195,102.19404182284354,11.667458676338196,34.4812203357026,37.03787022587586,35.54033843994141,32.62291227149964,11.587969103410147,18.23211830738068,43.161649475097654,77.69594560432434,52.16059906082153,27.10702608112902,38.51459300994873,61.13489108505249,24.487242736816405,9.707022676826478
2023-09-17,13.52492083520894,52.223000239379886,21.787300602434918,70.26098115735626,103.30418739355086,12.013530293930053,34.243526893870225,37.65377965182495,35.15211824417114,33.644691168022156,11.434716107859892,17.762799796737674,43.20657154083252,76.62337605285644,51.33343740234375,29.371681826992464,38.301486053466796,62.12643809223175,24.96722906112671,9.74654422450464
2023-09-18,14.362047520992279,51.03790473133851,22.647351503921985,69.1454234298706,101.37581460064887,11.772484850795747,33.61092563835678,37.401521467208866,35.444488525390625,33.35178103603363,11.34717618470375,17.269469831085203,42.34290092468262,77.36187776524542,51.074971735382086,30.302143356513977,38.070701065063474,62.053290939331056,25.072794971466063,9.759394482430055
2023-09-19,14.756487904357911,51.578692052744756,23.49617504453659,69.42514459584045,101.72702579498291,11.710292778205872,33.445759115972045,38.82808090667725,34.65155293636322,33.73854998874665,11.170589027893067,17.9871919054184,42.056030387878415,80.54542365600585,51.253678015502935,30.107459629354473,38.33278274536133,62.587074279785156,25.570152282714844,9.791440780771465
2023-09-20,14.551179714202881,51.71943122451783,23.49352863178253,67.73573645782471,97.0819791931343,11.16854991023552,32.441576559550654,39.08103077609253,34.5742876625061,33.78674283313751,11.19755826679882,17.36103380355835,42.183284759521484,81.43221485922157,50.48850080108643,29.934914858579635,37.71933460235596,61.8602261352539,24.930755615234375,9.784235527038575
2023-09-21,15.039389156141281,52.00935152124024,23.553749049568175,67.70926818941665,98.76131401062011,11.163345947349548,34.08554880809784,39.75101506941557,33.86595749359131,31.842861293621063,11.398727864362623,17.31155574531555,41.762403602600095,80.58796708193205,51.09609084717178,29.56574768042564,37.61116287231445,62.2305908203125,24.537003517055513,9.88744807676874
2023-09-22,15.264361416442775,53.058602679472045,23.530818339471818,69.52197910753236,96.2854909658432,11.337069030380249,35.42307214736938,37.16785636901855,34.093045692443845,32.39634475708008,11.428379894605847,17.61476136558151,41.01651382446289,77.60315918540954,49.57393028182984,29.922936487197877,35.51820888519287,61.83460187911987,24.972949981689453,9.882986327493667
2023-09-23,14.069681739807129,49.016397351207736,23.05029974770546,69.10308597628784,95.7439893836975,11.782981330101013,33.70284241390228,36.85703323116302,34.2267801361084,32.2506362915039,11.481853981290437,17.369436482836814,41.20084756851196,76.36766052246094,50.61019660949707,29.714770040988924,36.65166606903076,61.1197815038681,23.962684631347656,9.94546359156418
2023-09-24,14.315834426879883,48.967385573244094,24.010108289718627,69.46929444122314,100.41150984191894,11.754048824632644,33.8566194820404,37.28905602607727,34.498350508117674,32.51963310241699,11.765069118610992,17.649145151229856,42.11464622497559,76.86045684814452,51.765723482540125,29.666283667087555,35.38195190620422,61.71570624160767,25.29799461364746,9.6141228685112
2023-09-25,14.3469233751297,48.64970975913048,23.770266618728638,70.99762645490846,100.27718550109863,11.473906998075487,34.68174209403992,36.41324733983516,34.88812256126403,33.28347239112854,11.985296972511293,17.948672232879638,42.205102157592776,77.66701165995597,49.084205589294434,29.388497763633726,35.358736035346986,62.038155451011654,26.14091682434082,9.521922243301391
2023-09-26,14.45728611946106,48.35517639407158,23.433186797904966,70.10813355386354,101.77831535339355,11.411169234397889,35.19366016387939,36.49833370904446,34.609067142105104,32.791921123380654,11.94988949255745,16.67418336868286,42.24065460205078,78.3373114134407,53.05554467564392,29.28444979047775,35.87513557434082,62.22245018005371,26.024574394226075,9.77602434182058
2023-09-27,14.307135741949082,48.09907724381446,23.64504973039627,70.24968850204469,101.17297954559326,11.265168677553177,33.93347671794891,37.43542093448639,33.47518583894348,32.502640510196684,12.082514047774202,17.254905860424042,41.74886466979981,74.08744119782202,52.56407795471191,28.98836366844177,35.15000823974609,62.310696830749514,26.073322105407716,9.601058399963378
2023-09-28,14.47406587600708,47.460771179695136,24.009672164916992,69.69928878698731,100.09542787742615,11.35989430466652,34.052822127342225,39.94079371531678,34.00247917175293,31.15225094604492,11.87602757342743,16.240604418504237,40.894718096542356,71.65271506604576,52.56635908461617,29.289021348953245,35.63704299926758,62.097941093444824,25.958843536376953,9.729367128642425
2023-09-29,13.840808867830038,47.07652495765686,23.646145317077636,70.7351645805359,101.60467672920227,11.210639762878417,34.54080095386505,36.26659572139263,34.599337577819824,31.788419947586053,11.616785411787987,17.05524730682373,40.895193527984624,70.55166888319873,50.895037334701534,29.249084710121156,35.93932182312012,62.15087699890137,26.4679012298584,9.773819466270217
2023-09-30,14.063613849563597,45.77541652460632,24.472879753112792,70.8794584052124,103.65503763771058,10.924398279705047,35.04284185981751,37.25198922857094,34.90832736968994,32.07482970937729,10.9682635359993,17.284047088623048,41.18420612411499,72.39761087636947,50.63935674819946,29.418710660934448,36.15989303588867,62.62293243408203,25.392886216163635,9.954837914359159
2023-10-01,13.885985742015839,46.36840146628876,24.53828239440918,70.81272792773439,106.40769244766236,11.162127202445983,36.32086358356476,36.850174773942946,35.89819028091431,31.766483913745883,11.002132575611116,17.2623154586792,40.858538632965086,75.24233726119995,51.095905423736575,29.176664113998413,36.372554779052734,62.51945114135742,25.182693293094633,9.830381786497009
2023-10-02,14.049365711774824,46.24993753755283,25.48015661239624,70.50455117962646,108.16780688175201,11.283548244667053,36.225076483726504,36.725957219833376,35.637889512634274,31.736013792057037,10.983560593826295,17.673172747421265,40.46759996566772,72.09916565051651,51.02663344573975,29.13520846366882,35.97585678100586,62.200809478759766,24.911918177604672,9.804066972000703
2023-10-03,14.583396506309509,47.26294085597992,24.926307678222656,70.92253267497621,105.70498294830323,11.579206142425537,36.50848045349121,37.31826437587738,35.723343238830566,32.78544988632202,11.47459232274994,17.836668548583983,41.71372985839844,74.19127652461052,49.36794061660766,28.961227363586424,36.221317291259766,62.14130783081055,24.82822823524475,9.886740635453599
2023-10-04,14.314991580247879,45.85605881939449,23.829316692352293,70.28043750054933,101.05749651145935,11.284055284309387,34.85991699886322,36.988822560522074,34.95198893623352,32.299694326400754,11.530782700172425,17.50287914428711,41.40022109985352,73.68241431344032,48.625245680809016,28.797723420381544,35.84089279174805,62.095760345458984,24.458245817184444,10.16803625148512
2023-10-05,14.510789190530778,46.123033707075116,24.18040746688843,70.50453760788025,103.34144479751588,10.940718396318436,35.96741529750824,36.4084251438675,35.13724548339844,32.4717095375061,11.50395131504059,17.682569713592528,41.652835845947266,73.47212377693177,50.401873397827146,28.615247668504715,36.3110665512085,61.52447193145752,24.45807206636667,10.325591028469816
2023-10-06,14.93664915561676,48.44567960250092,25.638907998847962,68.34722617378235,104.56303616166,10.919490193055475,38.68172604846954,38.693453757453916,34.598203479766845,31.77079772229194,11.962151100676408,17.664298061943054,42.297203063964844,74.81837412643434,51.87754285297394,28.771973700377938,36.775569915771484,61.44614627838135,24.927702046394348,9.92593765357704
2023-10-07,14.87194583415985,46.21110420227051,25.87728443145752,65.82587525024414,102.32640691852569,11.221465225040435,36.803790518760685,38.72795711174011,33.921786349868775,31.2677398757555,11.450918233756028,17.111422466468813,41.95932804107666,72.80035033198357,49.784587383270264,28.836264706134795,38.23617980957031,61.45642852783203,24.457718516821863,10.01863718198995
2023-10-08,14.446021757125854,46.01756629943848,24.381146812438963,66.96022074279786,97.94593593120575,11.200856424942016,36.37902293014526,38.83079978942871,32.555630950927736,31.05584220926428,11.077289821197512,16.90435215115356,41.658967666625976,72.7922388429451,48.55645807027817,28.663693966627118,40.54382141113281,62.042640686035156,23.88049396566696,9.945324778276262
2023-10-09,14.798940980415344,45.84015655517578,24.48653031787872,66.84446569976807,97.2741771697998,11.092720691122341,34.248701326038265,38.54591194152832,31.65806005554199,30.807393170814514,11.145612357456207,16.85685400982666,39.91846119193268,70.48074880156517,50.24033546447754,27.38484404017925,41.594618975448604,63.63472679138184,24.06697933776855,10.015430274764746
2023-10-10,14.705119248476025,47.093815317185026,24.545193557739257,67.40612111000061,95.01596021993637,10.985613985434151,34.683190510053635,38.11759887084961,31.970331726074217,30.71483530471802,11.410330267670606,17.008869779205323,39.630945213981626,70.97292950656414,48.65962240207672,28.70171399704456,41.382775192260745,61.63019927346039,24.42201999092102,9.86553133737671
2023-10-11,15.191872358322144,46.51678607181357,24.194949588203432,67.07029989811707,94.89494735501289,11.541301728599969,34.77375213186264,38.637111854553225,31.686276626586913,31.080426908855436,11.468917330169678,16.349700524139404,39.79595378952026,71.02470615566253,48.32119981058121,29.05662002849579,40.19005766103744,59.793852653503414,24.229534306610155,9.959215530810837
2023-10-12,14.599564133478854,45.52968868560791,24.0600395565033,67.84203937932587,94.31440801125527,11.875371341514587,35.4870652999878,38.052452340499876,31.921571731567383,30.92062497780876,11.748882149321421,16.20812589597702,39.989618072509764,73.3379539489746,48.74768226242065,28.737031080751418,39.90513175678253,59.78739437484741,25.062733840942382,9.994676770378895
2023-10-13,15.049196178674697,44.737866059875486,23.86538316669464,67.15837787475584,95.48747226333619,12.052067806243896,35.82396095186234,39.2480317440033,32.033628389739995,31.70019429588318,11.864460375866026,16.694074151092533,39.848921263504025,75.01634616851807,50.07841721328735,27.488552938073873,41.62827898464203,59.65835463638305,25.97519857263565,9.985081521953738
2023-10-14,14.667669664599895,45.14022560119629,23.478183538246153,67.07230895462037,98.25993905067443,12.14767718919182,35.57934177646637,37.92298725975037,32.69960250854492,31.3592348261261,11.982546350716554,16.701805921062128,39.09206449988937,73.09285517120361,49.93815145059585,27.38061321787834,44.69893810272217,59.408296434070586,25.6471070165205,10.601219306362516
2023-10-15,15.061075051102637,46.04358759498596,23.790769477653505,66.85649925155639,99.53044776535035,12.130761671287535,36.5492772989273,38.417854111804964,32.69135461807251,31.530351517066954,11.93618140954651,16.436792608925742,39.03280916404724,72.03272328228806,49.74518623399887,27.39971499853134,44.100425720214844,59.313836262565616,25.50786179479122,10.121225474435807
2023-10-16,15.153047393052576,46.59237366666984,23.807550955200195,66.82167281799316,100.23976948928832,12.246040631435394,38.0623442659378,38.592905460205074,33.62902551651001,31.676439621334076,12.12550900682847,16.57329608177078,39.40289079266739,71.49122695226384,50.78963064863205,26.19767022413535,44.75573673248291,59.49893415584564,25.420545432839226,10.021587641716003
2023-10-17,15.12347515115261,43.04745020914078,23.606586245441434,66.9235160869217,97.29485360893793,12.18811320037842,37.264085385847096,38.67993296569061,33.11578669681549,31.524783448219296,12.064709132575373,16.13794906834974,39.73046523513794,72.70602685822077,50.559259230723384,27.949856443432047,43.687136281585694,61.14427659988403,25.429022648334502,10.194123854082012
2023-10-18,15.118476702690124,43.715060318469995,23.49327338218689,66.71474284069062,98.08637135410308,11.889563390636443,37.737529277801514,38.886133275604244,32.96271894454956,31.058128191010237,11.695739777547912,15.881003279071102,39.83394426345825,70.39419982337951,51.35556907653808,28.99337520503998,42.63674891063118,60.87414205551148,24.794273961782455,10.207430624198915
2023-10-19,14.308938541403675,43.65776281356811,22.463603357505797,65.80901204452515,93.83669479728698,11.532503913333892,35.38338793945312,37.178655413818355,32.23645202636719,30.355651722793578,11.106567287445069,15.605846971111829,38.333721421623224,68.78994507980346,50.24868126869202,28.143808949089046,40.76212734489441,60.587564868927004,23.983817409603592,9.986783231173096
2023-10-20,14.598664254197788,44.98184986345853,22.806470441818238,63.97728839950562,98.77352874690057,11.328305003072549,38.10657978057861,38.21781280517578,32.12168098449707,30.753435892581937,10.947632359826432,15.704820076039809,37.894545822143556,69.76477005784606,51.005415558815,28.688381213665007,40.887462907819746,59.714447662353514,23.268732698244307,10.023098952941895
2023-10-21,14.098171474199296,40.874068908691406,22.775610008811952,64.77312500601195,98.13424095153809,10.88482930621338,36.21871006965637,37.14417260169983,31.25852021942139,29.704753316212276,10.851111545428406,15.638954395377707,36.082179605621334,68.89744336788941,51.01971731185913,27.986950742740632,40.280204481124876,60.03663387298584,21.695816621880887,10.498793631652726
2023-10-22,13.609359448988377,39.327971878051756,22.43544704188728,64.82470271820831,97.00429634857177,11.292490211009978,35.393848889350885,36.921354992574685,30.927264189147948,29.131275789381334,10.555043768138122,15.378949159631325,35.50978444091034,66.06842708587646,50.739361667633055,27.380221820851563,39.57438743591309,60.04580410003662,21.50610909780328,10.14593537596153
2023-10-23,14.045367509844302,37.88689659118653,22.520741435571672,65.79887100895226,94.3624681042099,11.398316955566406,34.69747218132019,35.967425577112905,30.502373675519944,28.26428830506329,10.432933503600312,15.772230902986907,34.83107722792797,65.9507474899292,50.58431024551391,27.876625389575956,38.69693996429444,60.04526132583618,20.41495317507821,10.238872789014202
2023-10-24,14.097202819143535,37.40069000244141,22.470449940685274,67.44327070111085,95.78176074028015,11.4945322326622,34.351760432338715,35.98471953553118,30.946738924598694,29.07319109139919,10.636861160455169,16.10397480393591,35.63895412216186,64.91223033714293,50.33578220844269,27.892977757930755,39.053914604187014,58.87580253868103,20.41068416434433,10.282681663147837
2023-10-25,14.103530485860764,37.990829674530026,22.63790248431015,68.26903138599336,96.84112071990967,11.592202270437241,35.03975422096253,36.505165563583375,31.67638961791992,28.850831744842527,10.625347900940762,16.720464879226686,35.92603181245536,66.56975153657913,50.59577418708801,28.191856241226194,39.02202212791443,58.455082946777345,22.618937469394687,9.73512193901825
2023-10-26,13.80427541952994,38.0207466756134,23.35233461380005,65.4124645614624,97.21303882598876,11.669743019462585,36.20742673873901,36.516521272659304,31.75817899074554,29.472265587365623,9.835308284759522,17.901446733026503,36.908126236724854,66.88378400230408,51.34664268493652,28.079441356658936,39.88176345825195,60.31367492675781,21.01455892038345,9.820046434329985
2023-10-27,12.69592459916336,36.93464847564697,22.29367813796997,65.19216754302978,95.29872334098816,11.426055036991595,32.437468829154966,36.32499737663269,30.624511567317008,29.255760423660277,10.089360003707887,17.859903131607055,35.50548468885041,64.71019477844239,52.316126775226586,26.89697455358505,38.1887446975708,58.13784637756347,20.385349721860887,9.765430145739556
2023-10-28,13.78016262869439,37.36141472625732,22.58949542816162,65.37681857070923,109.16894725570678,11.71267216670843,35.368659503774644,36.79882621765137,31.56107892379761,29.665401703333853,10.301445204239865,18.017123020915033,36.95426663646698,65.25426525186538,54.47630865783691,27.616985054969785,41.21486282348633,58.34808647918701,20.990041892938613,10.010308514404295
2023-10-29,13.894778573598861,38.69059982395935,22.58567936268997,65.4055178604126,111.52965910411835,11.807921247122408,34.494123724107745,36.61368913650512,31.60630326461792,29.74475839193344,10.043377477522249,17.37037434539795,36.599265805297854,65.6748343211174,55.12927312339782,27.336721073627473,41.74813442230225,58.14718998936081,20.54844294523716,10.065360522079468
2023-10-30,13.868033597917629,40.82269253933716,22.6910965683403,65.67863178405761,111.15711952926635,11.831710671499447,33.82597368561744,37.581668853759766,31.48093059425354,30.73863693224873,9.894946231857784,17.405416474056246,36.50938096979141,65.03548529182433,55.6838233951664,27.137320492744447,41.51139991760254,58.15188151243972,20.235230175175666,9.663197107406617
2023-10-31,13.963259749753474,40.954367092758176,23.187238506889344,64.78299738693238,112.43687874984741,11.749707640872174,33.57021981525421,36.47146940231323,31.73624038696289,30.987570513539314,9.692017300996092,17.15603573627472,37.11670669555664,63.737408423137666,56.3023248052597,28.073948501586916,41.19496744194031,59.297737362670894,20.497180223464966,9.942573655700684
2023-11-01,13.840713081650733,42.152034309625165,22.770168398926735,67.74934178022856,111.72057103471757,11.702645358501433,32.82790443706512,35.679774155616755,31.618106117248534,30.0190894203186,9.926901539535855,16.959627614410397,36.80857180137634,64.60045882896424,56.4721681880951,27.431982769403454,41.07459224281312,59.26673660545349,20.199192910194398,10.013476857948303
2023-11-02,13.50834428972883,40.70452063902283,22.406364386066436,66.52034595874785,112.53930379119873,11.747366458511353,30.736608000086115,35.984862041473384,30.525193995008692,29.45470596611023,9.553587565728517,16.37117619123825,36.108848706481936,63.73180962058983,57.405186252594,27.31440437307358,40.58707204589844,57.22688358277302,19.5459418764433,9.814041800340956
2023-11-03,13.44388791492216,39.43317649841309,22.796555003439906,65.77754104614257,111.01609921646117,11.794681431767463,31.303553068342207,35.715060070037836,31.079642555236813,29.64307836396217,9.279254113494874,16.879632821273802,37.05309070587158,63.185586730957034,56.90408885581971,26.357173079710005,41.00317461624145,57.71415514755249,19.675359381809233,9.666590083919047
2023-11-04,13.435324122989936,39.69469725494385,22.57893436606979,66.1330119644165,109.10535778873444,11.782131487849645,30.838820968716714,34.90677925598144,30.738629046684267,29.73619554659843,9.211565569597093,17.033279126358032,36.152737428749084,62.966961140213016,55.039115238189694,26.306744378786085,39.53086458206177,57.23543526460648,19.308140360221483,9.595912003108978
2023-11-05,13.825963455276488,39.734522872924806,22.555543035930633,66.13805643997192,110.06541199951171,11.896894632637023,31.027391472878545,35.72739367904663,30.80318155890655,29.84806426729202,9.109789435570221,16.89349249658489,36.22009204688633,63.43710458106995,55.20080194473267,26.29497888473511,39.67475280990601,55.599710760336116,18.957202824792393,9.55983787203598
2023-11-06,13.863093484933376,39.92065477981568,22.855020985794066,66.32173009643554,109.25393391265868,12.076250625806807,31.04295248896837,35.73554702453613,31.186276322937008,30.09680752428417,9.20904947476845,17.303494871209146,36.90602844141186,64.07262377743949,54.11892164611817,26.349288520746228,39.04339592971802,55.80843351159553,19.727738455592252,9.600054942604064
2023-11-07,14.328023470401764,39.83099922180176,23.62099802017212,67.08740663980866,109.46801593585968,12.335093872833252,31.77229555704117,36.19451438903808,31.199247137191772,30.12047218903913,9.121334099742622,17.536119424152375,37.02081446335602,66.6165501909256,53.92196108768463,27.080387083768844,39.52104731063842,59.053434199653616,20.00866152059555,9.749908134542466
2023-11-08,14.149592877522291,40.530596616279595,23.795301945877075,67.08526598336792,110.82898750591278,12.491363402701378,32.2870067029953,36.77629602432251,31.652273306274413,30.973771186351776,9.147691163292178,16.96863396097312,37.86081520385742,65.35031250543595,54.702652015686034,26.83445807960987,39.63594975076675,58.22701688575744,20.986513722896575,9.747468332935695
2023-11-09,14.817425182342529,41.07329251951218,24.120716225624083,67.09290441428374,108.72423014591217,12.60506973036003,32.95900600368976,37.00917272567749,32.54278251647949,30.932961351156234,9.190042472895925,17.266491465554235,37.86148406867981,66.72396574796676,54.62684426753997,27.308759328603742,39.59296950957298,61.01669816551208,22.733893836673737,10.265822923278808
2023-11-10,14.645584412176609,40.56830199851989,25.50986369075775,66.3203784072876,111.56123455781938,13.017303761927602,33.30719174283028,34.91558816671829,32.180236451339724,31.184037075977322,8.963456310667075,17.495844306945802,38.54685985678483,67.30288572489738,54.959645385003945,27.115971446700094,41.870297939300535,61.490059937858575,22.807706597328185,10.239850039100647
2023-11-11,14.690827185329853,41.53256718749999,26.81885677127838,66.50612795791626,110.10794026409913,13.078485651100015,33.91926488602638,37.27770787010193,31.07388349448204,31.2835585250473,8.852989351230352,17.213610092067718,38.725290295085905,67.96314774321556,54.76680224375239,27.442402092747685,43.39999201583862,60.29591289539337,22.35969851131439,10.034920216727256
2023-11-12,14.604332964103639,41.446103005691526,27.36234718608856,66.49189537252808,111.33792987471082,13.297005518416327,32.36370362137556,37.25260289325714,31.214471646637914,31.65896051919937,8.842596990463257,17.459147541618346,38.40379260225677,68.75987957284927,54.42302011879062,27.55633297559738,45.33431256828308,60.085243022346496,21.86484328022003,9.8367834613266
2023-11-13,13.926544294472658,41.944373475917814,27.913975443649292,65.65007989311216,111.98956597564089,13.037209159689874,33.38753056274271,37.76602804012298,30.778983499088287,29.927339448117255,9.015981187980653,17.49740512905121,39.2266283593483,67.74226156425475,54.278504452520366,26.67335305071044,47.98596419296265,59.89767153167725,21.83593334197998,10.01013321370983
2023-11-14,14.352432529053567,42.15393004074096,26.557964108991623,65.21562194824219,109.13899573059082,12.721828825666949,33.93209041585922,36.43698270492554,30.0943088322258,29.985922352704524,9.122599716969452,17.828004150390626,37.282941429567146,67.11979995346069,54.74833350608825,26.785742792803283,47.14093660926819,60.40421726226807,22.126991916275024,10.15164067503399
2023-11-15,14.649008987724779,44.59922674618904,27.079035990715028,67.19413929599762,109.18319103183745,12.851514638757704,32.82412345424775,37.19280396652221,30.070118291645052,30.30237538690567,9.067360621879578,17.828934015083313,38.40849459457397,65.74985715007782,52.92239250889012,27.217128629136084,47.25409963108063,60.26907787322998,21.575946957756045,9.99327480438366
2023-11-16,14.346539809053326,44.546629669784544,26.75330450838089,67.18027293209838,114.05892148887635,12.761423420018863,32.760472570766076,36.85459730146408,29.87107804997692,30.818084352927013,9.106990073204042,17.579842372478485,38.13357741170883,67.33139109535217,53.075098788539876,26.111250309883882,47.503980610084525,59.66172248840332,21.663777758789063,10.598217879836426
2023-11-17,14.727010488288403,42.465189932266945,25.880597389297485,66.71236020584105,114.69553165054322,12.362146577922248,32.56582555065106,37.91455518684387,29.90281747467041,30.200974250650404,8.702686009215727,17.79144393348694,37.51776417886734,68.32705713527771,56.88655824691772,27.77271527059078,47.56828288714026,60.15407180786133,22.637485266529083,10.916547704055517
2023-11-18,15.006415372781753,45.23721286490851,25.781584325811764,63.42028885189819,118.86322006370544,12.21236271581597,34.13942640271998,39.014423973083495,30.005438223877146,30.111218910332678,9.067502586250306,17.851335453609465,37.55918148152275,69.08647951134138,56.28252247957878,28.34319157955646,49.14866235860824,59.87404392242431,22.369900563812255,11.218766527198792
2023-11-19,14.847993224966524,45.256027049732204,26.51478113733072,65.04387313842773,121.06083410448073,12.30164227918339,34.18753559663057,39.46120420361709,30.249145863849446,30.187519880351545,9.001439563568114,17.858034002437588,38.3957981043829,69.07412212931278,57.22646510132789,28.6680425522089,48.89267821374892,60.33116889953613,22.7442714466095,11.22651583045006
2023-11-20,15.021545920783282,45.081161078495974,26.703561276940153,64.90852912902832,121.14628831912994,12.809008221327668,34.63090821789693,39.64606673510742,31.840981194705957,30.923596878584004,9.084494554595949,17.876621354026796,38.51734390333786,72.31128491691082,57.02363685636521,28.475836037635805,48.97069465169906,60.13842510223389,23.355119569049833,11.23091704866028
2023-11-21,15.491403007507325,44.94949776251793,26.914051790313717,65.42545675815583,119.70666380882263,12.863489773741922,34.44698038535293,39.62657936096191,32.76379024887085,30.398715883970258,9.120974536079407,17.985678713365555,38.93203043970108,73.38957738821756,57.006291636714934,28.78561005592346,48.922451458740234,60.78024673461914,23.500016684617993,11.079254755783081
2023-11-22,15.201538673400877,45.86101427078247,27.90427439892769,68.36992363829532,120.07119116020203,13.001054552558612,35.52000445428514,39.500627445957186,33.14615383148193,32.12472273159027,9.200792357658004,17.16012259803772,38.94044162006378,73.51418553544006,57.27264665097713,28.330622965500353,47.96946277906895,59.95635502567291,23.254570469284058,11.121084442138672
2023-11-23,15.304734580636024,45.89251859378815,28.57580530166626,64.75958953857422,118.77884640884399,12.96431986255388,37.40890620509147,39.58195845623016,32.911903381347656,31.942672061920167,9.248529182852556,17.07065072714252,41.04040531158447,74.40138768290308,56.017053769111634,28.907392072677613,51.07303271446228,60.28689640045166,23.794989539350322,11.189161390354155
2023-11-24,15.235491299990416,46.07242097854614,28.95864240646362,65.50426502037048,122.44085943603515,12.915260583570955,39.51006974887848,39.98383661685059,32.74373043060303,31.18995032950401,9.362923674847007,17.31563435268402,41.839925851249696,75.25673423887339,56.79049666500091,28.54772436836958,53.323120218658445,60.50682056427002,24.390520645523072,11.146725884151458
2023-11-25,15.621863248786925,44.45225457000732,28.491012954711913,63.51416195526123,123.44527113687514,12.720491711828041,38.45620028672218,39.87227886676649,32.08606178741455,31.1759145957613,10.199195604212035,17.345376462078093,42.32326711177826,72.67730893532982,56.36917280387878,29.05845252621889,54.131070671081545,59.161613188035965,25.246291984176636,11.102691941738128
2023-11-26,15.691892477989194,45.628000717020036,28.702354373931886,62.634782200355524,123.72305483104707,12.794682653730868,38.95900711389541,39.61131921702575,32.1301580160141,31.481519906044003,10.275539001109427,17.46219107294083,42.73340525093079,73.16344036546496,56.70566116905212,29.105701304090022,54.96887935638428,59.32617512758827,23.888048563957213,11.354182552909851
2023-11-27,15.091021430293322,45.18541939370155,28.13502965927124,63.675617637634275,119.0988466084671,12.693395460223675,37.704142825498586,38.967643054739,31.76013673553467,30.804076744079588,9.423201420188485,17.6033034324646,41.72789475116729,72.01614871798152,56.070986022949214,28.72528715639591,53.90761341094971,59.10995972636032,23.559504831805228,10.887731381607056
2023-11-28,15.179642848491667,44.45217596449299,27.971133041381837,63.954208918762205,119.02955572128296,12.557038652243909,38.34368705749512,39.72943623545837,32.19732666015625,31.10423469543457,9.219491002853394,17.11680445024252,41.696544530868536,71.77057630193708,56.476859378814694,28.138282853808406,52.74018596420288,59.69887588806152,25.460463921170025,11.065230827331543
2023-11-29,15.285155851721763,43.408513349189754,28.025096349716186,62.07083007162093,118.31905187047003,12.81662749047346,37.64796450519562,40.12083111305236,32.204010009765625,30.87983854436874,9.551583381883122,17.722691659927367,41.71458133506775,70.89322707538604,55.06745615959167,28.92018874311447,52.96771976470947,60.038969650268555,24.856443672180177,10.906787673368454
2023-11-30,15.292936689502001,44.76504678726196,28.098530207061767,62.58966380310058,120.39243793487549,12.606100434604832,38.11520923948287,39.96953745944595,32.1808967590332,31.291409969329834,9.485990807879483,17.25048109459877,42.190149841308596,71.91513852882385,54.732533442592626,28.49871849195027,52.614649202728266,60.65072250366211,25.180231672639845,10.732873695968628
2023-12-01,15.484617648124694,43.45287000150318,28.79579206466675,62.7435909324646,121.21549453595266,13.006882485834215,39.15650568008423,40.2701170252533,31.768265533447266,31.13822951163769,9.514162599795162,16.849294773101807,41.89857552623749,70.47534609983481,55.84063245391845,28.700054151754188,54.033914152908324,60.029365882873535,25.016970463943483,11.50442076253891
2023-12-02,15.31008805847168,43.65887639016151,28.862904386520384,61.61895776046753,122.56713466953276,13.016240622267722,38.73935680389404,40.179300759887695,31.667912111282348,31.40304193496704,9.765135725891229,17.37236105050163,42.69694532394409,71.01586534584044,55.45014239501953,28.791770422096253,53.817752838134766,60.13656126022339,24.971249994277958,11.924313863563539
2023-12-03,15.527325157277582,42.224030488214495,28.832459688186646,61.14053643482208,122.03593105811119,13.04154487525463,39.36560889530182,40.14627641372681,31.821959400177,31.294213302612306,9.771397020064756,17.732639514047467,42.49138259887695,72.22548335266113,56.48025802803039,28.950845127353666,53.47622299194336,58.521518635559076,24.683893619911192,11.966305684471129
2023-12-04,15.499164278311728,43.03675509023666,28.63320872154236,64.64926874885559,123.8077679788971,12.995560043563842,38.32869581508636,40.186239000320434,31.93825351715088,31.465315964612966,9.580618446965692,17.786591799352568,42.75489044189453,72.23386672210692,56.770921784849165,29.00171675248146,54.53350830078125,58.0791928855896,25.02211173905928,12.151147438430785
2023-12-05,15.632788295173647,43.08489052677154,28.767331149101256,63.78679550170899,126.07044898223876,12.938495169991779,37.83722377656212,40.469902037429804,31.15597391293716,31.632111663726562,9.543716063054658,18.051004907529148,42.476110239028934,73.99566535949707,56.63196990372934,29.525653872013095,55.207783699035645,58.56638717651367,25.07851146027085,12.437333656787873
2023-12-06,15.578500621265889,42.396793110737796,28.484294930874825,65.60491333007812,125.65018435054779,13.284464996809959,38.98380642681455,39.13915228174295,31.39630881233215,32.5302804681015,9.607732562203413,17.636357947390255,42.85501088790893,72.37997062683105,58.320191026210786,29.36776448128223,56.80411407260895,58.123782504272455,25.555744462133415,12.547322888342856
2023-12-07,15.564285927402732,41.79478491425514,29.144559635925294,62.986496417236324,121.28188574638367,13.24237373904705,38.9674544506073,39.668937582407,30.285578212738038,32.37902713671312,9.584843106152281,16.78373172568431,43.31672668457031,73.66690579891205,56.938770610857006,29.80454754066467,58.164509277343754,59.63635118484497,24.95080144721523,12.900618120098114
2023-12-08,15.42432836764457,41.76187426979256,29.306361760139467,64.66964225801468,123.92171174554251,12.847507332486105,37.78711416241021,41.276717557525636,32.05800618955993,32.24119416126251,9.770125854486238,16.459653519528576,42.18897017813873,74.34654544830323,57.61735314581394,29.71469304751396,58.68597476396942,60.09461582183838,23.839189403532025,13.566956750656129
2023-12-09,15.319792011722488,41.67240558056831,29.48256881790161,63.80041066074371,125.74332308104705,13.00373964245796,40.15163135256643,40.967906736373905,29.957384669660563,31.87326227601628,9.702843868153344,16.744536406886823,42.190354653167724,72.32837158172033,55.556239632402416,29.466597646980286,59.16961185074615,60.0005602645874,23.721919346265793,14.434047716712952
2023-12-10,14.630745304361344,40.29915785065555,29.39482888584137,66.00070496487751,122.2664295584818,13.058904646410943,40.03829571525607,40.93685439147949,30.07987585790748,31.60648628280687,9.784952986119036,17.563654977127076,41.31914694900513,73.34013530528426,54.17583637794472,29.197404082775115,59.6505527502594,60.33078384399414,23.93786496661377,14.846682796478271
2023-12-11,15.113719150897266,40.20034027021408,29.211490096092227,64.78701894950866,124.43694140759885,13.075800370731352,40.18223621578216,41.03233434448242,30.230700073472214,32.00430173275609,10.033840665626348,17.314106148117897,41.59731170654297,72.67193305870056,54.350005207417,29.17671968078613,59.96880102783966,60.10273361206055,23.930946650779724,15.310307426452637
2023-12-12,15.165828417598485,38.82399510724717,29.46041753768921,64.17201690994263,127.32111267819211,12.83107546054387,40.02918084161825,40.66508537292481,29.76252414818916,32.35608129497051,10.015671229293112,16.665676778533314,40.964669673654555,75.39111764402388,54.48637801873692,29.186492071151733,60.825951861190795,59.38358711242676,24.339690329820417,15.373353729248047
2023-12-13,15.480031816813943,41.303534081962,29.475046005249023,63.77081219673157,127.40002637235499,12.967474161257742,41.13633965206146,40.900291442871094,31.701305141769414,32.50330174827576,9.867487528616639,16.50664582473836,41.475389556884764,76.86225414510726,55.11373535143089,29.459931993484496,60.04103277969361,59.93065643310547,24.543311592751927,15.315806617736817
2023-12-14,15.85984788901806,39.65741767307886,29.253659849739076,64.8876737154007,129.45111986777567,12.737585827219533,41.14360381225891,40.853251991271975,32.855965155029295,32.11469443422317,10.032013859708668,16.53856493711457,41.04706761131287,72.41267089792727,54.35366365721016,29.15015674781799,60.28327612380981,58.95437297573089,24.756740882084195,15.237431894016266
2023-12-15,15.909048063497544,40.13281645557148,29.015071167755128,64.23924303245543,131.3641614872325,13.746243711090088,42.12094296169281,41.3145866394043,32.3481534576416,32.12175176439285,9.879113978560254,16.82800309753418,41.64047012329102,76.53528208923339,58.18473491898536,29.463993501663207,61.48836898803711,59.60952377319336,24.985979365460768,15.929237480163573
2023-12-16,15.939330589535235,41.70327528019686,28.738614204025268,63.722113165283204,145.63557681163786,13.442717368841171,42.083235269250864,41.11576377868652,31.953503376239773,32.571207710266115,9.789342258667375,17.672541357767486,41.23336377983093,75.20626898574828,59.11728371006012,29.12911333751678,61.106857223510744,59.58294364929199,24.644457935856686,15.372282413455238
2023-12-17,15.837254023075104,41.42624550115168,28.74803220291138,63.876577320098875,149.685440826416,13.361753630161285,41.74253317749023,40.99361125946045,32.27215168075561,32.74742371845245,9.856872318986882,17.34441142607117,41.53568939552307,75.62303127814293,58.61400081945419,28.95467396020889,58.6635905087471,59.17438133239746,24.71773463944862,15.582934414283752
2023-12-18,15.30277349424362,45.526222448112534,28.199417877960204,63.472930636596686,150.22051670837402,13.417001209259032,39.918935101032254,40.30034614562988,31.654248005676266,32.4318829536438,9.72530784169485,17.42861574508667,40.384259582519526,75.38359213874816,58.02455862187385,28.543754887104033,58.83688120674133,58.693452758789064,24.4746526466732,15.505198380975722
2023-12-19,15.233467399835586,45.68699409807071,27.233561002944946,61.829634148063654,149.15208202737807,13.462865524291992,39.681943588256836,40.414039611816406,31.358449590682984,32.85300474915505,9.893988478298885,17.342431878775177,40.13889809188843,75.51264647483826,57.77754289741516,29.56445970439911,61.53403793334961,60.93789993286133,23.55123782343624,15.658532041358947
2023-12-20,15.275550770759581,44.98197266773224,28.205872497327807,60.330662073396724,149.38622341918943,13.274003504633903,38.92698115954084,40.16519546508789,31.69825637741089,32.90103045095444,10.042502311977167,16.480120602607723,39.98604161453247,74.57523915481568,58.84740772247314,28.448928824901582,61.14251163482666,60.22154236679077,24.136678338169098,15.57016529632759
2023-12-21,14.846655200986861,41.04307242236137,28.12463391265869,60.258085336373945,148.5144639072418,13.157969465732574,38.90447507481236,39.64052238464355,31.911414489746093,33.296800126075745,10.455034797263426,17.409471944596266,40.17821628570557,73.47484958896638,58.284528176307674,28.32722669163465,61.729522705078125,60.700045623779296,24.11582360541916,15.769803485298157
2023-12-22,15.14532872056961,41.18229281222212,27.399685782954254,60.61882711230354,146.8765419001007,13.3253980550766,39.26262585628509,40.21131134033203,31.414103668212892,33.06163191730499,10.299487104409543,16.94158492705891,39.88087328109168,74.3043622970581,58.71080012021542,28.610300299644468,58.889711305618285,60.011899073410035,24.50537075770752,16.230651537704468
2023-12-23,14.968624997963905,40.41462909826423,26.807446812057492,60.95189881267547,152.01920626258848,13.957565532875062,39.22413039264006,40.21039581298828,31.814518814086913,33.000555876731866,9.833697752511291,16.63317563278198,40.18275688877105,73.67375736236572,59.23422031259537,28.904169273376464,58.60954609703064,59.76602963676453,24.29810065111697,16.556235490664807
2023-12-24,14.932015926189422,40.5043108381555,26.825313482666015,62.932465049743655,155.69641758728025,13.847793569755554,38.856216661063385,39.84173667907715,31.57358281364441,32.31519653361511,9.958374783240039,17.724379412622312,39.86262991790771,73.28134574890136,60.07567170793533,28.725309323787688,58.756292714595794,58.49524189283753,23.926255815428778,16.329720090385436
2023-12-25,15.31134849909811,40.59927503478956,26.932481816339493,62.06924267578125,160.89669113159178,13.79658008079529,38.66821377794795,39.69152866363525,31.60658037261963,32.33019733104172,9.721131762535553,17.491478646007877,39.73681193561554,72.8347293291092,59.49052569150924,28.787997893571855,57.18722315317211,58.619865427047735,23.377449414310455,16.424338961597442
2023-12-26,15.072274976586275,43.51415872467041,26.4190525965378,61.098904267501254,163.58189974153518,13.695710277557373,37.267243548774715,39.48818950653076,30.9289577028487,32.55517385192871,9.523231147961644,18.218694967616386,39.75283087234497,71.11508560682002,58.74982246427536,28.37617223716736,57.520940570182795,58.68513153279876,23.014950468063354,16.134334510803225
2023-12-27,14.166136539615328,45.0644361751358,25.994987869229735,61.13381063538895,162.44622323547364,13.901698407288551,36.544290016078946,38.91361594963074,30.747920076065025,31.029962236035058,8.82890672929905,16.85528403513193,40.06540899276733,71.76493011377335,58.51679484512329,28.47602978682518,56.9429627229309,57.0498947479248,22.75176357849312,16.10896676197052
2023-12-28,14.076125921812695,45.576396191712384,26.07015667459488,63.03180538558961,160.41851164588454,13.961374142512321,35.822118003863814,38.94413572540283,30.625020252542036,30.90652610955791,8.871506917419005,17.959005654750822,40.26908212509156,70.69609884074507,58.246448514432906,28.39390681672096,56.20092619926452,56.82693131920623,22.796901017852782,15.910408039855957
2023-12-29,14.332912410519718,44.6475688329563,26.152164424364088,60.92493253847122,157.92350401496887,13.035805699609279,34.67115940444188,39.1059784664154,30.811064110067367,31.192162276232242,8.879425120118752,16.769309952549936,40.62435131263732,69.8851328300929,57.23329627540798,27.817785001158715,54.86979945344925,58.555619430541995,22.438210494232177,15.719385948181152
2023-12-30,14.310739605495215,45.35885742794546,26.706226077747345,61.31259248119354,157.6552526693344,13.267777348423005,34.7835780358901,39.51155916213989,30.345643809356915,31.65529114126682,9.19763059005615,16.902288610839843,40.20491649627686,70.03473374784707,55.646729831548676,27.120750035124775,53.2473121422781,58.64980783462524,21.861883478496548,15.858794746398926
2023-12-31,14.21194412092745,45.164851847731235,26.07949909479618,62.26139902206601,159.4168746437645,14.042318628893533,34.9712872791481,39.58733367919922,29.09905049499125,31.196702796074582,10.138115214826582,16.860103684902192,39.309466020584104,70.03860671138762,55.893994652544016,28.671763369588852,50.69420710780333,57.35591362113952,22.42407584029255,16.04133869075775
2024-01-01,14.663335254871845,44.02469546083637,25.985249544711113,67.6387998089851,159.02172667694092,13.868132591323326,36.62282836914062,39.321475982666016,28.804241597246072,30.83962163936462,10.214854363998414,16.90322886800766,38.29079882400513,68.14609404391192,54.256864796304704,28.361998349661825,49.01071956193562,57.12369576416016,21.737617863189698,15.881058190536498
2024-01-02,14.749651907444,44.654986332821544,25.62545053048611,67.30701116512299,158.7828591156006,13.65069250320053,38.05630561828613,39.097608432769775,29.299301308934208,31.81552492787361,9.878172583938904,16.90766584253311,37.8872617055912,68.38701920602226,52.93688395430803,28.17407021999359,48.71965780119884,57.21934442062378,22.045332500839237,16.276962410736083
2024-01-03,14.32280061085882,45.564844834373474,25.55105476603031,65.03377404899595,158.64962468719483,13.656262523995398,37.86054840946198,39.391883850097656,28.627489549720494,30.04638753787279,9.749701489087602,16.50103263827562,37.95611879290581,68.10585150985169,55.11285944746971,28.703563408513066,49.014548648379595,58.801431280517576,21.743115692138673,16.20557803805878
2024-01-04,14.437171926069258,46.03857425947289,25.708404611248973,67.37699952090453,159.15290565490722,14.033045457193685,38.82487487792969,38.72955412044525,29.07053849646263,30.259836165618896,9.615566725666122,16.942506356513498,38.14757520103454,69.08625028174781,58.24005276489258,28.424250978469846,49.30474357493033,56.252478235244745,22.276316113803865,16.658909732055665
2024-01-05,14.094641168253155,45.409535888671876,25.738839878017473,66.86561572723389,149.40041649430847,13.207722579574583,38.11714449520111,38.89983323843193,29.70095733440346,30.27059354218054,9.804915118103027,17.06961516165733,38.19579097472191,69.02986090126706,55.099795280599594,28.46473548221111,50.517469972668174,56.475536988201135,22.102978255462645,16.659451557540894
2024-01-06,14.191369168748883,46.06567155217758,25.324661459026476,67.56923814044953,152.107717445755,13.494845829128266,38.645870208740234,39.24692276000977,29.840996819310377,29.116275212475095,9.70445204754593,17.233576145410535,38.717260637283324,68.27447464817294,54.61529988394688,28.754241228103638,50.32283691373368,57.0670501499176,22.840172746479038,17.3177147731781
2024-01-07,14.494013105921029,44.49147383677631,25.1312869309772,66.4294963115692,165.6527979927063,12.714614423561095,38.5640983581543,39.491420402526856,29.923571911952592,29.187890966679493,9.743567403100204,16.219305213971616,39.130201902952194,71.87182158004761,57.5705356484127,28.7086980342865,53.887415061779016,55.25657586193084,22.733718798877717,17.24256527748108
2024-01-08,14.427713041969476,43.90606842855835,25.58001878545761,64.26103058052063,170.23459920501708,13.167397016143799,38.79596076965332,39.644763450622555,30.926612630310057,29.386867159277482,9.80501727410843,16.59382015383922,39.768070124216074,73.92053451152802,57.95636265480995,28.615036010742188,55.989463520050045,55.21391537338257,22.33551673380661,17.268908945846558
2024-01-09,14.533644005584716,44.253453235377954,26.421876417160036,64.36088647842406,169.34016316223145,13.049284712293627,38.83702438354492,39.68755554199219,31.08246872646331,31.12452266205311,9.917229633267581,16.527874979590646,39.3484702177662,73.87638661499976,57.89143888235092,28.550730657577514,55.232278650009,55.1117720355606,22.08313911246872,17.160570033885957
2024-01-10,14.567300044584274,45.10733987381939,26.22531427763042,63.434067681312555,172.90890655517578,12.947125484275817,38.65596983184814,39.26594044761658,30.85809994227104,31.908732433319095,9.878159816869125,16.26056176561358,39.75477048638821,74.39231797599793,58.10812806129455,28.097345541000365,55.190951602564,58.34518688593597,21.829240992736818,16.537397386436464
2024-01-11,14.48092803899288,44.72206871590805,26.45313214968481,63.10884505462646,171.92022150421144,13.19836758441925,39.106018409729,39.09796058578491,31.017854350049397,31.022704779167174,9.781161367332459,16.35391466724385,39.09790770955367,75.06488342285157,58.07517662143707,29.034855263285635,55.37143490818977,59.59064885517883,21.78989525154333,17.583975745773316
2024-01-12,15.190950002705957,44.958340246627806,26.710367040596005,63.772283935546874,172.9964298248291,13.312218940544128,40.088724414985656,39.84168033599853,31.314608819046015,31.41492742538452,9.711310035140992,17.61847245402976,39.11511326226711,75.14316043853759,58.4997917175293,28.473766565322876,55.72795980342865,56.46593155059814,22.633022715287005,17.241912645721435
2024-01-13,14.995862513626241,42.24416477714538,26.951508302836416,62.94571167755127,166.8185182342529,13.387815697906492,38.92714614557076,39.34107132797241,31.27402984130687,31.062001276702876,10.20230393355629,17.742959523605343,38.115626830585526,74.58579952239991,57.99885005950927,28.255081129074096,56.58006717395782,55.62506263778686,22.047226623185804,16.879581007003786
2024-01-14,14.879399124834539,42.89278472662925,27.52820051646595,62.7499177494049,164.03087576293944,13.391625044375894,39.33996462898063,39.03875692863464,30.97793062412052,31.452617122592926,10.013887517766038,17.48782933959961,38.21693744802475,74.53856507492064,57.815362910270686,27.576341111183165,56.428179041862485,59.264069802951454,22.309787140617367,16.737360088348385
2024-01-15,14.762395878305911,42.44186688786221,27.4995555348587,62.673918451309206,163.25748518091203,13.639541371012271,39.44718136783219,39.25998207092285,30.79482962227364,32.218297180367095,9.82481649787299,16.396995038749694,38.24627129920005,74.28704569244384,57.95165721273422,28.417739972105025,58.116233745574945,60.48581016811845,22.432110647912978,16.629166341018674
2024-01-16,14.584392377794437,42.820401805792805,27.912977505683898,62.61113802337647,163.969156600399,13.470641489513397,40.188635145950315,38.457639308166506,31.114840633735657,32.38743586046218,9.978240974098204,16.633956214199067,38.315609987328386,74.90073451995849,58.39103107452392,27.267467965164187,57.22168123271942,59.806673541732785,22.584254598621367,16.475618209838867
2024-01-17,13.991186254837418,44.83822783756256,27.27790013879671,62.629467699050906,166.18187370300294,13.642038849604551,40.26823036193848,38.810118179321286,30.955042561359782,31.37700050053737,10.120768515539702,16.509750383193968,38.40724479021549,74.08315842819214,58.33151960277557,27.517407846450805,57.43302547359467,60.40594563284317,22.500503930023097,15.946004443359373
2024-01-18,13.902312272461396,43.47014779460564,27.76805606778145,61.35398606037139,164.5931821975708,13.660961358954818,40.167021231079104,38.507418017578125,31.336458795776363,31.852125404834748,10.276821671417348,16.94765125982873,38.949272060394286,74.00472155570984,58.90558575050354,27.300644457206726,57.207005630493164,60.68107501857559,22.002864024353027,15.753388595581054
2024-01-19,14.000094254814147,42.38101252555847,27.415209841405677,63.18543319702148,166.00613581466672,13.655000282443224,40.68640082702637,39.6194953918457,31.407368687896728,31.895697669982905,9.994065168811568,16.599974632141116,38.9069190581417,74.25032638549806,59.401708708763124,27.097681980693054,56.25022826385498,61.333231833170665,21.274137949544905,15.651203677368164
2024-01-20,13.338562834368487,41.83417441251755,25.83670017150879,61.78473115579604,163.1196883644104,13.272490431976319,39.734673710054395,38.60325130462646,31.481040975699802,30.608730485306452,10.078507334350375,16.590450283309934,38.73919810715675,72.75337403909683,58.57510427558899,27.452360728740693,52.88483103255272,60.60723121766327,20.93139867117954,14.612044229701995
2024-01-21,13.507360760912666,41.78667941705704,25.865434607677457,61.52992366184606,157.5698397888771,13.710079086124418,39.737422857204436,38.82939491271973,31.717009587263494,30.429006853236295,10.058948988757278,16.486760639442444,38.71291623167038,72.53037770133018,56.07465840550518,27.031779137620926,52.86095281897545,60.693481308547895,20.702924059277283,14.455586378093718
2024-01-22,13.754780470115286,41.923968172359466,25.49881704983711,65.03603038346728,153.04213058808745,13.324969349098206,38.58749068922424,38.55385685920715,31.762418187690923,30.278376648340984,10.061704495606737,16.4268534099884,37.066450543162105,72.53612242346765,56.36898727758837,26.797509441390037,52.1729333457756,60.61530019051139,20.210468335825595,14.031639263534545
2024-01-23,14.944544741576468,44.32066496091843,26.12564841118956,61.860816652708046,151.23904285755157,13.32604614200592,37.58855328940773,37.918205111312865,32.20959871541977,29.769638884412327,10.068611116986427,16.616648419552,36.63482534282754,73.3517365579605,56.331735713491916,27.253448170423507,51.58331668856621,61.081529846171506,19.805756243843078,13.764758762741089
2024-01-24,13.199800272630345,43.77799277069578,25.29096507323899,62.143221978770505,150.55130289533614,13.345663089752197,37.28672627220154,38.28560188293457,33.295247705841064,29.63514549628758,9.83750259211853,16.908723487472532,37.13586637996746,73.2680037689209,58.601905790920256,25.221728001707202,51.76919399929047,60.36379317778381,20.31748608657462,14.146080013656615
2024-01-25,13.194292435681055,42.97146316567898,25.50192771729469,62.03993620965957,148.37618578678664,13.408096582603456,35.87757933754921,38.453941345214844,34.76753234863281,29.824532828128334,10.058688118238413,16.188505325546267,36.90195107304235,72.63285211343765,60.178097856531146,25.62990475919038,50.33895683609962,62.252997863021854,20.158175930042553,13.773909190584183
2024-01-26,13.059381179609677,43.16797399520874,24.956679692060707,61.59261426111231,151.60758436855315,13.226687278747558,33.80028803810692,37.24336020774841,33.580885047912595,28.072500858417364,9.691942283327636,16.7382967672348,36.19217084780646,73.36024017333985,55.842944388562195,25.61022395114695,50.068328156204224,62.05534678715515,19.68057341987434,14.148390692710876
2024-01-27,13.23987024407431,42.698851575851435,25.618013537077903,62.37685243909835,152.967266307106,13.380039024353028,34.67215622749328,37.052666046009065,33.813716888427734,28.313878619262816,9.659435688308292,17.149191999435423,37.31520385404396,72.10731994963646,58.085168266296385,25.547020276059136,48.55369506643295,62.015586484130864,18.810975027900692,13.926658926200867
2024-01-28,13.171179615462709,42.985865341186525,26.170460060119627,62.30685329295158,153.76908526611328,13.349903297424317,35.922356501770025,37.084516111244206,33.546424865722656,28.30694592938136,9.439453578132651,16.479624890327454,37.661063190422055,71.77176662621498,57.702281856536864,25.61634605430103,47.83342526899337,61.91682508218384,19.072609885025027,13.45275358428955
2024-01-29,13.533316789983093,42.86725888824463,24.962997682213782,62.38955091290474,157.27844122695925,13.47714454650879,35.97181823730469,37.33102361116791,33.88172912597656,27.361555337262917,9.246451480621507,16.880107542886734,36.70755233363112,72.6178308374405,57.64452066421509,26.24916697829119,49.58144101249694,61.87070329101563,19.598568201828005,13.339037916183472
2024-01-30,13.403276665442657,42.30340851293564,24.807368234681626,64.58342102050781,156.95445342959061,13.650229580497742,36.20513107299805,37.61835174369812,33.56549560546875,28.12783254268011,9.438766830967525,16.608655984650365,38.280553454275136,73.1256114578247,57.80980768203735,27.199336540374755,50.28553484344482,62.46523622804398,20.100819350807193,13.57308074951172
2024-01-31,13.630312802410124,42.61656698226928,26.931930469722747,64.4736688796997,156.81580573319548,13.457707521844883,36.328803520202634,38.12560832977295,33.84355926513672,28.81933673874321,9.585133723943729,16.88790963646774,39.05073165893555,73.78721923828125,57.68550788354874,26.2724417073382,49.70612487977027,62.466471046205754,19.74997147071007,13.659997692108155
2024-02-01,13.461115501877545,42.40592582193374,26.21139936546564,62.63718143987138,154.70885755920412,13.893021819305421,33.3877296613884,38.057468976974484,33.97236225128174,29.338860685243606,10.090629032349243,16.71023266161433,38.17131550018787,73.37215995597839,57.30990566968918,26.332232759169717,50.82556239938736,63.05121398568603,19.18483554085922,13.107731020614624
2024-02-02,13.703163189411162,43.363439941751864,25.426610529483888,63.95559702758789,150.5431120930767,13.923379593824984,33.200726686935425,37.83545345306396,33.43641689300537,29.655783870649337,9.566177447302172,16.710344888838883,38.96581165981293,73.29130023765563,58.71817588806152,26.680136865702725,48.53569645639658,63.69325274822463,19.131191388404844,13.458857490348816
2024-02-03,13.838331353187561,44.622349102077486,25.727544063134193,67.24632705688477,147.59276569963646,13.936937364376144,32.82699137506485,38.023473472595214,33.61390754699707,29.383997115025803,9.630460860568826,16.410408627397167,38.4833878214314,73.96248893737793,58.74032641825676,26.314213141834202,46.647901720227246,63.2036412944481,18.420562655639646,12.837402687263488
2024-02-04,13.550411386620997,44.52001462343216,25.53095415897846,66.49938235931396,137.81399482165406,13.600703153878213,30.20564139343299,37.778716468811034,33.70985794067383,29.344931823791967,9.523231512117759,16.13517874621855,39.43108559646606,73.1838026046753,58.11171468320847,26.390784966751244,43.97309305759334,63.278056254691705,18.153983688354494,12.830180148124695
2024-02-05,13.50187598311901,44.65363361343384,25.374374404907226,67.22543136634826,133.10124259238373,13.585923625946046,31.842272640026664,37.704902973175045,35.53346493882752,28.380707519215104,9.70773569821682,16.536693617333505,39.50207974662781,73.02682456970214,58.37087026453972,26.884740178568958,43.20915534030405,62.60986618783335,18.095168243408203,13.379006555831909
2024-02-06,14.03031219144602,44.36132004449959,25.398540852413173,65.00392631344047,129.27814890759203,13.317615852355956,32.07843376473483,37.47011184692383,34.84740709533691,28.129199530345765,9.341688573826191,16.580763105709938,39.64305442428589,72.15829209709167,58.1337904173088,28.823087561416628,45.35019449151993,62.720420888490274,18.632483222133633,13.146333327215194
2024-02-07,14.166045791748045,43.50337342485695,24.720038430188083,65.57478060429382,126.23590494556043,13.329847338867188,32.09539592288417,36.68287439918518,34.60757779769898,28.465316504945754,8.881445698229431,16.09665397107689,39.974898870975494,71.50105281829833,58.45471176624298,28.896975901948927,45.602688217163085,62.4642036017859,17.830607611083984,12.461182123184203
2024-02-08,14.168198287767847,43.792794462335586,24.606610417525925,66.56967328834534,123.51024126579667,13.314476970291137,32.51818190620423,37.63588100509644,34.09961959533692,28.142070670056007,8.60696506068502,16.226242689287087,38.38388511657715,72.00365924835205,57.89822042942047,28.9800469266679,44.26658110459327,61.15619477201248,17.55256914764786,12.083024907482297
2024-02-09,14.347616904124202,42.58649882492065,24.780731419570255,68.4645598148346,125.84958356814764,13.84077951335907,34.12452996894836,37.229775733947754,33.253815599533084,28.697007238082456,8.661945474424419,15.708762192871571,40.14428029601096,72.6864538192749,57.68816328048706,28.693620807602034,45.44039206792831,62.353253984394414,17.597209621536255,12.610266391034946
2024-02-10,14.381496836756572,43.35184862422943,25.03059990416436,69.25085926322937,127.98679555420874,13.689171457683562,33.7252021984291,37.26338409423828,32.97883974169922,28.993165616524742,8.639582488404862,15.722050345552224,40.033690525817875,72.91586208343506,57.73870897293091,27.9111931164885,46.10628635593414,62.408054113078784,17.734554222873687,12.506286901934507
2024-02-11,14.293854450740545,42.78256051775322,25.19991122736039,69.88350625076293,128.00706512000085,13.29043907249451,32.72840484575271,37.75639928283691,32.919892420166015,28.74948886525941,8.527881460211155,15.74502707983123,39.28436448898316,73.41644668579102,57.73755226135254,27.302923261180855,43.41942518038845,60.61528267396545,17.749312873206136,12.20613588636898
2024-02-12,14.189309956717816,42.16212791567116,25.54810781223965,70.1911765914917,134.41814952537345,13.153150844226838,33.39301537582397,37.376827239990234,33.694045684387206,28.875632192043827,8.427783621342009,15.849133149833195,40.17925960457611,72.39560743331909,59.213144302368164,27.47410790377365,44.57248976769448,60.762098281173714,17.752864612716294,12.303156583641014
2024-02-13,14.562819436136277,41.856123322848696,25.685045830965468,66.41601003787994,137.57107358992195,13.18706181432724,33.42356998729706,37.50479560852051,34.12231322032287,29.206452044205662,8.43695080955914,15.679121150058965,39.47916575775147,72.73005284500123,59.59200639724731,27.74629380596599,44.87218206378937,62.67905237712489,17.698421932452504,12.346306867159367
2024-02-14,14.195997316094513,41.669994253060906,24.700669031387502,69.60994148254395,139.47877066264343,13.175309172649385,34.1640426235199,35.62215418624878,34.21796402693298,29.132138768348693,8.484095502967774,15.670322642019993,39.49360028457642,74.2234519958496,60.01117115020752,27.473862650866554,45.01051083855629,63.05970927809509,17.605603139920465,12.895110201324464
2024-02-15,14.47038086151749,41.61948218791122,24.85620623846433,69.18269517402649,141.4614375511551,13.18066428937912,35.17590393810272,37.67929092407227,34.393631010341025,27.99321244092035,8.55322249783764,15.833608333516954,39.236282148742674,74.97910079956054,60.31159629821777,27.402603475429142,45.097743358167314,63.757232451288274,17.673165118158074,12.923692109235763
2024-02-16,14.560984614380732,42.52729707952737,24.757848431663987,67.34848369216918,141.09657985136948,13.271174101377412,35.71287231445312,37.74406879425049,34.223643789230344,27.800150555863425,8.404313111320498,16.532472546604378,39.510327083427434,74.11903917503356,59.80851293849945,26.99503418120178,45.44217856693268,60.27534138393401,17.75088294239044,12.85337790570259
2024-02-17,14.503337055851649,42.09187357606888,24.028073676907624,68.1030674955368,140.37385855510215,12.745401627948763,36.12819290161133,36.43664703369141,34.480630473670345,28.201496160407064,8.361700463493348,15.93755625507993,39.51771376487733,73.66871342203616,59.648168277740474,27.86380072019749,44.58638743972779,63.16597908464347,18.626368252560766,12.979817460823059
2024-02-18,14.079867317642211,45.22903828102112,24.12416999919741,68.10889882152557,139.35403837339268,12.680869405448915,35.59038543701172,37.044029235839844,34.65466050628234,27.342922994804862,8.257358152719387,15.256301101115827,38.8502133782959,72.61904937915801,59.27495584487915,27.55602837293244,43.81316986083984,62.77141999082882,18.396393213546755,12.398425827026367
2024-02-19,14.060768713509718,44.700665432968144,24.70037125683849,66.19623977458193,140.19572754259823,12.455534714069367,37.14284133911133,36.50094509124756,35.63084967846327,28.370581534811095,8.82770239984131,15.05037500843283,38.101891342163086,74.26099935207367,60.471932888031006,27.902672964797972,47.288527502059935,63.84944280847806,19.00228367564392,12.893341827392577
2024-02-20,13.843194311037884,43.63250829620361,24.64196435098686,66.86829966176833,145.0507695514755,12.094097488975525,37.89136811542511,35.994944857406615,35.80305421931936,28.568483440422103,9.03145229007797,15.565933817348098,40.2411226736412,72.32011947840496,60.35292604923248,27.728134431976315,47.517838096618654,63.77994570186721,18.994070811080935,12.77689009666443
2024-02-21,14.200696175468446,44.104774085998535,24.800586270440707,67.71669458883247,151.03476905822754,12.133893340873717,37.04974468231201,36.24436719703674,37.018907141451365,28.642855855574222,8.863336866814043,15.392343470650221,39.351427298927305,72.83467771162749,59.88308980884075,29.05932985367203,47.65078805654525,63.2613634658432,19.457979919052125,12.775142290306091
2024-02-22,14.299720880790709,44.13074100494384,25.49292648148331,68.81853821491241,148.3707705068779,12.172506401578902,36.814771499633785,37.752906799316406,36.48672659687805,28.776774714675504,8.852978864341736,16.14862149941365,42.22468428122022,73.01628467888831,60.39309750795364,28.83740812110901,47.872848616132735,60.29200429801941,19.989141261065143,12.616241092681884
2024-02-23,14.17485923197174,43.37246706725121,26.450279083232456,68.78221351249694,152.2765640258789,12.576359418846131,37.92677307128906,36.674965095520015,37.660667511467516,32.037409000425335,8.858270304276582,16.090218536979673,38.252889990949626,77.38383213054658,61.549936008453365,29.48027934576416,48.64715963745117,60.534095764160156,20.802564547192613,12.668226319885253
2024-02-24,13.72671195401542,44.2510656122303,28.285112162954807,67.64031937405358,150.8175485916138,11.973666982269288,36.45012668609619,37.26656788229942,36.96392411457138,32.77724000315666,9.471866704376222,16.310769666258317,38.44575189291001,78.44800291826247,61.842330007553095,28.015384742975233,47.575991306304935,59.072126134872434,19.646077605674744,12.797207540793458
2024-02-25,14.495110695051153,44.27241986849785,27.954288709609507,67.90736660761642,152.60801582336424,11.951156382179262,36.76875801086426,37.183183764810565,36.98925435447693,32.55665745317459,9.333369448769187,16.106117042395706,38.51461793518066,78.75105335969924,62.715909536361686,29.363883824556392,49.19578805065155,58.71780882777214,21.08346656163025,12.463600497974396
2024-02-26,14.428912509146885,43.882550723075866,27.908407870752807,68.46142643794556,152.42163276672363,11.917829137802125,37.018022981643675,38.125127574920654,37.24008317221069,32.36616499156951,9.789084500960424,16.47979244089874,37.8984346794362,78.60193802370071,64.91624592796326,27.41442332267761,49.19994841861725,58.185791502838605,22.040581260498048,12.64652613812542
2024-02-27,14.165102336883544,44.23635985851288,28.05992582845688,68.92293019111632,152.00687039405824,11.915699899864197,36.923883401870725,37.82725960922241,37.18602082205201,32.929238508224486,9.98011488628935,16.30627700317383,38.482784059110266,79.1894685344696,65.17027431827546,29.108650230663297,48.27819935817718,59.11398466300964,22.068704922043302,12.557773866653442
2024-02-28,14.384746099342346,44.91339798545837,28.250670003890992,67.49468843060302,144.3759136791229,11.922669277954101,36.16255091629028,37.21685787200928,37.30565047055053,32.57151840894699,10.077985529914857,16.31496912734985,37.36434757032394,76.09126782417297,62.692608158111575,28.768342073822023,49.3130177192688,63.2374401906133,20.621730099105836,12.65297741012573
2024-02-29,14.148496571302411,44.72382313013077,27.904540808115,68.42933285270689,141.58625707957077,12.174827784347535,36.128109608459475,36.09000104370117,37.67039118343872,31.428687450599664,10.075218556817093,15.9442671128009,38.4497074098587,76.07249060153961,63.87463996696472,28.761989340019223,49.06945230960846,62.51286961669922,21.298898949829102,12.616479602813719
2024-03-01,14.512253116744995,47.92960171794891,28.325504314899444,71.38104103736114,143.19382796974182,12.082246298217772,34.68806122947693,35.68660923016547,37.39805840135193,30.7892832229557,10.215384994586492,15.925941323516632,36.868986565420386,74.85097364426994,64.3341452035904,28.78788940200806,48.0235969060421,63.134049941207884,20.51011604347229,11.949229675533772
2024-03-02,14.151711880313874,47.43183093738556,28.274201587364672,75.03084350585938,137.8346213800029,12.683179448305703,34.59818328347454,36.32040915584564,37.362687404891965,31.503523784923548,10.042724697342686,16.918050475891114,41.776127336985056,74.01826309239004,64.74156632137299,28.1886393335305,47.273176805019375,61.05720637808555,21.41607026832962,12.507589619642257
2024-03-03,13.958294033432006,47.15957539844513,28.473063131074905,73.69883728027344,138.20838389991673,12.385598230891226,34.460038232592204,36.40255803108215,37.373750862533576,30.50615154815483,10.1635529287641,17.197503840320888,40.52668340151671,77.72471218740463,65.03530091571808,28.156830770627632,47.99503071784973,61.04011500412056,21.11067197335052,12.444849598342895
2024-03-04,14.018438232421875,47.145488548278806,28.47964501456976,73.53325714111328,139.67486257876214,12.300910978923797,34.13982601333809,36.77022957372665,37.339057302429204,30.412587508234978,9.973262089304516,16.557759145179748,41.714723238910665,79.80202973556518,65.78124290084838,27.918046777290343,47.734069816589354,60.20856014941406,20.93448844413185,12.266640911899566
2024-03-05,14.130085421596528,46.31186239528656,28.61529092878039,74.65734107971191,141.27104152091215,12.292652468559265,34.75599076086044,37.28441530666351,36.87914465332032,29.27453122714061,9.837063352033018,16.566303261108395,41.116602172851564,75.34351414232253,66.1694572134018,27.651630378341675,47.80676701927185,60.79602595282471,21.168550663038253,12.329791125297547
2024-03-06,14.267057878049794,46.269642162322995,28.581902212142943,73.00737695846558,150.1472473433304,12.158335759735106,34.240730902964394,37.81849081039429,37.37272869525147,30.99547886016511,10.078913994788872,16.923997754421613,41.51438275485993,74.53330097470094,65.78390498625754,28.084172200102614,47.10588619760513,63.2052526309346,21.377640792274473,11.938044477572824
2024-03-07,14.05822958475935,44.2900518391335,28.120471650574206,73.78084568023682,148.23438097171783,12.254790101457594,34.190075444289775,37.74109045028686,37.68033176025719,30.961737616972442,10.038569072403117,16.681719188690185,41.256282337188715,75.99491507005692,64.3112912628951,28.419801750183105,48.57972746526718,63.15092872898483,21.303354046440123,11.90292273378372
2024-03-08,14.06019259876385,43.95411061873734,27.8947458370471,74.18082427978516,144.78527560659026,12.162928043746948,34.00064192673539,36.5346448959732,35.7202033996582,31.61858159402847,10.086813669889727,16.3692063547467,38.93896727697373,70.99224246681224,63.50661510658264,29.00242541594696,48.54845686197281,62.46095479019165,21.831417568473814,11.85274187965393
2024-03-09,13.95559879361904,43.777526453501075,28.460249442100523,73.77308967590332,152.21047897338866,11.986943837070463,34.25970219829445,37.57414179611206,35.24873428344726,31.21813102462406,10.576011023673836,16.30523024949646,38.57206313948078,71.10735770544872,66.35884597280501,28.81067534206009,48.457800001144406,62.7020620052948,20.92771641166878,11.872439022064208
2024-03-10,13.779602512595673,45.31568423054122,28.691112205982208,74.9567813873291,150.85993080139158,12.051758514452933,35.06824466070557,37.338198334693914,35.07966945648193,31.244284810363197,10.460672950353608,16.186505080192564,38.58788610984817,70.95019725478166,66.34006523540496,28.461310315441136,47.82278223037719,60.6025274816478,20.93019631419754,11.768631038665772
2024-03-11,13.79327623207941,43.82286678379862,28.53839824318886,74.77556996612549,152.70558128356933,11.974609146881104,35.14053985331726,38.04335115432739,35.354938430786135,31.182575596955676,10.237134627691372,16.502195632713317,41.92615831465519,73.27441518620695,65.56505841636658,28.50254832023621,47.51959362030029,60.6677022304445,20.909865972862242,11.573419094085693
2024-03-12,13.541105438232423,44.899580252609255,28.33899641093731,74.67634986877441,151.747445022583,11.987236901664735,35.12451055373383,37.83532318725586,34.549825870513914,31.26507272972946,10.199806016285182,16.53729332050323,41.39143037496186,73.44611660970865,66.09089183807373,28.23836543312073,47.30227196931839,62.625916555526736,21.795913466262817,11.66261833190918
2024-03-13,13.760878324207306,44.597518501653674,28.72143301963806,74.7865219116211,143.85806529407498,11.874052472962417,36.58971680748825,38.068358697509765,34.53556127357483,31.80955321912765,10.26922491409938,16.725732728572996,41.325166307876586,76.52863838573455,65.31595451545715,28.464804370880127,46.54561178684234,62.83607815722656,21.62461626802826,11.92993052482605
2024-03-14,13.842265905140247,43.476114835309986,27.33583686711788,73.80386856079102,136.5609127198906,12.004708729795189,36.996096020507814,38.57699203491211,35.841651916503906,32.83266752019882,10.207421930368682,16.761805265830077,41.04309317779541,75.95401702018317,64.78077929019928,28.666789498901366,46.06038351631164,61.35471499328613,21.933239272651633,11.951880923013688
2024-03-15,13.525907090377807,43.40071049683571,26.79301683972144,73.91270874023438,142.52158607482912,12.030590863471986,36.99090641098022,36.87327611732483,35.79999923706055,30.664184252014326,10.052383847210873,16.938341091502586,41.70543658781433,76.42071081459045,64.46600417733193,28.315315017700197,44.39087849053859,61.31981926194763,20.955318301640744,11.782318403063679
2024-03-16,13.648834298381766,43.4359539930439,28.985080801963807,73.8483487701416,144.57856798553468,11.960595968494122,36.000816535186765,37.45011434555054,34.78479051589966,31.30825756468534,10.08933586050315,16.831639770305557,41.78952558602142,78.8762126715088,64.92478962135314,28.743324696613307,45.85707919153076,61.036566686828614,20.920028520320894,12.044669245319366
2024-03-17,13.600413770893136,46.9305214426593,28.80001193332672,73.62606857299805,147.1944153556824,11.876773037035125,35.94755415725708,37.327545188426974,34.719352626800536,31.616884508457186,10.2043055899147,16.809637988182985,43.41070922577668,80.63729496002198,63.96613689422607,28.829253094865795,46.22180918197847,62.60949597928712,20.91291769828034,11.874088008029938
2024-03-18,13.851519086545945,46.75622007179272,28.69830031299591,72.19218795776366,146.15662317466735,11.80794292473793,36.2380350112915,37.47283945083618,34.57629232406616,33.58186908519745,10.33430932238879,16.762778432354047,43.68120801202159,80.62357807159424,63.73300037384033,28.905204711005,46.500479827542115,64.63691665970573,21.405407050780155,11.263233265139293
2024-03-19,13.488423434520723,46.62681940422111,28.130273801808357,71.49485980453491,143.55909675985336,12.236740330867768,37.41082735748291,36.72228627925872,33.70879075819015,33.19596466321563,10.247991144793822,16.5386267293396,42.640126648509984,80.05564280319213,62.59123239326477,28.314213919910433,46.02549374454975,64.47776210649353,21.611518438121795,11.32601981241474
2024-03-20,13.909852649516486,44.28701465148926,28.4603499103117,71.27700897216796,151.17138748168944,12.105878047721857,37.587941551208495,38.64288909816742,33.457153473701474,33.06380973815918,9.899900818550963,17.066366768935143,43.66513377541351,80.6654511423111,61.967037835121154,28.56976959333801,47.08735140851498,63.62996672391103,21.765422552244186,11.165913630617808
2024-03-21,13.803217696718539,45.708873239902545,28.10449167537689,71.50065993772888,146.58500747680662,12.112245018366693,37.95913314819336,36.89402279949188,33.4292388284111,32.95072937250137,9.961144533005315,17.597018882999265,42.98438132995605,80.2194356918335,61.72880528277397,28.384494573779467,46.358111313343045,61.2053673521112,21.81544309751461,11.034089824549483
2024-03-22,13.827795818015497,46.53086172853089,28.007007082700728,74.85453018188477,145.01130025863648,12.316394352883957,37.85445384979248,36.405956525387765,36.383868148793475,32.67046365888118,9.7545848592453,16.98522127471836,43.54290752334595,80.58156292247772,62.479519271850585,28.60050817955017,46.08698205554008,62.515839481171874,21.68811799778938,11.524187104555434
2024-03-23,13.859499387979302,45.948482528686526,28.19519936884403,72.16985343933105,149.5785919189453,12.080225887996672,37.44671733283997,38.70143832550049,34.873369316482545,32.97896048069,9.742690403614654,16.97066024860382,43.40806082611084,81.20413726615905,61.893101404924394,28.739589369021264,47.48264910942077,62.104426850692754,22.42539520339966,12.213512298900605
2024-03-24,13.814284826534422,46.09886412506104,26.724880041830062,72.07009208679199,151.49462699890137,11.967245199609062,37.09649923788071,38.978521741836545,34.87900278654671,33.920648860931394,9.750313375458788,16.70418371574783,43.654960794067385,81.50250034332275,61.37324794292077,28.73402903562916,46.93065993556852,62.60431864187576,22.810372247314454,12.066570119476317
2024-03-25,14.073623526082462,45.24127853393555,27.52159311926293,71.17884887695313,151.9276165008545,12.010798841026084,37.741595685768125,39.590413634536745,34.21010336656243,32.78953101396561,9.713471898867402,16.48045889345695,43.49450697901154,81.5394109725952,61.00495336704168,29.23139223843487,46.71709333203949,62.0209777551416,21.660369600677488,11.983134340667723
2024-03-26,13.853269159938813,45.27926239013672,27.64885287794566,70.92128059387207,150.40782483673095,11.797577956067734,37.82441092071533,39.18912333526611,34.942311292905806,34.6221934929657,9.54244479690994,17.029440536499024,43.75458520230102,80.54650842475891,61.500239641695494,28.643259215927124,46.0875611440484,61.81953053037162,21.438271297073364,11.989318608379364
2024-03-27,14.00265443854534,45.513619319915776,27.037360083346364,71.8432388305664,149.84438430404663,11.782683075025117,37.78085947036743,38.14802706465706,35.33769551410675,35.07960608139038,9.631393585760545,17.09211831550598,44.22640121611667,80.146326461792,61.62797078381538,28.881307258449553,45.805694421830175,62.43887731373265,21.545960412597655,11.9559161195755
2024-03-28,13.868029317584838,45.66758891601563,28.20037519131317,71.09223937988281,148.48204518848416,11.82095342675718,37.5795468366909,38.077342635749815,34.92053122587203,35.67444638856124,9.544257540932119,17.486998944789104,44.23943785372924,80.20980262756348,58.2715788974533,28.803237630844116,46.87080335712432,63.274626679231204,21.536809715652463,11.992401580810547
2024-03-29,14.071204668232383,45.419466476440434,29.666947976589203,70.30531768798828,145.41841110485856,11.829914864112855,37.65691367916298,39.96993267457581,34.582558988763715,33.46674750137329,9.603273841194877,17.925867622246738,43.80372358596427,79.30847838592528,59.603071165466304,29.56959829548832,45.713031007289885,62.318539830425266,22.065112852512357,11.828248469244004
2024-03-30,13.940387234364854,46.441410026550294,29.586126381397246,70.80387878417969,147.54729079055787,11.807923923408508,38.07116191749572,40.12863717274476,35.322925100326536,33.83161777496338,9.779886637791892,18.205526541396473,45.27279673977311,78.49288742620467,60.4664147898674,29.415072166637415,46.56050126838684,63.73023694893129,22.184270382339474,11.856562111949922
2024-03-31,13.89112854778244,46.690247435760504,28.500671379089354,71.43717956542969,146.71857441329956,11.7799307268219,39.75895777983857,39.6596087004776,35.45213071346283,33.75387314414978,9.917229839504865,18.166881768315264,44.038750764609645,78.28734997564315,58.9573690007801,29.152177481460573,47.29881857795715,62.34596176400894,21.810699699588774,11.81372272491455
2024-04-01,13.901736076373291,44.87464148760223,28.208148282051088,71.46729278564453,146.16680603027342,11.812614810585023,39.68782858221027,39.83417249501107,36.809607658386234,35.87232891595459,9.75955989628336,17.607449748561876,42.982821770899314,81.52644412777003,61.48961689866256,28.479160766601563,46.39688529930115,62.63106615490997,21.656993976699827,11.889275856018067
2024-04-02,13.822821431603623,44.66601050379181,28.16296192073822,70.37130157470703,138.34883455581664,12.00257516564701,39.4916209774966,38.53395511420261,36.04451942463684,35.944719922305566,9.704730834879479,16.997935958862303,41.72976511230469,80.58741502265683,62.382220459373805,28.728449647521973,46.99511880111694,61.868148737388616,21.24524801673889,11.728306209182739
2024-04-03,13.674121074144114,44.01531654052734,26.831846786071868,70.63011169433594,143.04782966423036,11.990119060286862,38.51066418360901,37.052759800621025,35.73421586608887,35.281838751918414,9.83836191412285,17.620031559482577,41.31500334777832,78.05368726158142,66.52353562831878,28.549027404785157,45.94530932950973,62.90068076788832,21.65005041125107,11.8283221244812
2024-04-04,13.273888006175994,44.2655274307251,28.477488537082667,68.56371995468139,145.8663512763977,12.218478787660432,39.67791385765686,37.31486557779694,35.87242869415283,32.883517619832304,9.811727056734604,17.093330904006958,41.31098442077637,77.52433447608948,68.08232263286591,28.90951984176636,45.52529461669921,62.36365971295166,21.11151143952942,11.675451952743531
2024-04-05,13.705416474586487,44.43029658966064,28.243925222396847,68.19356374584962,150.90326843261718,12.188819725708008,37.94731249980926,37.770429990707015,36.052316207885745,33.46071247959137,9.836930038143082,17.40533752421951,42.55462958068165,79.61441230773926,67.85933391712189,29.21369800069428,44.28290552553176,61.746953180488596,20.647569575832367,12.186831741142273
2024-04-06,13.59144298725128,44.81202550843048,27.825866143255233,68.21961385123443,149.3489160118103,12.064494847492217,37.599309829330444,38.01444075627136,36.096458435058594,32.750765478286745,9.899588941820584,17.34583884086609,41.815819886352536,78.41645135307313,66.8674963874817,29.032895157623294,42.46173154312134,62.88428782665641,20.718725603485108,11.835109195709228
2024-04-07,13.51354411754608,44.07678140769196,27.650184818115232,69.53018172225953,148.41363860321044,11.873682035373688,37.144456749343874,38.421166420829316,36.078147888183594,32.027779184618,10.219286972418857,17.03221080239868,40.96147679166412,78.34390589904785,65.91176839256286,28.852542170333862,42.10117157112121,62.9543231722657,20.309784022521974,11.818848075866699
2024-04-08,13.549186355781554,43.59964810384369,27.133915660857006,68.14138537559509,148.80390089035035,12.244135992141722,37.06212496948242,38.81164601011916,35.79510498046875,32.07672483140945,10.13431612016353,16.601806498741148,40.351022181701666,80.51631218038558,65.99005797958374,29.022954472732547,42.20639441213608,62.204105805953986,20.27299621810913,11.85582836151123
2024-04-09,13.938988448152543,43.7863105462072,28.865829277038575,68.21282180786133,149.3817459411621,12.04081887588501,39.28287827897644,38.932520657188334,34.66608568725586,32.53017029857635,10.127205970247173,16.86966389821701,40.702234222549436,76.91667222673416,65.02324463367461,29.19002084749031,41.88955815279464,61.505286088485036,20.689303461249505,11.86935110092163
2024-04-10,13.899281660556793,43.16747738822937,29.572852945804595,68.20876369476318,151.0802490234375,12.072693308967589,36.470185303316114,38.9903649221212,34.7188141090393,31.81449091029167,10.014837895297681,16.68680860947418,39.97811154549408,78.6452004032135,65.71148225784302,29.487670055362702,40.39959561747837,63.14235250068067,20.560847720718385,11.85918117195331
2024-04-11,14.44475144519806,42.676804902648925,30.249135971069336,67.39149765014649,148.86437630081176,12.053756966400146,38.48652120055549,40.23951516723633,34.91348402252198,31.71481584248542,9.895426758532563,16.941592374867096,40.2772265215995,78.82248516082764,67.11195726150511,29.466941615043638,40.73774150857543,61.420915619362795,20.834585533630374,11.896694077205657
2024-04-12,14.140040073394776,42.51908228988648,29.707677726745604,67.47600264587402,147.99436108016965,12.21512412588501,39.367491447395324,39.606123275756836,35.77352258682251,32.45069790527988,9.664329546960948,17.258487915475616,40.094539758991246,78.6028779258728,66.41364109851837,29.14915396728515,43.15684656652508,62.291318047818834,20.700404502696987,11.796684391021728
2024-04-13,14.395838382808686,44.01660957118217,29.687222776412963,67.91889289855958,149.6860210418701,12.516835114502335,39.08431900512165,39.82034145991516,35.206589241027835,32.55449777297974,9.819968190455766,17.181512344047547,39.69911257745361,80.7427677154541,64.7559399690628,29.501353694211616,41.63262745845795,60.841713979584505,21.065370706237793,12.036122712793349
2024-04-14,14.261682395170212,45.18211561530304,30.006254196166992,67.41918731689454,156.82993125915527,12.580418107336575,38.616352035892405,40.43045453572917,34.26621487159729,33.20534098720551,10.04521951761729,17.220011799209978,40.61177638728333,82.36596508026123,64.38053759479523,29.147489109420775,45.84391610488892,61.62426766524216,20.787159704593964,12.09788215828514
2024-04-15,13.86912843802929,45.653660520763324,29.901702880859375,67.29714431762696,155.57782437515257,12.533731064157486,39.323441286472104,38.440284729003906,34.858462219238284,33.07911634254456,10.169311075418381,17.502863381267794,40.405639318725584,82.09501934051514,63.524353408813475,29.090140062332154,46.89853458404541,61.53397935687172,20.112421990882872,12.560222735552788
2024-04-16,13.604410794530866,44.27255790710449,29.16374307632446,67.35520500183105,152.02032169761713,12.093789935302732,38.44809680241687,38.81491815032959,34.2836697687149,32.85391248321533,9.581669717556952,17.262485123012407,39.41933453063965,79.50844785690308,61.60003997394561,28.84757685699463,45.68711174011231,60.690004229896545,19.33992290725708,12.572801283399581
2024-04-17,13.719182682037355,44.87063539581299,28.84868625640869,66.86073326568604,150.7949170701639,12.102071847915647,38.07396542196956,38.200088944816585,34.94053499221802,32.71232202132225,9.826232308713912,16.95362357616211,37.880866784420014,81.41886010831833,62.33267523276328,28.99525234680176,45.69685969619751,60.62182920909119,19.855679327201845,12.63258690128517
2024-04-18,14.167100000953676,44.830677644439696,29.417448043823242,67.41307685852051,153.41807455444336,12.049418606758117,37.06312626514434,38.48500442504883,34.86315471096039,32.731591822886465,9.829870910310746,17.216656533280634,38.79340472888947,81.6396273910904,63.505533599853514,29.396310445335388,47.40669250488281,62.77217758092498,20.482588167279513,12.885840637016296
2024-04-19,13.832884507369995,42.84671401977539,29.62256645202637,68.22251379547119,153.47566316986084,12.375568686023712,36.111906546020506,38.42199981689453,35.03121253967285,33.00381215000152,10.02075549528694,17.03670810382484,37.90322772789002,81.93523026952744,63.12102928161621,29.9280359930349,46.24718475341797,61.532593135070805,19.8306558273745,12.65662923669815
2024-04-20,13.898516287994385,44.45062542682457,28.751796800422667,68.65163391494751,151.35281513236995,12.052197612762452,34.6704284519577,38.57246325442886,35.139410705566405,32.20088603353501,10.090647523550034,17.203777068112355,36.844148023939134,82.56499918962479,63.10771832084656,29.485096935287476,45.342943382263186,61.40207084655762,19.1017115946579,12.455388921572684
2024-04-21,14.188931058883668,44.18725321606063,28.942051152420046,68.72577439498902,154.11243713378906,11.883404050254821,35.80095662598037,37.85844383239746,34.99482000160218,32.519654116630555,10.125993802917481,17.045447182344706,37.35712760018349,83.93851984920501,63.742349281311036,29.796004384140016,46.65177864074707,64.70514152870018,19.715119776672367,12.553548386764525
2024-04-22,14.548358036247254,43.703436288070684,28.322489812705992,68.5210595375061,154.40615380096438,11.811410576820373,36.511728347127914,37.01213960723877,34.91814126434326,32.28304893362045,10.102433428722383,16.667692666534425,37.38861756322861,82.48827745781364,63.68334672546386,29.673366079216006,46.900570220947266,64.94180737655869,20.02875588233185,12.198935939917373
2024-04-23,14.548257617588883,44.12663606071472,28.49179784889221,68.44877840423584,149.24176300190507,11.926034812494278,37.39748565673828,38.05331802368164,35.128685302734375,32.10311658185005,10.095165755653381,16.844961870630335,37.61318189048767,85.26402917289734,63.679502574920654,29.864366475752337,47.87015914916992,65.53125674179705,20.41454836376106,12.273697608919258
2024-04-24,13.658547109319686,43.86287507921219,27.657800216674804,69.09169464111328,151.96204261779783,12.00819937362671,34.7190147619558,38.419894274894716,33.758387910663984,31.605131607685088,10.41355663166046,16.92895882013889,37.755405355814545,81.87695407844467,62.05337057944078,28.40957897037506,46.74913810729981,65.24904760345746,20.047045895174104,12.693110123062134
2024-04-25,14.063404337625503,45.31196573753357,27.65619140625,67.25667432582091,141.07500270212174,11.568079628139497,34.721459968652916,37.90424500350952,33.49445825197849,30.415590130462647,10.255615887514114,17.290436609087152,37.69359008560181,83.81859061511993,63.4075252418518,27.789349774932862,47.610748291015625,64.51957714794709,19.971405034881595,12.740356599703789
2024-04-26,13.883542013568878,46.54810947114487,27.395074176120758,66.03706283569336,135.52798986660002,11.827199247379301,34.50614374142819,37.66725340576172,33.855147949218754,30.861373540878294,10.105151420276641,16.721977722396026,35.85969513702393,79.01258351406096,62.77428345429382,28.69598555962372,46.480040016174314,63.935289314012614,20.833420791107482,13.017033508872986
2024-04-27,13.300893889617921,42.34915699739456,26.794288106306073,65.51536940002441,129.9836548347473,11.766333572530744,35.650895158767696,38.27284432865523,33.53157493890381,29.711833766848653,10.160460586547853,17.121236842420917,35.526554250526424,79.25129259624481,63.51551645184516,28.41660763549805,46.37936019897461,63.218338478393555,20.875134125404358,13.219262754249574
2024-04-28,13.224500376319886,44.05094698905945,26.589956441408155,65.95071374796295,127.9086079679489,11.676653472673415,34.915833924293516,38.088670017768855,33.196962734221,29.846225257964484,9.890319095230103,16.847226670531303,35.311396910751334,78.46968017228335,62.14254947697686,27.541320038223265,45.39296550750733,62.26197312314987,20.934105815437317,13.24243794948864
2024-04-29,13.141695073699951,44.76371772766113,25.899180348638964,65.83240929707337,125.72883714351651,11.486172120477676,34.85713698577881,37.19425564270019,33.058922364078484,29.457064046897184,9.680482654060365,16.4966798540659,38.394823893635845,77.766511820854,63.19633887276649,27.78608974685669,45.21046432495117,60.47079931755065,21.155047303230287,13.345561235627175
2024-04-30,13.353023011493681,44.80383137626647,26.526461470191478,64.30276452716846,120.80756354941748,11.52843115862274,34.94612317943573,37.21503966407776,34.04730120735169,29.338432662397746,9.592731711254121,16.625183061275028,38.50700189401531,78.13019581757068,62.592096479129786,27.76349714412689,45.25816772460937,60.650237960815424,20.68090852625656,13.298362451245307
2024-05-01,13.177613574645996,44.65965713653564,27.241827099609374,64.60044884742851,119.948644146183,11.549853364814757,35.49476222991943,37.13934124717712,34.09059705276489,29.974060764463516,9.582708234176637,16.755731105926362,38.58827327838277,78.21384615279464,60.99758353067493,27.736397752189635,45.14698251724243,60.906943109893795,20.368554954528808,13.293101059095383
2024-05-02,13.185108029937743,44.60081274261474,27.31667607936859,64.32808438998927,119.3014382893238,11.578815497783658,36.54304122924805,37.20136483383178,34.031451365661624,29.96615279539618,9.294276275634765,16.881802458437253,38.71518833576173,78.17667061966266,61.443762176865576,27.791468565559384,44.28328045034408,61.135141106414785,20.531165313720702,13.260641537761689
2024-05-03,13.1937983253479,44.48500487937927,27.737694720077513,61.44936658558634,117.59422059744168,11.758532718300534,36.14146811656952,37.59025491200637,34.183512898063654,31.951743594045638,8.970534066747266,17.120435443052404,39.7288812837181,79.09149201541899,62.27701369117356,28.019832189027785,44.91885069575786,61.75965636972427,20.63808992729187,13.46097354812622
2024-05-04,13.38709960722828,44.79452357588195,26.77315964412689,61.814954849597164,118.78840413440533,11.43390626922718,35.61972854194641,37.033341522216794,33.7861861278534,32.32445812225342,9.26466539706993,16.48756600735954,39.28884017944336,79.73812012471846,61.59601550354257,28.055662512331008,44.997688116073604,59.013393754577635,20.326960608673094,13.438054294586182
2024-05-05,13.45604000083923,45.15386949028015,26.629393970489502,61.773403972164914,118.63734292018448,11.484341885152359,36.024544143676756,36.99338493347168,34.307383346557614,31.185628028869626,9.2015184806633,16.533331194615407,39.29634590148926,78.46880810758552,62.34525373534435,28.02655358734131,43.04351369052887,60.626173670619956,20.537942865943904,13.441770267486572
2024-05-06,13.354383504595758,45.33191197080231,26.46558839893341,61.63713705191344,117.34182851450936,11.469692086596678,37.54124888780594,37.13051902770996,34.6194843963623,30.919010424041748,9.047405410572052,16.98840993223572,38.50901628112793,72.5804142547867,62.55187424306591,28.162921156311036,42.051768703022,60.69670008667373,20.650829625892637,13.615097599029541
2024-05-07,13.123836708068849,43.45545844528198,25.39778137035284,62.933328301277164,117.67603973392295,11.389860844081879,36.74241600036621,37.10734039306641,33.90720278549195,31.226082960010533,8.51714933637248,17.008517585723876,38.66846629788208,72.01325278814596,62.297584680576655,27.90428821563721,41.48993236697788,60.28343292949676,20.597063140869142,13.476198098075866
2024-05-08,13.326979493522643,44.178406539591066,27.686238808616636,62.45530334935797,113.57838940283757,11.525885448798523,38.27076439132691,36.33327833679199,35.13523483276367,31.407144624423974,9.138613754659652,17.069117589676893,39.04742726877525,74.54388339672089,61.83405363140956,28.149160607528685,45.11335680768585,60.27906056080628,21.271473977645872,13.365640227108392
2024-05-09,13.142865600585937,43.899303668746946,26.97752840766907,62.69412409000396,113.64893741974463,11.494328155654907,37.60847282409668,36.21138176879883,33.836660118038175,31.18050092111206,8.702469633696554,17.09490132255947,37.74496233673096,71.73765426996516,62.2324895905323,28.1105827331543,44.0872949149704,59.64380110015869,20.371181810943604,13.009292827033997
2024-05-10,13.262709890556337,43.79170204060364,27.344388510131836,65.84072766194915,115.43508755858515,11.498677916519165,36.88335815089417,36.230072138076785,33.923361342618826,30.97484873542786,9.252773917537308,17.203526875138774,38.24316100163269,70.79433432520729,62.223610279721534,27.297784155899045,43.32500083321381,60.215270484375,20.22036849975586,13.564364092063904
2024-05-11,13.273927793312073,45.7833859284439,27.386320555114747,68.76416152954101,115.62073265080517,11.683680384714203,36.9044418548584,36.3691006072998,34.97342407226562,31.67188349624633,8.520196457036743,17.138922358241132,38.22839994049072,72.0734539614735,62.346093267666305,27.203434941101076,43.076159509277346,62.30543052520753,20.92336944580078,13.490661666870116
2024-05-12,12.970268626951217,45.92869573197555,27.454740367126465,68.57756828308105,116.5844338507993,11.727038595727043,37.55417877864075,36.498138832855226,34.94355251312256,32.4555156425635,8.276931105318337,17.16849204030659,38.2027311882019,71.3327134348816,62.14871444095209,27.215840938568117,44.54666084518433,63.730101495484824,21.159013710021974,13.053456595315932
2024-05-13,13.086407049539565,44.681973644256594,27.383186030960083,68.23593658447265,123.45604366916655,11.702224717247773,37.714405142108916,36.68581775894165,34.5145955657959,32.500040279177625,8.274610740537495,17.118869782334897,37.88353057250977,70.70984188119682,61.52247793251351,27.201866735458374,45.22244236221314,63.06861111405944,20.94029914855957,13.3806558598423
2024-05-14,12.956453688240051,44.431332410430905,27.821797693622585,67.32179650497436,130.51702651977538,11.604940983959198,37.80566808668517,36.77579615249633,34.00218480959129,32.54986376348613,8.410674678132114,16.930954266929625,38.24117113549804,71.90864943009281,61.29689055779457,27.215380478668212,46.298798591377256,62.39539092292785,20.76264621734619,13.528537603855131
2024-05-15,13.093481928999195,43.64511611938477,28.15521732083679,68.1041153717041,125.73040082416533,11.742553223650473,38.177170369600745,37.2145336301651,34.35097710971832,33.481953137248986,9.015534419380863,17.08744103072113,38.329865034645074,72.56434920023631,60.11675272681921,27.71950384298195,46.30716975235748,62.920301695598596,20.87030778465271,13.088264446001128
2024-05-16,13.042663349613191,43.356106786582956,28.271281237805212,66.67676284790039,123.04076221425818,11.886764921634635,37.1403898109436,37.604997209037776,33.85519976348877,33.29690657157897,9.117341729942321,16.946906364372254,38.312337439842224,72.2204540234053,59.389178524203096,27.72351830260849,46.90236082285308,62.94894562486267,20.704786244201664,13.373999525540553
2024-05-17,12.890827773284911,42.77400345840454,27.52684008407593,67.42390441894531,120.69377294492338,12.20567401978672,37.92780533933258,37.32297348403931,33.223941071342466,32.452327766418456,9.426541394303609,16.432170789212265,37.817737646484375,72.22897751370905,58.01717794617304,27.06920521888733,46.89748979873657,62.20193961410522,20.357218551635743,13.257759178833481
2024-05-18,12.679682376480102,43.446805799880984,27.828546639278414,67.3909912109375,118.31952191986913,12.353478618621827,37.286404664611815,37.17938695246124,33.43959380264282,31.33505292778015,9.52855910623169,16.4680229163929,37.55602280731201,71.29198587906848,58.62483091681766,26.77700189552307,47.38351960301972,62.47674765815734,19.9844466864624,12.533188233775046
2024-05-19,12.424031831932068,43.683660861968995,27.88432007110977,67.35372924804688,118.00256092827378,12.55743782157898,36.88624614028931,36.731979656501764,34.54907073974609,31.21394631271362,9.508930893554192,16.334581426042554,37.15105209960937,70.74995514506703,60.60698807716369,26.5694854511261,46.716451365657356,62.98027404993438,20.267877521896363,12.777366025848597
2024-05-20,12.184901229858397,43.75100372621155,28.02181173956497,66.64800767555236,122.70807831356046,12.629277114486694,36.29531379547119,36.39733144150543,33.27919321679592,30.585384580993654,9.430018792360496,15.776331267335589,36.691973579406735,70.20067576613957,60.89758043289184,26.632689233779907,46.47129086153961,61.9328287399292,19.770959209442136,12.647200039795244
2024-05-21,12.271001569747924,44.254400937714614,27.757172580711366,65.55707611083984,128.83635063171386,12.65048752040863,37.07590247744751,36.33677013253784,32.88168143174858,30.846773305103305,9.701109839825623,15.904752796782528,36.67855985412597,70.24805815133391,59.774920806884765,26.70380764274597,45.181234975433355,61.90578941640999,19.572626924514772,12.45408239144497
2024-05-22,12.29594797556877,43.33013163974761,27.424263205718994,63.3045432472229,121.550341283226,12.846632182919311,37.29546247698212,35.91390070690155,33.59580724239349,32.378027700943,9.334503612822877,16.29780561395645,36.88539757308197,74.93929761697768,58.405582766532895,26.837896358551024,45.21810951004028,62.16405480814361,19.505136767578126,12.553863325281142
2024-05-23,12.183150916099548,45.207046239944454,28.586440705490116,62.71445744899751,118.2713517210903,12.810714054107667,37.30551375045776,37.31851791000366,33.56490412971497,31.72816761016846,9.001141049446106,16.461058479828754,36.38801343154907,73.7485830470953,61.69233879089356,27.67683448791504,45.24839324054717,61.08039891760254,19.069284896850586,12.504894168977737
2024-05-24,12.575477565736199,44.60442775457382,29.05573136690729,63.52110152435302,120.74657496643067,13.211775375452042,37.577361666071546,37.42315254505268,33.40162979078293,31.85707415251923,9.183258235888694,16.125705453571584,36.87866038953461,77.29027562141418,61.307408555603025,28.03883063774872,42.9688702597721,61.293147662420424,20.001831468658448,12.697073230955315
2024-05-25,12.634187049293518,44.77399076156616,28.687813762527465,64.60634460525513,113.4742873515415,13.260073909378052,37.87911044540405,37.258607196166984,34.36370808734894,31.698156064224243,9.57688572913742,16.0812497195549,38.563125455474854,72.505024350214,60.972622204582215,28.134282267145153,44.53882966818237,61.88805585745421,19.215365508270263,13.040681171607972
2024-05-26,12.877788847732544,44.39266360359191,28.805984317337032,65.15254412841797,116.98342190551757,13.209658190345765,37.83001419067383,37.23511131947708,34.88082326374054,32.23011926994324,9.420833556582412,16.267400958251955,38.658897145843504,75.62996507263183,57.940148992538454,28.17651086246681,45.49789509778976,62.02557842927638,19.63072005908203,13.041118817138672
2024-05-27,12.683657627105713,44.24177512779235,28.721688252639773,65.42133008766174,121.13511185646057,13.077880210876465,37.71958396911621,36.515902725219725,34.920177315902706,32.404787655258176,9.449959171076204,16.279532563018797,38.248815893554685,75.72289483451843,58.550735601425174,28.002543031150818,45.30439871339034,62.15828326850349,19.64275570850372,12.872488891379357
2024-05-28,12.83427992992401,44.6312111114502,28.85079336433411,65.54894799270629,124.7082350578308,13.272768472480776,37.767579851531984,36.76238188247681,35.27398054122925,33.4261412328646,9.502453433675996,16.54870665724182,38.73242736431122,77.09944610595703,61.21914562906265,28.285677922924513,44.88840650596618,63.87992118735395,20.12246478442955,13.018897037506104
2024-05-29,13.051154745918273,44.98606939315796,28.96784743423462,64.73530888824463,123.42913283157348,13.422324789619445,37.83567830657959,37.42437319316997,34.80225162506103,33.43034416406467,10.011948194956277,16.757487933700563,38.40573684539795,77.51736488342284,58.01587925532818,28.523889796442184,45.26780270780182,59.94665702806091,20.594543670313794,13.047094439888
2024-05-30,12.893872950553895,43.30234485626221,28.96762910099029,65.18679290771485,123.59592487621308,13.36884756088257,38.200592076873775,37.689337445823675,34.9353674697876,33.148682755411144,9.607424281394348,16.900663960608675,38.38435551095581,77.31736907958984,61.79263737716675,28.507466159202576,45.1506111110115,58.64115046405792,19.932763063430787,12.958378219287871
2024-05-31,12.947391198801041,43.233581428527835,28.926434505844114,64.62350426788329,121.99947698587417,13.522047853108404,38.47006075959778,37.021924342346196,35.06898937225342,32.668752660387035,10.173499480251541,17.304814684893497,38.6623604301567,76.49777513534546,61.07889678955078,27.859584330265047,44.974108274311064,58.95837389087677,19.41199951171875,12.985918151481629
2024-06-01,12.902763192229212,46.51490297302253,29.17012893574905,64.73651277694702,131.43825959014893,13.40327301705265,39.03438013655823,37.64781564321899,34.861343688964844,32.97817127291885,10.184439985265064,17.300181609589696,38.243093957519534,78.35352185365676,61.75403045654297,27.592998328262333,46.32262841141509,58.668088974952695,20.357227694881438,12.729323930883405
2024-06-02,13.002050550528086,46.81960314664649,29.099595404434208,64.66703867797852,132.50558853149414,13.559173629017828,38.81248679910278,37.211966548406295,34.88442459106445,33.535859756832984,10.160344300734304,16.779841453619383,38.36611165237427,77.92574492700577,61.368036346435545,27.939255866327702,45.5561193731575,61.38476993408204,20.225162426058752,12.954051721572876
2024-06-03,12.853333073043824,46.84200049314171,29.225837583160402,64.44147491273117,133.9462884979248,13.615439914661408,38.96850984713745,37.51019263864723,35.07204010009765,32.664944517932334,10.220825593083376,16.314051011009216,38.350022637176515,78.2718073704815,59.760844722747805,28.091448896883485,46.106073960960394,60.255052521772384,20.31428725053377,13.1274945230484
2024-06-04,12.861567198371887,46.89506037957756,29.254757725524904,64.47743331104277,130.88676177795412,13.520398419570924,39.06618223418426,37.091794447402954,35.109215599822996,31.837461902366634,10.338490858734826,16.60738896258545,37.68010208129883,77.82408822704315,59.80509039001465,27.943436532279968,45.09725808563232,60.9863364270401,19.962365800146102,13.369890547063923
2024-06-05,12.830746948814392,45.01578637524284,28.947451286315918,65.6060277557373,131.12706241210554,13.570395289741514,39.121874867248536,37.09771594381714,34.44321337763214,32.820954117747114,9.82619096829483,16.301887280273437,38.40699264530182,78.68296149444579,63.64246268508933,27.93168302330017,45.16033692855835,60.18185592651367,20.527540118843078,13.944436316616786
2024-06-06,12.77753583707714,45.91898806860695,29.08102858657837,63.15768848125733,129.41427433456877,13.277563369304637,38.70774690628051,36.95544440579224,35.02824911200332,32.58540692704759,9.982192917125133,17.042246229542197,37.77312887191773,76.01293025439406,64.83422643844416,28.449952826330904,45.396842308044434,59.67930240554809,19.88000977043724,13.555172768520357
2024-06-07,12.66078560256958,44.580737256729115,28.874966011047363,63.22459463676453,124.13256432366644,13.460970592493416,38.354879994964605,36.92518423631103,35.011906752828594,32.29100064970779,10.013272842281143,17.081861446708373,37.60790010910035,71.32119232968206,62.91959382215882,28.06645663419914,45.88578488616943,59.23211934814453,20.159963022711008,13.851243852383881
2024-06-08,12.647284427261352,45.69029036416626,29.36150109069443,64.86765647506714,123.02027174303626,13.470456434802735,38.31915424633026,36.786877766522366,35.093240452194216,32.30083587570191,9.511353996372037,17.043075200723646,37.18735541647339,72.64152018084525,62.68960800676644,28.194765566985968,44.68980445861816,61.465919494628906,20.433511402674814,13.422729932659148
2024-06-09,12.938576789185523,42.78605096626281,29.45181230134964,65.42240478515625,126.67661241531373,13.511795503965521,39.22517577658081,36.88140235700226,35.68981526641846,32.67469129943848,9.660808998007072,16.671411783284338,38.49847179309654,75.09527983932495,65.1352270817414,28.270317203246517,44.22368316650391,61.60765075683594,20.914431462896847,13.781541724468232
2024-06-10,12.8865345479393,44.92739444732666,29.493790561969757,65.26767359733581,123.75839866413688,13.615617411649056,39.1488758423996,36.848207739784236,35.69579747314453,33.22914925918579,9.920658258386075,16.602951260074768,38.40672956671692,72.76971988928891,64.63423036953667,28.355310931653715,43.146349449920656,61.509979248046875,21.05337337035678,14.109048338516235
2024-06-11,13.056958773314122,46.788703994750975,29.675497497755867,64.26074486160277,123.23185877343178,13.569167255964546,39.19118354663086,37.211172232818605,35.30461838253593,33.77124473247528,9.92562203221356,16.530915562568666,38.19356160952149,75.59808996479988,65.42311743238807,27.834613925880433,43.552566041336064,60.507792737388606,20.74058663836041,14.286973130995674
2024-06-12,12.881042805862428,45.98935532913208,29.362444876098632,63.988270080126284,121.2905583457203,13.58050290455103,39.01581076583862,37.637795652923586,33.98706201584358,33.81119473182678,10.02720430810667,16.865864092430698,37.790822391468886,76.93989987373352,64.16291611311722,28.19799748878479,44.05451454162598,59.396991115505216,20.473810884029387,14.08342346201706
2024-06-13,12.891904070091249,44.69991292076111,29.090534706115722,64.65918551914214,127.36085317382813,13.736471438326607,38.637204091644286,37.51024096582031,34.32980635602951,33.822244985000616,10.261198426444246,16.711698503048396,38.49863528445007,78.02339458465576,64.15926228695858,28.093515337944027,44.09088363647461,59.517847548728945,20.729526759876254,14.24288821858326
2024-06-14,13.135299446936873,45.35147476196289,29.822980511457192,64.55076942443847,119.4239960816185,13.922180037044908,39.18525782852039,37.43458515127544,36.18218387947083,33.41349675517274,10.249772949820589,16.386213865264807,37.45065666092514,75.1725401687622,63.450625467413516,28.37700648918915,44.82931349716187,61.33559122085571,20.168779995506288,14.181617266934396
2024-06-15,12.68804834843445,45.38336002349853,29.492719133377076,63.646150260858526,119.95125808223419,14.094076626156692,39.75443487628554,37.541339727470394,36.39195980529785,34.07008581058503,9.68937413813759,16.144097385227333,37.63998036276993,75.68789388064384,63.39999171098259,28.15473910217285,43.04289007789742,60.36498258247375,20.34402758399288,13.946410976818086
2024-06-16,12.551626939819336,44.94505737304687,29.467461658859254,65.43645094184875,120.39696451436463,13.7163214589653,39.42381799316024,37.35314364001465,36.23005787195778,34.03870444974518,9.677622541447677,15.728252966640474,38.9334239280629,75.00970158800126,63.21751495875343,27.889436920269013,42.444723242649545,60.667568893432616,20.02982572631836,13.938268762538911
2024-06-17,12.36874108213234,46.18713458976746,29.46431970291138,65.15661744003296,117.89974210796733,14.095524245516852,39.22146671625137,36.70595741271973,35.87465117511749,34.21228155201748,9.66628538348442,16.04024510516739,38.706994714450836,74.71853318023682,65.1319542424468,28.536319021659853,41.9848528661602,60.601445274353026,19.926341604995727,13.821284584568025
2024-06-18,12.183952766974983,46.15887485275269,30.067754094703673,65.36885801811219,120.3893348419075,13.495233701410296,39.00169849090576,37.095444932556155,36.01993228912354,33.85508589146805,9.610520193717958,16.536976757143023,37.975778736877444,74.6099617023468,64.58775480610902,27.73462986223984,43.24005943945312,60.62492408752441,19.869774608230593,13.915244351440887
2024-06-19,12.363684607005698,46.574990310668944,29.759635430145263,66.71138763427734,124.40286372779846,13.241725335121153,39.34526392664337,37.10536858132553,35.92046841545105,34.03021519523621,9.86000280940697,16.45271414572906,38.449692085220946,75.7755729675293,64.66323811000927,27.851164279448145,44.17252091217041,61.45883560180664,20.116877186562427,13.637071317466736
2024-06-20,12.257021120950768,46.44932193374634,31.174762027004927,65.50127380371093,130.00687466583253,12.895894861221313,39.69462101486206,37.0432460994873,36.36311721801758,33.882779256248476,10.147789954890426,16.538592036930634,37.082418096313475,74.68185910034178,63.16560797075271,27.771503043754578,44.138594970703124,61.37004089355469,20.706833771024552,14.041591873721122
2024-06-21,12.052138953443528,47.01711265563965,30.511795472730327,64.57935201416016,125.67162961120606,12.719791488647461,39.198936298370356,36.40382583618164,36.04377365112305,34.38912793431816,10.022985557569083,16.2459814024086,36.730972226348875,74.76282191848755,63.59183869289074,28.058595069273515,44.037713513946535,60.46013431549072,20.264209823776245,13.776242548130035
2024-06-22,12.570618332009813,46.39591590881348,30.708837371543886,65.6960984802246,127.95865437258911,13.272896947860717,40.35890422718811,36.98806321389771,36.48573303222656,35.37302369029466,10.13037462579499,16.554687060221156,37.19132772122955,73.42394202618598,64.38293807000977,28.2126974010466,44.65627848211006,61.33006286621094,20.4337272483902,13.824073726055147
2024-06-23,12.957498591079903,46.467284774780275,29.483642578125,65.04573875427246,128.3226608514397,13.131065864562988,40.1453875117035,37.16484050205231,36.39155197143555,32.29533305660248,9.551404590606689,16.6468230560616,36.17903195775604,72.79948296790123,64.61571209219134,28.271070244361344,44.36751667174531,62.79506996154785,20.779435266613085,14.47274629234314
2024-06-24,12.630031899599762,46.61925598144531,29.55535316467285,67.67565579299927,133.07739092264876,13.029518270492554,39.60541060881042,37.9299581784668,36.2454948425293,32.48443448066712,9.489486351013184,16.712927534086898,35.8658968467865,74.03643947982789,64.58219768558597,28.708516127952578,44.2605427589264,62.755837516784666,19.926078985423278,14.809985333953858
2024-06-25,12.326288197528841,46.201126368713375,30.216565291786193,67.44095799636841,129.78971666116334,12.951412189865112,39.330524009536745,37.43004340667724,35.7132612991333,34.99460530191134,9.50071636505127,16.596390898498534,35.15800379562378,72.36138711284637,64.12371650880146,28.334044459533693,43.70380553512573,62.06116372489929,18.97075694503784,14.845231340399835
2024-06-26,12.671740934483642,45.84846122741699,30.259056033325198,66.3814926147461,134.85215434021472,12.414435672636507,40.78677646636963,37.9341951620636,36.28495788574219,32.11492701637744,9.848612384184142,16.478195106060443,36.67241866456604,72.8908837225914,65.62416118794278,28.341836664367676,44.58298540841675,61.227264404296875,19.984447897338868,14.501894850483914
2024-06-27,12.582561909871448,45.753828995132444,30.265894384002685,65.82014465332031,135.71122832336425,12.498214875101995,41.31207452407977,38.51144459815979,36.863833079910286,34.1754034783948,9.970573760419235,16.422402332041738,36.29234115600586,73.60414192199707,64.95830847091358,28.914390699348452,46.840679413467406,59.83185607910156,20.283626993637085,14.365712350284578
2024-06-28,12.567644721236345,46.07828830718994,30.636971702575686,65.84043884277344,126.96296331982613,12.877129475021361,41.225067513147415,38.74580997371659,37.08479747772217,32.092478226614,9.961479526185066,16.870134845003697,36.138462920379645,70.39767370370292,63.66672695396324,29.185279320000916,46.97130838362122,59.71022850036621,19.6214743309021,14.436452702225159
2024-06-29,12.23471351802063,43.23553677520752,30.246591019248964,64.29794871368408,126.78506317296264,12.54526741162491,40.89606928897934,38.43070905967713,37.51190489616394,31.504147431317566,10.028601958518607,16.73959962951851,36.319586596298215,72.22819967976905,64.0770602117157,29.13961014871216,46.97296222686768,60.85843657073974,20.320805962120055,14.3054822452733
2024-06-30,11.896710102081299,41.57280398923874,30.180691179656982,64.02302804457092,131.21377681589124,12.53073683054924,40.91811810322083,38.2993615362854,36.91505606073761,31.612201681329484,10.074674664692326,16.60378445727539,36.55936733436584,71.49666312792922,64.63956441882911,29.015880381065372,48.39883780091858,60.946675898742676,20.54800598709869,14.271878819810954
2024-07-01,11.873124771308898,41.204102526226045,29.839475763130185,64.24500263495636,131.18669455438615,12.250367234012604,39.99462389002991,38.195893322891244,36.920934241630555,31.720000030216454,10.057496841371428,16.573064852485654,36.759394476699825,76.43564217876502,64.25207635614245,28.05142968927384,46.134761536834716,60.54676491394043,20.541068862602238,13.877490031665229
2024-07-02,12.103281890853882,41.39386348342896,28.532535285949706,64.90311486358642,133.68176247024536,13.135653337562143,40.143550135950164,37.2157620642025,36.07523322906494,34.95643401971987,10.248996824940278,16.218219451904297,37.178609048183446,77.16150173103333,62.299814696502686,27.496470544567106,44.66121547851562,58.519751772689816,20.418162521301273,13.574209855270386
2024-07-03,11.7976916974411,40.597416368118374,28.232341088104246,64.22443947571563,134.11893748283387,12.242004549619674,39.607919056137085,35.95035415649414,35.78148055995941,35.274297666618345,10.000719286718887,16.40432030187607,36.48530348396301,78.77991951895385,63.56293906059265,27.201289117813108,45.89772003479004,56.03215214444518,19.63857192993164,13.753881566957359
2024-07-04,12.059344692420959,41.08459531668663,28.508579597473144,66.25778270721436,133.36334037780762,12.626128202664415,39.91522590436707,36.17484594497681,35.752396062881466,35.4719106281425,10.024472100794712,16.078508548736572,36.44457470855713,78.75655160770432,64.12362519378661,27.719777645874025,45.18126274816131,55.41792847188878,19.78689651489258,13.65262662660766
2024-07-05,11.948430947696684,40.846707968730925,27.506007448139187,64.31753631305693,134.73901366424562,12.058059158325195,39.87646928944381,36.35610723066329,36.51588207244873,35.385456031259764,9.817551759793181,16.24313405714035,36.69005205230713,78.84447713572769,65.04852051016617,27.32003837585449,44.13915830841064,54.655584153887474,19.878076524353027,13.814794845238096
2024-07-06,12.063598615561808,41.528310338973995,29.382214373876092,63.20741994094848,135.89019104003907,11.927669940376282,39.129318407686846,35.98674897079468,36.14083307075501,35.13976669076214,9.864716321364911,16.34551840472889,36.47699203491211,79.24413271677909,64.7337364519844,27.78023862446594,44.04273686141968,53.18170678966086,19.464754341556553,14.14831464531078
2024-07-07,12.17597354053562,41.23795821475983,30.1764803602581,63.200042575836186,135.30720304870607,11.933486092185973,37.883911900348664,35.94088725814819,36.1712175704956,35.70627435900624,9.838978602876441,16.247143611717224,35.170229095458986,80.58270860605626,63.672368032836914,27.84927676945495,44.83377366256713,56.83547685077648,19.54261297375317,14.298642546989397
2024-07-08,12.166481960717066,41.273484992980954,30.103305060985562,61.43442696876525,131.3939961456299,11.697734864616393,37.433248425865166,36.04592575263977,35.857722882843014,34.89139671126183,9.585721244853286,16.489010358810425,34.82299326553344,78.54608731087235,62.65646108322144,27.877934708816525,44.78733320388794,58.72678197358131,19.382424609960022,14.252117543998725
2024-07-09,12.092561045529097,40.820268733978274,29.789076975059505,61.44381043773651,131.1795241497803,11.750282955169677,37.28143164925003,36.282005761768346,34.73793834114075,35.166843723745814,9.63219927134056,16.411864921188354,35.03958707297516,76.91751790690611,60.10555557174683,27.50668641300201,45.14831247254562,56.30507321705818,18.805009590911865,14.154839009497717
2024-07-10,11.926063136964796,40.80841961860657,29.882840417861942,60.68874673166541,132.03343802066803,12.478060501655275,36.93313559989929,36.04117847099304,34.760475025177,34.770726522800445,9.909673521585795,16.492036888504025,36.43414934896087,73.34889778157044,60.80174933388451,27.459113880157467,44.54818220407105,57.73039336967468,18.82182261607361,14.615033053870206
2024-07-11,11.708959523391723,39.99701859329223,28.81250262565613,64.24811899440765,136.0750289882392,12.301960516002273,36.908238610347745,36.026397859954834,36.43007626304627,34.83618753424072,9.795497537990602,16.02871357918167,36.10884958275605,72.52925809936524,62.35127282180786,27.276603581428525,43.183174335479734,57.31426281177521,18.733077320500716,14.955670779426708
2024-07-12,11.616737020111085,38.92010730185508,28.97588363009262,63.846087439498895,138.2687423103113,12.380037978079779,36.221797485351566,35.19119064331055,36.850158843994144,33.129735717773436,9.63677872106186,16.246991927358625,34.4490337966919,75.98103713174514,62.7176885497284,26.73254150390625,43.55265847261047,58.523162792095185,18.06614185416006,14.884382752554243
2024-07-13,11.820079598819733,42.40262924194336,28.737764699935916,63.92612285614013,137.76423149097977,12.439353395764503,36.03153968811035,35.29292839050293,36.655250581741335,34.165503220367434,9.689366281479263,16.168877617263792,34.71554125962067,75.42196165214538,62.915787398529055,27.03744659843445,42.64660786109161,60.47080854606628,18.54829230194092,14.373065639826388
2024-07-14,11.768754245224,39.530556839069654,29.007069578933717,63.830617904663086,138.7374295901349,11.484430771195164,34.94668336257935,35.44654083251953,36.156937980651854,34.75351463660431,10.232692833498508,15.86436876182556,34.051940867614746,74.70551827697754,62.62085193475341,27.038047873306276,41.520966184169765,60.279093405532834,18.48198111534119,14.565978760996664
2024-07-15,11.805275531504229,39.454557755642504,29.21172135887146,63.14130267906189,136.93489460472105,12.27771037611351,34.70815381164551,35.354744567871094,35.98096686286926,34.66427507068635,10.20594301787848,15.902165869903563,33.79824217071533,73.0117073135376,61.840059494018554,26.99859756088257,40.45069720706176,57.98917295837402,17.89208723716736,14.360622468303337
2024-07-16,11.67706735429573,40.64058956480026,29.50135505179596,64.8257014465332,137.41685932901,12.432055454458695,36.2987596572876,35.51337249755859,36.562740325927734,34.72108411006164,10.034686340835094,15.891370781707762,32.87229501999664,73.04221317100524,62.238427479515074,26.949741117668147,40.062936849975586,59.98515003204346,18.37036752549431,14.064808800134468
2024-07-17,11.724182151615143,40.94617390680313,28.914847053909302,65.29861450195312,135.91720525002322,11.936217158268452,36.95846036911011,36.23715059738159,36.6341552734375,33.230303120613094,10.456788975350621,15.885273020372313,33.99508305816651,73.08525729940796,62.48125917453003,27.272776937484743,40.33445764846802,59.983436584472656,18.494545698143234,14.596979437749773
2024-07-18,11.582572911071777,41.44026023759365,30.18394214630127,64.80302742004395,126.91901363754269,12.522711721139524,36.950727996826174,36.81961859334182,35.19224454975128,33.30567855834961,10.286123722589492,16.003503827639925,33.0337060546875,72.80674677877808,60.76104827384948,27.207302742004394,40.447141571044924,58.70396576843262,18.967386192970274,14.637564272813872
2024-07-19,11.355428812088013,39.68795885500803,29.491321144104003,65.7071762084961,123.951055229187,11.603265264764786,36.83220581119537,36.759219695397945,36.591220741271975,32.38003854560852,10.279194696643744,15.628086664535521,33.691606521606445,72.15642073635864,62.00276700912094,26.730204963684084,42.34859886016846,57.78569072914123,19.665641250864873,15.027124490031282
2024-07-20,12.010381265990754,39.485279727277636,29.54959345817566,64.94491241455079,125.15585509042741,11.707767150306703,37.07696736275482,36.28085090137482,36.499149322509766,32.34140281677246,9.79350496536255,15.852180862160912,33.76844566040039,74.10000925497437,60.56822882678603,27.470449077621463,45.09703527753022,58.00709789657593,19.77247961744843,15.509426333177597
2024-07-21,12.025715498876954,40.78370590983867,30.006616592407227,64.93525955200195,135.35463973892212,11.779618953704835,37.10487669525147,36.545918055541996,36.519083938598634,32.520960903167726,10.124960390853882,15.866368254009819,35.03873998278809,76.34916016188629,60.21806922454834,27.601695356643678,46.33259384918107,58.75572291326523,19.70517679654038,15.741456474798195
2024-07-22,12.296453940513612,41.11425051498413,29.908571243286133,66.79606029510498,138.4128411843109,11.806973710632324,36.7596859703064,36.25260713429261,34.653623514175415,32.59719228744507,10.268112489700318,15.871870110080222,36.34177269860047,76.47845732963057,60.16054994659424,28.675068529637603,47.71045818908157,59.11622972488403,19.779205357909703,14.848187656402589
2024-07-23,12.479378028648377,39.72141025990439,29.589492473602295,65.94605222930907,140.4245882633972,11.774668877792358,34.2063156709671,37.03914727020263,35.740299529838566,31.531811355328557,10.17001154271698,15.898065757369995,35.905963651748664,76.82373661565231,61.77410777547455,28.263453777534483,47.425445182342536,60.09982120513916,19.61169039809418,15.966592438891576
2024-07-24,12.547801928936236,39.994156510963435,29.103357982635497,65.26041817263794,140.95175975120546,11.654167737793921,37.00123867549896,37.34118180697632,36.237252922058104,31.92805249214172,10.149200609487533,16.136868147504387,34.92183134296417,77.44243356286508,62.17458431011963,28.26770706877739,47.201372382019045,60.31715393066406,20.26346486425255,15.49836902969742
2024-07-25,12.455403661594392,40.11755256511688,28.71163085603714,65.47387009281921,141.946270659256,11.621702817598342,36.5198124710083,35.948431617736816,36.08039108276367,31.533466383647916,10.273049864387513,16.39996372833259,33.99549573669434,76.57374770747589,62.614514836120605,28.017404559242248,47.21369323837281,57.187883011922835,19.82435393827057,14.598935408592224
2024-07-26,12.286198370220392,39.949239808996865,29.319154755249023,64.31569259643554,141.7296412953186,11.248111603648425,35.316903951644896,36.37492766468811,35.94774908180237,32.76575712089539,10.18355333003998,16.081728155213586,34.00378541564941,74.80691974389495,64.6145891006012,28.18650273274773,48.36593093564438,57.64662379646301,20.01525771787262,15.398796453475953
2024-07-27,12.241865398051532,40.465038698873514,28.81816247749329,65.19516746520996,135.52867053222656,11.709159237755241,37.36666780485535,36.3560893692627,35.908101931571956,31.994911352803232,10.135798741722105,16.141075571600265,34.84734110451508,72.59690760445403,65.17577761808258,27.81211350228882,46.269263216766355,58.60833418693542,20.678585245004992,15.094718750095367
2024-07-28,12.328225020337893,40.48178192602157,28.86941604309082,65.50434379577636,137.02637770843506,11.74898936647928,37.61164191192627,36.38165062513733,36.1698046875,32.83301019693374,9.792423902675628,16.0623898717317,35.29292398317719,72.49953757310486,64.33894801103096,27.941073706466675,47.14318965193176,59.17144751930237,20.839671002312993,14.981924862384798
2024-07-29,12.33607966539439,40.498737649269096,28.805073822784422,65.77422023773194,136.07167959594727,12.63350182516777,37.41457770414734,36.10814907788086,36.16542700481414,32.817824087677,9.661636630382539,16.241262946189725,36.85792257325745,74.18451895065307,61.37073879626884,27.894933857208255,45.93928687133789,59.261967237854,20.99058181668045,14.537768695690156
2024-07-30,12.342028560124241,43.626080618797296,28.348974308967588,65.91175846099854,133.36201536609306,11.321359646818914,37.87150639116989,35.729009362792965,36.69395065307617,31.831099599423414,9.162618005976677,16.059426777648923,37.3219263918457,75.80854366767883,62.90258576028443,27.83695960876465,44.961261754772174,59.86720458984375,19.930654849791527,14.99649395942688
2024-07-31,12.045283594428977,43.023680972102675,29.698808670043945,69.7844185930481,133.75343708633423,11.695188423355809,38.21256814647803,36.123579205856316,36.6846923828125,33.75739947031204,9.195805323500634,16.055981577301026,36.73644406814575,74.33552473983764,63.54732962212371,27.530297699020387,44.342222758483885,58.34004006671905,19.308899713983536,14.632749670028687
2024-08-01,11.651360749763487,38.266411240091045,29.60421058654785,63.182635402193064,135.571845331192,11.560093621743498,35.28167297116756,37.13743781240845,36.62698745727539,32.33915589523315,9.632234477996827,16.461538564690738,36.759759204013825,70.69887337589263,62.82839975921631,27.008855840732572,45.05200268046569,62.280937289463374,19.95240263700485,14.726919177532196
2024-08-02,11.470014450199125,38.24953965558727,28.534959947497843,69.8820335642395,136.2523361492157,11.541690844206462,35.20652961936951,36.725329412841795,36.49152374267578,30.89162414288521,9.239977798290251,16.243784615779607,35.80234528656006,74.22323956292722,62.34492657623291,26.686552448844907,44.93688039665222,59.41233209838867,19.875449774150844,14.653626654624938
2024-08-03,11.974193559837342,37.62560875854946,28.87639331817627,68.39766773122192,136.39491799736024,11.647647639277912,34.725075042549136,36.84340237458801,36.43339157104492,31.34105214357376,9.26314210510254,16.381736779280477,36.62362273287963,70.60712938768386,63.62763003845215,27.040387078176494,44.48219936071015,60.200612297630315,20.54788690710068,14.101228165626525
2024-08-04,12.175093622509003,40.949307245435705,28.805688858032227,68.28195358468872,137.7103145599365,11.941483939350128,34.27580387308502,37.790160287622534,37.39250400543213,32.91963940143586,9.740943508148193,16.385870827242435,37.40718575390625,70.30405976789473,63.74352354960251,26.492082429885865,44.341137799942025,59.767007942199704,20.72532698392868,14.03461217880249
