Date,CMG,CTG,CTS,FPT,HAG,ITD,KDH,MSN,MWG,NLG,NVB,PDR,POT,PVB,PVC,PVD,PVS,VCB,VIC,VNM
2023-11-19,35.59,31.5,28.599999999999998,81.99000000000001,13.399999999999999,9.770000000000001,28.460000000000008,66.39999999999999,45.490000000000016,38.71000000000001,11.499999999999991,25.249999999999993,17.899999999999995,20.199999999999996,14.53,27.349999999999987,36.40999999999999,60.94,43.34999999999999,63.800000000000004
2023-11-20,36.04,32.599999999999994,28.399999999999988,82.59,13.700000000000001,9.79,28.54999999999999,67.79999999999997,45.69000000000001,38.56000000000001,11.499999999999991,24.94,17.899999999999995,20.300000000000008,14.430000000000005,27.349999999999987,36.209999999999994,61.94000000000002,43.29999999999997,64.37
2023-11-21,36.04,32.61666666666666,28.499999999999993,82.62000000000002,13.800000000000004,9.783333333333331,28.486666666666657,67.76666666666664,45.720000000000006,38.660000000000004,11.499999999999991,25.059999999999995,17.899999999999995,20.300000000000008,14.396666666666674,27.316666666666645,36.14666666666665,61.806666666666665,43.29999999999997,64.46333333333334
2023-11-22,36.04,32.63333333333331,28.599999999999998,82.65,13.899999999999997,9.776666666666667,28.423333333333325,67.73333333333333,45.750000000000014,38.76,11.499999999999991,25.18,17.899999999999995,20.300000000000008,14.363333333333332,27.283333333333317,36.08333333333332,61.67333333333334,43.29999999999997,64.55666666666666
2023-11-23,36.04,32.649999999999984,28.699999999999996,82.68,14.000000000000002,9.770000000000001,28.36,67.69999999999999,45.78000000000001,38.86,11.499999999999991,25.299999999999997,17.899999999999995,20.300000000000008,14.330000000000005,27.249999999999996,36.02000000000001,61.54,43.29999999999997,64.65
2023-11-24,35.359999999999985,32.2,28.499999999999993,81.99000000000001,14.65,9.770000000000001,28.230000000000008,67.50000000000001,45.040000000000035,38.41,11.499999999999991,25.11999999999999,17.899999999999995,20.799999999999997,14.53,27.89999999999999,36.40999999999999,61.2,43.099999999999994,64.08
2023-11-25,35.359999999999985,31.999999999999982,28.699999999999996,81.48,14.3,9.6,28.089999999999996,66.19999999999999,44.05,37.82,11.399999999999999,24.94,17.899999999999995,20.900000000000002,14.430000000000005,27.699999999999996,36.209999999999994,60.94,43.14999999999999,63.69999999999999
2023-11-26,35.31999999999999,32.04899999999998,29.15,81.56000000000002,14.750000000000002,9.68,28.36,66.8,44.84000000000001,38.019999999999996,11.300000000000004,25.03,16.81,20.699999999999996,14.430000000000005,27.549999999999986,36.11999999999999,60.87000000000001,42.8,63.33
2023-11-27,35.94999999999999,32.099999999999994,29.05,82.25000000000006,14.700000000000003,9.65,28.319999999999997,65.8,44.54000000000002,39.099999999999994,11.300000000000004,25.750000000000007,16.81,20.60000000000001,14.430000000000005,27.649999999999988,36.209999999999994,61.54,42.8,63.42000000000001
2023-11-28,35.903333333333336,32.16633333333331,28.949999999999985,82.25000000000006,14.700000000000003,9.633333333333336,28.319999999999997,65.73333333333335,44.44333333333337,38.90333333333334,11.266666666666664,25.660000000000004,16.81,20.60000000000001,14.430000000000005,27.633333333333315,36.209999999999994,61.36000000000001,42.75,63.42000000000001
2023-11-29,35.856666666666655,32.23266666666666,28.84999999999999,82.25000000000006,14.700000000000003,9.616666666666665,28.319999999999997,65.66666666666667,44.34666666666667,38.70666666666665,11.233333333333329,25.57,16.81,20.60000000000001,14.430000000000005,27.616666666666656,36.209999999999994,61.18000000000001,42.70000000000001,63.42000000000001
2023-11-30,35.81,32.29899999999998,28.750000000000004,82.25000000000006,14.700000000000003,9.6,28.319999999999997,65.6,44.25000000000001,38.51,11.200000000000003,25.48,16.81,20.60000000000001,14.430000000000005,27.599999999999994,36.209999999999994,61.00000000000001,42.65,63.42000000000001
2023-12-01,36.04,32.2,29.15,81.99000000000001,14.950000000000001,9.500000000000002,28.18,66.1,45.040000000000035,38.660000000000004,11.099999999999994,25.700000000000003,17.11,20.60000000000001,14.430000000000005,27.949999999999985,36.51,60.87000000000001,42.70000000000001,63.33
2023-12-02,35.94999999999999,31.599999999999984,29.6,82.08000000000001,14.2,9.49,28.089999999999996,64.4,44.64000000000002,38.06000000000001,10.799999999999999,25.299999999999997,16.209999999999997,20.300000000000008,14.230000000000006,27.549999999999986,36.02000000000001,59.20000000000002,42.49999999999999,63.42000000000001
2023-12-03,36.850000000000016,32.04899999999998,30.900000000000006,85.68000000000002,14.350000000000001,9.6,27.73,65.09899999999999,45.84000000000002,38.610000000000014,10.699999999999998,25.519999999999996,16.209999999999997,20.300000000000008,14.140000000000004,27.549999999999986,36.209999999999994,60.06999999999999,42.349999999999994,63.9
2023-12-04,37.84,31.699999999999992,31.250000000000004,87.48000000000006,14.000000000000002,9.500000000000002,27.73,65.39999999999998,47.030000000000015,39.05,10.699999999999998,26.65,16.308999999999997,20.300000000000008,14.140000000000004,27.799999999999994,36.02000000000001,60.399999999999984,42.10000000000001,63.800000000000004
2023-12-05,37.79333333333334,32.433333333333316,31.21666666666667,87.90999999999998,13.78333333333333,9.473333333333336,27.836666666666666,65.23333333333332,47.030000000000015,39.05,10.766666666666664,26.709999999999997,16.308999999999997,20.366666666666667,14.140000000000004,27.949999999999985,36.02000000000001,60.33333333333334,42.13333333333333,63.98999999999999
2023-12-06,37.746666666666655,33.16666666666666,31.18333333333333,88.34000000000002,13.566666666666668,9.446666666666664,27.943333333333335,65.06666666666662,47.030000000000015,39.05,10.833333333333332,26.769999999999992,16.308999999999997,20.43333333333333,14.140000000000004,28.099999999999987,36.02000000000001,60.26666666666667,42.16666666666665,64.18
2023-12-07,37.700000000000024,33.899999999999984,31.149999999999995,88.77000000000001,13.350000000000001,9.420000000000002,28.050000000000004,64.90000000000002,47.030000000000015,39.05,10.9,26.830000000000005,16.308999999999997,20.499999999999996,14.140000000000004,28.249999999999993,36.02000000000001,60.2,42.199999999999996,64.37
2023-12-08,36.88999999999999,34.39999999999999,31.149999999999995,89.28,13.299999999999999,9.49,28.269999999999996,64.8,46.63000000000002,39.400000000000006,11.099999999999994,27.06,16.308999999999997,20.799999999999997,14.330000000000005,28.749999999999993,36.899999999999984,59.870000000000005,42.300000000000004,63.98999999999999
2023-12-09,36.71,35.5,31.250000000000004,89.97000000000001,13.150000000000004,9.750000000000002,28.36,64.90000000000002,46.230000000000004,39.35,10.799999999999999,27.149999999999988,16.709999999999997,20.799999999999997,14.230000000000006,28.749999999999993,36.899999999999984,60.2,42.400000000000006,63.98999999999999
2023-12-10,36.705,35.437499999999986,31.20624999999999,89.87375000000002,13.187499999999998,9.7425,28.38875,64.90000000000002,46.13750000000001,39.293749999999996,10.874999999999996,27.10999999999999,16.709999999999997,20.787499999999998,14.230000000000006,28.731249999999985,36.87499999999999,60.19125000000001,42.41874999999999,63.98999999999999
2023-12-11,36.70000000000001,35.37499999999999,31.162500000000005,89.77749999999997,13.225,9.735000000000001,28.417499999999997,64.90000000000002,46.04500000000003,39.23749999999999,10.949999999999992,27.069999999999993,16.709999999999997,20.775000000000006,14.230000000000006,28.712499999999988,36.85,60.182500000000005,42.43749999999999,63.98999999999999
2023-12-12,36.69500000000002,35.312499999999986,31.11874999999999,89.68125000000002,13.262499999999996,9.7275,28.446250000000006,64.90000000000002,45.95250000000002,39.181250000000006,11.025000000000006,27.029999999999994,16.709999999999997,20.76250000000001,14.230000000000006,28.69374999999999,36.825,60.173750000000005,42.45625,63.98999999999999
2023-12-13,36.69000000000001,35.24999999999999,31.07499999999999,89.58500000000001,13.299999999999999,9.72,28.474999999999998,64.90000000000002,45.86,39.12500000000001,11.099999999999994,26.989999999999995,16.709999999999997,20.75,14.230000000000006,28.674999999999994,36.8,60.165,42.475,63.98999999999999
2023-12-14,36.68500000000001,35.187499999999986,31.031250000000014,89.48875000000001,13.3375,9.7125,28.50375,64.90000000000002,45.76750000000001,39.06875,11.174999999999999,26.95,16.709999999999997,20.737500000000008,14.230000000000006,28.656249999999993,36.775,60.15625,42.49375,63.98999999999999
2023-12-15,36.68,35.124999999999986,30.9875,89.3925,13.375,9.705000000000002,28.532499999999988,64.90000000000002,45.675000000000026,39.0125,11.24999999999999,26.91,16.709999999999997,20.72500000000001,14.230000000000006,28.637499999999992,36.74999999999999,60.14750000000002,42.5125,63.98999999999999
2023-12-16,36.67500000000001,35.062499999999986,30.943749999999998,89.29625000000001,13.412499999999998,9.6975,28.56124999999999,64.90000000000002,45.582500000000024,38.95625,11.324999999999994,26.87,16.709999999999997,20.712499999999995,14.230000000000006,28.61875,36.72500000000001,60.138750000000016,42.53125000000001,63.98999999999999
2023-12-17,36.67000000000001,34.99999999999998,30.900000000000006,89.2,13.450000000000001,9.690000000000001,28.59,64.90000000000002,45.490000000000016,38.900000000000006,11.399999999999999,26.830000000000005,16.709999999999997,20.699999999999996,14.230000000000006,28.599999999999998,36.7,60.13000000000002,42.54999999999999,63.98999999999999
2023-12-18,36.44,35.24999999999999,31.00000000000001,90.13999999999999,12.75,9.59,28.54999999999999,66.19999999999999,45.930000000000014,38.86,11.399999999999999,26.830000000000005,16.709999999999997,20.699999999999996,14.53,28.499999999999986,36.51,59.93,43.94999999999999,66.26
2023-12-19,36.45666666666665,35.3,30.933333333333337,90.11,12.833333333333332,9.56,28.52,67.1,46.09666666666667,38.676666666666655,11.33333333333333,26.72666666666667,16.709999999999997,20.96666666666667,14.596666666666673,28.58333333333332,36.60666666666664,60.06666666666666,44.96666666666665,66.86
2023-12-20,36.47333333333335,35.35,30.86666666666667,90.08000000000003,12.916666666666671,9.530000000000001,28.49,67.99999999999999,46.26333333333334,38.49333333333333,11.266666666666664,26.623333333333335,16.709999999999997,21.23333333333333,14.663333333333336,28.666666666666657,36.70333333333335,60.20333333333335,45.98333333333333,67.46
2023-12-21,36.49,35.4,30.799999999999997,90.05000000000001,13.000000000000004,9.500000000000002,28.460000000000008,68.9,46.430000000000014,38.309999999999995,11.200000000000003,26.52,16.709999999999997,21.499999999999993,14.730000000000004,28.749999999999993,36.8,60.34000000000002,46.999999999999986,68.05999999999999
2023-12-22,36.44,35.199999999999996,31.149999999999995,89.45,12.6,9.59,28.819999999999993,68.79999999999998,46.430000000000014,38.51,11.099999999999994,26.65,16.709999999999997,21.4,14.53,28.699999999999985,36.61,61.07000000000001,48.50000000000001,67.67999999999999
2023-12-23,36.220000000000006,35.54999999999999,31.00000000000001,90.81999999999995,12.800000000000002,9.52,29.819999999999993,67.99999999999999,45.74000000000002,38.56000000000001,11.300000000000004,26.65,16.709999999999997,21.299999999999997,14.53,28.499999999999986,36.209999999999994,61.00000000000001,47.24999999999999,67.49
2023-12-24,36.13000000000001,35.7,30.799999999999997,89.71,12.6,9.530000000000001,29.45999999999999,68.10000000000001,44.940000000000005,38.56000000000001,11.300000000000004,26.289999999999992,16.909999999999997,21.299999999999997,14.630000000000004,29.299999999999983,36.31000000000001,59.870000000000005,47.59999999999999,67.78
2023-12-25,35.94999999999999,35.199999999999996,29.900000000000002,89.11000000000006,12.199999999999996,9.530000000000001,28.859999999999992,66.70000000000002,43.65000000000001,37.270000000000024,11.300000000000004,25.299999999999997,16.909999999999997,20.699999999999996,14.230000000000006,28.35,35.33,59.460000000000015,45.2,67.21
2023-12-26,35.98,35.35,30.33333333333332,90.27999999999999,12.333333333333336,9.586666666666666,28.859999999999992,66.70000000000002,43.76666666666667,37.17333333333334,11.233333333333329,25.373333333333324,17.009999999999998,20.733333333333324,14.230000000000006,28.26666666666666,35.36333333333333,59.596666666666664,44.999999999999986,67.21
2023-12-27,36.01000000000001,35.5,30.766666666666666,91.45,12.46666666666667,9.643333333333334,28.859999999999992,66.70000000000002,43.88333333333334,37.07666666666666,11.16666666666667,25.44666666666667,17.11,20.766666666666662,14.230000000000006,28.183333333333323,35.39666666666667,59.73333333333335,44.8,67.21
2023-12-28,36.04,35.64999999999998,31.199999999999996,92.61999999999996,12.6,9.700000000000001,28.859999999999992,66.70000000000002,44.0,36.98000000000001,11.099999999999994,25.519999999999996,17.209999999999997,20.799999999999997,14.230000000000006,28.099999999999987,35.429999999999986,59.870000000000005,44.6,67.21
2023-12-29,36.220000000000006,36.14999999999999,31.4,92.53999999999999,12.650000000000002,9.64,29.639999999999997,67.6,44.4,38.06000000000001,11.200000000000003,26.06999999999999,17.009999999999998,21.000000000000004,14.53,28.799999999999994,35.81999999999999,60.94,45.150000000000006,68.15
2023-12-30,36.04,35.94999999999999,31.55,93.04999999999998,12.55,9.89,29.45999999999999,68.30000000000001,44.940000000000005,37.77,11.200000000000003,25.929999999999996,16.909999999999997,21.4,15.030000000000008,30.799999999999994,36.51,65.15,45.59999999999999,68.34
2023-12-31,35.99000000000001,35.54999999999999,32.15,93.47999999999998,12.800000000000002,9.95,31.5,70.4,45.84000000000002,39.15,11.200000000000003,26.19999999999999,16.709999999999997,20.900000000000002,14.730000000000004,30.899999999999988,36.11999999999999,65.08000000000001,44.999999999999986,68.15
2024-01-01,37.12000000000001,35.59999999999998,33.24999999999999,95.02999999999997,12.700000000000001,9.990000000000002,31.769999999999992,70.49999999999999,46.230000000000004,39.45,11.099999999999994,26.19999999999999,16.709999999999997,20.900000000000002,15.030000000000008,31.800000000000008,36.209999999999994,65.08000000000001,45.24999999999998,67.67999999999999
2024-01-02,37.00000000000001,35.733333333333334,33.16666666666667,95.20000000000002,12.733333333333338,9.866666666666665,32.07333333333333,70.59999999999995,46.49666666666667,40.356666666666655,11.099999999999994,26.306666666666665,16.909999999999997,21.033333333333324,15.030000000000008,31.7,36.343333333333334,64.78966666666666,45.24999999999998,67.83666666666667
2024-01-03,36.879999999999995,35.86666666666667,33.08333333333333,95.36999999999999,12.76666666666667,9.743333333333336,32.37666666666665,70.7,46.76333333333335,41.26333333333333,11.099999999999994,26.413333333333327,17.11,21.166666666666664,15.030000000000008,31.60000000000001,36.47666666666667,64.49933333333335,45.24999999999998,67.99333333333333
2024-01-04,36.760000000000005,35.999999999999986,32.99999999999999,95.53999999999996,12.800000000000002,9.620000000000001,32.679999999999986,70.8,47.030000000000015,42.169999999999995,11.099999999999994,26.52,17.31,21.299999999999997,15.030000000000008,31.500000000000007,36.61,64.209,45.24999999999998,68.15
2024-01-05,37.160000000000004,36.45,35.3,94.93999999999997,13.199999999999998,9.850000000000001,32.72899999999999,75.7,49.60000000000002,41.97,11.099999999999994,26.19999999999999,17.799999999999997,21.4,14.830000000000009,31.749999999999993,36.61,63.88000000000002,45.29999999999999,69.1
2024-01-06,36.940000000000005,36.099999999999994,36.400000000000006,93.56999999999998,12.900000000000002,9.690000000000001,32.679999999999986,76.9,48.320000000000014,42.51,10.999999999999993,25.61,17.799999999999997,21.299999999999997,14.730000000000004,31.199999999999992,36.8,63.950000000000024,45.29999999999999,67.96
2024-01-07,36.35,35.79999999999999,36.199999999999996,95.45999999999997,12.950000000000001,9.65,33.179999999999986,80.8,48.610000000000014,42.42,10.9,25.880000000000006,17.799999999999997,22.0,14.830000000000009,31.60000000000001,37.199999999999996,64.08000000000001,45.59999999999999,68.15
2024-01-08,35.86000000000001,34.499999999999986,36.5,94.33999999999999,12.55,9.860000000000001,33.139999999999986,78.5,47.36999999999999,41.42999999999999,10.699999999999998,25.299999999999997,17.899999999999995,21.4,14.53,30.799999999999994,36.51,63.61000000000001,44.8,66.26
2024-01-09,35.68,34.383333333333326,36.666666666666664,94.33999999999999,12.433333333333332,9.860000000000001,33.139999999999986,78.16666666666667,46.92333333333336,41.42999999999999,10.699999999999998,25.11999999999999,17.899999999999995,21.266666666666676,14.4,30.549999999999997,36.21333333333334,63.38666666666668,44.64999999999999,66.35333333333332
2024-01-10,35.49999999999999,34.26666666666666,36.83333333333334,94.33999999999999,12.316666666666666,9.860000000000001,33.139999999999986,77.83333333333333,46.47666666666668,41.42999999999999,10.699999999999998,24.94,17.899999999999995,21.133333333333326,14.269999999999998,30.29999999999999,35.916666666666664,63.163333333333334,44.500000000000014,66.44666666666667
2024-01-11,35.31999999999999,34.15,37.0,94.33999999999999,12.199999999999996,9.860000000000001,33.139999999999986,77.5,46.03000000000002,41.42999999999999,10.699999999999998,24.76000000000001,17.899999999999995,21.000000000000004,14.140000000000004,30.049999999999983,35.62,62.940000000000005,44.34999999999997,66.54
2024-01-12,36.58000000000001,34.499999999999986,36.85,95.96999999999998,12.399999999999999,9.89,33.269999999999996,78.69999999999997,46.38000000000001,42.02,10.599999999999996,24.799999999999994,17.899999999999995,20.900000000000002,14.140000000000004,30.29999999999999,35.62,63.14000000000001,44.14999999999998,66.26
2024-01-13,37.789999999999985,35.15,38.899999999999984,100.33999999999997,12.45,10.2,34.17999999999999,80.89999999999999,48.17,44.0,10.699999999999998,25.429999999999996,17.999999999999996,21.799999999999994,14.330000000000005,31.349999999999994,36.209999999999994,64.209,44.999999999999986,67.02
2024-01-14,37.52000000000003,34.449999999999996,38.39999999999999,100.33999999999997,12.500000000000002,10.05,34.08999999999999,78.90000000000002,46.88000000000004,44.1,10.699999999999998,25.389999999999997,17.899999999999995,23.499999999999996,14.730000000000004,32.9,37.199999999999996,63.550000000000004,45.95,66.73
2024-01-15,37.39,34.75,38.0,99.48999999999997,12.3,10.100000000000001,33.82,78.5,46.98000000000003,43.35000000000001,10.599999999999996,25.389999999999997,17.899999999999995,23.300000000000004,14.430000000000005,32.800000000000004,37.199999999999996,62.88000000000001,44.399999999999984,65.97
2024-01-16,37.22333333333334,34.26666666666666,37.33333333333334,98.62999999999998,12.116666666666664,10.166666666666666,33.82,78.3,46.500000000000014,43.00666666666665,10.533333333333328,25.689999999999994,17.899999999999995,23.000000000000004,14.363333333333332,32.283333333333346,36.84000000000001,62.65666666666666,44.96666666666665,65.68333333333332
2024-01-17,37.056666666666665,33.78333333333334,36.666666666666664,97.76999999999997,11.933333333333334,10.233333333333336,33.82,78.09999999999998,46.02000000000001,42.66333333333331,10.466666666666669,25.989999999999995,17.899999999999995,22.699999999999996,14.296666666666669,31.766666666666673,36.48,62.43333333333335,45.533333333333346,65.39666666666666
2024-01-18,36.88999999999999,33.29999999999998,36.0,96.90999999999998,11.749999999999998,10.3,33.82,77.89999999999998,45.54000000000001,42.32,10.4,26.289999999999992,17.899999999999995,22.399999999999995,14.230000000000006,31.25,36.11999999999999,62.21000000000001,46.1,65.11
2024-01-19,35.769999999999996,33.29999999999998,36.400000000000006,96.05999999999996,11.849999999999998,10.400000000000002,33.269999999999996,77.4,45.14,41.52,10.500000000000002,25.929999999999996,18.19999999999999,23.000000000000004,14.330000000000005,31.45,36.51,61.87000000000001,46.999999999999986,65.01
2024-01-20,36.080000000000005,34.35,37.35000000000001,98.19999999999999,12.650000000000002,10.45,33.22999999999999,77.29999999999998,47.62,42.32,10.599999999999996,25.98,17.31,23.199999999999996,14.430000000000005,32.250000000000014,36.899999999999984,62.34,46.49999999999999,65.2
2024-01-21,35.86000000000001,34.89999999999999,37.35000000000001,99.66000000000001,12.700000000000001,10.3,33.82,78.0,48.12000000000002,42.81,10.699999999999998,27.78,17.31,23.699999999999992,14.630000000000004,32.35000000000001,37.69,63.68,46.49999999999999,65.59
2024-01-22,36.04,35.7,38.05,98.54,12.45,10.100000000000001,33.73,78.5,48.710000000000015,42.959999999999994,10.799999999999999,28.459999999999994,17.899999999999995,23.499999999999996,14.53,31.95,37.780000000000015,64.48000000000002,46.6,65.01
2024-01-23,35.826666666666654,35.36666666666667,37.8,98.28333333333332,12.45,10.100000000000001,33.66999999999999,77.5,48.44666666666669,43.02666666666666,10.799999999999999,28.446666666666662,17.899999999999995,23.43333333333333,14.563333333333336,31.883333333333344,37.91333333333333,64.32333333333335,46.683333333333316,64.85
2024-01-24,35.61333333333333,35.033333333333324,37.550000000000004,98.02666666666669,12.45,10.100000000000001,33.61,76.5,48.18333333333334,43.09333333333333,10.799999999999999,28.43333333333333,17.899999999999995,23.36666666666667,14.596666666666673,31.816666666666666,38.04666666666667,64.16666666666667,46.76666666666665,64.69
2024-01-25,35.40000000000002,34.7,37.29999999999999,97.76999999999997,12.45,10.100000000000001,33.54999999999998,75.49999999999999,47.92,43.15999999999999,10.799999999999999,28.419999999999995,17.899999999999995,23.300000000000004,14.630000000000004,31.749999999999993,38.179999999999986,64.01000000000002,46.84999999999999,64.52999999999999
2024-01-26,36.17,35.199999999999996,37.65000000000001,98.62999999999998,12.6,10.0,35.089999999999996,74.00000000000001,48.27000000000002,43.80000000000002,10.799999999999999,28.909999999999993,18.599999999999998,23.9,14.630000000000004,32.70000000000001,38.37,64.42000000000002,47.04999999999998,64.92
2024-01-27,36.17,35.5,37.550000000000004,98.8,12.55,10.0,34.90999999999997,75.4,50.3,43.699999999999996,10.699999999999998,29.000000000000007,18.099999999999998,24.500000000000007,14.730000000000004,32.50000000000001,38.47000000000001,64.08000000000001,47.04999999999998,64.92
2024-01-28,36.44,35.749999999999986,39.0,100.42999999999999,12.950000000000001,10.2,34.46,76.00000000000001,50.600000000000016,43.3,10.799999999999999,29.000000000000007,17.409999999999997,24.0,14.630000000000004,32.199999999999996,38.28,64.01000000000002,47.59999999999999,64.92
2024-01-29,35.99000000000001,35.54999999999999,38.49999999999999,99.92000000000002,13.049999999999999,10.100000000000001,34.359999999999985,74.20000000000002,50.70000000000001,42.85999999999999,10.599999999999996,28.780000000000005,18.299999999999997,24.3,14.730000000000004,32.35000000000001,38.47000000000001,63.48,47.649999999999984,64.819
2024-01-30,36.066666666666656,35.36666666666667,38.49999999999999,100.00333333333329,12.916666666666671,10.100000000000001,34.42333333333334,73.93333333333332,50.79666666666666,43.00666666666665,10.599999999999996,29.080000000000002,18.299999999999997,24.500000000000007,14.796666666666678,32.51666666666667,38.96000000000002,63.546666666666674,47.716666666666626,64.62566666666666
2024-01-31,36.14333333333334,35.18333333333333,38.49999999999999,100.08666666666664,12.783333333333328,10.100000000000001,34.48666666666665,73.66666666666669,50.89333333333333,43.153333333333315,10.599999999999996,29.38,18.299999999999997,24.7,14.86333333333333,32.68333333333333,39.45,63.61333333333335,47.78333333333331,64.43233333333333
2024-02-01,36.220000000000006,34.99999999999998,38.49999999999999,100.17,12.650000000000002,10.100000000000001,34.54999999999999,73.40000000000002,50.99000000000002,43.3,10.599999999999996,29.68,18.299999999999997,24.900000000000006,14.930000000000003,32.850000000000016,39.940000000000005,63.68,47.849999999999994,64.239
2024-02-02,36.17,34.99999999999998,39.499999999999986,100.33999999999997,12.700000000000001,10.0,34.589999999999996,74.49999999999999,51.18999999999999,43.95,10.500000000000002,29.76999999999999,18.799999999999997,26.299999999999994,15.529999999999996,34.90000000000001,42.89,63.21000000000001,47.79999999999998,64.52999999999999
2024-02-03,38.69,34.049999999999976,39.24999999999999,98.71000000000002,12.800000000000002,10.05,34.32,73.40000000000002,49.80000000000001,44.20000000000001,10.4,29.139999999999986,17.899999999999995,25.999999999999996,15.529999999999996,33.900000000000006,42.00000000000001,62.74,47.74999999999997,63.96
2024-02-04,41.399999999999984,33.54999999999999,38.29999999999999,97.76999999999997,12.650000000000002,9.910000000000002,33.959999999999994,73.40000000000002,50.3,44.050000000000004,10.3,29.360000000000003,18.399999999999995,25.6,15.529999999999996,33.54999999999998,42.10000000000001,64.209,47.849999999999994,65.39
2024-02-05,42.609999999999985,33.19999999999999,36.0,97.50999999999998,12.900000000000002,9.87,33.179999999999986,71.89999999999999,50.600000000000016,43.209999999999994,10.3,29.089999999999996,18.399999999999995,26.100000000000005,16.420000000000005,32.9,41.419999999999995,63.48,47.79999999999998,65.11
2024-02-06,41.936666666666646,33.29999999999998,36.166666666666664,97.19666666666666,12.933333333333332,9.813333333333334,32.98333333333333,71.89999999999999,50.26666666666667,43.02666666666666,10.266666666666666,28.98666666666667,18.399999999999995,25.96666666666667,16.386666666666667,32.9,41.353333333333346,63.48,47.76666666666666,64.81966666666666
2024-02-07,41.26333333333332,33.399999999999984,36.33333333333333,96.8833333333333,12.966666666666674,9.756666666666666,32.78666666666665,71.89999999999999,49.933333333333344,42.84333333333332,10.233333333333333,28.88333333333334,18.399999999999995,25.833333333333325,16.353333333333335,32.9,41.28666666666666,63.48,47.73333333333332,64.52933333333334
2024-02-08,40.59000000000001,33.49999999999999,36.5,96.57,13.000000000000004,9.700000000000001,32.589999999999996,71.89999999999999,49.60000000000002,42.66,10.2,28.780000000000005,18.399999999999995,25.700000000000003,16.32,32.9,41.22,63.48,47.699999999999974,64.239
2024-02-09,43.239999999999995,34.25,38.0,96.90999999999998,13.150000000000004,9.64,32.72899999999999,73.50000000000001,52.37999999999999,42.66,10.3,29.089999999999996,18.9,25.1,16.32,33.20000000000001,41.61,63.08000000000001,47.699999999999974,64.239
2024-02-10,44.05,33.649999999999984,37.4,97.59999999999995,13.399999999999999,9.900000000000002,32.72899999999999,72.5,51.59,42.02,10.500000000000002,28.549999999999997,19.69,24.500000000000007,15.729999999999995,31.800000000000008,40.73,63.21000000000001,48.50000000000001,64.04999999999998
2024-02-11,43.32999999999998,33.69999999999999,38.2,98.54,13.299999999999999,10.25,32.95999999999999,71.8,51.88999999999999,41.82000000000001,10.3,28.549999999999997,19.199999999999996,25.19999999999999,16.32,31.95,41.91000000000001,62.88000000000001,48.3,63.86
2024-02-12,44.41,35.899999999999984,40.5,99.05999999999997,13.399999999999999,10.25,33.139999999999986,71.89999999999999,51.59,42.269999999999996,10.3,28.869999999999994,19.489999999999995,25.19999999999999,16.32,32.800000000000004,42.2,63.28000000000001,48.45000000000002,63.96
2024-02-13,43.37666666666666,35.08333333333333,39.566666666666656,97.9433333333333,13.100000000000001,10.2,32.36666666666667,70.23333333333335,50.896666666666654,41.29666666666666,10.2,28.206666666666674,19.193333333333324,24.36666666666667,15.789999999999997,32.050000000000004,40.86,62.70000000000001,47.966666666666654,63.383333333333326
2024-02-14,42.34333333333332,34.26666666666666,38.633333333333326,96.82666666666668,12.800000000000002,10.150000000000002,31.593333333333334,68.56666666666668,50.203333333333354,40.32333333333334,10.099999999999989,27.54333333333333,18.89666666666667,23.533333333333317,15.259999999999996,31.300000000000008,39.52000000000001,62.12,47.48333333333331,62.806666666666665
2024-02-15,41.31,33.44999999999999,37.699999999999996,95.70999999999998,12.500000000000002,10.100000000000001,30.819999999999997,66.90000000000002,49.51,39.35,10.000000000000004,26.879999999999995,18.599999999999998,22.699999999999996,14.730000000000004,30.549999999999997,38.179999999999986,61.54,46.999999999999986,62.23
2024-02-16,41.31,34.049999999999976,39.74999999999999,96.90999999999998,12.6,9.960000000000003,31.139999999999993,66.1,49.51,38.86,9.499999999999998,26.339999999999996,18.9,22.799999999999997,15.129999999999997,30.799999999999994,39.16000000000002,60.87000000000001,46.400000000000006,61.37
2024-02-17,39.779999999999994,32.699999999999996,37.45000000000001,95.88000000000001,11.849999999999998,9.900000000000002,30.909999999999993,66.8,49.01,37.57000000000001,9.300000000000002,25.299999999999997,18.9,23.1,14.140000000000004,29.34999999999999,37.88000000000001,60.54,44.999999999999986,61.56000000000001
2024-02-18,38.60499999999999,32.14999999999999,36.14999999999999,94.68,11.825,9.860000000000001,30.454999999999988,66.64999999999998,48.415000000000006,36.58,9.250000000000002,24.485,18.399999999999995,23.1,14.140000000000004,29.324999999999985,37.785000000000004,60.54,43.79999999999998,61.56000000000001
2024-02-19,37.43000000000001,31.599999999999984,34.85,93.47999999999998,11.8,9.820000000000002,29.999999999999993,66.50000000000001,47.820000000000014,35.590000000000025,9.200000000000001,23.670000000000005,17.899999999999995,23.1,14.140000000000004,29.299999999999983,37.69,60.54,42.6,61.56000000000001
2024-02-20,37.67000000000001,31.832999999999988,35.3,93.85333333333334,11.883333333333336,9.873333333333333,30.136666666666656,66.63333333333331,47.95333333333333,35.95333333333334,9.200000000000001,23.806666666666658,18.366666666666664,23.066666666666656,14.170000000000003,29.399999999999984,37.82000000000001,60.56000000000002,42.400000000000006,61.496666666666655
2024-02-21,37.91,32.065999999999995,35.74999999999999,94.22666666666669,11.966666666666669,9.926666666666668,30.27333333333333,66.76666666666667,48.08666666666669,36.31666666666667,9.200000000000001,23.943333333333324,18.83333333333333,23.033333333333328,14.200000000000001,29.500000000000004,37.95000000000001,60.58,42.199999999999996,61.43333333333334
2024-02-22,38.15,32.29899999999998,36.199999999999996,94.59999999999998,12.05,9.980000000000002,30.41,66.90000000000002,48.22000000000001,36.68000000000001,9.200000000000001,24.07999999999999,19.299999999999997,23.000000000000004,14.230000000000006,29.599999999999998,38.08,60.6,42.00000000000002,61.37
2024-02-23,38.56000000000001,31.5,34.2,96.31,12.150000000000002,10.0,30.41,64.7,49.410000000000004,35.590000000000025,8.899999999999999,22.86,19.299999999999997,23.300000000000004,13.64,29.100000000000005,37.39,60.27,40.99999999999999,60.89
2024-02-24,40.81000000000001,32.94999999999999,36.0,102.99999999999997,12.3,10.2,31.409999999999997,66.90000000000002,51.88999999999999,38.06000000000001,8.999999999999998,24.439999999999987,19.299999999999997,24.0,14.330000000000005,30.199999999999996,38.57000000000002,60.6,41.599999999999994,61.37
2024-02-25,40.179999999999986,32.99999999999999,35.5,105.66,12.500000000000002,10.3,31.459999999999997,68.10000000000001,53.38000000000001,37.46999999999999,8.899999999999999,24.12,18.399999999999995,23.699999999999992,14.04,29.899999999999988,38.57000000000002,60.87000000000001,42.00000000000002,62.04
2024-02-26,40.21999999999998,32.79999999999999,35.5,105.66,12.399999999999999,10.100000000000001,31.819999999999993,67.19999999999999,54.47,37.46999999999999,8.899999999999999,23.9,18.399999999999995,23.699999999999992,14.140000000000004,29.749999999999982,38.96000000000002,61.00000000000001,44.44999999999998,62.33
2024-02-27,40.44666666666666,32.725,35.40000000000001,106.2466666666667,12.375000000000002,10.070000000000002,31.819999999999993,67.33333333333334,54.58499999999998,37.69333333333334,8.933333333333332,23.869999999999994,18.249999999999996,23.66666666666667,14.106666666666667,29.71666666666667,38.895,61.07833333333334,44.441666666666656,62.39333333333334
2024-02-28,40.67333333333332,32.649999999999984,35.3,106.83333333333327,12.350000000000003,10.04,31.819999999999993,67.46666666666667,54.70000000000001,37.91666666666665,8.966666666666665,23.840000000000003,18.099999999999998,23.63333333333332,14.073333333333341,29.683333333333312,38.83,61.15666666666666,44.43333333333333,62.456666666666656
2024-02-29,40.89999999999999,32.574999999999996,35.20000000000001,107.42000000000002,12.325,10.01,31.819999999999993,67.6,54.81499999999998,38.14,8.999999999999998,23.81,17.949999999999996,23.599999999999998,14.04,29.649999999999988,38.765000000000015,61.23500000000001,44.42499999999998,62.52000000000001
2024-03-01,41.126666666666644,32.499999999999986,35.1,108.00666666666669,12.3,9.980000000000002,31.819999999999993,67.73333333333333,54.93,38.36333333333333,9.033333333333333,23.779999999999994,17.799999999999997,23.56666666666667,14.006666666666668,29.616666666666664,38.70000000000001,61.31333333333334,44.416666666666636,62.583333333333336
2024-03-02,41.353333333333346,32.42499999999998,35.00000000000001,108.59333333333329,12.275000000000006,9.95,31.819999999999993,67.86666666666669,55.044999999999995,38.58666666666666,9.066666666666666,23.75,17.649999999999995,23.533333333333317,13.973333333333331,29.58333333333331,38.63500000000001,61.391666666666666,44.40833333333333,62.646666666666654
2024-03-03,41.579999999999984,32.34999999999999,34.89999999999999,109.17999999999999,12.249999999999995,9.92,31.819999999999993,67.99999999999999,55.16,38.81000000000001,9.1,23.719999999999995,17.499999999999996,23.499999999999996,13.94,29.549999999999997,38.57000000000002,61.47000000000002,44.399999999999984,62.71
2024-03-04,40.63,32.4,34.89999999999999,107.97999999999999,12.45,10.0,32.63999999999999,69.79999999999998,55.25999999999999,40.34000000000001,9.200000000000001,24.349999999999984,18.19999999999999,23.9,13.94,29.799999999999997,38.67000000000001,61.87000000000001,44.44999999999998,62.9
2024-03-05,41.15666666666666,32.66666666666666,35.7,108.46666666666668,12.633333333333338,10.133333333333338,32.58,70.23333333333335,56.11999999999998,40.27333333333333,9.200000000000001,24.636666666666663,18.399999999999995,24.266666666666666,14.10333333333333,30.06666666666666,39.06,61.98333333333333,44.550000000000004,62.963333333333345
2024-03-06,41.68333333333333,32.93333333333332,36.5,108.95333333333332,12.816666666666666,10.266666666666667,32.519999999999996,70.66666666666667,56.98,40.206666666666656,9.200000000000001,24.92333333333333,18.599999999999998,24.633333333333326,14.266666666666664,30.333333333333307,39.45,62.096666666666664,44.64999999999999,63.02666666666666
2024-03-07,42.21,33.19999999999999,37.29999999999999,109.44000000000001,13.000000000000004,10.400000000000002,32.46,71.1,57.83999999999998,40.14000000000002,9.200000000000001,25.20999999999998,18.799999999999997,25.000000000000007,14.430000000000005,30.6,39.84000000000001,62.21000000000001,44.74999999999998,63.089999999999996
2024-03-08,43.64999999999999,32.79999999999999,37.95000000000001,112.60999999999997,13.199999999999998,10.2,32.819999999999986,71.2,58.82999999999998,40.73,9.200000000000001,24.94,18.299999999999997,25.499999999999996,14.330000000000005,30.549999999999997,40.040000000000006,62.14000000000001,44.999999999999986,65.2
2024-03-09,46.66999999999999,32.599999999999994,38.8,112.35000000000002,13.499999999999996,10.3,32.72899999999999,72.3,58.629999999999995,40.53999999999998,9.1,24.53,18.299999999999997,28.000000000000014,15.030000000000008,31.60000000000001,42.2,62.21000000000001,45.4,65.11
2024-03-10,49.91000000000001,32.89999999999998,38.29999999999999,111.75000000000001,13.450000000000001,10.05,32.72899999999999,71.40000000000002,58.439999999999976,40.34000000000001,9.200000000000001,24.259999999999994,18.299999999999997,28.50000000000001,14.930000000000003,31.7,41.71,61.87000000000001,45.4,63.86
2024-03-11,53.06000000000002,32.849999999999994,39.99999999999998,112.35000000000002,13.199999999999998,10.400000000000002,32.72899999999999,70.8,58.439999999999976,40.879999999999995,9.399999999999997,25.2,18.299999999999997,29.4,15.129999999999997,32.15,43.07999999999999,61.54,44.999999999999986,63.760000000000005
2024-03-12,52.90999999999999,32.666333333333306,39.949999999999996,111.98000000000002,13.366666666666662,10.633333333333338,32.819333333333326,70.8,58.239999999999995,40.946666666666665,9.366666666666662,25.299999999999997,18.499999999999996,29.4,15.196666666666655,32.13333333333333,43.14666666666666,61.31666666666666,44.999999999999986,63.536666666666655
2024-03-13,52.75999999999999,32.48266666666666,39.89999999999999,111.61000000000001,13.53333333333333,10.866666666666664,32.90966666666665,70.8,58.040000000000006,41.013333333333335,9.333333333333336,25.400000000000002,18.699999999999996,29.4,15.263333333333334,32.11666666666667,43.21333333333334,61.09333333333332,44.999999999999986,63.31333333333334
2024-03-14,52.61,32.29899999999998,39.85,111.24,13.700000000000001,11.1,32.999999999999986,70.8,57.83999999999998,41.08,9.300000000000002,25.5,18.9,29.4,15.330000000000002,32.10000000000001,43.28000000000001,60.87000000000001,44.999999999999986,63.089999999999996
2024-03-15,56.220000000000006,32.29899999999998,39.499999999999986,111.92000000000002,13.550000000000002,11.7,32.63999999999999,70.59999999999995,59.61999999999998,41.22999999999999,9.300000000000002,25.299999999999997,18.9,29.0,15.129999999999997,31.89999999999999,42.69000000000002,60.6,46.05000000000001,63.760000000000005
2024-03-16,56.760000000000005,32.34999999999999,42.25000000000001,115.00999999999998,13.550000000000002,11.7,33.089999999999996,72.20000000000005,60.31999999999998,41.91999999999999,9.200000000000001,25.5,19.589999999999996,29.2,15.030000000000008,31.89999999999999,42.790000000000006,60.87000000000001,46.35000000000001,64.239
2024-03-17,54.59999999999999,33.19999999999999,42.35,116.11999999999998,13.649999999999999,11.500000000000004,33.45999999999999,72.40000000000002,59.42999999999998,43.49999999999999,9.300000000000002,25.799999999999997,19.589999999999996,30.6,15.63,32.59999999999999,44.74999999999999,61.94000000000002,46.74999999999998,64.44
2024-03-18,55.220000000000006,33.1,42.99999999999999,115.34999999999997,14.600000000000003,11.600000000000005,33.54999999999998,75.49999999999999,59.12999999999998,43.49999999999999,9.399999999999997,26.050000000000004,19.589999999999996,30.500000000000004,15.929999999999994,32.59999999999999,44.650000000000006,61.40000000000001,46.84999999999999,64.239
2024-03-19,54.53,33.18333333333332,42.83333333333334,114.92333333333336,14.65,11.55,33.54999999999998,75.80000000000003,59.26333333333331,43.38666666666665,9.399999999999997,25.96666666666667,19.589999999999996,30.166666666666675,15.83,32.51666666666667,44.39000000000001,61.423333333333346,46.799999999999976,64.04933333333334
2024-03-20,53.83999999999999,33.266666666666666,42.66666666666666,114.49666666666666,14.700000000000003,11.500000000000004,33.54999999999998,76.09999999999998,59.39666666666663,43.27333333333333,9.399999999999997,25.883333333333333,19.589999999999996,29.833333333333336,15.729999999999995,32.433333333333344,44.12999999999998,61.44666666666667,46.74999999999998,63.859666666666655
2024-03-21,53.15,33.35,42.50000000000002,114.07,14.750000000000002,11.450000000000003,33.54999999999998,76.4,59.529999999999966,43.15999999999999,9.399999999999997,25.799999999999997,19.589999999999996,29.499999999999993,15.63,32.35000000000001,43.87000000000002,61.47000000000002,46.7,63.669999999999995
2024-03-22,55.39999999999998,33.649999999999984,43.849999999999994,116.63999999999997,14.900000000000006,11.450000000000003,33.179999999999986,75.80000000000003,60.019999999999975,43.6,9.499999999999998,25.5,18.299999999999997,30.800000000000008,16.029999999999994,32.9,44.560000000000024,60.94,46.449999999999996,63.48
2024-03-23,55.139999999999986,32.99999999999999,43.39999999999998,118.35,14.2,11.400000000000002,33.269999999999996,73.89999999999999,60.51999999999998,44.589999999999996,10.4,26.5,18.299999999999997,30.200000000000003,16.52,32.50000000000001,44.15999999999999,60.669999999999995,45.5,63.089999999999996
2024-03-24,57.300000000000004,33.249999999999986,43.800000000000004,117.92999999999998,14.600000000000003,11.850000000000001,33.589999999999996,75.80000000000003,61.50999999999999,45.38,10.500000000000002,26.549999999999994,18.299999999999997,31.099999999999998,16.720000000000002,33.0,44.95,60.87000000000001,45.549999999999976,64.239
2024-03-25,53.78000000000002,32.499999999999986,41.999999999999986,113.11999999999999,14.450000000000003,11.3,32.35999999999999,73.50000000000001,60.019999999999975,43.4,9.7,25.949999999999996,18.299999999999997,29.900000000000002,15.83,31.7,43.07999999999999,60.34000000000002,44.949999999999996,63.27999999999999
2024-03-26,53.57,32.46666666666666,42.09999999999999,113.37999999999998,14.500000000000002,11.3,32.422999999999995,73.50000000000001,59.85666666666665,43.4,9.733333333333334,25.783333333333324,18.299999999999997,29.999999999999996,15.926666666666662,31.783333333333328,43.40666666666665,60.34000000000002,44.98333333333332,63.31333333333334
2024-03-27,53.36,32.433333333333316,42.19999999999999,113.64,14.550000000000004,11.3,32.48599999999999,73.50000000000001,59.69333333333332,43.4,9.766666666666667,25.616666666666667,18.299999999999997,30.099999999999994,16.02333333333333,31.866666666666678,43.733333333333334,60.34000000000002,45.01666666666666,63.34666666666666
2024-03-28,53.15,32.4,42.3,113.89999999999995,14.600000000000003,11.3,32.548999999999985,73.50000000000001,59.529999999999966,43.4,9.8,25.449999999999996,18.299999999999997,30.200000000000003,16.119999999999994,31.95,44.06000000000002,60.34000000000002,45.04999999999998,63.38000000000001
2024-03-29,55.94999999999999,32.2,43.849999999999994,117.49999999999999,14.950000000000001,12.050000000000006,32.95999999999999,75.49999999999999,61.00999999999998,43.699999999999996,9.7,25.599999999999994,17.799999999999997,30.89999999999999,16.32,32.10000000000001,44.46,60.669999999999995,45.04999999999998,64.04999999999998
2024-03-30,54.04999999999999,31.649999999999984,42.849999999999994,116.38000000000002,14.600000000000003,12.600000000000003,32.46,75.00000000000001,60.019999999999975,44.4,10.000000000000004,25.400000000000002,17.799999999999997,30.6,15.929999999999994,31.649999999999995,43.37999999999998,60.06999999999999,44.399999999999984,63.56999999999999
2024-03-31,53.33,31.799999999999994,43.500000000000014,115.77999999999999,14.65,12.500000000000005,32.76999999999999,77.2,62.299999999999976,43.699999999999996,9.900000000000011,24.999999999999996,17.209999999999997,30.39999999999999,16.029999999999994,32.00000000000001,43.07999999999999,59.26000000000001,43.14999999999999,63.0
2024-04-01,54.860000000000014,31.899999999999984,42.50000000000002,115.43999999999994,14.500000000000002,12.700000000000001,32.90999999999999,76.60000000000001,63.09999999999999,44.0,9.7,25.2,17.31,30.500000000000004,15.83,31.649999999999995,42.59000000000001,58.33000000000001,43.55,62.71
2024-04-02,56.123333333333335,32.13333333333331,42.683333333333316,116.0966666666667,14.66666666666667,12.98333333333334,33.456666666666656,76.96666666666668,63.230000000000004,44.33333333333333,9.766666666666667,25.46666666666667,17.773333333333326,30.800000000000008,15.926666666666662,31.866333333333323,42.719999999999985,58.55333333333335,43.683333333333344,62.933333333333344
2024-04-03,57.38666666666667,32.36666666666666,42.86666666666665,116.75333333333332,14.833333333333336,13.266666666666666,34.00333333333332,77.33333333333333,63.35999999999998,44.66666666666664,9.833333333333336,25.73333333333332,18.236666666666668,31.099999999999998,16.02333333333333,32.082666666666675,42.85000000000003,58.776666666666664,43.816666666666656,63.15666666666666
2024-04-04,58.650000000000006,32.599999999999994,43.05000000000001,117.40999999999995,15.000000000000004,13.550000000000002,34.54999999999999,77.7,63.48999999999999,44.99999999999999,9.900000000000011,26.0,18.699999999999996,31.40000000000001,16.119999999999994,32.299,42.97999999999998,59.0,43.94999999999999,63.38000000000001
2024-04-05,61.71000000000002,32.79999999999999,43.89999999999998,119.29999999999995,14.400000000000002,14.45,34.08999999999999,77.5,63.29999999999998,44.95,10.000000000000004,25.799999999999997,18.599999999999998,32.2,16.420000000000005,32.250000000000014,43.37999999999998,59.33000000000001,44.10000000000001,63.27999999999999
2024-04-06,60.54000000000001,32.4,44.79999999999999,120.16000000000001,14.250000000000005,15.450000000000001,33.67999999999999,78.09999999999998,61.50999999999999,43.85,9.900000000000011,25.799999999999997,18.699999999999996,32.09999999999999,16.029999999999994,31.7,42.69000000000002,59.400000000000006,44.199999999999996,65.68
2024-04-07,61.62000000000001,32.599999999999994,44.34999999999998,119.73000000000002,14.3,15.850000000000001,33.179999999999986,78.09999999999998,61.40999999999999,42.50000000000001,9.8,25.750000000000007,17.799999999999997,31.900000000000016,15.929999999999994,31.800000000000008,42.790000000000006,59.53,43.699999999999996,64.44
2024-04-08,61.62000000000001,32.79999999999999,44.34999999999998,121.78,14.400000000000002,16.55,33.90999999999998,77.60000000000001,61.60999999999997,42.64999999999999,10.099999999999989,25.599999999999994,18.799999999999997,31.499999999999993,16.119999999999994,31.7,43.07999999999999,59.20000000000002,43.50000000000001,65.01
2024-04-09,61.950000000000045,33.033333333333324,44.50000000000001,122.35333333333334,14.266666666666662,16.533333333333335,33.90999999999998,77.43333333333332,61.90666666666663,42.7,10.066666666666656,25.566666666666663,18.799999999999997,31.53333333333333,16.186666666666664,31.733333333333327,43.14666666666666,59.086666666666666,43.483333333333334,64.82
2024-04-10,62.27999999999998,33.266666666666666,44.65,122.92666666666675,14.133333333333342,16.51666666666667,33.90999999999998,77.26666666666665,62.20333333333332,42.74999999999999,10.03333333333333,25.53333333333333,18.799999999999997,31.56666666666667,16.25333333333333,31.766666666666673,43.21333333333334,58.97333333333335,43.46666666666664,64.63
2024-04-11,62.61000000000001,33.49999999999999,44.79999999999999,123.5,14.000000000000002,16.5,33.90999999999998,77.10000000000001,62.49999999999999,42.79999999999998,10.000000000000004,25.5,18.799999999999997,31.600000000000012,16.32,31.800000000000008,43.28000000000001,58.86000000000002,43.44999999999999,64.44
2024-04-12,61.799999999999976,33.19999999999999,45.099999999999994,125.64,14.2,17.550000000000004,33.82,75.80000000000003,61.80999999999998,43.0,9.900000000000011,25.349999999999998,18.799999999999997,31.2,16.420000000000005,32.10000000000001,43.67000000000001,58.33000000000001,43.2,63.760000000000005
2024-04-13,62.70000000000002,33.49999999999999,45.75000000000002,131.09,14.2,17.4,34.49999999999999,77.8,62.89999999999998,43.49999999999999,9.900000000000011,25.799999999999997,17.899999999999995,31.2,16.620000000000005,32.45000000000002,44.560000000000024,59.33000000000001,43.29999999999997,64.239
2024-04-14,63.060000000000024,33.899999999999984,45.20000000000001,129.1,13.949999999999998,17.249999999999996,35.089999999999996,78.6,63.48999999999999,44.1,10.099999999999989,26.299999999999997,17.499999999999996,31.600000000000012,16.420000000000005,32.199999999999996,44.46,59.13,43.2,64.15
2024-04-15,63.060000000000024,32.79999999999999,42.8,130.1,13.299999999999999,17.300000000000004,34.08999999999999,78.0,62.49999999999999,42.09999999999999,9.900000000000011,25.599999999999994,17.599999999999998,30.500000000000004,15.529999999999996,31.199999999999992,42.89,58.53000000000002,42.00000000000002,63.48
2024-04-16,62.429999999999986,32.78333333333332,42.76666666666666,129.37000000000006,13.333333333333336,17.499999999999996,34.10666666666665,77.4,62.16999999999998,41.733333333333334,10.03333333333333,25.400000000000002,17.699999999999996,30.166666666666675,15.529999999999996,31.14999999999998,42.693333333333335,58.43999999999999,42.00000000000002,63.41333333333333
2024-04-17,61.799999999999976,32.76666666666665,42.73333333333333,128.64000000000007,13.366666666666662,17.700000000000003,34.123333333333335,76.80000000000001,61.84,41.36666666666667,10.166666666666664,25.2,17.799999999999997,29.833333333333336,15.529999999999996,31.099999999999987,42.496666666666655,58.35,42.00000000000002,63.34666666666666
2024-04-18,61.17000000000001,32.74999999999999,42.699999999999996,127.91000000000001,13.399999999999999,17.9,34.139999999999986,76.2,61.50999999999999,41.0,10.3,24.999999999999996,17.899999999999995,29.499999999999993,15.529999999999996,31.049999999999994,42.3,58.260000000000026,42.00000000000002,63.27999999999999
2024-04-19,61.62000000000001,32.34999999999999,42.99999999999999,127.12000000000005,13.599999999999996,19.15,34.359999999999985,76.2,61.709999999999994,41.74999999999999,10.3,24.899999999999988,16.909999999999997,29.100000000000012,15.83,31.399999999999995,42.790000000000006,58.260000000000026,42.10000000000001,63.19
2024-04-20,62.97,32.499999999999986,43.09999999999999,130.58999999999997,12.800000000000002,19.89999999999999,34.27,75.60000000000001,62.8,41.8,10.000000000000004,24.549999999999986,18.499999999999996,29.2,15.83,31.45,42.790000000000006,57.93000000000001,41.50000000000001,62.60999999999999
2024-04-21,62.97,32.2,42.64999999999999,132.38000000000005,12.55,18.55,34.139999999999986,75.80000000000003,62.99999999999998,41.2,10.000000000000004,24.450000000000006,17.599999999999998,29.4,15.83,31.349999999999994,42.500000000000014,57.52,41.45000000000001,63.27999999999999
2024-04-22,63.60000000000001,32.2,42.699999999999996,135.16000000000005,12.399999999999999,19.099999999999998,34.08999999999999,76.2,62.99999999999998,40.9,9.8,24.1,18.099999999999998,29.999999999999996,15.729999999999995,31.45,42.2,57.52,41.649999999999984,63.27999999999999
2024-04-23,62.34000000000002,32.01666666666666,41.71666666666667,133.83666666666667,12.46666666666667,18.683333333333326,33.83333333333332,75.36666666666669,62.50333333333331,40.85,9.7,24.133333333333322,18.69666666666667,29.266666666666673,15.396666666666665,30.833333333333314,41.67666666666664,57.410000000000004,41.46666666666666,63.12
2024-04-24,61.08000000000001,31.833333333333318,40.73333333333331,132.51333333333335,12.533333333333331,18.26666666666667,33.57666666666665,74.53333333333332,62.00666666666665,40.800000000000004,9.6,24.166666666666668,19.29333333333333,28.533333333333314,15.06333333333334,30.216666666666654,41.15333333333335,57.30000000000001,41.28333333333334,62.96
2024-04-25,59.82000000000001,31.649999999999984,39.74999999999999,131.18999999999997,12.6,17.85,33.31999999999999,73.69999999999999,61.50999999999999,40.75,9.499999999999998,24.2,19.889999999999997,27.800000000000008,14.730000000000004,29.599999999999998,40.63000000000001,57.190000000000005,41.1,62.800000000000004
2024-04-26,57.39,31.599999999999984,39.89999999999999,129.1,12.500000000000002,17.249999999999996,33.73,73.89999999999999,61.50999999999999,41.6,9.7,24.2,18.399999999999995,28.099999999999998,14.930000000000003,29.899999999999988,40.92000000000001,57.190000000000005,41.2,62.800000000000004
2024-04-27,58.379999999999995,31.299999999999983,39.65,130.88899999999998,12.700000000000001,17.85,33.639999999999986,74.00000000000001,62.09999999999998,41.6,9.7,23.999999999999996,18.399999999999995,28.200000000000003,14.930000000000003,29.749999999999982,40.92000000000001,56.990000000000016,41.2,62.52000000000001
2024-04-28,57.120000000000005,31.299999999999983,38.49999999999999,131.88000000000002,12.45,18.400000000000002,34.08999999999999,74.49999999999999,62.89999999999998,42.0,10.4,24.299999999999994,18.399999999999995,27.500000000000007,14.730000000000004,29.749999999999982,40.43000000000002,56.990000000000016,40.99999999999999,62.60999999999999
2024-04-29,54.95999999999999,30.999999999999982,38.54999999999999,129.6,12.100000000000003,17.4,33.54999999999998,74.69999999999999,62.399999999999984,41.400000000000006,10.4,23.699999999999996,18.399999999999995,27.2,14.730000000000004,28.799999999999994,39.84000000000001,56.990000000000016,41.2,62.800000000000004
2024-04-30,55.35000000000001,31.333333333333332,38.899999999999984,128.96999999999994,12.133333333333336,17.600000000000005,33.57999999999999,75.13333333333331,63.53333333333334,41.53333333333334,10.3,23.800000000000004,18.399999999999995,27.33333333333333,14.796666666666678,28.999999999999993,39.97333333333334,57.190000000000005,41.25,62.96
2024-05-01,55.74,31.666666666666668,39.24999999999999,128.33999999999997,12.166666666666666,17.8,33.61,75.5666666666667,64.66666666666666,41.66666666666665,10.2,23.9,18.399999999999995,27.46666666666666,14.86333333333333,29.199999999999985,40.10666666666666,57.39000000000002,41.30000000000001,63.12
2024-05-02,56.13000000000001,31.999999999999982,39.6,127.70999999999995,12.199999999999996,18.0,33.639999999999986,76.00000000000001,65.8,41.8,10.099999999999989,23.999999999999996,18.399999999999995,27.6,14.930000000000003,29.399999999999984,40.24000000000001,57.59000000000001,41.35000000000001,63.27999999999999
2024-05-03,56.94,32.29899999999998,40.15,127.12000000000005,12.3,17.85,34.46,76.29999999999998,66.00000000000001,43.15000000000001,10.099999999999989,24.499999999999996,18.399999999999995,28.300000000000008,15.129999999999997,29.749999999999982,41.509999999999984,59.0,41.599999999999994,63.48
2024-05-04,56.58,32.34999999999999,39.65,130.1,12.249999999999995,18.599999999999998,34.41,76.5,65.5,43.0,10.099999999999989,24.24999999999999,18.9,28.099999999999998,15.129999999999997,29.99999999999999,41.320000000000014,59.20000000000002,41.35000000000001,63.48
2024-05-05,58.02000000000002,32.29899999999998,39.54999999999998,134.86000000000007,12.350000000000003,18.35,34.49999999999999,76.80000000000001,65.09900000000002,43.0,10.000000000000004,24.1,18.19999999999999,28.699999999999992,15.230000000000002,29.899999999999988,41.71,58.86000000000002,41.4,63.669999999999995
2024-05-06,57.839999999999996,32.699999999999996,39.3,137.74,11.949999999999996,18.300000000000004,34.81999999999999,76.70000000000003,65.60000000000001,44.0,10.000000000000004,23.75,18.19999999999999,28.600000000000005,15.129999999999997,29.899999999999988,41.91000000000001,58.86000000000002,41.4,64.44
2024-05-07,57.72,32.66666666666666,39.45,138.04000000000002,11.9,18.400000000000002,34.48666666666665,76.53333333333333,66.06666666666668,44.033333333333346,9.96666666666667,23.516666666666666,18.499999999999996,29.33333333333334,15.196666666666655,30.033333333333317,42.00666666666665,58.68333333333334,41.066666666666656,64.56633333333333
2024-05-08,57.599999999999994,32.63333333333331,39.6,138.33999999999997,11.849999999999998,18.5,34.15333333333332,76.36666666666667,66.53333333333335,44.06666666666665,9.933333333333337,23.28333333333333,18.799999999999997,30.066666666666663,15.263333333333334,30.166666666666654,42.103333333333346,58.50666666666666,40.733333333333334,64.69266666666664
2024-05-09,57.48,32.599999999999994,39.74999999999999,138.64000000000001,11.8,18.599999999999998,33.82,76.2,67.0,44.1,9.900000000000011,23.049999999999997,19.099999999999998,30.800000000000008,15.330000000000002,30.29999999999999,42.2,58.33000000000001,40.39999999999999,64.819
2024-05-10,58.11000000000001,32.699999999999996,41.999999999999986,136.54999999999998,11.949999999999996,18.400000000000002,34.08999999999999,76.5,66.80000000000003,43.4,10.000000000000004,23.29999999999999,19.099999999999998,30.89999999999999,15.63,30.549999999999997,43.37999999999998,58.930000000000014,40.8,64.71999999999998
2024-05-11,59.64000000000003,32.4,41.39999999999999,133.07000000000005,11.999999999999998,17.8,34.46,76.80000000000001,65.20000000000003,42.949999999999974,10.000000000000004,23.1,19.099999999999998,31.600000000000012,15.330000000000002,30.049999999999983,42.59000000000001,59.26000000000001,40.6,64.04999999999998
2024-05-12,58.74,32.2,42.14999999999999,132.08000000000004,12.05,17.550000000000004,35.04999999999998,75.80000000000003,64.80000000000003,43.0,9.900000000000011,23.64999999999999,19.099999999999998,31.2,15.230000000000002,29.799999999999997,42.2,58.930000000000014,41.1,63.56999999999999
2024-05-13,57.48,31.999999999999982,41.7,132.88,12.199999999999996,17.550000000000004,34.54999999999999,74.80000000000004,64.80000000000003,43.0,9.900000000000011,23.349999999999994,17.599999999999998,30.6,15.030000000000008,29.84999999999998,41.91000000000001,58.600000000000016,41.74999999999999,63.56999999999999
2024-05-14,56.97000000000001,32.03333333333332,41.81666666666665,132.51333333333335,12.150000000000002,17.149999999999995,34.48666666666665,74.69999999999999,64.63333333333335,43.26666666666668,9.866666666666662,23.28333333333333,17.666666666666664,30.833333333333332,15.030000000000008,29.81666666666666,42.00666666666665,58.57666666666667,41.61666666666667,63.539999999999985
2024-05-15,56.459999999999994,32.06666666666666,41.93333333333333,132.14666666666665,12.100000000000003,16.749999999999996,34.42333333333334,74.6,64.46666666666667,43.533333333333324,9.833333333333336,23.21666666666667,17.733333333333327,31.06666666666666,15.030000000000008,29.783333333333324,42.103333333333346,58.55333333333335,41.48333333333331,63.50999999999999
2024-05-16,55.94999999999999,32.099999999999994,42.04999999999999,131.78,12.05,16.35,34.359999999999985,74.49999999999999,64.30000000000001,43.80000000000002,9.8,23.150000000000006,17.799999999999997,31.299999999999997,15.030000000000008,29.749999999999982,42.2,58.53000000000002,41.35000000000001,63.48
2024-05-17,54.04999999999999,32.499999999999986,42.09999999999999,133.07000000000005,12.05,16.5,34.359999999999985,74.00000000000001,64.09899999999999,44.0,9.7,22.399999999999984,17.799999999999997,30.89999999999999,15.030000000000008,29.699999999999996,42.2,58.8,41.04999999999998,63.38000000000001
2024-05-18,50.63000000000001,32.99999999999999,41.1,130.99,11.849999999999998,15.4,33.54999999999998,71.8,63.5,42.0,9.6,20.949999999999996,17.799999999999997,29.2,14.140000000000004,28.499999999999986,40.73,58.86000000000002,40.6,63.0
2024-05-19,51.53000000000002,33.44999999999999,41.3,127.01999999999995,12.350000000000003,15.349999999999996,33.45999999999999,71.2,65.0,42.29999999999998,9.6,21.099999999999998,17.599999999999998,29.699999999999996,14.430000000000005,28.749999999999993,41.61,58.86000000000002,40.54999999999999,63.19
2024-05-20,50.45000000000001,33.399999999999984,39.89999999999999,125.13,11.949999999999996,14.599999999999998,33.269999999999996,71.0,65.60000000000001,41.05000000000001,9.6,20.249999999999993,17.599999999999998,29.0,14.140000000000004,28.049999999999994,41.509999999999984,58.53000000000002,40.75000000000001,62.60999999999999
2024-05-21,49.879999999999995,33.48333333333332,38.98333333333331,124.50000000000001,11.949999999999996,14.383333333333336,33.11999999999998,71.40000000000002,65.5,41.03333333333335,9.6,20.200000000000003,17.83333333333333,28.86666666666667,14.006666666666668,27.799999999999994,41.086666666666666,58.573333333333345,40.75000000000001,62.64333333333333
2024-05-22,49.31000000000001,33.566666666666656,38.066666666666656,123.87,11.949999999999996,14.166666666666666,32.969999999999985,71.8,65.4,41.01666666666666,9.6,20.15,18.066666666666663,28.733333333333327,13.873333333333337,27.549999999999986,40.663333333333334,58.61666666666666,40.75000000000001,62.67666666666665
2024-05-23,48.73999999999998,33.649999999999984,37.15,123.24,11.949999999999996,13.950000000000001,32.819999999999986,72.20000000000005,65.30000000000001,41.0,9.6,20.099999999999994,18.299999999999997,28.600000000000005,13.74,27.29999999999998,40.24000000000001,58.66,40.75000000000001,62.71
2024-05-24,48.73999999999998,32.4,34.70000000000001,124.63000000000004,11.600000000000001,14.899999999999999,32.269999999999996,71.0,62.49999999999999,41.1,9.499999999999998,19.449999999999996,18.299999999999997,27.89999999999999,13.74,27.449999999999996,39.75,58.53000000000002,40.85000000000001,63.19
2024-05-25,49.10000000000001,32.2,35.40000000000001,125.13,11.849999999999998,14.599999999999998,32.72899999999999,71.5,61.39999999999996,42.0,9.499999999999998,20.200000000000003,18.99999999999999,28.400000000000002,13.74,27.599999999999994,40.24000000000001,58.53000000000002,40.900000000000006,62.9
2024-05-26,48.11,31.549999999999994,35.7,124.14000000000006,11.749999999999998,14.050000000000006,32.72899999999999,71.0,60.99999999999997,41.55,9.300000000000002,20.050000000000004,17.899999999999995,28.200000000000003,13.540000000000001,27.699999999999996,40.24000000000001,58.40000000000001,41.599999999999994,62.9
2024-05-27,50.90000000000001,32.04899999999998,35.15,127.12000000000005,12.05,13.950000000000001,32.72899999999999,74.00000000000001,60.99999999999997,41.74999999999999,9.200000000000001,19.85,17.899999999999995,28.9,13.74,27.949999999999985,41.02,58.40000000000001,41.599999999999994,63.089999999999996
2024-05-28,50.930000000000014,32.065999999999995,35.40000000000001,127.44999999999997,12.166666666666666,14.083333333333332,32.789333333333325,74.00000000000001,61.33333333333334,41.68333333333333,9.333333333333336,19.749999999999993,18.19999999999999,28.86666666666667,13.773333333333332,27.883333333333322,40.823333333333345,58.40000000000001,41.599999999999994,63.539999999999985
2024-05-29,50.96000000000001,32.082999999999984,35.64999999999999,127.77999999999999,12.283333333333331,14.216666666666667,32.849666666666664,74.00000000000001,61.66666666666664,41.61666666666666,9.466666666666663,19.65,18.499999999999996,28.833333333333332,13.806666666666668,27.81666666666665,40.62666666666665,58.40000000000001,41.599999999999994,63.98999999999999
2024-05-30,50.989999999999995,32.099999999999994,35.900000000000006,128.11000000000004,12.399999999999999,14.350000000000001,32.90999999999999,74.00000000000001,61.99999999999997,41.55,9.6,19.55,18.799999999999997,28.800000000000004,13.839999999999995,27.749999999999993,40.43000000000002,58.40000000000001,41.599999999999994,64.44
2024-05-31,49.91000000000001,31.999999999999982,35.20000000000001,127.12000000000005,12.150000000000002,13.999999999999998,32.72899999999999,74.6,62.99999999999998,41.8,9.399999999999997,18.999999999999996,18.599999999999998,28.600000000000005,13.64,27.39999999999998,39.940000000000005,58.53000000000002,42.199999999999996,64.92
2024-06-01,49.55,31.999999999999982,34.85,127.70999999999995,12.150000000000002,13.3,32.95999999999999,74.10000000000001,63.79999999999999,41.15,9.300000000000002,18.999999999999996,18.599999999999998,28.600000000000005,13.74,27.699999999999996,39.84000000000001,59.67,42.300000000000004,68.65999999999998
2024-06-02,46.13,31.449999999999992,32.449999999999996,123.94,11.8,13.3,31.639999999999993,71.8,62.09999999999998,39.300000000000004,9.1,17.699999999999985,17.699999999999996,28.000000000000014,13.839999999999995,27.849999999999987,39.26,60.669999999999995,42.10000000000001,67.41
2024-06-03,47.119999999999976,31.549999999999994,34.70000000000001,122.35000000000002,12.100000000000003,13.500000000000002,31.819999999999993,72.20000000000005,62.89999999999998,39.500000000000014,9.200000000000001,17.999999999999996,17.699999999999996,28.50000000000001,13.839999999999995,27.89999999999999,39.26,59.33000000000001,42.00000000000002,68.56
2024-06-04,46.023333333333326,31.08333333333331,34.66666666666666,120.82666666666668,11.933333333333334,13.2,31.666666666666664,71.63333333333333,62.46666666666664,38.933333333333344,9.066666666666666,17.666666666666654,17.83333333333333,27.63333333333333,13.440000000000007,27.249999999999996,38.54,58.930000000000014,41.766666666666666,67.88666666666667
2024-06-05,44.926666666666655,30.616666666666653,34.633333333333326,119.30333333333331,11.766666666666666,12.90000000000001,31.51333333333333,71.06666666666668,62.033333333333324,38.36666666666665,8.933333333333332,17.333333333333336,17.96666666666666,26.766666666666683,13.040000000000003,26.599999999999998,37.82000000000001,58.53000000000002,41.533333333333346,67.21333333333332
2024-06-06,43.829999999999984,30.149999999999995,34.599999999999994,117.77999999999999,11.600000000000001,12.600000000000003,31.359999999999996,70.49999999999999,61.599999999999994,37.8,8.800000000000004,16.999999999999993,18.099999999999998,25.89999999999999,12.639999999999999,25.94999999999999,37.1,58.13000000000001,41.30000000000001,66.54
2024-06-07,45.13999999999998,30.549999999999983,36.54999999999999,119.96999999999996,11.849999999999998,13.2,32.08999999999999,73.20000000000002,62.299999999999976,39.199999999999996,8.899999999999999,17.499999999999982,18.099999999999998,26.4,12.840000000000003,26.349999999999998,37.69,58.40000000000001,41.30000000000001,69.70999999999998
2024-06-08,45.95000000000001,30.199999999999978,36.0,121.16000000000003,11.549999999999999,13.000000000000004,32.46,73.00000000000004,62.299999999999976,39.15,8.899999999999999,17.800000000000004,18.099999999999998,26.7,12.940000000000003,26.54999999999999,37.69,58.66,42.349999999999994,70.75999999999999
2024-06-09,43.870000000000005,30.199999999999978,34.94999999999999,120.56000000000006,10.75,12.650000000000004,32.04899999999999,74.49999999999999,62.399999999999984,38.09999999999999,8.700000000000003,17.300000000000004,18.099999999999998,26.9,12.840000000000003,26.14999999999999,37.28999999999999,58.40000000000001,41.800000000000004,69.70999999999998
2024-06-10,45.76999999999999,31.5,36.099999999999994,126.02,10.449999999999998,12.750000000000004,32.409,75.2,65.60000000000001,38.99999999999999,8.700000000000003,17.699999999999985,18.399999999999995,27.400000000000002,12.940000000000003,26.599999999999998,37.88000000000001,58.66,41.2,70.28
2024-06-11,46.07,31.566666666666652,36.3,127.04666666666667,10.466666666666665,12.766666666666667,32.426,75.2,65.93333333333335,38.983333333333334,8.733333333333336,17.633333333333333,17.999999999999996,27.533333333333328,13.006666666666666,26.683333333333323,38.076666666666654,58.68333333333334,40.99999999999999,70.18666666666667
2024-06-12,46.36999999999999,31.633333333333315,36.5,128.07333333333335,10.483333333333334,12.783333333333335,32.442999999999984,75.2,66.26666666666668,38.966666666666654,8.766666666666671,17.56666666666667,17.599999999999998,27.666666666666668,13.07333333333334,26.766666666666666,38.27333333333333,58.70666666666666,40.8,70.09333333333332
2024-06-13,46.66999999999999,31.699999999999992,36.7,129.1,10.500000000000004,12.8,32.46,75.2,66.60000000000001,38.95,8.800000000000004,17.499999999999982,17.199999999999996,27.800000000000008,13.139999999999997,26.849999999999994,38.47000000000001,58.73,40.6,69.99999999999999
2024-06-14,46.4,31.849999999999998,36.35000000000001,128.79999999999998,10.449999999999998,12.700000000000001,32.548999999999985,74.80000000000004,66.70000000000002,38.35,8.700000000000003,18.149999999999995,17.199999999999996,27.29999999999999,13.240000000000002,26.749999999999996,38.57000000000002,59.870000000000005,40.69999999999999,70.75999999999999
2024-06-15,45.86,31.799999999999994,36.14999999999999,128.61,10.05,12.600000000000003,32.46,76.5,66.60000000000001,38.050000000000004,8.800000000000004,17.9,17.199999999999996,27.29999999999999,13.139999999999997,26.69999999999999,38.28,58.86000000000002,40.8,70.96
2024-06-16,44.82000000000001,31.849999999999998,35.5,127.80999999999997,10.05,12.1,32.269999999999996,75.00000000000001,65.90000000000002,37.25,8.700000000000003,17.6,17.899999999999995,27.1,12.840000000000003,26.399999999999995,37.98000000000001,58.600000000000016,40.8,70.75999999999999
2024-06-17,47.029999999999994,32.499999999999986,37.95000000000001,129.69899999999998,10.400000000000002,12.600000000000003,33.77,77.29999999999998,69.00000000000001,39.500000000000014,8.999999999999998,18.799999999999994,18.399999999999995,28.000000000000014,13.240000000000002,27.199999999999996,38.86000000000001,58.930000000000014,41.14999999999999,70.75999999999999
2024-06-18,47.269999999999996,32.54999999999999,38.03333333333334,129.66600000000003,10.433333333333334,12.600000000000003,33.75666666666666,77.46666666666665,69.00000000000001,39.56666666666665,8.999999999999998,18.91666666666666,18.13333333333333,28.200000000000003,13.30666666666667,27.26666666666666,39.09000000000002,59.086666666666666,41.14999999999999,71.46333333333332
2024-06-19,47.51,32.599999999999994,38.11666666666667,129.633,10.466666666666665,12.600000000000003,33.743333333333325,77.63333333333333,69.00000000000001,39.633333333333326,8.999999999999998,19.033333333333328,17.866666666666664,28.400000000000002,13.373333333333328,27.33333333333332,39.32,59.24333333333333,41.14999999999999,72.16666666666667
2024-06-20,47.749999999999986,32.649999999999984,38.2,129.6,10.500000000000004,12.600000000000003,33.73,77.8,69.00000000000001,39.70000000000001,8.999999999999998,19.149999999999995,17.599999999999998,28.600000000000005,13.440000000000007,27.39999999999998,39.55000000000001,59.400000000000006,41.14999999999999,72.87
2024-06-21,47.839999999999996,33.19999999999999,39.05,130.58999999999997,10.6,12.700000000000001,34.32,77.60000000000001,69.50000000000001,40.6,8.999999999999998,20.449999999999996,17.599999999999998,28.50000000000001,13.340000000000002,27.649999999999988,39.55000000000001,60.740000000000016,41.7,72.49
2024-06-22,47.38999999999998,34.19999999999999,39.10000000000001,132.5800000000001,10.699999999999998,12.750000000000004,34.27,77.5,69.80000000000003,40.7,9.1,21.0,17.599999999999998,29.4,13.64,27.999999999999986,39.940000000000005,62.070000000000014,41.85,72.2
2024-06-23,49.279999999999994,34.59999999999999,39.05,132.88,10.500000000000004,12.750000000000004,34.17999999999999,78.0,70.0,40.7,9.1,21.399999999999995,17.599999999999998,29.0,13.540000000000001,27.799999999999994,39.84000000000001,61.81000000000001,41.55,71.15
2024-06-24,48.46999999999998,34.949999999999996,39.54999999999998,132.18000000000004,10.400000000000002,12.700000000000001,33.99999999999999,77.89999999999998,70.0,40.7,9.6,21.599999999999998,18.9,29.0,13.440000000000007,27.89999999999999,39.65,61.81000000000001,41.55,71.82
2024-06-25,48.169999999999995,34.833333333333336,39.416666666666664,131.65000000000003,10.416666666666664,12.616666666666669,34.08999999999999,77.33333333333333,69.93333333333334,40.68333333333332,9.533333333333331,21.69999999999998,18.599999999999998,28.833333333333332,13.40666666666667,27.799999999999994,39.583333333333336,61.72000000000001,41.74999999999999,71.34
2024-06-26,47.86999999999998,34.716666666666654,39.283333333333324,131.12,10.433333333333334,12.533333333333331,34.17999999999999,76.76666666666671,69.86666666666667,40.66666666666665,9.466666666666663,21.8,18.299999999999997,28.666666666666657,13.373333333333328,27.699999999999996,39.51666666666666,61.63,41.95000000000001,70.86
2024-06-27,47.570000000000014,34.59999999999999,39.150000000000006,130.58999999999997,10.449999999999998,12.450000000000001,34.27,76.2,69.80000000000003,40.65000000000001,9.399999999999997,21.899999999999995,17.999999999999996,28.50000000000001,13.340000000000002,27.599999999999994,39.45,61.54,42.15,70.37999999999998
2024-06-28,47.3,34.849999999999994,39.2,131.59,10.500000000000004,12.1,34.08999999999999,76.80000000000001,69.80000000000003,40.7,9.499999999999998,21.749999999999982,17.999999999999996,28.699999999999992,13.440000000000007,27.39999999999998,39.45,61.2,45.100000000000016,70.48
2024-06-29,47.119999999999976,34.89999999999999,38.84999999999999,132.38000000000005,11.000000000000002,12.250000000000002,34.04999999999999,77.10000000000001,69.40000000000002,40.9,9.499999999999998,21.899999999999995,17.999999999999996,28.9,13.340000000000002,27.599999999999994,39.45,60.94,44.399999999999984,70.86
2024-06-30,48.20000000000001,34.99999999999998,38.75,132.78,10.849999999999998,12.15,34.27,76.9,69.10000000000001,40.9,9.6,21.45,17.999999999999996,29.2,13.240000000000002,27.29999999999998,39.45,61.2,44.199999999999996,70.48
2024-07-01,47.570000000000014,35.04999999999998,39.0,133.87,10.650000000000004,11.900000000000006,34.27,76.5,69.80000000000003,41.0,9.300000000000002,21.549999999999994,16.699999999999996,29.2,13.240000000000002,27.449999999999996,40.040000000000006,61.340000000000025,44.199999999999996,70.86
2024-07-02,47.60599999999998,35.09999999999999,39.039999999999985,133.51200000000003,10.570000000000004,11.83,34.325999999999986,76.26000000000002,69.66000000000003,41.2,9.26,21.71999999999999,16.88,29.060000000000002,13.160000000000004,27.29999999999998,39.96200000000001,61.246000000000016,44.15999999999999,70.936
2024-07-03,47.64199999999998,35.15,39.08,133.154,10.49,11.760000000000002,34.38199999999999,76.02,69.51999999999997,41.400000000000006,9.220000000000004,21.890000000000004,17.06,28.919999999999998,13.08,27.149999999999988,39.88400000000001,61.152,44.11999999999999,71.012
2024-07-04,47.67799999999999,35.199999999999996,39.11999999999999,132.796,10.410000000000005,11.690000000000001,34.437999999999995,75.78,69.38000000000001,41.6,9.18,22.060000000000002,17.239999999999995,28.78000000000002,13.0,26.99999999999999,39.806000000000004,61.058,44.079999999999984,71.088
2024-07-05,47.714000000000006,35.24999999999999,39.15999999999999,132.43800000000002,10.329999999999998,11.62,34.49399999999999,75.54000000000003,69.24000000000001,41.8,9.139999999999997,22.23,17.419999999999998,28.639999999999997,12.920000000000002,26.849999999999994,39.728000000000016,60.964,44.039999999999985,71.164
2024-07-06,47.749999999999986,35.3,39.2,132.08000000000004,10.25,11.55,34.54999999999999,75.29999999999998,69.10000000000001,42.0,9.1,22.399999999999984,17.599999999999998,28.50000000000001,12.840000000000003,26.69999999999999,39.65,60.87000000000001,43.99999999999998,71.24
2024-07-07,46.93999999999998,34.99999999999998,39.2,129.69899999999998,10.200000000000001,11.500000000000004,34.49999999999999,74.10000000000001,67.9,41.1,9.200000000000001,21.850000000000005,17.599999999999998,28.50000000000001,12.740000000000004,26.24999999999999,39.26,60.27,45.04999999999998,71.63
2024-07-08,46.66999999999999,35.5,39.3,131.18999999999997,10.25,11.200000000000001,34.359999999999985,76.00000000000001,68.00000000000003,41.1,8.999999999999998,21.599999999999998,18.9,28.699999999999992,12.840000000000003,26.599999999999998,39.75,60.34000000000002,44.64999999999999,72.3
2024-07-09,46.43,35.48333333333331,39.11666666666665,130.92300000000006,10.300000000000006,11.316666666666668,34.29999999999999,75.80000000000003,67.83333333333333,41.1,8.999999999999998,21.63333333333333,18.9,28.699999999999992,12.840000000000003,26.666666666666668,39.813333333333354,60.34000000000002,44.33333333333332,72.10666666666667
2024-07-10,46.19,35.466666666666654,38.93333333333333,130.65600000000003,10.35,11.433333333333334,34.23999999999999,75.60000000000001,67.66666666666669,41.1,8.999999999999998,21.66666666666666,18.9,28.699999999999992,12.840000000000003,26.73333333333331,39.876666666666665,60.34000000000002,44.01666666666663,71.91333333333333
2024-07-11,45.95000000000001,35.449999999999996,38.75,130.38900000000007,10.400000000000002,11.55,34.17999999999999,75.4,67.50000000000001,41.1,8.999999999999998,21.69999999999998,18.9,28.699999999999992,12.840000000000003,26.799999999999997,39.940000000000005,60.34000000000002,43.699999999999996,71.72
2024-07-12,44.60000000000001,34.949999999999996,37.89999999999999,129.1,10.650000000000004,11.450000000000003,33.90999999999998,75.2,67.80000000000001,40.9,8.899999999999999,20.899999999999995,18.9,28.50000000000001,12.740000000000004,26.650000000000002,39.940000000000005,59.53,43.00000000000001,71.82
2024-07-13,45.32,34.949999999999996,38.2,129.69899999999998,10.6,11.75,33.90999999999998,75.1,67.80000000000001,40.9,8.899999999999999,21.150000000000002,18.9,28.200000000000003,12.740000000000004,26.399999999999995,39.75,59.13,43.00000000000001,71.53
2024-07-14,45.76999999999999,34.99999999999998,38.05,131.38999999999996,10.449999999999998,11.600000000000005,33.77,75.1,67.50000000000001,40.9,8.999999999999998,21.150000000000002,18.9,28.099999999999998,12.840000000000003,26.399999999999995,39.940000000000005,59.870000000000005,42.900000000000006,71.63
2024-07-15,46.03999999999999,34.89999999999999,38.39999999999999,132.08000000000004,10.449999999999998,11.7,33.85999999999999,74.20000000000002,67.20000000000002,41.74999999999999,9.1,21.500000000000004,18.9,28.099999999999998,12.740000000000004,25.999999999999982,39.65,60.13000000000002,42.900000000000006,69.9
2024-07-16,45.82666666666665,34.81666666666665,38.28333333333333,131.45300000000006,10.416666666666664,11.666666666666666,33.98333333333333,73.76666666666667,66.83333333333334,41.5,9.033333333333333,21.233333333333324,18.9,27.89999999999999,12.706666666666667,25.800000000000004,39.52000000000001,59.90666666666667,42.61666666666665,69.57999999999998
2024-07-17,45.61333333333334,34.73333333333332,38.16666666666665,130.826,10.383333333333338,11.633333333333338,34.10666666666665,73.33333333333334,66.46666666666667,41.24999999999999,8.966666666666665,20.96666666666667,18.9,27.69999999999999,12.673333333333336,25.599999999999984,39.38999999999999,59.683333333333344,42.33333333333331,69.26
2024-07-18,45.4,34.64999999999999,38.05,130.199,10.35,11.600000000000005,34.22999999999999,72.89999999999999,66.10000000000002,41.0,8.899999999999999,20.700000000000003,18.9,27.500000000000007,12.639999999999999,25.4,39.26,59.460000000000015,42.05,68.93999999999998
2024-07-19,45.86,34.949999999999996,39.45,131.98,10.449999999999998,11.600000000000005,34.81999999999999,74.49999999999999,66.80000000000003,41.849999999999994,9.1,21.749999999999982,17.899999999999995,28.000000000000014,12.740000000000004,25.4,39.26,60.54,42.900000000000006,70.37999999999998
2024-07-20,47.3,35.7,39.800000000000004,133.67,10.550000000000002,12.000000000000005,34.54999999999999,74.4,68.20000000000002,41.949999999999996,8.999999999999998,21.749999999999982,17.899999999999995,28.200000000000003,12.639999999999999,25.599999999999984,39.45,60.87000000000001,42.65,70.28
2024-07-21,47.029999999999994,35.999999999999986,39.7,134.27,10.550000000000002,12.000000000000005,34.54999999999999,74.4,68.20000000000002,42.150000000000006,9.1,22.399999999999984,17.299999999999997,28.300000000000008,12.639999999999999,25.749999999999996,39.65,61.2,42.900000000000006,70.28
2024-07-22,46.93999999999998,35.999999999999986,39.499999999999986,134.37,10.699999999999998,12.050000000000006,34.41,74.69999999999999,68.00000000000003,41.6,9.200000000000001,22.199999999999992,17.299999999999997,29.900000000000002,13.040000000000003,27.049999999999994,40.83000000000001,60.6,42.300000000000004,69.70999999999998
2024-07-23,46.639999999999986,35.96666666666665,39.583333333333336,133.9366666666667,10.6,12.066666666666666,34.426666666666655,74.6,67.76666666666667,41.66666666666665,9.166666666666668,22.199999999999992,17.299999999999997,29.833333333333336,13.006666666666666,26.983333333333317,40.73,60.66666666666664,42.316666666666656,69.77333333333331
2024-07-24,46.34,35.93333333333333,39.666666666666636,133.50333333333333,10.500000000000004,12.083333333333334,34.44333333333333,74.49999999999999,67.53333333333335,41.733333333333334,9.133333333333335,22.199999999999992,17.299999999999997,29.766666666666666,12.97333333333334,26.91666666666666,40.63000000000001,60.73333333333333,42.33333333333331,69.83666666666667
2024-07-25,46.03999999999999,35.899999999999984,39.74999999999999,133.07000000000005,10.400000000000002,12.1,34.46,74.4,67.30000000000003,41.8,9.1,22.199999999999992,17.299999999999997,29.699999999999996,12.940000000000003,26.849999999999994,40.53000000000001,60.79999999999999,42.349999999999994,69.9
2024-07-26,46.66999999999999,36.05,40.349999999999994,133.56999999999996,10.500000000000004,12.1,34.99999999999999,74.80000000000004,68.10000000000001,41.9,9.1,22.549999999999997,18.699999999999996,29.999999999999996,13.139999999999997,27.549999999999986,40.83000000000001,61.00000000000001,42.54999999999999,69.74999999999999
2024-07-27,46.4,35.999999999999986,40.54999999999998,133.87,10.650000000000004,12.000000000000005,35.64000000000001,75.49999999999999,68.70000000000002,42.4,9.300000000000002,23.150000000000006,18.699999999999996,29.900000000000002,13.139999999999997,27.599999999999994,40.83000000000001,62.070000000000014,42.6,69.06
2024-07-28,46.4,36.39999999999999,40.10000000000001,133.37,10.650000000000004,11.900000000000006,35.77000000000001,76.09999999999998,68.30000000000003,42.05,9.399999999999997,22.800000000000004,18.699999999999996,29.800000000000008,13.040000000000003,27.699999999999996,40.43000000000002,61.87000000000001,42.6,70.15
2024-07-29,45.95000000000001,37.0,40.300000000000026,133.27000000000004,10.650000000000004,12.000000000000005,35.40999999999998,75.9,67.50000000000001,41.74999999999999,9.300000000000002,22.800000000000004,18.699999999999996,29.499999999999993,12.940000000000003,27.249999999999996,39.940000000000005,61.87000000000001,42.49999999999999,70.44999999999999
2024-07-30,45.89,36.983333333333334,40.43333333333333,133.37,10.71666666666667,12.000000000000005,35.39333333333333,75.83333333333333,67.70000000000002,41.68333333333333,9.266666666666662,22.699999999999996,18.33333333333333,29.499999999999993,12.940000000000003,27.39999999999998,39.90666666666666,61.76000000000002,42.33333333333331,70.15
2024-07-31,45.83,36.966666666666654,40.56666666666666,133.47,10.783333333333333,12.000000000000005,35.376666666666665,75.76666666666668,67.9,41.61666666666666,9.233333333333336,22.6,17.96666666666666,29.499999999999993,12.940000000000003,27.549999999999986,39.873333333333356,61.650000000000006,42.16666666666665,69.85
2024-08-01,45.76999999999999,36.95000000000001,40.70000000000001,133.56999999999996,10.849999999999998,12.000000000000005,35.35999999999999,75.7,68.10000000000001,41.55,9.200000000000001,22.500000000000004,17.599999999999998,29.499999999999993,12.940000000000003,27.699999999999996,39.84000000000001,61.54,42.00000000000002,69.55
2024-08-02,46.76000000000001,36.5,40.8,134.96,11.15,12.000000000000005,35.73,76.60000000000001,67.80000000000001,41.6,9.300000000000002,22.45,17.599999999999998,29.800000000000008,13.0,27.39999999999998,39.65,61.54,42.300000000000004,69.55
2024-08-03,46.03999999999999,35.999999999999986,40.70000000000001,134.47000000000003,10.9,12.000000000000005,35.089999999999996,76.00000000000001,67.40000000000003,41.0,9.1,21.199999999999992,17.999999999999996,29.900000000000002,13.300000000000004,27.549999999999986,40.040000000000006,62.01000000000001,42.05,69.55
2024-08-04,45.4,36.19999999999999,40.05,133.07000000000005,10.550000000000002,12.000000000000005,33.99999999999999,76.00000000000001,66.30000000000001,40.2,9.300000000000002,20.599999999999994,17.999999999999996,29.6,13.200000000000005,27.249999999999996,40.040000000000006,61.94000000000002,41.35000000000001,69.74999999999999
2024-08-05,45.22000000000001,35.59999999999998,39.89999999999999,133.18,11.200000000000003,12.050000000000006,34.04999999999999,75.60000000000001,66.40000000000003,39.90000000000001,9.1,20.799999999999997,16.799999999999997,30.39999999999999,13.200000000000005,27.699999999999996,40.73,61.740000000000016,40.99999999999999,67.97
2024-08-06,45.22000000000001,35.66666666666666,40.133333333333326,133.18,11.099999999999998,12.083333333333334,34.139999999999986,75.33333333333331,66.36666666666667,40.033333333333324,9.133333333333335,20.883333333333333,16.83333333333333,30.633333333333326,13.266666666666667,27.783333333333314,40.89333333333335,61.67333333333334,40.949999999999996,67.50666666666667
2024-08-07,45.22000000000001,35.733333333333334,40.36666666666665,133.18,11.000000000000002,12.11666666666666,34.22999999999999,75.06666666666669,66.33333333333336,40.16666666666667,9.166666666666668,20.96666666666667,16.866666666666664,30.86666666666669,13.33333333333333,27.866666666666664,41.05666666666666,61.606666666666655,40.900000000000006,67.04333333333332
2024-08-08,45.22000000000001,35.79999999999999,40.6,133.18,10.9,12.15,34.32,74.80000000000004,66.30000000000001,40.300000000000004,9.200000000000001,21.050000000000004,16.899999999999995,31.099999999999998,13.399999999999999,27.949999999999985,41.22,61.54,40.85000000000001,66.58
2024-08-09,44.77999999999999,35.749999999999986,39.85,132.88,10.9,12.200000000000001,34.08999999999999,75.2,65.20000000000003,40.1,9.1,21.050000000000004,17.799999999999997,30.699999999999996,13.300000000000004,28.049999999999994,41.02,61.2,40.900000000000006,67.67
2024-08-10,45.95000000000001,36.099999999999994,40.20000000000002,134.47000000000003,11.050000000000002,12.550000000000002,34.27,77.00000000000003,64.19999999999999,40.50000000000001,9.1,21.150000000000002,17.799999999999997,30.39999999999999,13.100000000000005,27.699999999999996,40.53000000000001,60.87000000000001,41.599999999999994,67.27
2024-08-11,48.20000000000001,36.14999999999999,39.99999999999998,140.71999999999997,11.000000000000002,12.600000000000003,34.08999999999999,79.99999999999997,65.0,40.15000000000002,8.999999999999998,20.799999999999997,17.799999999999997,30.6,13.0,27.349999999999987,40.340000000000025,61.47000000000002,41.4,67.17
2024-08-12,47.749999999999986,36.24999999999999,40.300000000000026,138.64000000000001,11.000000000000002,13.350000000000005,34.08999999999999,81.09999999999997,64.50000000000001,40.25,9.1,21.249999999999996,17.599999999999998,30.699999999999996,13.0,27.549999999999986,40.14000000000001,61.2,41.800000000000004,67.17
2024-08-13,47.78,36.18333333333332,40.4,137.97666666666663,11.000000000000002,13.400000000000002,34.04666666666667,80.8333333333333,64.19999999999999,40.066666666666656,9.066666666666666,21.13333333333333,17.599999999999998,30.666666666666675,13.0,27.39999999999998,39.976666666666674,61.18000000000001,41.91666666666664,67.00666666666666
2024-08-14,47.80999999999999,36.11666666666665,40.5,137.31333333333333,11.000000000000002,13.45,34.00333333333332,80.56666666666666,63.899999999999984,39.883333333333354,9.033333333333333,21.016666666666673,17.599999999999998,30.633333333333326,13.0,27.249999999999996,39.813333333333354,61.160000000000004,42.033333333333346,66.84333333333333
2024-08-15,47.839999999999996,36.05,40.6,136.65,11.000000000000002,13.500000000000002,33.959999999999994,80.3,63.59999999999997,39.70000000000001,8.999999999999998,20.899999999999995,17.599999999999998,30.6,13.0,27.099999999999994,39.65,61.140000000000015,42.15,66.68
2024-08-16,46.85000000000001,36.14999999999999,40.15,136.06,11.000000000000002,13.2,33.49999999999999,80.8,64.4,38.99999999999999,8.999999999999998,20.099999999999994,17.899999999999995,29.4,12.700000000000001,26.599999999999998,38.67000000000001,61.140000000000015,41.649999999999984,66.28
2024-08-17,46.85000000000001,36.29999999999999,39.800000000000004,135.36000000000004,10.800000000000002,13.149999999999999,33.089999999999996,80.39999999999998,65.5,38.199999999999996,8.999999999999998,19.69999999999999,17.899999999999995,28.699999999999992,12.700000000000001,26.299999999999997,38.37,61.2,41.50000000000001,66.97
2024-08-18,47.48000000000002,36.54999999999999,39.99999999999998,136.06,10.800000000000002,13.149999999999999,33.34999999999999,80.99999999999999,65.8,38.900000000000006,9.1,21.050000000000004,17.899999999999995,28.9,12.800000000000006,26.54999999999999,38.760000000000005,61.67,41.55,67.07
2024-08-19,46.93999999999998,36.24999999999999,39.800000000000004,136.06,10.6,13.149999999999999,32.79999999999999,80.39999999999998,65.70000000000002,38.900000000000006,9.1,20.899999999999995,16.999999999999996,28.600000000000005,12.700000000000001,26.24999999999999,38.28,61.81000000000001,41.800000000000004,66.87
2024-08-20,47.329999999999984,35.999999999999986,39.333333333333336,135.56,10.6,13.2,32.7,80.33333333333334,65.73333333333335,38.66666666666666,9.066666666666666,20.799999999999997,17.26666666666667,28.36666666666667,12.633333333333335,26.09999999999999,38.146666666666675,61.72000000000001,41.95000000000001,66.84
2024-08-21,47.72000000000002,35.749999999999986,38.866666666666674,135.06,10.6,13.25,32.599999999999994,80.26666666666665,65.76666666666668,38.433333333333344,9.033333333333333,20.700000000000003,17.53333333333333,28.13333333333333,12.56666666666667,25.94999999999999,38.01333333333336,61.63,42.10000000000001,66.81
2024-08-22,48.11,35.5,38.39999999999999,134.55999999999997,10.6,13.3,32.49999999999999,80.19999999999999,65.8,38.199999999999996,8.999999999999998,20.599999999999994,17.799999999999997,27.89999999999999,12.499999999999998,25.800000000000004,37.88000000000001,61.54,42.249999999999986,66.78
2024-08-23,46.58000000000002,34.99999999999998,37.45000000000001,132.18000000000004,10.500000000000004,13.600000000000003,32.7,78.90000000000002,66.30000000000001,38.15,8.999999999999998,20.899999999999995,16.299999999999997,27.500000000000007,12.499999999999998,25.599999999999984,37.28999999999999,61.140000000000015,42.199999999999996,66.78
2024-08-24,46.309999999999995,35.04999999999998,37.95000000000001,133.27000000000004,10.699999999999998,13.650000000000004,33.29999999999999,79.40000000000002,65.70000000000002,39.300000000000004,8.899999999999999,21.599999999999998,17.399999999999995,27.69999999999999,12.599999999999998,25.849999999999998,37.59000000000001,61.2,43.2,66.78
2024-08-25,45.59,34.849999999999994,36.85,133.37,10.550000000000002,13.750000000000002,33.649999999999984,78.5,65.4,38.900000000000006,8.800000000000004,21.350000000000005,16.499999999999996,27.29999999999999,12.499999999999998,25.89999999999999,37.49000000000001,61.340000000000025,42.05,67.87
2024-08-26,45.67999999999999,34.59999999999999,36.85,133.07000000000005,10.149999999999999,13.9,33.14999999999999,77.2,65.5,38.75,8.899999999999999,21.650000000000002,16.199999999999996,27.29999999999999,12.400000000000002,25.64999999999999,37.1,61.40000000000001,41.55,67.47
2024-08-27,45.86,34.633333333333326,37.033333333333324,133.37,10.149999999999999,13.85,33.26666666666666,77.43333333333332,65.5,38.86666666666666,8.899999999999999,21.63333333333333,16.599999999999998,27.43333333333333,12.400000000000002,25.7,37.13333333333334,61.44666666666667,41.51666666666666,67.20666666666668
2024-08-28,46.03999999999999,34.66666666666665,37.21666666666666,133.67,10.149999999999999,13.800000000000006,33.38333333333332,77.66666666666667,65.5,38.983333333333334,8.899999999999999,21.61666666666667,16.999999999999996,27.566666666666674,12.400000000000002,25.749999999999996,37.16666666666665,61.493333333333325,41.48333333333331,66.94333333333331
2024-08-29,46.22000000000001,34.7,37.4,133.97000000000006,10.149999999999999,13.750000000000002,33.49999999999999,77.89999999999998,65.5,39.099999999999994,8.899999999999999,21.599999999999998,17.399999999999995,27.69999999999999,12.400000000000002,25.800000000000004,37.199999999999996,61.54,41.45000000000001,66.68
2024-08-30,47.570000000000014,34.949999999999996,37.45000000000001,134.47000000000003,10.200000000000001,13.9,33.49999999999999,78.0,66.50000000000001,39.099999999999994,8.800000000000004,21.150000000000002,17.399999999999995,28.300000000000008,12.400000000000002,25.749999999999996,37.199999999999996,61.54,41.35000000000001,66.48
2024-08-31,47.48000000000002,34.75,37.20000000000002,134.96,10.35,13.750000000000002,33.49999999999999,78.09999999999998,66.00000000000001,39.400000000000006,8.899999999999999,21.249999999999996,15.999999999999996,28.099999999999998,12.200000000000003,25.599999999999984,37.1,61.340000000000025,40.99999999999999,65.78
2024-09-01,46.76000000000001,35.7,37.59999999999998,134.96,10.35,13.750000000000002,33.49999999999999,76.60000000000001,66.50000000000001,39.850000000000016,8.899999999999999,21.050000000000004,16.799999999999997,27.89999999999999,12.200000000000003,25.64999999999999,37.1,62.61,41.55,65.58
2024-09-02,45.59,35.59999999999998,37.20000000000002,133.67,10.25,13.9,33.14999999999999,74.49999999999999,66.00000000000001,40.7,8.800000000000004,20.899999999999995,17.899999999999995,27.6,11.999999999999995,25.749999999999996,37.39,62.54,41.2,65.28999999999999
2024-09-03,45.79999999999999,35.63333333333332,37.33333333333334,133.0733333333334,10.266666666666667,13.700000000000001,33.099999999999994,74.06666666666666,65.69966666666667,40.300000000000004,8.766666666666671,20.916666666666664,17.899999999999995,27.6,11.933333333333332,25.56666666666665,37.326666666666654,62.31666666666667,41.2,65.22333333333333
2024-09-04,46.00999999999998,35.66666666666666,37.466666666666654,132.47666666666666,10.28333333333333,13.500000000000002,33.04999999999999,73.63333333333334,65.39933333333335,39.90000000000001,8.733333333333336,20.933333333333326,17.899999999999995,27.6,11.866666666666664,25.38333333333332,37.263333333333335,62.09333333333333,41.2,65.15666666666665
2024-09-05,46.22000000000001,35.7,37.59999999999998,131.88000000000002,10.300000000000006,13.3,32.999999999999986,73.20000000000002,65.09900000000002,39.500000000000014,8.700000000000003,20.949999999999996,17.899999999999995,27.6,11.8,25.199999999999992,37.199999999999996,61.87000000000001,41.2,65.09
2024-09-06,45.49999999999999,35.04999999999998,37.35000000000001,131.68000000000006,10.35,13.550000000000002,32.94999999999999,73.10000000000002,65.60000000000001,39.45,8.700000000000003,21.150000000000002,17.899999999999995,27.89999999999999,11.699999999999996,25.14999999999999,37.0,61.94000000000002,41.30000000000001,64.989
2024-09-07,46.13,35.899999999999984,38.15,133.67,10.449999999999998,13.45,33.39999999999999,74.20000000000002,65.60000000000001,39.90000000000001,8.800000000000004,21.3,17.899999999999995,28.099999999999998,11.8,25.349999999999998,37.39,62.14000000000001,41.800000000000004,65.28999999999999
2024-09-08,47.749999999999986,35.59999999999998,37.85,134.17000000000004,10.400000000000002,13.800000000000006,33.599999999999994,73.30000000000001,65.4,39.95,8.800000000000004,21.69999999999998,17.899999999999995,28.400000000000002,11.8,25.499999999999993,37.39,62.34,41.7,65.39
2024-09-09,48.38,34.99999999999998,37.75,134.86000000000007,10.35,14.1,33.54999999999998,72.3,65.0,39.60000000000001,8.800000000000004,21.350000000000005,17.699999999999996,28.000000000000014,11.9,25.499999999999993,37.59000000000001,61.67,41.04999999999998,65.19
2024-09-10,49.489999999999995,34.983333333333334,37.56666666666664,135.69,10.400000000000002,14.233333333333334,33.533333333333324,72.69999999999999,64.33333333333334,39.58333333333335,8.733333333333336,21.183333333333334,17.699999999999996,27.933333333333337,11.833333333333332,25.449999999999992,37.49000000000001,61.626666666666665,40.96666666666665,65.02333333333334
2024-09-11,50.600000000000016,34.96666666666665,37.383333333333326,136.51999999999998,10.449999999999998,14.366666666666665,33.51666666666665,73.10000000000002,63.66666666666663,39.56666666666665,8.66666666666667,21.016666666666673,17.699999999999996,27.866666666666667,11.766666666666664,25.4,37.39,61.58333333333335,40.88333333333333,64.85666666666665
2024-09-12,51.71,34.949999999999996,37.20000000000002,137.34999999999997,10.500000000000004,14.5,33.49999999999999,73.50000000000001,62.99999999999998,39.55,8.600000000000001,20.85,17.699999999999996,27.800000000000008,11.699999999999996,25.349999999999998,37.28999999999999,61.54,40.8,64.69
2024-09-13,52.61,34.499999999999986,37.20000000000002,135.86000000000004,11.200000000000003,14.3,33.44999999999999,72.5,60.8,39.45,8.600000000000001,20.700000000000003,17.699999999999996,27.6,11.500000000000002,24.199999999999996,37.0,61.47000000000002,40.54999999999999,64.39
2024-09-14,52.96999999999999,34.35,36.79999999999998,136.85000000000005,11.300000000000002,13.700000000000001,33.49999999999999,73.00000000000004,61.899999999999984,39.400000000000006,8.700000000000003,21.099999999999998,17.699999999999996,27.29999999999999,11.2,23.8,36.49999999999999,61.87000000000001,40.6,64.489
2024-09-15,51.35,33.6,35.7,135.06,11.749999999999998,13.800000000000006,33.34999999999999,71.40000000000002,61.29999999999999,38.60000000000001,8.5,20.5,17.399999999999995,27.1,10.8,23.19999999999999,34.99999999999999,61.54,40.69999999999999,64.489
2024-09-16,52.160000000000004,33.1,34.04999999999999,132.98000000000002,11.8,12.950000000000003,32.65,70.59999999999995,59.9,37.75,8.399999999999999,19.949999999999996,15.799999999999999,26.4,10.300000000000002,23.19999999999999,34.0,61.340000000000025,40.54999999999999,63.19999999999999
2024-09-17,52.10000000000001,33.16666666666666,34.49999999999999,133.00999999999996,11.666666666666666,12.90000000000001,32.63333333333332,70.49999999999999,59.56666666666663,37.5,8.433333333333334,20.050000000000004,16.03333333333333,26.433333333333312,10.266666666666666,23.26666666666666,33.966666666666654,61.183333333333344,40.5,63.03666666666665
2024-09-18,52.04,33.23333333333333,34.94999999999999,133.04000000000005,11.533333333333331,12.850000000000001,32.61666666666666,70.4,59.23333333333332,37.25,8.466666666666667,20.15,16.266666666666662,26.466666666666665,10.233333333333334,23.333333333333325,33.93333333333334,61.02666666666666,40.45,62.873333333333335
2024-09-19,51.98,33.29999999999998,35.40000000000001,133.07000000000005,11.4,12.8,32.599999999999994,70.29999999999998,58.89999999999999,37.000000000000014,8.5,20.249999999999993,16.499999999999996,26.5,10.200000000000003,23.400000000000002,33.899999999999984,60.87000000000001,40.39999999999999,62.71
2024-09-20,48.38,33.35,34.449999999999996,129.1,11.4,12.8,31.999999999999993,70.0,57.5,37.000000000000014,8.5,20.099999999999994,15.699999999999996,26.4,10.200000000000003,23.099999999999998,33.4,60.2,40.349999999999994,62.51
2024-09-21,48.46999999999998,33.99999999999999,34.94999999999999,131.49,11.649999999999997,12.8,32.548999999999985,70.29999999999998,56.8,37.8,8.600000000000001,20.899999999999995,15.799999999999999,26.7,10.300000000000002,23.19999999999999,33.1,60.399999999999984,40.349999999999994,63.1
2024-09-22,48.649999999999984,34.99999999999998,35.15,132.08000000000004,11.649999999999997,12.8,32.79999999999999,71.3,58.7,37.89999999999999,8.5,21.050000000000004,16.999999999999996,26.9,10.500000000000002,23.599999999999994,33.599999999999994,60.54,40.349999999999994,63.399999999999984
2024-09-23,48.01999999999999,34.99999999999998,34.8,132.98000000000002,11.699999999999996,12.8,32.599999999999994,71.0,59.00000000000001,37.550000000000004,8.600000000000001,20.749999999999993,16.999999999999996,26.80000000000001,10.400000000000002,23.549999999999997,33.29999999999999,60.6,40.45,63.800000000000004
2024-09-24,47.86999999999998,35.033333333333324,34.81666666666667,132.98000000000002,11.833333333333334,12.750000000000004,32.666666666666664,71.40000000000002,59.00000000000001,37.66666666666666,8.66666666666667,20.81666666666666,17.166666666666664,26.9,10.400000000000002,23.66666666666666,33.599999999999994,60.75666666666665,40.633333333333326,63.800000000000004
2024-09-25,47.72000000000002,35.066666666666656,34.833333333333336,132.98000000000002,11.966666666666669,12.700000000000001,32.73333333333332,71.8,59.00000000000001,37.78333333333334,8.733333333333336,20.883333333333333,17.33333333333333,27.0,10.400000000000002,23.783333333333324,33.899999999999984,60.91333333333333,40.81666666666665,63.800000000000004
2024-09-26,47.570000000000014,35.09999999999999,34.85,132.98000000000002,12.100000000000003,12.650000000000004,32.79999999999999,72.20000000000005,59.00000000000001,37.89999999999999,8.800000000000004,20.949999999999996,17.499999999999996,27.1,10.400000000000002,23.899999999999995,34.199999999999996,61.07000000000001,40.99999999999999,63.800000000000004
2024-09-27,48.01999999999999,35.3,35.3,134.27,12.150000000000002,12.8,33.199999999999996,72.69999999999999,59.99999999999998,38.500000000000014,8.999999999999998,21.3,17.499999999999996,27.1,10.500000000000002,23.849999999999994,33.899999999999984,61.81000000000001,41.04999999999998,64.3
2024-09-28,48.649999999999984,35.15,35.20000000000001,137.93999999999997,11.749999999999998,13.000000000000004,33.14999999999999,72.69999999999999,60.199999999999974,37.89999999999999,8.999999999999998,21.3,17.499999999999996,26.9,10.300000000000002,23.500000000000004,34.0,62.01000000000001,40.75000000000001,64.099
2024-09-29,49.01,35.4,35.25,138.44,11.949999999999996,13.000000000000004,33.04999999999999,72.40000000000002,59.99999999999998,38.3,8.999999999999998,21.150000000000002,17.499999999999996,27.0,10.400000000000002,23.599999999999994,33.899999999999984,61.94000000000002,40.69999999999999,64.0
2024-09-30,51.17,35.749999999999986,35.1,143.29999999999998,11.949999999999996,13.2,33.14999999999999,73.20000000000002,60.49999999999999,38.45000000000002,8.999999999999998,21.199999999999992,17.499999999999996,27.2,10.400000000000002,23.699999999999996,34.4,62.40999999999999,40.5,64.099
2024-10-01,51.02,35.78333333333333,35.11666666666667,142.9333333333333,11.849999999999998,13.149999999999999,33.04999999999999,73.00000000000004,60.466666666666626,38.28333333333334,8.933333333333332,21.083333333333325,17.26666666666667,27.16666666666667,10.400000000000002,23.649999999999988,34.36666666666667,62.61,40.45,64.066
2024-10-02,50.87000000000001,35.816666666666656,35.133333333333326,142.56666666666672,11.749999999999998,13.100000000000005,32.94999999999999,72.8,60.433333333333316,38.11666666666665,8.866666666666664,20.96666666666667,17.033333333333328,27.133333333333315,10.400000000000002,23.599999999999994,34.33333333333333,62.81,40.39999999999999,64.033
2024-10-03,50.71999999999999,35.85,35.15,142.2,11.649999999999997,13.05,32.849999999999994,72.6,60.4,37.95,8.800000000000004,20.85,16.799999999999997,27.1,10.400000000000002,23.549999999999997,34.300000000000004,63.010000000000005,40.349999999999994,64.0
2024-10-04,52.52,35.899999999999984,34.8,145.0,11.8,13.05,32.89999999999999,72.69999999999999,59.799999999999976,37.650000000000006,8.800000000000004,20.700000000000003,16.799999999999997,27.2,10.300000000000002,23.24999999999999,33.79999999999999,62.21000000000001,40.39999999999999,63.399999999999984
2024-10-05,50.90000000000001,35.3,33.999999999999986,143.50000000000006,11.4,12.850000000000001,32.849999999999994,72.1,58.099999999999994,36.90000000000001,8.700000000000003,20.39999999999999,16.699999999999996,27.0,10.100000000000003,23.149999999999988,33.599999999999994,62.54,40.0,62.81
2024-10-06,51.35,36.39999999999999,36.35000000000001,148.50000000000003,11.699999999999996,13.100000000000005,33.29999999999999,73.69999999999999,60.99999999999997,38.3,8.899999999999999,21.8,16.899999999999995,27.400000000000002,10.500000000000002,23.8,34.099999999999994,62.88000000000001,40.85000000000001,63.800000000000004
2024-10-07,52.160000000000004,36.24999999999999,36.199999999999996,149.50000000000003,11.9,13.3,33.79999999999999,73.40000000000002,61.09999999999999,38.3,8.899999999999999,22.000000000000004,16.799999999999997,27.400000000000002,10.400000000000002,24.0,33.899999999999984,63.010000000000005,41.85,63.60000000000001
2024-10-08,51.8,36.316666666666634,36.23333333333333,148.66666666666663,12.133333333333336,13.266666666666666,33.99999999999999,73.33333333333334,61.09999999999999,38.35,8.899999999999999,22.066666666666666,17.033333333333328,27.566666666666674,10.433333333333334,24.033333333333324,34.03333333333333,63.25666666666666,41.85,63.60000000000001
2024-10-09,51.43999999999998,36.38333333333333,36.26666666666666,147.83333333333334,12.366666666666664,13.233333333333336,34.199999999999996,73.26666666666667,61.09999999999999,38.400000000000006,8.899999999999999,22.13333333333333,17.26666666666667,27.733333333333334,10.46666666666667,24.066666666666652,34.166666666666664,63.503333333333345,41.85,63.60000000000001
2024-10-10,51.08000000000002,36.45,36.3,147.00000000000006,12.6,13.2,34.39999999999999,73.20000000000002,61.09999999999999,38.45000000000002,8.899999999999999,22.199999999999992,17.499999999999996,27.89999999999999,10.500000000000002,24.099999999999994,34.300000000000004,63.75000000000002,41.85,63.60000000000001
2024-10-11,50.989999999999995,36.35,36.05,149.50000000000003,12.45,13.05,34.49999999999999,72.69999999999999,60.8,38.199999999999996,8.899999999999999,22.000000000000004,15.9,27.89999999999999,10.500000000000002,23.899999999999995,34.300000000000004,63.21000000000001,41.2,63.399999999999984
2024-10-12,51.35,36.35,36.35000000000001,150.5000000000001,12.500000000000002,13.25,34.49999999999999,72.69999999999999,59.99999999999998,38.09999999999999,8.700000000000003,21.850000000000005,15.9,27.800000000000008,10.500000000000002,23.749999999999993,34.199999999999996,62.40999999999999,41.30000000000001,63.69999999999999
2024-10-13,50.18000000000001,36.29999999999999,36.099999999999994,150.2,12.399999999999999,13.25,34.54999999999999,72.1,59.99999999999998,37.85,8.800000000000004,21.650000000000002,14.799999999999999,27.800000000000008,10.500000000000002,23.949999999999996,34.0,62.54,40.900000000000006,64.099
2024-10-14,48.82999999999999,36.35,36.0,149.50000000000003,12.399999999999999,13.05,34.44999999999999,71.1,60.99999999999997,37.5,8.700000000000003,21.500000000000004,16.099999999999994,27.800000000000008,10.400000000000002,23.599999999999994,33.79999999999999,62.280000000000015,40.8,63.69999999999999
2024-10-15,49.279999999999994,36.316666666666634,36.05,149.63333333333335,12.433333333333332,12.950000000000003,34.49999999999999,71.1,60.99999999999997,37.5,8.700000000000003,21.500000000000004,16.099999999999994,27.866666666666667,10.400000000000002,23.699999999999996,33.733333333333334,62.280000000000015,40.76666666666666,63.963
2024-10-16,49.730000000000004,36.283333333333324,36.099999999999994,149.76666666666665,12.46666666666667,12.850000000000001,34.54999999999999,71.1,60.99999999999997,37.5,8.700000000000003,21.500000000000004,16.099999999999994,27.933333333333337,10.400000000000002,23.8,33.66666666666668,62.280000000000015,40.733333333333334,64.226
2024-10-17,50.18000000000001,36.24999999999999,36.14999999999999,149.9,12.500000000000002,12.750000000000004,34.599999999999994,71.1,60.99999999999997,37.5,8.700000000000003,21.500000000000004,16.099999999999994,28.000000000000014,10.400000000000002,23.899999999999995,33.599999999999994,62.280000000000015,40.69999999999999,64.489
2024-10-18,49.55,36.24999999999999,36.0,148.00000000000003,12.45,12.8,34.99999999999999,71.0,60.29999999999997,37.199999999999996,8.600000000000001,21.3,16.099999999999994,27.500000000000007,10.300000000000002,23.449999999999996,33.1,62.21000000000001,40.54999999999999,64.099
2024-10-19,50.08999999999998,36.24999999999999,36.05,148.7,12.399999999999999,13.100000000000005,34.99999999999999,71.40000000000002,60.199999999999974,37.30000000000001,8.700000000000003,21.599999999999998,15.799999999999999,30.200000000000003,11.0,24.149999999999988,34.099999999999994,62.280000000000015,40.6,64.18999999999998
2024-10-20,50.90000000000001,36.19999999999999,35.550000000000004,148.1,12.350000000000003,13.100000000000005,35.60000000000001,70.4,59.799999999999976,36.40000000000001,8.700000000000003,21.050000000000004,15.799999999999999,31.099999999999998,11.1,24.199999999999996,34.699999999999996,61.81000000000001,40.300000000000004,63.399999999999984
2024-10-21,50.90000000000001,36.14999999999999,35.40000000000001,149.50000000000003,12.249999999999995,13.700000000000001,35.85,70.29999999999998,60.59999999999999,36.35000000000001,8.600000000000001,21.0,15.799999999999999,30.999999999999996,10.8,23.899999999999995,34.199999999999996,61.87000000000001,40.5,64.489
2024-10-22,50.69000000000001,36.18333333333332,35.40000000000001,149.60000000000002,12.45,13.633333333333338,35.866666666666674,70.29999999999998,60.73333333333332,36.31666666666667,8.633333333333335,20.933333333333326,15.733333333333333,31.2,10.733333333333336,23.83333333333333,34.13333333333333,61.85000000000001,40.53333333333334,64.29266666666665
2024-10-23,50.480000000000004,36.21666666666665,35.40000000000001,149.70000000000002,12.650000000000002,13.566666666666666,35.88333333333333,70.29999999999998,60.86666666666664,36.283333333333346,8.66666666666667,20.866666666666664,15.666666666666659,31.40000000000001,10.666666666666664,23.766666666666666,34.06666666666665,61.83000000000001,40.56666666666666,64.09633333333333
2024-10-24,50.27,36.24999999999999,35.40000000000001,149.8,12.85,13.500000000000002,35.900000000000006,70.29999999999998,60.99999999999997,36.24999999999999,8.700000000000003,20.799999999999997,15.6,31.600000000000012,10.600000000000001,23.699999999999996,34.0,61.81000000000001,40.6,63.9
2024-10-25,49.55,36.19999999999999,35.20000000000001,150.40000000000003,12.75,13.500000000000002,35.95000000000001,70.2,61.29999999999999,35.70000000000002,8.899999999999999,20.200000000000003,16.699999999999996,31.70000000000001,10.500000000000002,23.599999999999994,33.69999999999999,61.61000000000002,40.6,63.800000000000004
2024-10-26,50.36,38.199999999999996,35.84999999999999,150.8,12.500000000000002,13.2,35.900000000000006,70.7,62.19999999999999,36.300000000000004,8.899999999999999,20.449999999999996,16.599999999999998,31.40000000000001,10.700000000000001,23.949999999999996,34.0,61.81000000000001,40.65,63.9
2024-10-27,49.91000000000001,38.199999999999996,35.8,149.8,12.500000000000002,13.2,35.85,70.49999999999999,61.499999999999986,36.20000000000002,8.899999999999999,20.749999999999993,16.199999999999996,31.40000000000001,10.700000000000001,24.05,33.899999999999984,61.61000000000002,40.65,63.800000000000004
2024-10-28,48.56000000000001,38.79999999999999,35.7,149.60000000000002,11.999999999999998,13.000000000000004,35.8,70.4,61.39999999999996,36.40000000000001,8.899999999999999,20.599999999999994,16.199999999999996,30.39999999999999,10.600000000000001,24.099999999999994,34.199999999999996,61.67,40.54999999999999,63.800000000000004
2024-10-29,48.73999999999998,38.83333333333332,35.683333333333344,149.9,11.999999999999998,13.000000000000004,35.916666666666664,70.29999999999998,61.26666666666666,36.38333333333335,8.899999999999999,20.73333333333331,15.833333333333334,30.233333333333317,10.600000000000001,23.966666666666665,34.13333333333333,61.626666666666665,40.54999999999999,63.63333333333333
2024-10-30,48.92,38.86666666666666,35.66666666666665,150.2,11.999999999999998,13.000000000000004,36.03333333333334,70.2,61.13333333333331,36.36666666666667,8.899999999999999,20.866666666666664,15.466666666666661,30.066666666666663,10.600000000000001,23.83333333333333,34.06666666666665,61.58333333333335,40.54999999999999,63.466666666666654
2024-10-31,49.10000000000001,38.9,35.64999999999999,150.5000000000001,11.999999999999998,13.000000000000004,36.15,70.09999999999998,60.99999999999997,36.35000000000001,8.899999999999999,21.0,15.1,29.900000000000002,10.600000000000001,23.699999999999996,34.0,61.54,40.54999999999999,63.3
2024-11-01,49.25,37.800000000000004,35.5,152.49999999999997,12.05,13.000000000000004,36.100000000000016,70.0,60.99999999999997,36.55000000000001,8.899999999999999,20.700000000000003,15.299999999999992,29.900000000000002,10.400000000000002,23.400000000000002,33.899999999999984,61.00000000000001,40.54999999999999,63.399999999999984
2024-11-02,49.275000000000006,37.95,35.42499999999999,152.24999999999997,12.175,13.25,35.625,70.4,60.8,36.500000000000014,8.899999999999999,20.700000000000003,15.15,29.95,10.449999999999996,23.425,33.84999999999999,61.23500000000001,40.54999999999999,63.249999999999986
2024-11-03,49.3,38.099999999999994,35.35,152.00000000000003,12.3,13.500000000000002,35.14999999999999,70.8,60.59999999999999,36.45000000000001,8.899999999999999,20.700000000000003,14.999999999999996,29.999999999999996,10.500000000000002,23.449999999999996,33.79999999999999,61.47000000000002,40.54999999999999,63.1
2024-11-04,49.34999999999999,37.199999999999996,34.49999999999999,149.0,11.849999999999998,13.500000000000002,34.79999999999999,69.7,58.59999999999999,36.050000000000004,8.700000000000003,20.449999999999996,15.699999999999996,29.6,10.500000000000002,23.500000000000004,34.0,61.54,40.5,63.0
2024-11-05,49.23333333333333,37.199999999999996,34.166666666666664,149.1,11.766666666666666,13.733333333333338,34.79999999999999,68.86666666666669,58.066666666666656,35.716666666666676,8.733333333333336,20.16666666666667,15.699999999999996,29.6,10.433333333333334,23.316666666666666,33.79999999999999,61.740000000000016,40.5,62.83333333333333
2024-11-06,49.11666666666665,37.199999999999996,33.83333333333332,149.20000000000002,11.683333333333334,13.96666666666667,34.79999999999999,68.03333333333333,57.533333333333324,35.38333333333335,8.766666666666671,19.883333333333333,15.699999999999996,29.6,10.366666666666665,23.13333333333332,33.599999999999994,61.94000000000002,40.5,62.66666666666665
2024-11-07,49.0,37.199999999999996,33.49999999999999,149.30000000000004,11.600000000000001,14.199999999999996,34.79999999999999,67.19999999999999,56.999999999999986,35.05,8.800000000000004,19.600000000000005,15.699999999999996,29.6,10.300000000000002,22.95000000000001,33.4,62.14000000000001,40.5,62.49999999999999
2024-11-08,48.150000000000006,37.449999999999996,33.05,150.1,11.649999999999997,14.149999999999997,33.849999999999994,66.8,57.1,33.449999999999996,8.600000000000001,18.849999999999998,14.699999999999996,29.499999999999993,10.100000000000003,22.15,32.1,61.740000000000016,40.5,61.7
2024-11-09,47.20000000000001,37.800000000000004,33.399999999999984,148.29999999999998,11.849999999999998,13.45,33.79999999999999,67.69999999999999,58.099999999999994,33.10000000000001,8.800000000000004,19.299999999999994,15.299999999999992,29.6,10.200000000000003,22.15,32.1,61.81000000000001,40.5,61.7
2024-11-10,46.0,37.399999999999984,33.150000000000006,148.8,11.949999999999996,13.600000000000003,33.949999999999996,67.30000000000001,57.699999999999996,32.599999999999994,8.899999999999999,18.999999999999996,15.299999999999992,31.299999999999997,10.100000000000003,22.15,32.2,61.47000000000002,40.75000000000001,61.79999999999999
2024-11-11,44.65,37.499999999999986,32.549,147.3,11.649999999999997,13.350000000000005,33.99999999999999,65.5,57.5,32.15,8.899999999999999,18.049999999999997,15.499999999999996,32.500000000000014,10.100000000000003,22.15,32.0,61.140000000000015,40.5,61.3
2024-11-12,44.69999999999998,37.56666666666665,32.815999999999995,147.40000000000003,11.699999999999996,13.350000000000005,34.149999999999984,65.33333333333334,57.43333333333332,32.23333333333333,8.866666666666664,18.28333333333332,15.499999999999996,32.4,10.13333333333334,22.34999999999999,32.2,61.24999999999999,40.43333333333333,61.333333333333336
2024-11-13,44.75,37.633333333333326,33.08299999999999,147.50000000000003,11.749999999999998,13.350000000000005,34.29999999999999,65.16666666666667,57.36666666666664,32.31666666666667,8.833333333333337,18.51666666666667,15.499999999999996,32.299999999999976,10.166666666666666,22.550000000000004,32.4,61.36000000000001,40.366666666666646,61.36666666666665
2024-11-14,44.80000000000002,37.699999999999996,33.349999999999994,147.60000000000002,11.8,13.350000000000005,34.44999999999999,65.0,57.29999999999999,32.400000000000006,8.800000000000004,18.750000000000004,15.499999999999996,32.2,10.200000000000003,22.750000000000004,32.599999999999994,61.47000000000002,40.300000000000004,61.4
2024-11-15,44.80000000000002,36.95000000000001,32.99999999999999,145.10000000000002,11.549999999999999,13.650000000000004,34.149999999999984,63.7,57.20000000000001,32.299,8.800000000000004,18.400000000000002,15.499999999999996,31.900000000000016,10.200000000000003,22.4,32.1,61.340000000000025,40.199999999999996,61.60000000000001
2024-11-16,45.1,36.749999999999986,33.399999999999984,145.5,11.649999999999997,13.800000000000006,34.199999999999996,65.8,57.29999999999999,32.20000000000001,8.800000000000004,18.799999999999994,15.499999999999996,32.0,10.500000000000002,22.4,31.7,61.140000000000015,40.25000000000001,61.7
2024-11-17,46.1,36.8,33.899999999999984,146.50000000000003,11.749999999999998,13.800000000000006,34.349999999999994,66.3,57.79999999999999,32.7,8.800000000000004,18.600000000000005,15.499999999999996,33.50000000000001,10.500000000000002,22.550000000000004,31.799999999999997,62.01000000000001,40.45,61.90000000000001
2024-11-18,47.44999999999999,37.199999999999996,33.75,149.0,11.8,14.400000000000002,34.39999999999999,65.90000000000002,57.699999999999996,33.10000000000001,8.899999999999999,18.849999999999998,15.499999999999996,32.299,10.600000000000001,23.29999999999999,32.599999999999994,61.87000000000001,40.45,62.0
2024-11-19,47.16666666666666,37.23333333333333,33.66666666666667,149.33333333333334,11.8,14.366666666666665,34.44999999999999,65.76666666666667,57.63333333333332,33.03333333333334,8.899999999999999,18.833333333333325,15.566666666666663,32.266,10.600000000000001,23.349999999999994,32.66666666666667,61.69333333333334,40.43333333333333,61.96666666666666
2024-11-20,46.88333333333334,37.266666666666666,33.58333333333334,149.66666666666666,11.8,14.333333333333332,34.49999999999999,65.63333333333333,57.566666666666656,32.96666666666667,8.899999999999999,18.816666666666666,15.633333333333336,32.233000000000004,10.600000000000001,23.400000000000002,32.733333333333334,61.516666666666666,40.416666666666664,61.933333333333344
2024-11-21,46.60000000000001,37.29999999999998,33.49999999999999,150.00000000000003,11.8,14.3,34.54999999999999,65.5,57.5,32.900000000000006,8.899999999999999,18.799999999999994,15.699999999999996,32.2,10.600000000000001,23.449999999999996,32.79999999999999,61.340000000000025,40.39999999999999,61.90000000000001
2024-11-22,46.949999999999996,37.29999999999998,33.449999999999996,149.9,11.949999999999996,15.000000000000002,34.39999999999999,65.70000000000002,57.699999999999996,32.85,8.899999999999999,18.400000000000002,15.699999999999996,32.500000000000014,10.400000000000002,23.500000000000004,33.1,61.140000000000015,40.45,61.79999999999999
2024-11-23,46.4,37.29999999999998,33.05,149.70000000000002,12.100000000000003,14.75,34.29999999999999,65.2,57.399999999999984,33.5,8.899999999999999,18.349999999999998,14.999999999999996,31.800000000000004,10.200000000000003,23.149999999999988,33.2,61.00000000000001,40.39999999999999,61.60000000000001
2024-11-24,47.50000000000001,38.099999999999994,33.699999999999996,154.3,12.199999999999996,14.650000000000002,34.54999999999999,65.39999999999998,59.19999999999998,34.20000000000001,8.999999999999998,18.600000000000005,15.299999999999992,32.299,10.300000000000002,23.549999999999997,33.4,61.87000000000001,40.39999999999999,62.0
2024-11-25,47.1,37.999999999999986,33.60000000000001,153.40000000000003,12.199999999999996,14.400000000000002,34.749999999999986,67.99999999999999,60.099999999999966,36.45000000000001,8.899999999999999,19.100000000000005,15.699999999999996,31.900000000000016,10.300000000000002,23.599999999999994,33.00000000000001,61.94000000000002,40.39999999999999,62.199999999999996
2024-11-26,47.1,37.999999999999986,33.60000000000001,153.40000000000003,12.199999999999996,14.400000000000002,34.749999999999986,67.99999999999999,60.099999999999966,36.45000000000001,8.899999999999999,19.100000000000005,15.699999999999996,31.900000000000016,10.300000000000002,23.599999999999994,33.00000000000001,61.94000000000002,40.39999999999999,62.199999999999996
2024-11-27,47.1,37.999999999999986,33.60000000000001,153.40000000000003,12.199999999999996,14.400000000000002,34.749999999999986,67.99999999999999,60.099999999999966,36.45000000000001,8.899999999999999,19.100000000000005,15.699999999999996,31.900000000000016,10.300000000000002,23.599999999999994,33.00000000000001,61.94000000000002,40.39999999999999,62.199999999999996
2024-11-28,47.1,37.999999999999986,33.60000000000001,153.40000000000003,12.199999999999996,14.400000000000002,34.749999999999986,67.99999999999999,60.099999999999966,36.45000000000001,8.899999999999999,19.100000000000005,15.699999999999996,31.900000000000016,10.300000000000002,23.599999999999994,33.00000000000001,61.94000000000002,40.39999999999999,62.199999999999996
2024-11-29,47.1,37.999999999999986,33.60000000000001,153.40000000000003,12.199999999999996,14.400000000000002,34.749999999999986,67.99999999999999,60.099999999999966,36.45000000000001,8.899999999999999,19.100000000000005,15.699999999999996,31.900000000000016,10.300000000000002,23.599999999999994,33.00000000000001,61.94000000000002,40.39999999999999,62.199999999999996
2024-11-30,47.1,37.999999999999986,33.60000000000001,153.40000000000003,12.199999999999996,14.400000000000002,34.749999999999986,67.99999999999999,60.099999999999966,36.45000000000001,8.899999999999999,19.100000000000005,15.699999999999996,31.900000000000016,10.300000000000002,23.599999999999994,33.00000000000001,61.94000000000002,40.39999999999999,62.199999999999996
2024-12-01,47.1,37.999999999999986,33.60000000000001,153.40000000000003,12.199999999999996,14.400000000000002,34.749999999999986,67.99999999999999,60.099999999999966,36.45000000000001,8.899999999999999,19.100000000000005,15.699999999999996,31.900000000000016,10.300000000000002,23.599999999999994,33.00000000000001,61.94000000000002,40.39999999999999,62.199999999999996
2024-12-02,47.1,37.999999999999986,33.60000000000001,153.40000000000003,12.199999999999996,14.400000000000002,34.749999999999986,67.99999999999999,60.099999999999966,36.45000000000001,8.899999999999999,19.100000000000005,15.699999999999996,31.900000000000016,10.300000000000002,23.599999999999994,33.00000000000001,61.94000000000002,40.39999999999999,62.199999999999996
